,DE4,NO1,UK3,DE4,NO1,UK3
,Hydro - Pump Storage Open Loop (Energy),Hydro - Pump Storage Open Loop (Energy),Hydro - Pump Storage Open Loop (Energy),Hydro - Reservoir (Energy),Hydro - Reservoir (Energy),Hydro - Reservoir (Energy)
0,92.40520879243577,5095.293713325986,0.0,130.2162802870392,0.0,0.0
1,92.40520879243577,5095.293713325986,0.0,130.2162802870392,0.0,0.0
2,92.40520879243577,5095.293713325986,0.0,130.2162802870392,0.0,0.0
3,92.40520879243577,5095.293713325986,0.0,130.2162802870392,0.0,0.0
4,92.40520879243577,5095.293713325986,0.0,130.2162802870392,0.0,0.0
5,92.40520879243577,5095.293713325986,0.0,130.2162802870392,0.0,0.0
6,92.40520879243577,5095.293713325986,0.0,130.2162802870392,0.0,0.0
7,92.40520879243577,5095.293713325986,0.0,130.2162802870392,0.0,0.0
8,92.40520879243577,5095.293713325986,0.0,130.2162802870392,0.0,0.0
9,92.40520879243577,5095.293713325986,0.0,130.2162802870392,0.0,0.0
10,92.40520879243577,5095.293713325986,0.0,130.2162802870392,0.0,0.0
11,92.40520879243577,5095.293713325986,0.0,130.2162802870392,0.0,0.0
12,92.40520879243577,5095.293713325986,0.0,130.2162802870392,0.0,0.0
13,92.40520879243577,5095.293713325986,0.0,130.2162802870392,0.0,0.0
14,92.40520879243577,5095.293713325986,0.0,130.2162802870392,0.0,0.0
15,92.40520879243577,5095.293713325986,0.0,130.2162802870392,0.0,0.0
16,92.40520879243577,5095.293713325986,0.0,130.2162802870392,0.0,0.0
17,92.40520879243577,5095.293713325986,0.0,130.2162802870392,0.0,0.0
18,92.40520879243577,5095.293713325986,0.0,130.2162802870392,0.0,0.0
19,92.40520879243577,5095.293713325986,0.0,130.2162802870392,0.0,0.0
20,92.40520879243577,5095.293713325986,0.0,130.2162802870392,0.0,0.0
21,92.40520879243577,5095.293713325986,0.0,130.2162802870392,0.0,0.0
22,92.40520879243577,5095.293713325986,0.0,130.2162802870392,0.0,0.0
23,92.40520879243577,5095.293713325986,0.0,130.2162802870392,0.0,0.0
24,92.40520879243577,5095.293713325986,0.0,130.2162802870392,0.0,0.0
25,92.40520879243577,5095.293713325986,0.0,130.2162802870392,0.0,0.0
26,92.40520879243577,5095.293713325986,0.0,130.2162802870392,0.0,0.0
27,92.40520879243577,5095.293713325986,0.0,130.2162802870392,0.0,0.0
28,92.40520879243577,5095.293713325986,0.0,130.2162802870392,0.0,0.0
29,92.40520879243577,5095.293713325986,0.0,130.2162802870392,0.0,0.0
30,92.40520879243577,5095.293713325986,0.0,130.2162802870392,0.0,0.0
31,92.40520879243577,5095.293713325986,0.0,130.2162802870392,0.0,0.0
32,92.40520879243577,5095.293713325986,0.0,130.2162802870392,0.0,0.0
33,92.40520879243577,5095.293713325986,0.0,130.2162802870392,0.0,0.0
34,92.40520879243577,5095.293713325986,0.0,130.2162802870392,0.0,0.0
35,92.40520879243577,5095.293713325986,0.0,130.2162802870392,0.0,0.0
36,92.40520879243577,5095.293713325986,0.0,130.2162802870392,0.0,0.0
37,92.40520879243577,5095.293713325986,0.0,130.2162802870392,0.0,0.0
38,92.40520879243577,5095.293713325986,0.0,130.2162802870392,0.0,0.0
39,92.40520879243577,5095.293713325986,0.0,130.2162802870392,0.0,0.0
40,92.40520879243577,5095.293713325986,0.0,130.2162802870392,0.0,0.0
41,92.40520879243577,5095.293713325986,0.0,130.2162802870392,0.0,0.0
42,92.40520879243577,5095.293713325986,0.0,130.2162802870392,0.0,0.0
43,92.40520879243577,5095.293713325986,0.0,130.2162802870392,0.0,0.0
44,92.40520879243577,5095.293713325986,0.0,130.2162802870392,0.0,0.0
45,92.40520879243577,5095.293713325986,0.0,130.2162802870392,0.0,0.0
46,92.40520879243577,5095.293713325986,0.0,130.2162802870392,0.0,0.0
47,92.40520879243577,5095.293713325986,0.0,130.2162802870392,0.0,0.0
48,92.40520879243577,5095.293713325986,0.0,130.2162802870392,0.0,0.0
49,92.40520879243577,5095.293713325986,0.0,130.2162802870392,0.0,0.0
50,92.40520879243577,5095.293713325986,0.0,130.2162802870392,0.0,0.0
51,92.40520879243577,5095.293713325986,0.0,130.2162802870392,0.0,0.0
52,92.40520879243577,5095.293713325986,0.0,130.2162802870392,0.0,0.0
53,92.40520879243577,5095.293713325986,0.0,130.2162802870392,0.0,0.0
54,92.40520879243577,5095.293713325986,0.0,130.2162802870392,0.0,0.0
55,92.40520879243577,5095.293713325986,0.0,130.2162802870392,0.0,0.0
56,92.40520879243577,5095.293713325986,0.0,130.2162802870392,0.0,0.0
57,92.40520879243577,5095.293713325986,0.0,130.2162802870392,0.0,0.0
58,92.40520879243577,5095.293713325986,0.0,130.2162802870392,0.0,0.0
59,92.40520879243577,5095.293713325986,0.0,130.2162802870392,0.0,0.0
60,92.40520879243577,5095.293713325986,0.0,130.2162802870392,0.0,0.0
61,92.40520879243577,5095.293713325986,0.0,130.2162802870392,0.0,0.0
62,92.40520879243577,5095.293713325986,0.0,130.2162802870392,0.0,0.0
63,92.40520879243577,5095.293713325986,0.0,130.2162802870392,0.0,0.0
64,92.40520879243577,5095.293713325986,0.0,130.2162802870392,0.0,0.0
65,92.40520879243577,5095.293713325986,0.0,130.2162802870392,0.0,0.0
66,92.40520879243577,5095.293713325986,0.0,130.2162802870392,0.0,0.0
67,92.40520879243577,5095.293713325986,0.0,130.2162802870392,0.0,0.0
68,92.40520879243577,5095.293713325986,0.0,130.2162802870392,0.0,0.0
69,92.40520879243577,5095.293713325986,0.0,130.2162802870392,0.0,0.0
70,92.40520879243577,5095.293713325986,0.0,130.2162802870392,0.0,0.0
71,92.40520879243577,5095.293713325986,0.0,130.2162802870392,0.0,0.0
72,92.40520879243577,5095.293713325986,0.0,130.2162802870392,0.0,0.0
73,92.40520879243577,5095.293713325986,0.0,130.2162802870392,0.0,0.0
74,92.40520879243577,5095.293713325986,0.0,130.2162802870392,0.0,0.0
75,92.40520879243577,5095.293713325986,0.0,130.2162802870392,0.0,0.0
76,92.40520879243577,5095.293713325986,0.0,130.2162802870392,0.0,0.0
77,92.40520879243577,5095.293713325986,0.0,130.2162802870392,0.0,0.0
78,92.40520879243577,5095.293713325986,0.0,130.2162802870392,0.0,0.0
79,92.40520879243577,5095.293713325986,0.0,130.2162802870392,0.0,0.0
80,92.40520879243577,5095.293713325986,0.0,130.2162802870392,0.0,0.0
81,92.40520879243577,5095.293713325986,0.0,130.2162802870392,0.0,0.0
82,92.40520879243577,5095.293713325986,0.0,130.2162802870392,0.0,0.0
83,92.40520879243577,5095.293713325986,0.0,130.2162802870392,0.0,0.0
84,92.40520879243577,5095.293713325986,0.0,130.2162802870392,0.0,0.0
85,92.40520879243577,5095.293713325986,0.0,130.2162802870392,0.0,0.0
86,92.40520879243577,5095.293713325986,0.0,130.2162802870392,0.0,0.0
87,92.40520879243577,5095.293713325986,0.0,130.2162802870392,0.0,0.0
88,92.40520879243577,5095.293713325986,0.0,130.2162802870392,0.0,0.0
89,92.40520879243577,5095.293713325986,0.0,130.2162802870392,0.0,0.0
90,92.40520879243577,5095.293713325986,0.0,130.2162802870392,0.0,0.0
91,92.40520879243577,5095.293713325986,0.0,130.2162802870392,0.0,0.0
92,92.40520879243577,5095.293713325986,0.0,130.2162802870392,0.0,0.0
93,92.40520879243577,5095.293713325986,0.0,130.2162802870392,0.0,0.0
94,92.40520879243577,5095.293713325986,0.0,130.2162802870392,0.0,0.0
95,92.40520879243577,5095.293713325986,0.0,130.2162802870392,0.0,0.0
96,92.40520879243577,5095.293713325986,0.0,130.2162802870392,0.0,0.0
97,92.40520879243577,5095.293713325986,0.0,130.2162802870392,0.0,0.0
98,92.40520879243577,5095.293713325986,0.0,130.2162802870392,0.0,0.0
99,92.40520879243577,5095.293713325986,0.0,130.2162802870392,0.0,0.0
100,92.40520879243577,5095.293713325986,0.0,130.2162802870392,0.0,0.0
101,92.40520879243577,5095.293713325986,0.0,130.2162802870392,0.0,0.0
102,92.40520879243577,5095.293713325986,0.0,130.2162802870392,0.0,0.0
103,92.40520879243577,5095.293713325986,0.0,130.2162802870392,0.0,0.0
104,92.40520879243577,5095.293713325986,0.0,130.2162802870392,0.0,0.0
105,92.40520879243577,5095.293713325986,0.0,130.2162802870392,0.0,0.0
106,92.40520879243577,5095.293713325986,0.0,130.2162802870392,0.0,0.0
107,92.40520879243577,5095.293713325986,0.0,130.2162802870392,0.0,0.0
108,92.40520879243577,5095.293713325986,0.0,130.2162802870392,0.0,0.0
109,92.40520879243577,5095.293713325986,0.0,130.2162802870392,0.0,0.0
110,92.40520879243577,5095.293713325986,0.0,130.2162802870392,0.0,0.0
111,92.40520879243577,5095.293713325986,0.0,130.2162802870392,0.0,0.0
112,92.40520879243577,5095.293713325986,0.0,130.2162802870392,0.0,0.0
113,92.40520879243577,5095.293713325986,0.0,130.2162802870392,0.0,0.0
114,92.40520879243577,5095.293713325986,0.0,130.2162802870392,0.0,0.0
115,92.40520879243577,5095.293713325986,0.0,130.2162802870392,0.0,0.0
116,92.40520879243577,5095.293713325986,0.0,130.2162802870392,0.0,0.0
117,92.40520879243577,5095.293713325986,0.0,130.2162802870392,0.0,0.0
118,92.40520879243577,5095.293713325986,0.0,130.2162802870392,0.0,0.0
119,92.40520879243577,5095.293713325986,0.0,130.2162802870392,0.0,0.0
120,92.40520879243577,5095.293713325986,0.0,130.2162802870392,0.0,0.0
121,92.40520879243577,5095.293713325986,0.0,130.2162802870392,0.0,0.0
122,92.40520879243577,5095.293713325986,0.0,130.2162802870392,0.0,0.0
123,92.40520879243577,5095.293713325986,0.0,130.2162802870392,0.0,0.0
124,92.40520879243577,5095.293713325986,0.0,130.2162802870392,0.0,0.0
125,92.40520879243577,5095.293713325986,0.0,130.2162802870392,0.0,0.0
126,92.40520879243577,5095.293713325986,0.0,130.2162802870392,0.0,0.0
127,92.40520879243577,5095.293713325986,0.0,130.2162802870392,0.0,0.0
128,92.40520879243577,5095.293713325986,0.0,130.2162802870392,0.0,0.0
129,92.40520879243577,5095.293713325986,0.0,130.2162802870392,0.0,0.0
130,92.40520879243577,5095.293713325986,0.0,130.2162802870392,0.0,0.0
131,92.40520879243577,5095.293713325986,0.0,130.2162802870392,0.0,0.0
132,92.40520879243577,5095.293713325986,0.0,130.2162802870392,0.0,0.0
133,92.40520879243577,5095.293713325986,0.0,130.2162802870392,0.0,0.0
134,92.40520879243577,5095.293713325986,0.0,130.2162802870392,0.0,0.0
135,92.40520879243577,5095.293713325986,0.0,130.2162802870392,0.0,0.0
136,92.40520879243577,5095.293713325986,0.0,130.2162802870392,0.0,0.0
137,92.40520879243577,5095.293713325986,0.0,130.2162802870392,0.0,0.0
138,92.40520879243577,5095.293713325986,0.0,130.2162802870392,0.0,0.0
139,92.40520879243577,5095.293713325986,0.0,130.2162802870392,0.0,0.0
140,92.40520879243577,5095.293713325986,0.0,130.2162802870392,0.0,0.0
141,92.40520879243577,5095.293713325986,0.0,130.2162802870392,0.0,0.0
142,92.40520879243577,5095.293713325986,0.0,130.2162802870392,0.0,0.0
143,92.40520879243577,5095.293713325986,0.0,130.2162802870392,0.0,0.0
144,92.40520879243577,5095.293713325986,0.0,130.2162802870392,0.0,0.0
145,92.40520879243577,5095.293713325986,0.0,130.2162802870392,0.0,0.0
146,92.40520879243577,5095.293713325986,0.0,130.2162802870392,0.0,0.0
147,92.40520879243577,5095.293713325986,0.0,130.2162802870392,0.0,0.0
148,92.40520879243577,5095.293713325986,0.0,130.2162802870392,0.0,0.0
149,92.40520879243577,5095.293713325986,0.0,130.2162802870392,0.0,0.0
150,92.40520879243577,5095.293713325986,0.0,130.2162802870392,0.0,0.0
151,92.40520879243577,5095.293713325986,0.0,130.2162802870392,0.0,0.0
152,92.40520879243577,5095.293713325986,0.0,130.2162802870392,0.0,0.0
153,92.40520879243577,5095.293713325986,0.0,130.2162802870392,0.0,0.0
154,92.40520879243577,5095.293713325986,0.0,130.2162802870392,0.0,0.0
155,92.40520879243577,5095.293713325986,0.0,130.2162802870392,0.0,0.0
156,92.40520879243577,5095.293713325986,0.0,130.2162802870392,0.0,0.0
157,92.40520879243577,5095.293713325986,0.0,130.2162802870392,0.0,0.0
158,92.40520879243577,5095.293713325986,0.0,130.2162802870392,0.0,0.0
159,92.40520879243577,5095.293713325986,0.0,130.2162802870392,0.0,0.0
160,92.40520879243577,5095.293713325986,0.0,130.2162802870392,0.0,0.0
161,92.40520879243577,5095.293713325986,0.0,130.2162802870392,0.0,0.0
162,92.40520879243577,5095.293713325986,0.0,130.2162802870392,0.0,0.0
163,92.40520879243577,5095.293713325986,0.0,130.2162802870392,0.0,0.0
164,92.40520879243577,5095.293713325986,0.0,130.2162802870392,0.0,0.0
165,92.40520879243577,5095.293713325986,0.0,130.2162802870392,0.0,0.0
166,92.40520879243577,5095.293713325986,0.0,130.2162802870392,0.0,0.0
167,92.40520879243577,5095.293713325986,0.0,130.2162802870392,0.0,0.0
168,72.53850134222846,5113.565028441927,0.0,103.53784891064025,0.0,0.0
169,72.53850134222846,5113.565028441927,0.0,103.53784891064025,0.0,0.0
170,72.53850134222846,5113.565028441927,0.0,103.53784891064025,0.0,0.0
171,72.53850134222846,5113.565028441927,0.0,103.53784891064025,0.0,0.0
172,72.53850134222846,5113.565028441927,0.0,103.53784891064025,0.0,0.0
173,72.53850134222846,5113.565028441927,0.0,103.53784891064025,0.0,0.0
174,72.53850134222846,5113.565028441927,0.0,103.53784891064025,0.0,0.0
175,72.53850134222846,5113.565028441927,0.0,103.53784891064025,0.0,0.0
176,72.53850134222846,5113.565028441927,0.0,103.53784891064025,0.0,0.0
177,72.53850134222846,5113.565028441927,0.0,103.53784891064025,0.0,0.0
178,72.53850134222846,5113.565028441927,0.0,103.53784891064025,0.0,0.0
179,72.53850134222846,5113.565028441927,0.0,103.53784891064025,0.0,0.0
180,72.53850134222846,5113.565028441927,0.0,103.53784891064025,0.0,0.0
181,72.53850134222846,5113.565028441927,0.0,103.53784891064025,0.0,0.0
182,72.53850134222846,5113.565028441927,0.0,103.53784891064025,0.0,0.0
183,72.53850134222846,5113.565028441927,0.0,103.53784891064025,0.0,0.0
184,72.53850134222846,5113.565028441927,0.0,103.53784891064025,0.0,0.0
185,72.53850134222846,5113.565028441927,0.0,103.53784891064025,0.0,0.0
186,72.53850134222846,5113.565028441927,0.0,103.53784891064025,0.0,0.0
187,72.53850134222846,5113.565028441927,0.0,103.53784891064025,0.0,0.0
188,72.53850134222846,5113.565028441927,0.0,103.53784891064025,0.0,0.0
189,72.53850134222846,5113.565028441927,0.0,103.53784891064025,0.0,0.0
190,72.53850134222846,5113.565028441927,0.0,103.53784891064025,0.0,0.0
191,72.53850134222846,5113.565028441927,0.0,103.53784891064025,0.0,0.0
192,72.53850134222846,5113.565028441927,0.0,103.53784891064025,0.0,0.0
193,72.53850134222846,5113.565028441927,0.0,103.53784891064025,0.0,0.0
194,72.53850134222846,5113.565028441927,0.0,103.53784891064025,0.0,0.0
195,72.53850134222846,5113.565028441927,0.0,103.53784891064025,0.0,0.0
196,72.53850134222846,5113.565028441927,0.0,103.53784891064025,0.0,0.0
197,72.53850134222846,5113.565028441927,0.0,103.53784891064025,0.0,0.0
198,72.53850134222846,5113.565028441927,0.0,103.53784891064025,0.0,0.0
199,72.53850134222846,5113.565028441927,0.0,103.53784891064025,0.0,0.0
200,72.53850134222846,5113.565028441927,0.0,103.53784891064025,0.0,0.0
201,72.53850134222846,5113.565028441927,0.0,103.53784891064025,0.0,0.0
202,72.53850134222846,5113.565028441927,0.0,103.53784891064025,0.0,0.0
203,72.53850134222846,5113.565028441927,0.0,103.53784891064025,0.0,0.0
204,72.53850134222846,5113.565028441927,0.0,103.53784891064025,0.0,0.0
205,72.53850134222846,5113.565028441927,0.0,103.53784891064025,0.0,0.0
206,72.53850134222846,5113.565028441927,0.0,103.53784891064025,0.0,0.0
207,72.53850134222846,5113.565028441927,0.0,103.53784891064025,0.0,0.0
208,72.53850134222846,5113.565028441927,0.0,103.53784891064025,0.0,0.0
209,72.53850134222846,5113.565028441927,0.0,103.53784891064025,0.0,0.0
210,72.53850134222846,5113.565028441927,0.0,103.53784891064025,0.0,0.0
211,72.53850134222846,5113.565028441927,0.0,103.53784891064025,0.0,0.0
212,72.53850134222846,5113.565028441927,0.0,103.53784891064025,0.0,0.0
213,72.53850134222846,5113.565028441927,0.0,103.53784891064025,0.0,0.0
214,72.53850134222846,5113.565028441927,0.0,103.53784891064025,0.0,0.0
215,72.53850134222846,5113.565028441927,0.0,103.53784891064025,0.0,0.0
216,72.53850134222846,5113.565028441927,0.0,103.53784891064025,0.0,0.0
217,72.53850134222846,5113.565028441927,0.0,103.53784891064025,0.0,0.0
218,72.53850134222846,5113.565028441927,0.0,103.53784891064025,0.0,0.0
219,72.53850134222846,5113.565028441927,0.0,103.53784891064025,0.0,0.0
220,72.53850134222846,5113.565028441927,0.0,103.53784891064025,0.0,0.0
221,72.53850134222846,5113.565028441927,0.0,103.53784891064025,0.0,0.0
222,72.53850134222846,5113.565028441927,0.0,103.53784891064025,0.0,0.0
223,72.53850134222846,5113.565028441927,0.0,103.53784891064025,0.0,0.0
224,72.53850134222846,5113.565028441927,0.0,103.53784891064025,0.0,0.0
225,72.53850134222846,5113.565028441927,0.0,103.53784891064025,0.0,0.0
226,72.53850134222846,5113.565028441927,0.0,103.53784891064025,0.0,0.0
227,72.53850134222846,5113.565028441927,0.0,103.53784891064025,0.0,0.0
228,72.53850134222846,5113.565028441927,0.0,103.53784891064025,0.0,0.0
229,72.53850134222846,5113.565028441927,0.0,103.53784891064025,0.0,0.0
230,72.53850134222846,5113.565028441927,0.0,103.53784891064025,0.0,0.0
231,72.53850134222846,5113.565028441927,0.0,103.53784891064025,0.0,0.0
232,72.53850134222846,5113.565028441927,0.0,103.53784891064025,0.0,0.0
233,72.53850134222846,5113.565028441927,0.0,103.53784891064025,0.0,0.0
234,72.53850134222846,5113.565028441927,0.0,103.53784891064025,0.0,0.0
235,72.53850134222846,5113.565028441927,0.0,103.53784891064025,0.0,0.0
236,72.53850134222846,5113.565028441927,0.0,103.53784891064025,0.0,0.0
237,72.53850134222846,5113.565028441927,0.0,103.53784891064025,0.0,0.0
238,72.53850134222846,5113.565028441927,0.0,103.53784891064025,0.0,0.0
239,72.53850134222846,5113.565028441927,0.0,103.53784891064025,0.0,0.0
240,72.53850134222846,5113.565028441927,0.0,103.53784891064025,0.0,0.0
241,72.53850134222846,5113.565028441927,0.0,103.53784891064025,0.0,0.0
242,72.53850134222846,5113.565028441927,0.0,103.53784891064025,0.0,0.0
243,72.53850134222846,5113.565028441927,0.0,103.53784891064025,0.0,0.0
244,72.53850134222846,5113.565028441927,0.0,103.53784891064025,0.0,0.0
245,72.53850134222846,5113.565028441927,0.0,103.53784891064025,0.0,0.0
246,72.53850134222846,5113.565028441927,0.0,103.53784891064025,0.0,0.0
247,72.53850134222846,5113.565028441927,0.0,103.53784891064025,0.0,0.0
248,72.53850134222846,5113.565028441927,0.0,103.53784891064025,0.0,0.0
249,72.53850134222846,5113.565028441927,0.0,103.53784891064025,0.0,0.0
250,72.53850134222846,5113.565028441927,0.0,103.53784891064025,0.0,0.0
251,72.53850134222846,5113.565028441927,0.0,103.53784891064025,0.0,0.0
252,72.53850134222846,5113.565028441927,0.0,103.53784891064025,0.0,0.0
253,72.53850134222846,5113.565028441927,0.0,103.53784891064025,0.0,0.0
254,72.53850134222846,5113.565028441927,0.0,103.53784891064025,0.0,0.0
255,72.53850134222846,5113.565028441927,0.0,103.53784891064025,0.0,0.0
256,72.53850134222846,5113.565028441927,0.0,103.53784891064025,0.0,0.0
257,72.53850134222846,5113.565028441927,0.0,103.53784891064025,0.0,0.0
258,72.53850134222846,5113.565028441927,0.0,103.53784891064025,0.0,0.0
259,72.53850134222846,5113.565028441927,0.0,103.53784891064025,0.0,0.0
260,72.53850134222846,5113.565028441927,0.0,103.53784891064025,0.0,0.0
261,72.53850134222846,5113.565028441927,0.0,103.53784891064025,0.0,0.0
262,72.53850134222846,5113.565028441927,0.0,103.53784891064025,0.0,0.0
263,72.53850134222846,5113.565028441927,0.0,103.53784891064025,0.0,0.0
264,72.53850134222846,5113.565028441927,0.0,103.53784891064025,0.0,0.0
265,72.53850134222846,5113.565028441927,0.0,103.53784891064025,0.0,0.0
266,72.53850134222846,5113.565028441927,0.0,103.53784891064025,0.0,0.0
267,72.53850134222846,5113.565028441927,0.0,103.53784891064025,0.0,0.0
268,72.53850134222846,5113.565028441927,0.0,103.53784891064025,0.0,0.0
269,72.53850134222846,5113.565028441927,0.0,103.53784891064025,0.0,0.0
270,72.53850134222846,5113.565028441927,0.0,103.53784891064025,0.0,0.0
271,72.53850134222846,5113.565028441927,0.0,103.53784891064025,0.0,0.0
272,72.53850134222846,5113.565028441927,0.0,103.53784891064025,0.0,0.0
273,72.53850134222846,5113.565028441927,0.0,103.53784891064025,0.0,0.0
274,72.53850134222846,5113.565028441927,0.0,103.53784891064025,0.0,0.0
275,72.53850134222846,5113.565028441927,0.0,103.53784891064025,0.0,0.0
276,72.53850134222846,5113.565028441927,0.0,103.53784891064025,0.0,0.0
277,72.53850134222846,5113.565028441927,0.0,103.53784891064025,0.0,0.0
278,72.53850134222846,5113.565028441927,0.0,103.53784891064025,0.0,0.0
279,72.53850134222846,5113.565028441927,0.0,103.53784891064025,0.0,0.0
280,72.53850134222846,5113.565028441927,0.0,103.53784891064025,0.0,0.0
281,72.53850134222846,5113.565028441927,0.0,103.53784891064025,0.0,0.0
282,72.53850134222846,5113.565028441927,0.0,103.53784891064025,0.0,0.0
283,72.53850134222846,5113.565028441927,0.0,103.53784891064025,0.0,0.0
284,72.53850134222846,5113.565028441927,0.0,103.53784891064025,0.0,0.0
285,72.53850134222846,5113.565028441927,0.0,103.53784891064025,0.0,0.0
286,72.53850134222846,5113.565028441927,0.0,103.53784891064025,0.0,0.0
287,72.53850134222846,5113.565028441927,0.0,103.53784891064025,0.0,0.0
288,72.53850134222846,5113.565028441927,0.0,103.53784891064025,0.0,0.0
289,72.53850134222846,5113.565028441927,0.0,103.53784891064025,0.0,0.0
290,72.53850134222846,5113.565028441927,0.0,103.53784891064025,0.0,0.0
291,72.53850134222846,5113.565028441927,0.0,103.53784891064025,0.0,0.0
292,72.53850134222846,5113.565028441927,0.0,103.53784891064025,0.0,0.0
293,72.53850134222846,5113.565028441927,0.0,103.53784891064025,0.0,0.0
294,72.53850134222846,5113.565028441927,0.0,103.53784891064025,0.0,0.0
295,72.53850134222846,5113.565028441927,0.0,103.53784891064025,0.0,0.0
296,72.53850134222846,5113.565028441927,0.0,103.53784891064025,0.0,0.0
297,72.53850134222846,5113.565028441927,0.0,103.53784891064025,0.0,0.0
298,72.53850134222846,5113.565028441927,0.0,103.53784891064025,0.0,0.0
299,72.53850134222846,5113.565028441927,0.0,103.53784891064025,0.0,0.0
300,72.53850134222846,5113.565028441927,0.0,103.53784891064025,0.0,0.0
301,72.53850134222846,5113.565028441927,0.0,103.53784891064025,0.0,0.0
302,72.53850134222846,5113.565028441927,0.0,103.53784891064025,0.0,0.0
303,72.53850134222846,5113.565028441927,0.0,103.53784891064025,0.0,0.0
304,72.53850134222846,5113.565028441927,0.0,103.53784891064025,0.0,0.0
305,72.53850134222846,5113.565028441927,0.0,103.53784891064025,0.0,0.0
306,72.53850134222846,5113.565028441927,0.0,103.53784891064025,0.0,0.0
307,72.53850134222846,5113.565028441927,0.0,103.53784891064025,0.0,0.0
308,72.53850134222846,5113.565028441927,0.0,103.53784891064025,0.0,0.0
309,72.53850134222846,5113.565028441927,0.0,103.53784891064025,0.0,0.0
310,72.53850134222846,5113.565028441927,0.0,103.53784891064025,0.0,0.0
311,72.53850134222846,5113.565028441927,0.0,103.53784891064025,0.0,0.0
312,72.53850134222846,5113.565028441927,0.0,103.53784891064025,0.0,0.0
313,72.53850134222846,5113.565028441927,0.0,103.53784891064025,0.0,0.0
314,72.53850134222846,5113.565028441927,0.0,103.53784891064025,0.0,0.0
315,72.53850134222846,5113.565028441927,0.0,103.53784891064025,0.0,0.0
316,72.53850134222846,5113.565028441927,0.0,103.53784891064025,0.0,0.0
317,72.53850134222846,5113.565028441927,0.0,103.53784891064025,0.0,0.0
318,72.53850134222846,5113.565028441927,0.0,103.53784891064025,0.0,0.0
319,72.53850134222846,5113.565028441927,0.0,103.53784891064025,0.0,0.0
320,72.53850134222846,5113.565028441927,0.0,103.53784891064025,0.0,0.0
321,72.53850134222846,5113.565028441927,0.0,103.53784891064025,0.0,0.0
322,72.53850134222846,5113.565028441927,0.0,103.53784891064025,0.0,0.0
323,72.53850134222846,5113.565028441927,0.0,103.53784891064025,0.0,0.0
324,72.53850134222846,5113.565028441927,0.0,103.53784891064025,0.0,0.0
325,72.53850134222846,5113.565028441927,0.0,103.53784891064025,0.0,0.0
326,72.53850134222846,5113.565028441927,0.0,103.53784891064025,0.0,0.0
327,72.53850134222846,5113.565028441927,0.0,103.53784891064025,0.0,0.0
328,72.53850134222846,5113.565028441927,0.0,103.53784891064025,0.0,0.0
329,72.53850134222846,5113.565028441927,0.0,103.53784891064025,0.0,0.0
330,72.53850134222846,5113.565028441927,0.0,103.53784891064025,0.0,0.0
331,72.53850134222846,5113.565028441927,0.0,103.53784891064025,0.0,0.0
332,72.53850134222846,5113.565028441927,0.0,103.53784891064025,0.0,0.0
333,72.53850134222846,5113.565028441927,0.0,103.53784891064025,0.0,0.0
334,72.53850134222846,5113.565028441927,0.0,103.53784891064025,0.0,0.0
335,72.53850134222846,5113.565028441927,0.0,103.53784891064025,0.0,0.0
336,81.55301879655447,8706.748105174234,0.0,29.54110159826259,0.0,0.0
337,81.55301879655447,8706.748105174234,0.0,29.54110159826259,0.0,0.0
338,81.55301879655447,8706.748105174234,0.0,29.54110159826259,0.0,0.0
339,81.55301879655447,8706.748105174234,0.0,29.54110159826259,0.0,0.0
340,81.55301879655447,8706.748105174234,0.0,29.54110159826259,0.0,0.0
341,81.55301879655447,8706.748105174234,0.0,29.54110159826259,0.0,0.0
342,81.55301879655447,8706.748105174234,0.0,29.54110159826259,0.0,0.0
343,81.55301879655447,8706.748105174234,0.0,29.54110159826259,0.0,0.0
344,81.55301879655447,8706.748105174234,0.0,29.54110159826259,0.0,0.0
345,81.55301879655447,8706.748105174234,0.0,29.54110159826259,0.0,0.0
346,81.55301879655447,8706.748105174234,0.0,29.54110159826259,0.0,0.0
347,81.55301879655447,8706.748105174234,0.0,29.54110159826259,0.0,0.0
348,81.55301879655447,8706.748105174234,0.0,29.54110159826259,0.0,0.0
349,81.55301879655447,8706.748105174234,0.0,29.54110159826259,0.0,0.0
350,81.55301879655447,8706.748105174234,0.0,29.54110159826259,0.0,0.0
351,81.55301879655447,8706.748105174234,0.0,29.54110159826259,0.0,0.0
352,81.55301879655447,8706.748105174234,0.0,29.54110159826259,0.0,0.0
353,81.55301879655447,8706.748105174234,0.0,29.54110159826259,0.0,0.0
354,81.55301879655447,8706.748105174234,0.0,29.54110159826259,0.0,0.0
355,81.55301879655447,8706.748105174234,0.0,29.54110159826259,0.0,0.0
356,81.55301879655447,8706.748105174234,0.0,29.54110159826259,0.0,0.0
357,81.55301879655447,8706.748105174234,0.0,29.54110159826259,0.0,0.0
358,81.55301879655447,8706.748105174234,0.0,29.54110159826259,0.0,0.0
359,81.55301879655447,8706.748105174234,0.0,29.54110159826259,0.0,0.0
360,81.55301879655447,8706.748105174234,0.0,29.54110159826259,0.0,0.0
361,81.55301879655447,8706.748105174234,0.0,29.54110159826259,0.0,0.0
362,81.55301879655447,8706.748105174234,0.0,29.54110159826259,0.0,0.0
363,81.55301879655447,8706.748105174234,0.0,29.54110159826259,0.0,0.0
364,81.55301879655447,8706.748105174234,0.0,29.54110159826259,0.0,0.0
365,81.55301879655447,8706.748105174234,0.0,29.54110159826259,0.0,0.0
366,81.55301879655447,8706.748105174234,0.0,29.54110159826259,0.0,0.0
367,81.55301879655447,8706.748105174234,0.0,29.54110159826259,0.0,0.0
368,81.55301879655447,8706.748105174234,0.0,29.54110159826259,0.0,0.0
369,81.55301879655447,8706.748105174234,0.0,29.54110159826259,0.0,0.0
370,81.55301879655447,8706.748105174234,0.0,29.54110159826259,0.0,0.0
371,81.55301879655447,8706.748105174234,0.0,29.54110159826259,0.0,0.0
372,81.55301879655447,8706.748105174234,0.0,29.54110159826259,0.0,0.0
373,81.55301879655447,8706.748105174234,0.0,29.54110159826259,0.0,0.0
374,81.55301879655447,8706.748105174234,0.0,29.54110159826259,0.0,0.0
375,81.55301879655447,8706.748105174234,0.0,29.54110159826259,0.0,0.0
376,81.55301879655447,8706.748105174234,0.0,29.54110159826259,0.0,0.0
377,81.55301879655447,8706.748105174234,0.0,29.54110159826259,0.0,0.0
378,81.55301879655447,8706.748105174234,0.0,29.54110159826259,0.0,0.0
379,81.55301879655447,8706.748105174234,0.0,29.54110159826259,0.0,0.0
380,81.55301879655447,8706.748105174234,0.0,29.54110159826259,0.0,0.0
381,81.55301879655447,8706.748105174234,0.0,29.54110159826259,0.0,0.0
382,81.55301879655447,8706.748105174234,0.0,29.54110159826259,0.0,0.0
383,81.55301879655447,8706.748105174234,0.0,29.54110159826259,0.0,0.0
384,81.55301879655447,8706.748105174234,0.0,29.54110159826259,0.0,0.0
385,81.55301879655447,8706.748105174234,0.0,29.54110159826259,0.0,0.0
386,81.55301879655447,8706.748105174234,0.0,29.54110159826259,0.0,0.0
387,81.55301879655447,8706.748105174234,0.0,29.54110159826259,0.0,0.0
388,81.55301879655447,8706.748105174234,0.0,29.54110159826259,0.0,0.0
389,81.55301879655447,8706.748105174234,0.0,29.54110159826259,0.0,0.0
390,81.55301879655447,8706.748105174234,0.0,29.54110159826259,0.0,0.0
391,81.55301879655447,8706.748105174234,0.0,29.54110159826259,0.0,0.0
392,81.55301879655447,8706.748105174234,0.0,29.54110159826259,0.0,0.0
393,81.55301879655447,8706.748105174234,0.0,29.54110159826259,0.0,0.0
394,81.55301879655447,8706.748105174234,0.0,29.54110159826259,0.0,0.0
395,81.55301879655447,8706.748105174234,0.0,29.54110159826259,0.0,0.0
396,81.55301879655447,8706.748105174234,0.0,29.54110159826259,0.0,0.0
397,81.55301879655447,8706.748105174234,0.0,29.54110159826259,0.0,0.0
398,81.55301879655447,8706.748105174234,0.0,29.54110159826259,0.0,0.0
399,81.55301879655447,8706.748105174234,0.0,29.54110159826259,0.0,0.0
400,81.55301879655447,8706.748105174234,0.0,29.54110159826259,0.0,0.0
401,81.55301879655447,8706.748105174234,0.0,29.54110159826259,0.0,0.0
402,81.55301879655447,8706.748105174234,0.0,29.54110159826259,0.0,0.0
403,81.55301879655447,8706.748105174234,0.0,29.54110159826259,0.0,0.0
404,81.55301879655447,8706.748105174234,0.0,29.54110159826259,0.0,0.0
405,81.55301879655447,8706.748105174234,0.0,29.54110159826259,0.0,0.0
406,81.55301879655447,8706.748105174234,0.0,29.54110159826259,0.0,0.0
407,81.55301879655447,8706.748105174234,0.0,29.54110159826259,0.0,0.0
408,81.55301879655447,8706.748105174234,0.0,29.54110159826259,0.0,0.0
409,81.55301879655447,8706.748105174234,0.0,29.54110159826259,0.0,0.0
410,81.55301879655447,8706.748105174234,0.0,29.54110159826259,0.0,0.0
411,81.55301879655447,8706.748105174234,0.0,29.54110159826259,0.0,0.0
412,81.55301879655447,8706.748105174234,0.0,29.54110159826259,0.0,0.0
413,81.55301879655447,8706.748105174234,0.0,29.54110159826259,0.0,0.0
414,81.55301879655447,8706.748105174234,0.0,29.54110159826259,0.0,0.0
415,81.55301879655447,8706.748105174234,0.0,29.54110159826259,0.0,0.0
416,81.55301879655447,8706.748105174234,0.0,29.54110159826259,0.0,0.0
417,81.55301879655447,8706.748105174234,0.0,29.54110159826259,0.0,0.0
418,81.55301879655447,8706.748105174234,0.0,29.54110159826259,0.0,0.0
419,81.55301879655447,8706.748105174234,0.0,29.54110159826259,0.0,0.0
420,81.55301879655447,8706.748105174234,0.0,29.54110159826259,0.0,0.0
421,81.55301879655447,8706.748105174234,0.0,29.54110159826259,0.0,0.0
422,81.55301879655447,8706.748105174234,0.0,29.54110159826259,0.0,0.0
423,81.55301879655447,8706.748105174234,0.0,29.54110159826259,0.0,0.0
424,81.55301879655447,8706.748105174234,0.0,29.54110159826259,0.0,0.0
425,81.55301879655447,8706.748105174234,0.0,29.54110159826259,0.0,0.0
426,81.55301879655447,8706.748105174234,0.0,29.54110159826259,0.0,0.0
427,81.55301879655447,8706.748105174234,0.0,29.54110159826259,0.0,0.0
428,81.55301879655447,8706.748105174234,0.0,29.54110159826259,0.0,0.0
429,81.55301879655447,8706.748105174234,0.0,29.54110159826259,0.0,0.0
430,81.55301879655447,8706.748105174234,0.0,29.54110159826259,0.0,0.0
431,81.55301879655447,8706.748105174234,0.0,29.54110159826259,0.0,0.0
432,81.55301879655447,8706.748105174234,0.0,29.54110159826259,0.0,0.0
433,81.55301879655447,8706.748105174234,0.0,29.54110159826259,0.0,0.0
434,81.55301879655447,8706.748105174234,0.0,29.54110159826259,0.0,0.0
435,81.55301879655447,8706.748105174234,0.0,29.54110159826259,0.0,0.0
436,81.55301879655447,8706.748105174234,0.0,29.54110159826259,0.0,0.0
437,81.55301879655447,8706.748105174234,0.0,29.54110159826259,0.0,0.0
438,81.55301879655447,8706.748105174234,0.0,29.54110159826259,0.0,0.0
439,81.55301879655447,8706.748105174234,0.0,29.54110159826259,0.0,0.0
440,81.55301879655447,8706.748105174234,0.0,29.54110159826259,0.0,0.0
441,81.55301879655447,8706.748105174234,0.0,29.54110159826259,0.0,0.0
442,81.55301879655447,8706.748105174234,0.0,29.54110159826259,0.0,0.0
443,81.55301879655447,8706.748105174234,0.0,29.54110159826259,0.0,0.0
444,81.55301879655447,8706.748105174234,0.0,29.54110159826259,0.0,0.0
445,81.55301879655447,8706.748105174234,0.0,29.54110159826259,0.0,0.0
446,81.55301879655447,8706.748105174234,0.0,29.54110159826259,0.0,0.0
447,81.55301879655447,8706.748105174234,0.0,29.54110159826259,0.0,0.0
448,81.55301879655447,8706.748105174234,0.0,29.54110159826259,0.0,0.0
449,81.55301879655447,8706.748105174234,0.0,29.54110159826259,0.0,0.0
450,81.55301879655447,8706.748105174234,0.0,29.54110159826259,0.0,0.0
451,81.55301879655447,8706.748105174234,0.0,29.54110159826259,0.0,0.0
452,81.55301879655447,8706.748105174234,0.0,29.54110159826259,0.0,0.0
453,81.55301879655447,8706.748105174234,0.0,29.54110159826259,0.0,0.0
454,81.55301879655447,8706.748105174234,0.0,29.54110159826259,0.0,0.0
455,81.55301879655447,8706.748105174234,0.0,29.54110159826259,0.0,0.0
456,81.55301879655447,8706.748105174234,0.0,29.54110159826259,0.0,0.0
457,81.55301879655447,8706.748105174234,0.0,29.54110159826259,0.0,0.0
458,81.55301879655447,8706.748105174234,0.0,29.54110159826259,0.0,0.0
459,81.55301879655447,8706.748105174234,0.0,29.54110159826259,0.0,0.0
460,81.55301879655447,8706.748105174234,0.0,29.54110159826259,0.0,0.0
461,81.55301879655447,8706.748105174234,0.0,29.54110159826259,0.0,0.0
462,81.55301879655447,8706.748105174234,0.0,29.54110159826259,0.0,0.0
463,81.55301879655447,8706.748105174234,0.0,29.54110159826259,0.0,0.0
464,81.55301879655447,8706.748105174234,0.0,29.54110159826259,0.0,0.0
465,81.55301879655447,8706.748105174234,0.0,29.54110159826259,0.0,0.0
466,81.55301879655447,8706.748105174234,0.0,29.54110159826259,0.0,0.0
467,81.55301879655447,8706.748105174234,0.0,29.54110159826259,0.0,0.0
468,81.55301879655447,8706.748105174234,0.0,29.54110159826259,0.0,0.0
469,81.55301879655447,8706.748105174234,0.0,29.54110159826259,0.0,0.0
470,81.55301879655447,8706.748105174234,0.0,29.54110159826259,0.0,0.0
471,81.55301879655447,8706.748105174234,0.0,29.54110159826259,0.0,0.0
472,81.55301879655447,8706.748105174234,0.0,29.54110159826259,0.0,0.0
473,81.55301879655447,8706.748105174234,0.0,29.54110159826259,0.0,0.0
474,81.55301879655447,8706.748105174234,0.0,29.54110159826259,0.0,0.0
475,81.55301879655447,8706.748105174234,0.0,29.54110159826259,0.0,0.0
476,81.55301879655447,8706.748105174234,0.0,29.54110159826259,0.0,0.0
477,81.55301879655447,8706.748105174234,0.0,29.54110159826259,0.0,0.0
478,81.55301879655447,8706.748105174234,0.0,29.54110159826259,0.0,0.0
479,81.55301879655447,8706.748105174234,0.0,29.54110159826259,0.0,0.0
480,81.55301879655447,8706.748105174234,0.0,29.54110159826259,0.0,0.0
481,81.55301879655447,8706.748105174234,0.0,29.54110159826259,0.0,0.0
482,81.55301879655447,8706.748105174234,0.0,29.54110159826259,0.0,0.0
483,81.55301879655447,8706.748105174234,0.0,29.54110159826259,0.0,0.0
484,81.55301879655447,8706.748105174234,0.0,29.54110159826259,0.0,0.0
485,81.55301879655447,8706.748105174234,0.0,29.54110159826259,0.0,0.0
486,81.55301879655447,8706.748105174234,0.0,29.54110159826259,0.0,0.0
487,81.55301879655447,8706.748105174234,0.0,29.54110159826259,0.0,0.0
488,81.55301879655447,8706.748105174234,0.0,29.54110159826259,0.0,0.0
489,81.55301879655447,8706.748105174234,0.0,29.54110159826259,0.0,0.0
490,81.55301879655447,8706.748105174234,0.0,29.54110159826259,0.0,0.0
491,81.55301879655447,8706.748105174234,0.0,29.54110159826259,0.0,0.0
492,81.55301879655447,8706.748105174234,0.0,29.54110159826259,0.0,0.0
493,81.55301879655447,8706.748105174234,0.0,29.54110159826259,0.0,0.0
494,81.55301879655447,8706.748105174234,0.0,29.54110159826259,0.0,0.0
495,81.55301879655447,8706.748105174234,0.0,29.54110159826259,0.0,0.0
496,81.55301879655447,8706.748105174234,0.0,29.54110159826259,0.0,0.0
497,81.55301879655447,8706.748105174234,0.0,29.54110159826259,0.0,0.0
498,81.55301879655447,8706.748105174234,0.0,29.54110159826259,0.0,0.0
499,81.55301879655447,8706.748105174234,0.0,29.54110159826259,0.0,0.0
500,81.55301879655447,8706.748105174234,0.0,29.54110159826259,0.0,0.0
501,81.55301879655447,8706.748105174234,0.0,29.54110159826259,0.0,0.0
502,81.55301879655447,8706.748105174234,0.0,29.54110159826259,0.0,0.0
503,81.55301879655447,8706.748105174234,0.0,29.54110159826259,0.0,0.0
504,72.2868737795041,5316.623179287481,0.0,35.751995557174055,0.0,0.0
505,72.2868737795041,5316.623179287481,0.0,35.751995557174055,0.0,0.0
506,72.2868737795041,5316.623179287481,0.0,35.751995557174055,0.0,0.0
507,72.2868737795041,5316.623179287481,0.0,35.751995557174055,0.0,0.0
508,72.2868737795041,5316.623179287481,0.0,35.751995557174055,0.0,0.0
509,72.2868737795041,5316.623179287481,0.0,35.751995557174055,0.0,0.0
510,72.2868737795041,5316.623179287481,0.0,35.751995557174055,0.0,0.0
511,72.2868737795041,5316.623179287481,0.0,35.751995557174055,0.0,0.0
512,72.2868737795041,5316.623179287481,0.0,35.751995557174055,0.0,0.0
513,72.2868737795041,5316.623179287481,0.0,35.751995557174055,0.0,0.0
514,72.2868737795041,5316.623179287481,0.0,35.751995557174055,0.0,0.0
515,72.2868737795041,5316.623179287481,0.0,35.751995557174055,0.0,0.0
516,72.2868737795041,5316.623179287481,0.0,35.751995557174055,0.0,0.0
517,72.2868737795041,5316.623179287481,0.0,35.751995557174055,0.0,0.0
518,72.2868737795041,5316.623179287481,0.0,35.751995557174055,0.0,0.0
519,72.2868737795041,5316.623179287481,0.0,35.751995557174055,0.0,0.0
520,72.2868737795041,5316.623179287481,0.0,35.751995557174055,0.0,0.0
521,72.2868737795041,5316.623179287481,0.0,35.751995557174055,0.0,0.0
522,72.2868737795041,5316.623179287481,0.0,35.751995557174055,0.0,0.0
523,72.2868737795041,5316.623179287481,0.0,35.751995557174055,0.0,0.0
524,72.2868737795041,5316.623179287481,0.0,35.751995557174055,0.0,0.0
525,72.2868737795041,5316.623179287481,0.0,35.751995557174055,0.0,0.0
526,72.2868737795041,5316.623179287481,0.0,35.751995557174055,0.0,0.0
527,72.2868737795041,5316.623179287481,0.0,35.751995557174055,0.0,0.0
528,72.2868737795041,5316.623179287481,0.0,35.751995557174055,0.0,0.0
529,72.2868737795041,5316.623179287481,0.0,35.751995557174055,0.0,0.0
530,72.2868737795041,5316.623179287481,0.0,35.751995557174055,0.0,0.0
531,72.2868737795041,5316.623179287481,0.0,35.751995557174055,0.0,0.0
532,72.2868737795041,5316.623179287481,0.0,35.751995557174055,0.0,0.0
533,72.2868737795041,5316.623179287481,0.0,35.751995557174055,0.0,0.0
534,72.2868737795041,5316.623179287481,0.0,35.751995557174055,0.0,0.0
535,72.2868737795041,5316.623179287481,0.0,35.751995557174055,0.0,0.0
536,72.2868737795041,5316.623179287481,0.0,35.751995557174055,0.0,0.0
537,72.2868737795041,5316.623179287481,0.0,35.751995557174055,0.0,0.0
538,72.2868737795041,5316.623179287481,0.0,35.751995557174055,0.0,0.0
539,72.2868737795041,5316.623179287481,0.0,35.751995557174055,0.0,0.0
540,72.2868737795041,5316.623179287481,0.0,35.751995557174055,0.0,0.0
541,72.2868737795041,5316.623179287481,0.0,35.751995557174055,0.0,0.0
542,72.2868737795041,5316.623179287481,0.0,35.751995557174055,0.0,0.0
543,72.2868737795041,5316.623179287481,0.0,35.751995557174055,0.0,0.0
544,72.2868737795041,5316.623179287481,0.0,35.751995557174055,0.0,0.0
545,72.2868737795041,5316.623179287481,0.0,35.751995557174055,0.0,0.0
546,72.2868737795041,5316.623179287481,0.0,35.751995557174055,0.0,0.0
547,72.2868737795041,5316.623179287481,0.0,35.751995557174055,0.0,0.0
548,72.2868737795041,5316.623179287481,0.0,35.751995557174055,0.0,0.0
549,72.2868737795041,5316.623179287481,0.0,35.751995557174055,0.0,0.0
550,72.2868737795041,5316.623179287481,0.0,35.751995557174055,0.0,0.0
551,72.2868737795041,5316.623179287481,0.0,35.751995557174055,0.0,0.0
552,72.2868737795041,5316.623179287481,0.0,35.751995557174055,0.0,0.0
553,72.2868737795041,5316.623179287481,0.0,35.751995557174055,0.0,0.0
554,72.2868737795041,5316.623179287481,0.0,35.751995557174055,0.0,0.0
555,72.2868737795041,5316.623179287481,0.0,35.751995557174055,0.0,0.0
556,72.2868737795041,5316.623179287481,0.0,35.751995557174055,0.0,0.0
557,72.2868737795041,5316.623179287481,0.0,35.751995557174055,0.0,0.0
558,72.2868737795041,5316.623179287481,0.0,35.751995557174055,0.0,0.0
559,72.2868737795041,5316.623179287481,0.0,35.751995557174055,0.0,0.0
560,72.2868737795041,5316.623179287481,0.0,35.751995557174055,0.0,0.0
561,72.2868737795041,5316.623179287481,0.0,35.751995557174055,0.0,0.0
562,72.2868737795041,5316.623179287481,0.0,35.751995557174055,0.0,0.0
563,72.2868737795041,5316.623179287481,0.0,35.751995557174055,0.0,0.0
564,72.2868737795041,5316.623179287481,0.0,35.751995557174055,0.0,0.0
565,72.2868737795041,5316.623179287481,0.0,35.751995557174055,0.0,0.0
566,72.2868737795041,5316.623179287481,0.0,35.751995557174055,0.0,0.0
567,72.2868737795041,5316.623179287481,0.0,35.751995557174055,0.0,0.0
568,72.2868737795041,5316.623179287481,0.0,35.751995557174055,0.0,0.0
569,72.2868737795041,5316.623179287481,0.0,35.751995557174055,0.0,0.0
570,72.2868737795041,5316.623179287481,0.0,35.751995557174055,0.0,0.0
571,72.2868737795041,5316.623179287481,0.0,35.751995557174055,0.0,0.0
572,72.2868737795041,5316.623179287481,0.0,35.751995557174055,0.0,0.0
573,72.2868737795041,5316.623179287481,0.0,35.751995557174055,0.0,0.0
574,72.2868737795041,5316.623179287481,0.0,35.751995557174055,0.0,0.0
575,72.2868737795041,5316.623179287481,0.0,35.751995557174055,0.0,0.0
576,72.2868737795041,5316.623179287481,0.0,35.751995557174055,0.0,0.0
577,72.2868737795041,5316.623179287481,0.0,35.751995557174055,0.0,0.0
578,72.2868737795041,5316.623179287481,0.0,35.751995557174055,0.0,0.0
579,72.2868737795041,5316.623179287481,0.0,35.751995557174055,0.0,0.0
580,72.2868737795041,5316.623179287481,0.0,35.751995557174055,0.0,0.0
581,72.2868737795041,5316.623179287481,0.0,35.751995557174055,0.0,0.0
582,72.2868737795041,5316.623179287481,0.0,35.751995557174055,0.0,0.0
583,72.2868737795041,5316.623179287481,0.0,35.751995557174055,0.0,0.0
584,72.2868737795041,5316.623179287481,0.0,35.751995557174055,0.0,0.0
585,72.2868737795041,5316.623179287481,0.0,35.751995557174055,0.0,0.0
586,72.2868737795041,5316.623179287481,0.0,35.751995557174055,0.0,0.0
587,72.2868737795041,5316.623179287481,0.0,35.751995557174055,0.0,0.0
588,72.2868737795041,5316.623179287481,0.0,35.751995557174055,0.0,0.0
589,72.2868737795041,5316.623179287481,0.0,35.751995557174055,0.0,0.0
590,72.2868737795041,5316.623179287481,0.0,35.751995557174055,0.0,0.0
591,72.2868737795041,5316.623179287481,0.0,35.751995557174055,0.0,0.0
592,72.2868737795041,5316.623179287481,0.0,35.751995557174055,0.0,0.0
593,72.2868737795041,5316.623179287481,0.0,35.751995557174055,0.0,0.0
594,72.2868737795041,5316.623179287481,0.0,35.751995557174055,0.0,0.0
595,72.2868737795041,5316.623179287481,0.0,35.751995557174055,0.0,0.0
596,72.2868737795041,5316.623179287481,0.0,35.751995557174055,0.0,0.0
597,72.2868737795041,5316.623179287481,0.0,35.751995557174055,0.0,0.0
598,72.2868737795041,5316.623179287481,0.0,35.751995557174055,0.0,0.0
599,72.2868737795041,5316.623179287481,0.0,35.751995557174055,0.0,0.0
600,72.2868737795041,5316.623179287481,0.0,35.751995557174055,0.0,0.0
601,72.2868737795041,5316.623179287481,0.0,35.751995557174055,0.0,0.0
602,72.2868737795041,5316.623179287481,0.0,35.751995557174055,0.0,0.0
603,72.2868737795041,5316.623179287481,0.0,35.751995557174055,0.0,0.0
604,72.2868737795041,5316.623179287481,0.0,35.751995557174055,0.0,0.0
605,72.2868737795041,5316.623179287481,0.0,35.751995557174055,0.0,0.0
606,72.2868737795041,5316.623179287481,0.0,35.751995557174055,0.0,0.0
607,72.2868737795041,5316.623179287481,0.0,35.751995557174055,0.0,0.0
608,72.2868737795041,5316.623179287481,0.0,35.751995557174055,0.0,0.0
609,72.2868737795041,5316.623179287481,0.0,35.751995557174055,0.0,0.0
610,72.2868737795041,5316.623179287481,0.0,35.751995557174055,0.0,0.0
611,72.2868737795041,5316.623179287481,0.0,35.751995557174055,0.0,0.0
612,72.2868737795041,5316.623179287481,0.0,35.751995557174055,0.0,0.0
613,72.2868737795041,5316.623179287481,0.0,35.751995557174055,0.0,0.0
614,72.2868737795041,5316.623179287481,0.0,35.751995557174055,0.0,0.0
615,72.2868737795041,5316.623179287481,0.0,35.751995557174055,0.0,0.0
616,72.2868737795041,5316.623179287481,0.0,35.751995557174055,0.0,0.0
617,72.2868737795041,5316.623179287481,0.0,35.751995557174055,0.0,0.0
618,72.2868737795041,5316.623179287481,0.0,35.751995557174055,0.0,0.0
619,72.2868737795041,5316.623179287481,0.0,35.751995557174055,0.0,0.0
620,72.2868737795041,5316.623179287481,0.0,35.751995557174055,0.0,0.0
621,72.2868737795041,5316.623179287481,0.0,35.751995557174055,0.0,0.0
622,72.2868737795041,5316.623179287481,0.0,35.751995557174055,0.0,0.0
623,72.2868737795041,5316.623179287481,0.0,35.751995557174055,0.0,0.0
624,72.2868737795041,5316.623179287481,0.0,35.751995557174055,0.0,0.0
625,72.2868737795041,5316.623179287481,0.0,35.751995557174055,0.0,0.0
626,72.2868737795041,5316.623179287481,0.0,35.751995557174055,0.0,0.0
627,72.2868737795041,5316.623179287481,0.0,35.751995557174055,0.0,0.0
628,72.2868737795041,5316.623179287481,0.0,35.751995557174055,0.0,0.0
629,72.2868737795041,5316.623179287481,0.0,35.751995557174055,0.0,0.0
630,72.2868737795041,5316.623179287481,0.0,35.751995557174055,0.0,0.0
631,72.2868737795041,5316.623179287481,0.0,35.751995557174055,0.0,0.0
632,72.2868737795041,5316.623179287481,0.0,35.751995557174055,0.0,0.0
633,72.2868737795041,5316.623179287481,0.0,35.751995557174055,0.0,0.0
634,72.2868737795041,5316.623179287481,0.0,35.751995557174055,0.0,0.0
635,72.2868737795041,5316.623179287481,0.0,35.751995557174055,0.0,0.0
636,72.2868737795041,5316.623179287481,0.0,35.751995557174055,0.0,0.0
637,72.2868737795041,5316.623179287481,0.0,35.751995557174055,0.0,0.0
638,72.2868737795041,5316.623179287481,0.0,35.751995557174055,0.0,0.0
639,72.2868737795041,5316.623179287481,0.0,35.751995557174055,0.0,0.0
640,72.2868737795041,5316.623179287481,0.0,35.751995557174055,0.0,0.0
641,72.2868737795041,5316.623179287481,0.0,35.751995557174055,0.0,0.0
642,72.2868737795041,5316.623179287481,0.0,35.751995557174055,0.0,0.0
643,72.2868737795041,5316.623179287481,0.0,35.751995557174055,0.0,0.0
644,72.2868737795041,5316.623179287481,0.0,35.751995557174055,0.0,0.0
645,72.2868737795041,5316.623179287481,0.0,35.751995557174055,0.0,0.0
646,72.2868737795041,5316.623179287481,0.0,35.751995557174055,0.0,0.0
647,72.2868737795041,5316.623179287481,0.0,35.751995557174055,0.0,0.0
648,72.2868737795041,5316.623179287481,0.0,35.751995557174055,0.0,0.0
649,72.2868737795041,5316.623179287481,0.0,35.751995557174055,0.0,0.0
650,72.2868737795041,5316.623179287481,0.0,35.751995557174055,0.0,0.0
651,72.2868737795041,5316.623179287481,0.0,35.751995557174055,0.0,0.0
652,72.2868737795041,5316.623179287481,0.0,35.751995557174055,0.0,0.0
653,72.2868737795041,5316.623179287481,0.0,35.751995557174055,0.0,0.0
654,72.2868737795041,5316.623179287481,0.0,35.751995557174055,0.0,0.0
655,72.2868737795041,5316.623179287481,0.0,35.751995557174055,0.0,0.0
656,72.2868737795041,5316.623179287481,0.0,35.751995557174055,0.0,0.0
657,72.2868737795041,5316.623179287481,0.0,35.751995557174055,0.0,0.0
658,72.2868737795041,5316.623179287481,0.0,35.751995557174055,0.0,0.0
659,72.2868737795041,5316.623179287481,0.0,35.751995557174055,0.0,0.0
660,72.2868737795041,5316.623179287481,0.0,35.751995557174055,0.0,0.0
661,72.2868737795041,5316.623179287481,0.0,35.751995557174055,0.0,0.0
662,72.2868737795041,5316.623179287481,0.0,35.751995557174055,0.0,0.0
663,72.2868737795041,5316.623179287481,0.0,35.751995557174055,0.0,0.0
664,72.2868737795041,5316.623179287481,0.0,35.751995557174055,0.0,0.0
665,72.2868737795041,5316.623179287481,0.0,35.751995557174055,0.0,0.0
666,72.2868737795041,5316.623179287481,0.0,35.751995557174055,0.0,0.0
667,72.2868737795041,5316.623179287481,0.0,35.751995557174055,0.0,0.0
668,72.2868737795041,5316.623179287481,0.0,35.751995557174055,0.0,0.0
669,72.2868737795041,5316.623179287481,0.0,35.751995557174055,0.0,0.0
670,72.2868737795041,5316.623179287481,0.0,35.751995557174055,0.0,0.0
671,72.2868737795041,5316.623179287481,0.0,35.751995557174055,0.0,0.0
672,112.63855372231332,4373.356285858366,0.0,141.19846590886735,0.0,0.0
673,112.63855372231332,4373.356285858366,0.0,141.19846590886735,0.0,0.0
674,112.63855372231332,4373.356285858366,0.0,141.19846590886735,0.0,0.0
675,112.63855372231332,4373.356285858366,0.0,141.19846590886735,0.0,0.0
676,112.63855372231332,4373.356285858366,0.0,141.19846590886735,0.0,0.0
677,112.63855372231332,4373.356285858366,0.0,141.19846590886735,0.0,0.0
678,112.63855372231332,4373.356285858366,0.0,141.19846590886735,0.0,0.0
679,112.63855372231332,4373.356285858366,0.0,141.19846590886735,0.0,0.0
680,112.63855372231332,4373.356285858366,0.0,141.19846590886735,0.0,0.0
681,112.63855372231332,4373.356285858366,0.0,141.19846590886735,0.0,0.0
682,112.63855372231332,4373.356285858366,0.0,141.19846590886735,0.0,0.0
683,112.63855372231332,4373.356285858366,0.0,141.19846590886735,0.0,0.0
684,112.63855372231332,4373.356285858366,0.0,141.19846590886735,0.0,0.0
685,112.63855372231332,4373.356285858366,0.0,141.19846590886735,0.0,0.0
686,112.63855372231332,4373.356285858366,0.0,141.19846590886735,0.0,0.0
687,112.63855372231332,4373.356285858366,0.0,141.19846590886735,0.0,0.0
688,112.63855372231332,4373.356285858366,0.0,141.19846590886735,0.0,0.0
689,112.63855372231332,4373.356285858366,0.0,141.19846590886735,0.0,0.0
690,112.63855372231332,4373.356285858366,0.0,141.19846590886735,0.0,0.0
691,112.63855372231332,4373.356285858366,0.0,141.19846590886735,0.0,0.0
692,112.63855372231332,4373.356285858366,0.0,141.19846590886735,0.0,0.0
693,112.63855372231332,4373.356285858366,0.0,141.19846590886735,0.0,0.0
694,112.63855372231332,4373.356285858366,0.0,141.19846590886735,0.0,0.0
695,112.63855372231332,4373.356285858366,0.0,141.19846590886735,0.0,0.0
696,112.63855372231332,4373.356285858366,0.0,141.19846590886735,0.0,0.0
697,112.63855372231332,4373.356285858366,0.0,141.19846590886735,0.0,0.0
698,112.63855372231332,4373.356285858366,0.0,141.19846590886735,0.0,0.0
699,112.63855372231332,4373.356285858366,0.0,141.19846590886735,0.0,0.0
700,112.63855372231332,4373.356285858366,0.0,141.19846590886735,0.0,0.0
701,112.63855372231332,4373.356285858366,0.0,141.19846590886735,0.0,0.0
702,112.63855372231332,4373.356285858366,0.0,141.19846590886735,0.0,0.0
703,112.63855372231332,4373.356285858366,0.0,141.19846590886735,0.0,0.0
704,112.63855372231332,4373.356285858366,0.0,141.19846590886735,0.0,0.0
705,112.63855372231332,4373.356285858366,0.0,141.19846590886735,0.0,0.0
706,112.63855372231332,4373.356285858366,0.0,141.19846590886735,0.0,0.0
707,112.63855372231332,4373.356285858366,0.0,141.19846590886735,0.0,0.0
708,112.63855372231332,4373.356285858366,0.0,141.19846590886735,0.0,0.0
709,112.63855372231332,4373.356285858366,0.0,141.19846590886735,0.0,0.0
710,112.63855372231332,4373.356285858366,0.0,141.19846590886735,0.0,0.0
711,112.63855372231332,4373.356285858366,0.0,141.19846590886735,0.0,0.0
712,112.63855372231332,4373.356285858366,0.0,141.19846590886735,0.0,0.0
713,112.63855372231332,4373.356285858366,0.0,141.19846590886735,0.0,0.0
714,112.63855372231332,4373.356285858366,0.0,141.19846590886735,0.0,0.0
715,112.63855372231332,4373.356285858366,0.0,141.19846590886735,0.0,0.0
716,112.63855372231332,4373.356285858366,0.0,141.19846590886735,0.0,0.0
717,112.63855372231332,4373.356285858366,0.0,141.19846590886735,0.0,0.0
718,112.63855372231332,4373.356285858366,0.0,141.19846590886735,0.0,0.0
719,112.63855372231332,4373.356285858366,0.0,141.19846590886735,0.0,0.0
720,112.63855372231332,4373.356285858366,0.0,141.19846590886735,0.0,0.0
721,112.63855372231332,4373.356285858366,0.0,141.19846590886735,0.0,0.0
722,112.63855372231332,4373.356285858366,0.0,141.19846590886735,0.0,0.0
723,112.63855372231332,4373.356285858366,0.0,141.19846590886735,0.0,0.0
724,112.63855372231332,4373.356285858366,0.0,141.19846590886735,0.0,0.0
725,112.63855372231332,4373.356285858366,0.0,141.19846590886735,0.0,0.0
726,112.63855372231332,4373.356285858366,0.0,141.19846590886735,0.0,0.0
727,112.63855372231332,4373.356285858366,0.0,141.19846590886735,0.0,0.0
728,112.63855372231332,4373.356285858366,0.0,141.19846590886735,0.0,0.0
729,112.63855372231332,4373.356285858366,0.0,141.19846590886735,0.0,0.0
730,112.63855372231332,4373.356285858366,0.0,141.19846590886735,0.0,0.0
731,112.63855372231332,4373.356285858366,0.0,141.19846590886735,0.0,0.0
732,112.63855372231332,4373.356285858366,0.0,141.19846590886735,0.0,0.0
733,112.63855372231332,4373.356285858366,0.0,141.19846590886735,0.0,0.0
734,112.63855372231332,4373.356285858366,0.0,141.19846590886735,0.0,0.0
735,112.63855372231332,4373.356285858366,0.0,141.19846590886735,0.0,0.0
736,112.63855372231332,4373.356285858366,0.0,141.19846590886735,0.0,0.0
737,112.63855372231332,4373.356285858366,0.0,141.19846590886735,0.0,0.0
738,112.63855372231332,4373.356285858366,0.0,141.19846590886735,0.0,0.0
739,112.63855372231332,4373.356285858366,0.0,141.19846590886735,0.0,0.0
740,112.63855372231332,4373.356285858366,0.0,141.19846590886735,0.0,0.0
741,112.63855372231332,4373.356285858366,0.0,141.19846590886735,0.0,0.0
742,112.63855372231332,4373.356285858366,0.0,141.19846590886735,0.0,0.0
743,112.63855372231332,4373.356285858366,0.0,141.19846590886735,0.0,0.0
744,112.63855372231332,4373.356285858366,0.0,141.19846590886735,0.0,0.0
745,112.63855372231332,4373.356285858366,0.0,141.19846590886735,0.0,0.0
746,112.63855372231332,4373.356285858366,0.0,141.19846590886735,0.0,0.0
747,112.63855372231332,4373.356285858366,0.0,141.19846590886735,0.0,0.0
748,112.63855372231332,4373.356285858366,0.0,141.19846590886735,0.0,0.0
749,112.63855372231332,4373.356285858366,0.0,141.19846590886735,0.0,0.0
750,112.63855372231332,4373.356285858366,0.0,141.19846590886735,0.0,0.0
751,112.63855372231332,4373.356285858366,0.0,141.19846590886735,0.0,0.0
752,112.63855372231332,4373.356285858366,0.0,141.19846590886735,0.0,0.0
753,112.63855372231332,4373.356285858366,0.0,141.19846590886735,0.0,0.0
754,112.63855372231332,4373.356285858366,0.0,141.19846590886735,0.0,0.0
755,112.63855372231332,4373.356285858366,0.0,141.19846590886735,0.0,0.0
756,112.63855372231332,4373.356285858366,0.0,141.19846590886735,0.0,0.0
757,112.63855372231332,4373.356285858366,0.0,141.19846590886735,0.0,0.0
758,112.63855372231332,4373.356285858366,0.0,141.19846590886735,0.0,0.0
759,112.63855372231332,4373.356285858366,0.0,141.19846590886735,0.0,0.0
760,112.63855372231332,4373.356285858366,0.0,141.19846590886735,0.0,0.0
761,112.63855372231332,4373.356285858366,0.0,141.19846590886735,0.0,0.0
762,112.63855372231332,4373.356285858366,0.0,141.19846590886735,0.0,0.0
763,112.63855372231332,4373.356285858366,0.0,141.19846590886735,0.0,0.0
764,112.63855372231332,4373.356285858366,0.0,141.19846590886735,0.0,0.0
765,112.63855372231332,4373.356285858366,0.0,141.19846590886735,0.0,0.0
766,112.63855372231332,4373.356285858366,0.0,141.19846590886735,0.0,0.0
767,112.63855372231332,4373.356285858366,0.0,141.19846590886735,0.0,0.0
768,112.63855372231332,4373.356285858366,0.0,141.19846590886735,0.0,0.0
769,112.63855372231332,4373.356285858366,0.0,141.19846590886735,0.0,0.0
770,112.63855372231332,4373.356285858366,0.0,141.19846590886735,0.0,0.0
771,112.63855372231332,4373.356285858366,0.0,141.19846590886735,0.0,0.0
772,112.63855372231332,4373.356285858366,0.0,141.19846590886735,0.0,0.0
773,112.63855372231332,4373.356285858366,0.0,141.19846590886735,0.0,0.0
774,112.63855372231332,4373.356285858366,0.0,141.19846590886735,0.0,0.0
775,112.63855372231332,4373.356285858366,0.0,141.19846590886735,0.0,0.0
776,112.63855372231332,4373.356285858366,0.0,141.19846590886735,0.0,0.0
777,112.63855372231332,4373.356285858366,0.0,141.19846590886735,0.0,0.0
778,112.63855372231332,4373.356285858366,0.0,141.19846590886735,0.0,0.0
779,112.63855372231332,4373.356285858366,0.0,141.19846590886735,0.0,0.0
780,112.63855372231332,4373.356285858366,0.0,141.19846590886735,0.0,0.0
781,112.63855372231332,4373.356285858366,0.0,141.19846590886735,0.0,0.0
782,112.63855372231332,4373.356285858366,0.0,141.19846590886735,0.0,0.0
783,112.63855372231332,4373.356285858366,0.0,141.19846590886735,0.0,0.0
784,112.63855372231332,4373.356285858366,0.0,141.19846590886735,0.0,0.0
785,112.63855372231332,4373.356285858366,0.0,141.19846590886735,0.0,0.0
786,112.63855372231332,4373.356285858366,0.0,141.19846590886735,0.0,0.0
787,112.63855372231332,4373.356285858366,0.0,141.19846590886735,0.0,0.0
788,112.63855372231332,4373.356285858366,0.0,141.19846590886735,0.0,0.0
789,112.63855372231332,4373.356285858366,0.0,141.19846590886735,0.0,0.0
790,112.63855372231332,4373.356285858366,0.0,141.19846590886735,0.0,0.0
791,112.63855372231332,4373.356285858366,0.0,141.19846590886735,0.0,0.0
792,112.63855372231332,4373.356285858366,0.0,141.19846590886735,0.0,0.0
793,112.63855372231332,4373.356285858366,0.0,141.19846590886735,0.0,0.0
794,112.63855372231332,4373.356285858366,0.0,141.19846590886735,0.0,0.0
795,112.63855372231332,4373.356285858366,0.0,141.19846590886735,0.0,0.0
796,112.63855372231332,4373.356285858366,0.0,141.19846590886735,0.0,0.0
797,112.63855372231332,4373.356285858366,0.0,141.19846590886735,0.0,0.0
798,112.63855372231332,4373.356285858366,0.0,141.19846590886735,0.0,0.0
799,112.63855372231332,4373.356285858366,0.0,141.19846590886735,0.0,0.0
800,112.63855372231332,4373.356285858366,0.0,141.19846590886735,0.0,0.0
801,112.63855372231332,4373.356285858366,0.0,141.19846590886735,0.0,0.0
802,112.63855372231332,4373.356285858366,0.0,141.19846590886735,0.0,0.0
803,112.63855372231332,4373.356285858366,0.0,141.19846590886735,0.0,0.0
804,112.63855372231332,4373.356285858366,0.0,141.19846590886735,0.0,0.0
805,112.63855372231332,4373.356285858366,0.0,141.19846590886735,0.0,0.0
806,112.63855372231332,4373.356285858366,0.0,141.19846590886735,0.0,0.0
807,112.63855372231332,4373.356285858366,0.0,141.19846590886735,0.0,0.0
808,112.63855372231332,4373.356285858366,0.0,141.19846590886735,0.0,0.0
809,112.63855372231332,4373.356285858366,0.0,141.19846590886735,0.0,0.0
810,112.63855372231332,4373.356285858366,0.0,141.19846590886735,0.0,0.0
811,112.63855372231332,4373.356285858366,0.0,141.19846590886735,0.0,0.0
812,112.63855372231332,4373.356285858366,0.0,141.19846590886735,0.0,0.0
813,112.63855372231332,4373.356285858366,0.0,141.19846590886735,0.0,0.0
814,112.63855372231332,4373.356285858366,0.0,141.19846590886735,0.0,0.0
815,112.63855372231332,4373.356285858366,0.0,141.19846590886735,0.0,0.0
816,112.63855372231332,4373.356285858366,0.0,141.19846590886735,0.0,0.0
817,112.63855372231332,4373.356285858366,0.0,141.19846590886735,0.0,0.0
818,112.63855372231332,4373.356285858366,0.0,141.19846590886735,0.0,0.0
819,112.63855372231332,4373.356285858366,0.0,141.19846590886735,0.0,0.0
820,112.63855372231332,4373.356285858366,0.0,141.19846590886735,0.0,0.0
821,112.63855372231332,4373.356285858366,0.0,141.19846590886735,0.0,0.0
822,112.63855372231332,4373.356285858366,0.0,141.19846590886735,0.0,0.0
823,112.63855372231332,4373.356285858366,0.0,141.19846590886735,0.0,0.0
824,112.63855372231332,4373.356285858366,0.0,141.19846590886735,0.0,0.0
825,112.63855372231332,4373.356285858366,0.0,141.19846590886735,0.0,0.0
826,112.63855372231332,4373.356285858366,0.0,141.19846590886735,0.0,0.0
827,112.63855372231332,4373.356285858366,0.0,141.19846590886735,0.0,0.0
828,112.63855372231332,4373.356285858366,0.0,141.19846590886735,0.0,0.0
829,112.63855372231332,4373.356285858366,0.0,141.19846590886735,0.0,0.0
830,112.63855372231332,4373.356285858366,0.0,141.19846590886735,0.0,0.0
831,112.63855372231332,4373.356285858366,0.0,141.19846590886735,0.0,0.0
832,112.63855372231332,4373.356285858366,0.0,141.19846590886735,0.0,0.0
833,112.63855372231332,4373.356285858366,0.0,141.19846590886735,0.0,0.0
834,112.63855372231332,4373.356285858366,0.0,141.19846590886735,0.0,0.0
835,112.63855372231332,4373.356285858366,0.0,141.19846590886735,0.0,0.0
836,112.63855372231332,4373.356285858366,0.0,141.19846590886735,0.0,0.0
837,112.63855372231332,4373.356285858366,0.0,141.19846590886735,0.0,0.0
838,112.63855372231332,4373.356285858366,0.0,141.19846590886735,0.0,0.0
839,112.63855372231332,4373.356285858366,0.0,141.19846590886735,0.0,0.0
840,44.489173997730546,7354.830390134879,0.0,368.17055308603904,0.0,0.0
841,44.489173997730546,7354.830390134879,0.0,368.17055308603904,0.0,0.0
842,44.489173997730546,7354.830390134879,0.0,368.17055308603904,0.0,0.0
843,44.489173997730546,7354.830390134879,0.0,368.17055308603904,0.0,0.0
844,44.489173997730546,7354.830390134879,0.0,368.17055308603904,0.0,0.0
845,44.489173997730546,7354.830390134879,0.0,368.17055308603904,0.0,0.0
846,44.489173997730546,7354.830390134879,0.0,368.17055308603904,0.0,0.0
847,44.489173997730546,7354.830390134879,0.0,368.17055308603904,0.0,0.0
848,44.489173997730546,7354.830390134879,0.0,368.17055308603904,0.0,0.0
849,44.489173997730546,7354.830390134879,0.0,368.17055308603904,0.0,0.0
850,44.489173997730546,7354.830390134879,0.0,368.17055308603904,0.0,0.0
851,44.489173997730546,7354.830390134879,0.0,368.17055308603904,0.0,0.0
852,44.489173997730546,7354.830390134879,0.0,368.17055308603904,0.0,0.0
853,44.489173997730546,7354.830390134879,0.0,368.17055308603904,0.0,0.0
854,44.489173997730546,7354.830390134879,0.0,368.17055308603904,0.0,0.0
855,44.489173997730546,7354.830390134879,0.0,368.17055308603904,0.0,0.0
856,44.489173997730546,7354.830390134879,0.0,368.17055308603904,0.0,0.0
857,44.489173997730546,7354.830390134879,0.0,368.17055308603904,0.0,0.0
858,44.489173997730546,7354.830390134879,0.0,368.17055308603904,0.0,0.0
859,44.489173997730546,7354.830390134879,0.0,368.17055308603904,0.0,0.0
860,44.489173997730546,7354.830390134879,0.0,368.17055308603904,0.0,0.0
861,44.489173997730546,7354.830390134879,0.0,368.17055308603904,0.0,0.0
862,44.489173997730546,7354.830390134879,0.0,368.17055308603904,0.0,0.0
863,44.489173997730546,7354.830390134879,0.0,368.17055308603904,0.0,0.0
864,44.489173997730546,7354.830390134879,0.0,368.17055308603904,0.0,0.0
865,44.489173997730546,7354.830390134879,0.0,368.17055308603904,0.0,0.0
866,44.489173997730546,7354.830390134879,0.0,368.17055308603904,0.0,0.0
867,44.489173997730546,7354.830390134879,0.0,368.17055308603904,0.0,0.0
868,44.489173997730546,7354.830390134879,0.0,368.17055308603904,0.0,0.0
869,44.489173997730546,7354.830390134879,0.0,368.17055308603904,0.0,0.0
870,44.489173997730546,7354.830390134879,0.0,368.17055308603904,0.0,0.0
871,44.489173997730546,7354.830390134879,0.0,368.17055308603904,0.0,0.0
872,44.489173997730546,7354.830390134879,0.0,368.17055308603904,0.0,0.0
873,44.489173997730546,7354.830390134879,0.0,368.17055308603904,0.0,0.0
874,44.489173997730546,7354.830390134879,0.0,368.17055308603904,0.0,0.0
875,44.489173997730546,7354.830390134879,0.0,368.17055308603904,0.0,0.0
876,44.489173997730546,7354.830390134879,0.0,368.17055308603904,0.0,0.0
877,44.489173997730546,7354.830390134879,0.0,368.17055308603904,0.0,0.0
878,44.489173997730546,7354.830390134879,0.0,368.17055308603904,0.0,0.0
879,44.489173997730546,7354.830390134879,0.0,368.17055308603904,0.0,0.0
880,44.489173997730546,7354.830390134879,0.0,368.17055308603904,0.0,0.0
881,44.489173997730546,7354.830390134879,0.0,368.17055308603904,0.0,0.0
882,44.489173997730546,7354.830390134879,0.0,368.17055308603904,0.0,0.0
883,44.489173997730546,7354.830390134879,0.0,368.17055308603904,0.0,0.0
884,44.489173997730546,7354.830390134879,0.0,368.17055308603904,0.0,0.0
885,44.489173997730546,7354.830390134879,0.0,368.17055308603904,0.0,0.0
886,44.489173997730546,7354.830390134879,0.0,368.17055308603904,0.0,0.0
887,44.489173997730546,7354.830390134879,0.0,368.17055308603904,0.0,0.0
888,44.489173997730546,7354.830390134879,0.0,368.17055308603904,0.0,0.0
889,44.489173997730546,7354.830390134879,0.0,368.17055308603904,0.0,0.0
890,44.489173997730546,7354.830390134879,0.0,368.17055308603904,0.0,0.0
891,44.489173997730546,7354.830390134879,0.0,368.17055308603904,0.0,0.0
892,44.489173997730546,7354.830390134879,0.0,368.17055308603904,0.0,0.0
893,44.489173997730546,7354.830390134879,0.0,368.17055308603904,0.0,0.0
894,44.489173997730546,7354.830390134879,0.0,368.17055308603904,0.0,0.0
895,44.489173997730546,7354.830390134879,0.0,368.17055308603904,0.0,0.0
896,44.489173997730546,7354.830390134879,0.0,368.17055308603904,0.0,0.0
897,44.489173997730546,7354.830390134879,0.0,368.17055308603904,0.0,0.0
898,44.489173997730546,7354.830390134879,0.0,368.17055308603904,0.0,0.0
899,44.489173997730546,7354.830390134879,0.0,368.17055308603904,0.0,0.0
900,44.489173997730546,7354.830390134879,0.0,368.17055308603904,0.0,0.0
901,44.489173997730546,7354.830390134879,0.0,368.17055308603904,0.0,0.0
902,44.489173997730546,7354.830390134879,0.0,368.17055308603904,0.0,0.0
903,44.489173997730546,7354.830390134879,0.0,368.17055308603904,0.0,0.0
904,44.489173997730546,7354.830390134879,0.0,368.17055308603904,0.0,0.0
905,44.489173997730546,7354.830390134879,0.0,368.17055308603904,0.0,0.0
906,44.489173997730546,7354.830390134879,0.0,368.17055308603904,0.0,0.0
907,44.489173997730546,7354.830390134879,0.0,368.17055308603904,0.0,0.0
908,44.489173997730546,7354.830390134879,0.0,368.17055308603904,0.0,0.0
909,44.489173997730546,7354.830390134879,0.0,368.17055308603904,0.0,0.0
910,44.489173997730546,7354.830390134879,0.0,368.17055308603904,0.0,0.0
911,44.489173997730546,7354.830390134879,0.0,368.17055308603904,0.0,0.0
912,44.489173997730546,7354.830390134879,0.0,368.17055308603904,0.0,0.0
913,44.489173997730546,7354.830390134879,0.0,368.17055308603904,0.0,0.0
914,44.489173997730546,7354.830390134879,0.0,368.17055308603904,0.0,0.0
915,44.489173997730546,7354.830390134879,0.0,368.17055308603904,0.0,0.0
916,44.489173997730546,7354.830390134879,0.0,368.17055308603904,0.0,0.0
917,44.489173997730546,7354.830390134879,0.0,368.17055308603904,0.0,0.0
918,44.489173997730546,7354.830390134879,0.0,368.17055308603904,0.0,0.0
919,44.489173997730546,7354.830390134879,0.0,368.17055308603904,0.0,0.0
920,44.489173997730546,7354.830390134879,0.0,368.17055308603904,0.0,0.0
921,44.489173997730546,7354.830390134879,0.0,368.17055308603904,0.0,0.0
922,44.489173997730546,7354.830390134879,0.0,368.17055308603904,0.0,0.0
923,44.489173997730546,7354.830390134879,0.0,368.17055308603904,0.0,0.0
924,44.489173997730546,7354.830390134879,0.0,368.17055308603904,0.0,0.0
925,44.489173997730546,7354.830390134879,0.0,368.17055308603904,0.0,0.0
926,44.489173997730546,7354.830390134879,0.0,368.17055308603904,0.0,0.0
927,44.489173997730546,7354.830390134879,0.0,368.17055308603904,0.0,0.0
928,44.489173997730546,7354.830390134879,0.0,368.17055308603904,0.0,0.0
929,44.489173997730546,7354.830390134879,0.0,368.17055308603904,0.0,0.0
930,44.489173997730546,7354.830390134879,0.0,368.17055308603904,0.0,0.0
931,44.489173997730546,7354.830390134879,0.0,368.17055308603904,0.0,0.0
932,44.489173997730546,7354.830390134879,0.0,368.17055308603904,0.0,0.0
933,44.489173997730546,7354.830390134879,0.0,368.17055308603904,0.0,0.0
934,44.489173997730546,7354.830390134879,0.0,368.17055308603904,0.0,0.0
935,44.489173997730546,7354.830390134879,0.0,368.17055308603904,0.0,0.0
936,44.489173997730546,7354.830390134879,0.0,368.17055308603904,0.0,0.0
937,44.489173997730546,7354.830390134879,0.0,368.17055308603904,0.0,0.0
938,44.489173997730546,7354.830390134879,0.0,368.17055308603904,0.0,0.0
939,44.489173997730546,7354.830390134879,0.0,368.17055308603904,0.0,0.0
940,44.489173997730546,7354.830390134879,0.0,368.17055308603904,0.0,0.0
941,44.489173997730546,7354.830390134879,0.0,368.17055308603904,0.0,0.0
942,44.489173997730546,7354.830390134879,0.0,368.17055308603904,0.0,0.0
943,44.489173997730546,7354.830390134879,0.0,368.17055308603904,0.0,0.0
944,44.489173997730546,7354.830390134879,0.0,368.17055308603904,0.0,0.0
945,44.489173997730546,7354.830390134879,0.0,368.17055308603904,0.0,0.0
946,44.489173997730546,7354.830390134879,0.0,368.17055308603904,0.0,0.0
947,44.489173997730546,7354.830390134879,0.0,368.17055308603904,0.0,0.0
948,44.489173997730546,7354.830390134879,0.0,368.17055308603904,0.0,0.0
949,44.489173997730546,7354.830390134879,0.0,368.17055308603904,0.0,0.0
950,44.489173997730546,7354.830390134879,0.0,368.17055308603904,0.0,0.0
951,44.489173997730546,7354.830390134879,0.0,368.17055308603904,0.0,0.0
952,44.489173997730546,7354.830390134879,0.0,368.17055308603904,0.0,0.0
953,44.489173997730546,7354.830390134879,0.0,368.17055308603904,0.0,0.0
954,44.489173997730546,7354.830390134879,0.0,368.17055308603904,0.0,0.0
955,44.489173997730546,7354.830390134879,0.0,368.17055308603904,0.0,0.0
956,44.489173997730546,7354.830390134879,0.0,368.17055308603904,0.0,0.0
957,44.489173997730546,7354.830390134879,0.0,368.17055308603904,0.0,0.0
958,44.489173997730546,7354.830390134879,0.0,368.17055308603904,0.0,0.0
959,44.489173997730546,7354.830390134879,0.0,368.17055308603904,0.0,0.0
960,44.489173997730546,7354.830390134879,0.0,368.17055308603904,0.0,0.0
961,44.489173997730546,7354.830390134879,0.0,368.17055308603904,0.0,0.0
962,44.489173997730546,7354.830390134879,0.0,368.17055308603904,0.0,0.0
963,44.489173997730546,7354.830390134879,0.0,368.17055308603904,0.0,0.0
964,44.489173997730546,7354.830390134879,0.0,368.17055308603904,0.0,0.0
965,44.489173997730546,7354.830390134879,0.0,368.17055308603904,0.0,0.0
966,44.489173997730546,7354.830390134879,0.0,368.17055308603904,0.0,0.0
967,44.489173997730546,7354.830390134879,0.0,368.17055308603904,0.0,0.0
968,44.489173997730546,7354.830390134879,0.0,368.17055308603904,0.0,0.0
969,44.489173997730546,7354.830390134879,0.0,368.17055308603904,0.0,0.0
970,44.489173997730546,7354.830390134879,0.0,368.17055308603904,0.0,0.0
971,44.489173997730546,7354.830390134879,0.0,368.17055308603904,0.0,0.0
972,44.489173997730546,7354.830390134879,0.0,368.17055308603904,0.0,0.0
973,44.489173997730546,7354.830390134879,0.0,368.17055308603904,0.0,0.0
974,44.489173997730546,7354.830390134879,0.0,368.17055308603904,0.0,0.0
975,44.489173997730546,7354.830390134879,0.0,368.17055308603904,0.0,0.0
976,44.489173997730546,7354.830390134879,0.0,368.17055308603904,0.0,0.0
977,44.489173997730546,7354.830390134879,0.0,368.17055308603904,0.0,0.0
978,44.489173997730546,7354.830390134879,0.0,368.17055308603904,0.0,0.0
979,44.489173997730546,7354.830390134879,0.0,368.17055308603904,0.0,0.0
980,44.489173997730546,7354.830390134879,0.0,368.17055308603904,0.0,0.0
981,44.489173997730546,7354.830390134879,0.0,368.17055308603904,0.0,0.0
982,44.489173997730546,7354.830390134879,0.0,368.17055308603904,0.0,0.0
983,44.489173997730546,7354.830390134879,0.0,368.17055308603904,0.0,0.0
984,44.489173997730546,7354.830390134879,0.0,368.17055308603904,0.0,0.0
985,44.489173997730546,7354.830390134879,0.0,368.17055308603904,0.0,0.0
986,44.489173997730546,7354.830390134879,0.0,368.17055308603904,0.0,0.0
987,44.489173997730546,7354.830390134879,0.0,368.17055308603904,0.0,0.0
988,44.489173997730546,7354.830390134879,0.0,368.17055308603904,0.0,0.0
989,44.489173997730546,7354.830390134879,0.0,368.17055308603904,0.0,0.0
990,44.489173997730546,7354.830390134879,0.0,368.17055308603904,0.0,0.0
991,44.489173997730546,7354.830390134879,0.0,368.17055308603904,0.0,0.0
992,44.489173997730546,7354.830390134879,0.0,368.17055308603904,0.0,0.0
993,44.489173997730546,7354.830390134879,0.0,368.17055308603904,0.0,0.0
994,44.489173997730546,7354.830390134879,0.0,368.17055308603904,0.0,0.0
995,44.489173997730546,7354.830390134879,0.0,368.17055308603904,0.0,0.0
996,44.489173997730546,7354.830390134879,0.0,368.17055308603904,0.0,0.0
997,44.489173997730546,7354.830390134879,0.0,368.17055308603904,0.0,0.0
998,44.489173997730546,7354.830390134879,0.0,368.17055308603904,0.0,0.0
999,44.489173997730546,7354.830390134879,0.0,368.17055308603904,0.0,0.0
1000,44.489173997730546,7354.830390134879,0.0,368.17055308603904,0.0,0.0
1001,44.489173997730546,7354.830390134879,0.0,368.17055308603904,0.0,0.0
1002,44.489173997730546,7354.830390134879,0.0,368.17055308603904,0.0,0.0
1003,44.489173997730546,7354.830390134879,0.0,368.17055308603904,0.0,0.0
1004,44.489173997730546,7354.830390134879,0.0,368.17055308603904,0.0,0.0
1005,44.489173997730546,7354.830390134879,0.0,368.17055308603904,0.0,0.0
1006,44.489173997730546,7354.830390134879,0.0,368.17055308603904,0.0,0.0
1007,44.489173997730546,7354.830390134879,0.0,368.17055308603904,0.0,0.0
1008,36.33634859724734,5474.342798551354,0.0,249.52154902799424,0.0,0.0
1009,36.33634859724734,5474.342798551354,0.0,249.52154902799424,0.0,0.0
1010,36.33634859724734,5474.342798551354,0.0,249.52154902799424,0.0,0.0
1011,36.33634859724734,5474.342798551354,0.0,249.52154902799424,0.0,0.0
1012,36.33634859724734,5474.342798551354,0.0,249.52154902799424,0.0,0.0
1013,36.33634859724734,5474.342798551354,0.0,249.52154902799424,0.0,0.0
1014,36.33634859724734,5474.342798551354,0.0,249.52154902799424,0.0,0.0
1015,36.33634859724734,5474.342798551354,0.0,249.52154902799424,0.0,0.0
1016,36.33634859724734,5474.342798551354,0.0,249.52154902799424,0.0,0.0
1017,36.33634859724734,5474.342798551354,0.0,249.52154902799424,0.0,0.0
1018,36.33634859724734,5474.342798551354,0.0,249.52154902799424,0.0,0.0
1019,36.33634859724734,5474.342798551354,0.0,249.52154902799424,0.0,0.0
1020,36.33634859724734,5474.342798551354,0.0,249.52154902799424,0.0,0.0
1021,36.33634859724734,5474.342798551354,0.0,249.52154902799424,0.0,0.0
1022,36.33634859724734,5474.342798551354,0.0,249.52154902799424,0.0,0.0
1023,36.33634859724734,5474.342798551354,0.0,249.52154902799424,0.0,0.0
1024,36.33634859724734,5474.342798551354,0.0,249.52154902799424,0.0,0.0
1025,36.33634859724734,5474.342798551354,0.0,249.52154902799424,0.0,0.0
1026,36.33634859724734,5474.342798551354,0.0,249.52154902799424,0.0,0.0
1027,36.33634859724734,5474.342798551354,0.0,249.52154902799424,0.0,0.0
1028,36.33634859724734,5474.342798551354,0.0,249.52154902799424,0.0,0.0
1029,36.33634859724734,5474.342798551354,0.0,249.52154902799424,0.0,0.0
1030,36.33634859724734,5474.342798551354,0.0,249.52154902799424,0.0,0.0
1031,36.33634859724734,5474.342798551354,0.0,249.52154902799424,0.0,0.0
1032,36.33634859724734,5474.342798551354,0.0,249.52154902799424,0.0,0.0
1033,36.33634859724734,5474.342798551354,0.0,249.52154902799424,0.0,0.0
1034,36.33634859724734,5474.342798551354,0.0,249.52154902799424,0.0,0.0
1035,36.33634859724734,5474.342798551354,0.0,249.52154902799424,0.0,0.0
1036,36.33634859724734,5474.342798551354,0.0,249.52154902799424,0.0,0.0
1037,36.33634859724734,5474.342798551354,0.0,249.52154902799424,0.0,0.0
1038,36.33634859724734,5474.342798551354,0.0,249.52154902799424,0.0,0.0
1039,36.33634859724734,5474.342798551354,0.0,249.52154902799424,0.0,0.0
1040,36.33634859724734,5474.342798551354,0.0,249.52154902799424,0.0,0.0
1041,36.33634859724734,5474.342798551354,0.0,249.52154902799424,0.0,0.0
1042,36.33634859724734,5474.342798551354,0.0,249.52154902799424,0.0,0.0
1043,36.33634859724734,5474.342798551354,0.0,249.52154902799424,0.0,0.0
1044,36.33634859724734,5474.342798551354,0.0,249.52154902799424,0.0,0.0
1045,36.33634859724734,5474.342798551354,0.0,249.52154902799424,0.0,0.0
1046,36.33634859724734,5474.342798551354,0.0,249.52154902799424,0.0,0.0
1047,36.33634859724734,5474.342798551354,0.0,249.52154902799424,0.0,0.0
1048,36.33634859724734,5474.342798551354,0.0,249.52154902799424,0.0,0.0
1049,36.33634859724734,5474.342798551354,0.0,249.52154902799424,0.0,0.0
1050,36.33634859724734,5474.342798551354,0.0,249.52154902799424,0.0,0.0
1051,36.33634859724734,5474.342798551354,0.0,249.52154902799424,0.0,0.0
1052,36.33634859724734,5474.342798551354,0.0,249.52154902799424,0.0,0.0
1053,36.33634859724734,5474.342798551354,0.0,249.52154902799424,0.0,0.0
1054,36.33634859724734,5474.342798551354,0.0,249.52154902799424,0.0,0.0
1055,36.33634859724734,5474.342798551354,0.0,249.52154902799424,0.0,0.0
1056,36.33634859724734,5474.342798551354,0.0,249.52154902799424,0.0,0.0
1057,36.33634859724734,5474.342798551354,0.0,249.52154902799424,0.0,0.0
1058,36.33634859724734,5474.342798551354,0.0,249.52154902799424,0.0,0.0
1059,36.33634859724734,5474.342798551354,0.0,249.52154902799424,0.0,0.0
1060,36.33634859724734,5474.342798551354,0.0,249.52154902799424,0.0,0.0
1061,36.33634859724734,5474.342798551354,0.0,249.52154902799424,0.0,0.0
1062,36.33634859724734,5474.342798551354,0.0,249.52154902799424,0.0,0.0
1063,36.33634859724734,5474.342798551354,0.0,249.52154902799424,0.0,0.0
1064,36.33634859724734,5474.342798551354,0.0,249.52154902799424,0.0,0.0
1065,36.33634859724734,5474.342798551354,0.0,249.52154902799424,0.0,0.0
1066,36.33634859724734,5474.342798551354,0.0,249.52154902799424,0.0,0.0
1067,36.33634859724734,5474.342798551354,0.0,249.52154902799424,0.0,0.0
1068,36.33634859724734,5474.342798551354,0.0,249.52154902799424,0.0,0.0
1069,36.33634859724734,5474.342798551354,0.0,249.52154902799424,0.0,0.0
1070,36.33634859724734,5474.342798551354,0.0,249.52154902799424,0.0,0.0
1071,36.33634859724734,5474.342798551354,0.0,249.52154902799424,0.0,0.0
1072,36.33634859724734,5474.342798551354,0.0,249.52154902799424,0.0,0.0
1073,36.33634859724734,5474.342798551354,0.0,249.52154902799424,0.0,0.0
1074,36.33634859724734,5474.342798551354,0.0,249.52154902799424,0.0,0.0
1075,36.33634859724734,5474.342798551354,0.0,249.52154902799424,0.0,0.0
1076,36.33634859724734,5474.342798551354,0.0,249.52154902799424,0.0,0.0
1077,36.33634859724734,5474.342798551354,0.0,249.52154902799424,0.0,0.0
1078,36.33634859724734,5474.342798551354,0.0,249.52154902799424,0.0,0.0
1079,36.33634859724734,5474.342798551354,0.0,249.52154902799424,0.0,0.0
1080,36.33634859724734,5474.342798551354,0.0,249.52154902799424,0.0,0.0
1081,36.33634859724734,5474.342798551354,0.0,249.52154902799424,0.0,0.0
1082,36.33634859724734,5474.342798551354,0.0,249.52154902799424,0.0,0.0
1083,36.33634859724734,5474.342798551354,0.0,249.52154902799424,0.0,0.0
1084,36.33634859724734,5474.342798551354,0.0,249.52154902799424,0.0,0.0
1085,36.33634859724734,5474.342798551354,0.0,249.52154902799424,0.0,0.0
1086,36.33634859724734,5474.342798551354,0.0,249.52154902799424,0.0,0.0
1087,36.33634859724734,5474.342798551354,0.0,249.52154902799424,0.0,0.0
1088,36.33634859724734,5474.342798551354,0.0,249.52154902799424,0.0,0.0
1089,36.33634859724734,5474.342798551354,0.0,249.52154902799424,0.0,0.0
1090,36.33634859724734,5474.342798551354,0.0,249.52154902799424,0.0,0.0
1091,36.33634859724734,5474.342798551354,0.0,249.52154902799424,0.0,0.0
1092,36.33634859724734,5474.342798551354,0.0,249.52154902799424,0.0,0.0
1093,36.33634859724734,5474.342798551354,0.0,249.52154902799424,0.0,0.0
1094,36.33634859724734,5474.342798551354,0.0,249.52154902799424,0.0,0.0
1095,36.33634859724734,5474.342798551354,0.0,249.52154902799424,0.0,0.0
1096,36.33634859724734,5474.342798551354,0.0,249.52154902799424,0.0,0.0
1097,36.33634859724734,5474.342798551354,0.0,249.52154902799424,0.0,0.0
1098,36.33634859724734,5474.342798551354,0.0,249.52154902799424,0.0,0.0
1099,36.33634859724734,5474.342798551354,0.0,249.52154902799424,0.0,0.0
1100,36.33634859724734,5474.342798551354,0.0,249.52154902799424,0.0,0.0
1101,36.33634859724734,5474.342798551354,0.0,249.52154902799424,0.0,0.0
1102,36.33634859724734,5474.342798551354,0.0,249.52154902799424,0.0,0.0
1103,36.33634859724734,5474.342798551354,0.0,249.52154902799424,0.0,0.0
1104,36.33634859724734,5474.342798551354,0.0,249.52154902799424,0.0,0.0
1105,36.33634859724734,5474.342798551354,0.0,249.52154902799424,0.0,0.0
1106,36.33634859724734,5474.342798551354,0.0,249.52154902799424,0.0,0.0
1107,36.33634859724734,5474.342798551354,0.0,249.52154902799424,0.0,0.0
1108,36.33634859724734,5474.342798551354,0.0,249.52154902799424,0.0,0.0
1109,36.33634859724734,5474.342798551354,0.0,249.52154902799424,0.0,0.0
1110,36.33634859724734,5474.342798551354,0.0,249.52154902799424,0.0,0.0
1111,36.33634859724734,5474.342798551354,0.0,249.52154902799424,0.0,0.0
1112,36.33634859724734,5474.342798551354,0.0,249.52154902799424,0.0,0.0
1113,36.33634859724734,5474.342798551354,0.0,249.52154902799424,0.0,0.0
1114,36.33634859724734,5474.342798551354,0.0,249.52154902799424,0.0,0.0
1115,36.33634859724734,5474.342798551354,0.0,249.52154902799424,0.0,0.0
1116,36.33634859724734,5474.342798551354,0.0,249.52154902799424,0.0,0.0
1117,36.33634859724734,5474.342798551354,0.0,249.52154902799424,0.0,0.0
1118,36.33634859724734,5474.342798551354,0.0,249.52154902799424,0.0,0.0
1119,36.33634859724734,5474.342798551354,0.0,249.52154902799424,0.0,0.0
1120,36.33634859724734,5474.342798551354,0.0,249.52154902799424,0.0,0.0
1121,36.33634859724734,5474.342798551354,0.0,249.52154902799424,0.0,0.0
1122,36.33634859724734,5474.342798551354,0.0,249.52154902799424,0.0,0.0
1123,36.33634859724734,5474.342798551354,0.0,249.52154902799424,0.0,0.0
1124,36.33634859724734,5474.342798551354,0.0,249.52154902799424,0.0,0.0
1125,36.33634859724734,5474.342798551354,0.0,249.52154902799424,0.0,0.0
1126,36.33634859724734,5474.342798551354,0.0,249.52154902799424,0.0,0.0
1127,36.33634859724734,5474.342798551354,0.0,249.52154902799424,0.0,0.0
1128,36.33634859724734,5474.342798551354,0.0,249.52154902799424,0.0,0.0
1129,36.33634859724734,5474.342798551354,0.0,249.52154902799424,0.0,0.0
1130,36.33634859724734,5474.342798551354,0.0,249.52154902799424,0.0,0.0
1131,36.33634859724734,5474.342798551354,0.0,249.52154902799424,0.0,0.0
1132,36.33634859724734,5474.342798551354,0.0,249.52154902799424,0.0,0.0
1133,36.33634859724734,5474.342798551354,0.0,249.52154902799424,0.0,0.0
1134,36.33634859724734,5474.342798551354,0.0,249.52154902799424,0.0,0.0
1135,36.33634859724734,5474.342798551354,0.0,249.52154902799424,0.0,0.0
1136,36.33634859724734,5474.342798551354,0.0,249.52154902799424,0.0,0.0
1137,36.33634859724734,5474.342798551354,0.0,249.52154902799424,0.0,0.0
1138,36.33634859724734,5474.342798551354,0.0,249.52154902799424,0.0,0.0
1139,36.33634859724734,5474.342798551354,0.0,249.52154902799424,0.0,0.0
1140,36.33634859724734,5474.342798551354,0.0,249.52154902799424,0.0,0.0
1141,36.33634859724734,5474.342798551354,0.0,249.52154902799424,0.0,0.0
1142,36.33634859724734,5474.342798551354,0.0,249.52154902799424,0.0,0.0
1143,36.33634859724734,5474.342798551354,0.0,249.52154902799424,0.0,0.0
1144,36.33634859724734,5474.342798551354,0.0,249.52154902799424,0.0,0.0
1145,36.33634859724734,5474.342798551354,0.0,249.52154902799424,0.0,0.0
1146,36.33634859724734,5474.342798551354,0.0,249.52154902799424,0.0,0.0
1147,36.33634859724734,5474.342798551354,0.0,249.52154902799424,0.0,0.0
1148,36.33634859724734,5474.342798551354,0.0,249.52154902799424,0.0,0.0
1149,36.33634859724734,5474.342798551354,0.0,249.52154902799424,0.0,0.0
1150,36.33634859724734,5474.342798551354,0.0,249.52154902799424,0.0,0.0
1151,36.33634859724734,5474.342798551354,0.0,249.52154902799424,0.0,0.0
1152,36.33634859724734,5474.342798551354,0.0,249.52154902799424,0.0,0.0
1153,36.33634859724734,5474.342798551354,0.0,249.52154902799424,0.0,0.0
1154,36.33634859724734,5474.342798551354,0.0,249.52154902799424,0.0,0.0
1155,36.33634859724734,5474.342798551354,0.0,249.52154902799424,0.0,0.0
1156,36.33634859724734,5474.342798551354,0.0,249.52154902799424,0.0,0.0
1157,36.33634859724734,5474.342798551354,0.0,249.52154902799424,0.0,0.0
1158,36.33634859724734,5474.342798551354,0.0,249.52154902799424,0.0,0.0
1159,36.33634859724734,5474.342798551354,0.0,249.52154902799424,0.0,0.0
1160,36.33634859724734,5474.342798551354,0.0,249.52154902799424,0.0,0.0
1161,36.33634859724734,5474.342798551354,0.0,249.52154902799424,0.0,0.0
1162,36.33634859724734,5474.342798551354,0.0,249.52154902799424,0.0,0.0
1163,36.33634859724734,5474.342798551354,0.0,249.52154902799424,0.0,0.0
1164,36.33634859724734,5474.342798551354,0.0,249.52154902799424,0.0,0.0
1165,36.33634859724734,5474.342798551354,0.0,249.52154902799424,0.0,0.0
1166,36.33634859724734,5474.342798551354,0.0,249.52154902799424,0.0,0.0
1167,36.33634859724734,5474.342798551354,0.0,249.52154902799424,0.0,0.0
1168,36.33634859724734,5474.342798551354,0.0,249.52154902799424,0.0,0.0
1169,36.33634859724734,5474.342798551354,0.0,249.52154902799424,0.0,0.0
1170,36.33634859724734,5474.342798551354,0.0,249.52154902799424,0.0,0.0
1171,36.33634859724734,5474.342798551354,0.0,249.52154902799424,0.0,0.0
1172,36.33634859724734,5474.342798551354,0.0,249.52154902799424,0.0,0.0
1173,36.33634859724734,5474.342798551354,0.0,249.52154902799424,0.0,0.0
1174,36.33634859724734,5474.342798551354,0.0,249.52154902799424,0.0,0.0
1175,36.33634859724734,5474.342798551354,0.0,249.52154902799424,0.0,0.0
1176,31.07695754892647,4606.721096554338,0.0,283.0461195328876,0.0,0.0
1177,31.07695754892647,4606.721096554338,0.0,283.0461195328876,0.0,0.0
1178,31.07695754892647,4606.721096554338,0.0,283.0461195328876,0.0,0.0
1179,31.07695754892647,4606.721096554338,0.0,283.0461195328876,0.0,0.0
1180,31.07695754892647,4606.721096554338,0.0,283.0461195328876,0.0,0.0
1181,31.07695754892647,4606.721096554338,0.0,283.0461195328876,0.0,0.0
1182,31.07695754892647,4606.721096554338,0.0,283.0461195328876,0.0,0.0
1183,31.07695754892647,4606.721096554338,0.0,283.0461195328876,0.0,0.0
1184,31.07695754892647,4606.721096554338,0.0,283.0461195328876,0.0,0.0
1185,31.07695754892647,4606.721096554338,0.0,283.0461195328876,0.0,0.0
1186,31.07695754892647,4606.721096554338,0.0,283.0461195328876,0.0,0.0
1187,31.07695754892647,4606.721096554338,0.0,283.0461195328876,0.0,0.0
1188,31.07695754892647,4606.721096554338,0.0,283.0461195328876,0.0,0.0
1189,31.07695754892647,4606.721096554338,0.0,283.0461195328876,0.0,0.0
1190,31.07695754892647,4606.721096554338,0.0,283.0461195328876,0.0,0.0
1191,31.07695754892647,4606.721096554338,0.0,283.0461195328876,0.0,0.0
1192,31.07695754892647,4606.721096554338,0.0,283.0461195328876,0.0,0.0
1193,31.07695754892647,4606.721096554338,0.0,283.0461195328876,0.0,0.0
1194,31.07695754892647,4606.721096554338,0.0,283.0461195328876,0.0,0.0
1195,31.07695754892647,4606.721096554338,0.0,283.0461195328876,0.0,0.0
1196,31.07695754892647,4606.721096554338,0.0,283.0461195328876,0.0,0.0
1197,31.07695754892647,4606.721096554338,0.0,283.0461195328876,0.0,0.0
1198,31.07695754892647,4606.721096554338,0.0,283.0461195328876,0.0,0.0
1199,31.07695754892647,4606.721096554338,0.0,283.0461195328876,0.0,0.0
1200,31.07695754892647,4606.721096554338,0.0,283.0461195328876,0.0,0.0
1201,31.07695754892647,4606.721096554338,0.0,283.0461195328876,0.0,0.0
1202,31.07695754892647,4606.721096554338,0.0,283.0461195328876,0.0,0.0
1203,31.07695754892647,4606.721096554338,0.0,283.0461195328876,0.0,0.0
1204,31.07695754892647,4606.721096554338,0.0,283.0461195328876,0.0,0.0
1205,31.07695754892647,4606.721096554338,0.0,283.0461195328876,0.0,0.0
1206,31.07695754892647,4606.721096554338,0.0,283.0461195328876,0.0,0.0
1207,31.07695754892647,4606.721096554338,0.0,283.0461195328876,0.0,0.0
1208,31.07695754892647,4606.721096554338,0.0,283.0461195328876,0.0,0.0
1209,31.07695754892647,4606.721096554338,0.0,283.0461195328876,0.0,0.0
1210,31.07695754892647,4606.721096554338,0.0,283.0461195328876,0.0,0.0
1211,31.07695754892647,4606.721096554338,0.0,283.0461195328876,0.0,0.0
1212,31.07695754892647,4606.721096554338,0.0,283.0461195328876,0.0,0.0
1213,31.07695754892647,4606.721096554338,0.0,283.0461195328876,0.0,0.0
1214,31.07695754892647,4606.721096554338,0.0,283.0461195328876,0.0,0.0
1215,31.07695754892647,4606.721096554338,0.0,283.0461195328876,0.0,0.0
1216,31.07695754892647,4606.721096554338,0.0,283.0461195328876,0.0,0.0
1217,31.07695754892647,4606.721096554338,0.0,283.0461195328876,0.0,0.0
1218,31.07695754892647,4606.721096554338,0.0,283.0461195328876,0.0,0.0
1219,31.07695754892647,4606.721096554338,0.0,283.0461195328876,0.0,0.0
1220,31.07695754892647,4606.721096554338,0.0,283.0461195328876,0.0,0.0
1221,31.07695754892647,4606.721096554338,0.0,283.0461195328876,0.0,0.0
1222,31.07695754892647,4606.721096554338,0.0,283.0461195328876,0.0,0.0
1223,31.07695754892647,4606.721096554338,0.0,283.0461195328876,0.0,0.0
1224,31.07695754892647,4606.721096554338,0.0,283.0461195328876,0.0,0.0
1225,31.07695754892647,4606.721096554338,0.0,283.0461195328876,0.0,0.0
1226,31.07695754892647,4606.721096554338,0.0,283.0461195328876,0.0,0.0
1227,31.07695754892647,4606.721096554338,0.0,283.0461195328876,0.0,0.0
1228,31.07695754892647,4606.721096554338,0.0,283.0461195328876,0.0,0.0
1229,31.07695754892647,4606.721096554338,0.0,283.0461195328876,0.0,0.0
1230,31.07695754892647,4606.721096554338,0.0,283.0461195328876,0.0,0.0
1231,31.07695754892647,4606.721096554338,0.0,283.0461195328876,0.0,0.0
1232,31.07695754892647,4606.721096554338,0.0,283.0461195328876,0.0,0.0
1233,31.07695754892647,4606.721096554338,0.0,283.0461195328876,0.0,0.0
1234,31.07695754892647,4606.721096554338,0.0,283.0461195328876,0.0,0.0
1235,31.07695754892647,4606.721096554338,0.0,283.0461195328876,0.0,0.0
1236,31.07695754892647,4606.721096554338,0.0,283.0461195328876,0.0,0.0
1237,31.07695754892647,4606.721096554338,0.0,283.0461195328876,0.0,0.0
1238,31.07695754892647,4606.721096554338,0.0,283.0461195328876,0.0,0.0
1239,31.07695754892647,4606.721096554338,0.0,283.0461195328876,0.0,0.0
1240,31.07695754892647,4606.721096554338,0.0,283.0461195328876,0.0,0.0
1241,31.07695754892647,4606.721096554338,0.0,283.0461195328876,0.0,0.0
1242,31.07695754892647,4606.721096554338,0.0,283.0461195328876,0.0,0.0
1243,31.07695754892647,4606.721096554338,0.0,283.0461195328876,0.0,0.0
1244,31.07695754892647,4606.721096554338,0.0,283.0461195328876,0.0,0.0
1245,31.07695754892647,4606.721096554338,0.0,283.0461195328876,0.0,0.0
1246,31.07695754892647,4606.721096554338,0.0,283.0461195328876,0.0,0.0
1247,31.07695754892647,4606.721096554338,0.0,283.0461195328876,0.0,0.0
1248,31.07695754892647,4606.721096554338,0.0,283.0461195328876,0.0,0.0
1249,31.07695754892647,4606.721096554338,0.0,283.0461195328876,0.0,0.0
1250,31.07695754892647,4606.721096554338,0.0,283.0461195328876,0.0,0.0
1251,31.07695754892647,4606.721096554338,0.0,283.0461195328876,0.0,0.0
1252,31.07695754892647,4606.721096554338,0.0,283.0461195328876,0.0,0.0
1253,31.07695754892647,4606.721096554338,0.0,283.0461195328876,0.0,0.0
1254,31.07695754892647,4606.721096554338,0.0,283.0461195328876,0.0,0.0
1255,31.07695754892647,4606.721096554338,0.0,283.0461195328876,0.0,0.0
1256,31.07695754892647,4606.721096554338,0.0,283.0461195328876,0.0,0.0
1257,31.07695754892647,4606.721096554338,0.0,283.0461195328876,0.0,0.0
1258,31.07695754892647,4606.721096554338,0.0,283.0461195328876,0.0,0.0
1259,31.07695754892647,4606.721096554338,0.0,283.0461195328876,0.0,0.0
1260,31.07695754892647,4606.721096554338,0.0,283.0461195328876,0.0,0.0
1261,31.07695754892647,4606.721096554338,0.0,283.0461195328876,0.0,0.0
1262,31.07695754892647,4606.721096554338,0.0,283.0461195328876,0.0,0.0
1263,31.07695754892647,4606.721096554338,0.0,283.0461195328876,0.0,0.0
1264,31.07695754892647,4606.721096554338,0.0,283.0461195328876,0.0,0.0
1265,31.07695754892647,4606.721096554338,0.0,283.0461195328876,0.0,0.0
1266,31.07695754892647,4606.721096554338,0.0,283.0461195328876,0.0,0.0
1267,31.07695754892647,4606.721096554338,0.0,283.0461195328876,0.0,0.0
1268,31.07695754892647,4606.721096554338,0.0,283.0461195328876,0.0,0.0
1269,31.07695754892647,4606.721096554338,0.0,283.0461195328876,0.0,0.0
1270,31.07695754892647,4606.721096554338,0.0,283.0461195328876,0.0,0.0
1271,31.07695754892647,4606.721096554338,0.0,283.0461195328876,0.0,0.0
1272,31.07695754892647,4606.721096554338,0.0,283.0461195328876,0.0,0.0
1273,31.07695754892647,4606.721096554338,0.0,283.0461195328876,0.0,0.0
1274,31.07695754892647,4606.721096554338,0.0,283.0461195328876,0.0,0.0
1275,31.07695754892647,4606.721096554338,0.0,283.0461195328876,0.0,0.0
1276,31.07695754892647,4606.721096554338,0.0,283.0461195328876,0.0,0.0
1277,31.07695754892647,4606.721096554338,0.0,283.0461195328876,0.0,0.0
1278,31.07695754892647,4606.721096554338,0.0,283.0461195328876,0.0,0.0
1279,31.07695754892647,4606.721096554338,0.0,283.0461195328876,0.0,0.0
1280,31.07695754892647,4606.721096554338,0.0,283.0461195328876,0.0,0.0
1281,31.07695754892647,4606.721096554338,0.0,283.0461195328876,0.0,0.0
1282,31.07695754892647,4606.721096554338,0.0,283.0461195328876,0.0,0.0
1283,31.07695754892647,4606.721096554338,0.0,283.0461195328876,0.0,0.0
1284,31.07695754892647,4606.721096554338,0.0,283.0461195328876,0.0,0.0
1285,31.07695754892647,4606.721096554338,0.0,283.0461195328876,0.0,0.0
1286,31.07695754892647,4606.721096554338,0.0,283.0461195328876,0.0,0.0
1287,31.07695754892647,4606.721096554338,0.0,283.0461195328876,0.0,0.0
1288,31.07695754892647,4606.721096554338,0.0,283.0461195328876,0.0,0.0
1289,31.07695754892647,4606.721096554338,0.0,283.0461195328876,0.0,0.0
1290,31.07695754892647,4606.721096554338,0.0,283.0461195328876,0.0,0.0
1291,31.07695754892647,4606.721096554338,0.0,283.0461195328876,0.0,0.0
1292,31.07695754892647,4606.721096554338,0.0,283.0461195328876,0.0,0.0
1293,31.07695754892647,4606.721096554338,0.0,283.0461195328876,0.0,0.0
1294,31.07695754892647,4606.721096554338,0.0,283.0461195328876,0.0,0.0
1295,31.07695754892647,4606.721096554338,0.0,283.0461195328876,0.0,0.0
1296,31.07695754892647,4606.721096554338,0.0,283.0461195328876,0.0,0.0
1297,31.07695754892647,4606.721096554338,0.0,283.0461195328876,0.0,0.0
1298,31.07695754892647,4606.721096554338,0.0,283.0461195328876,0.0,0.0
1299,31.07695754892647,4606.721096554338,0.0,283.0461195328876,0.0,0.0
1300,31.07695754892647,4606.721096554338,0.0,283.0461195328876,0.0,0.0
1301,31.07695754892647,4606.721096554338,0.0,283.0461195328876,0.0,0.0
1302,31.07695754892647,4606.721096554338,0.0,283.0461195328876,0.0,0.0
1303,31.07695754892647,4606.721096554338,0.0,283.0461195328876,0.0,0.0
1304,31.07695754892647,4606.721096554338,0.0,283.0461195328876,0.0,0.0
1305,31.07695754892647,4606.721096554338,0.0,283.0461195328876,0.0,0.0
1306,31.07695754892647,4606.721096554338,0.0,283.0461195328876,0.0,0.0
1307,31.07695754892647,4606.721096554338,0.0,283.0461195328876,0.0,0.0
1308,31.07695754892647,4606.721096554338,0.0,283.0461195328876,0.0,0.0
1309,31.07695754892647,4606.721096554338,0.0,283.0461195328876,0.0,0.0
1310,31.07695754892647,4606.721096554338,0.0,283.0461195328876,0.0,0.0
1311,31.07695754892647,4606.721096554338,0.0,283.0461195328876,0.0,0.0
1312,31.07695754892647,4606.721096554338,0.0,283.0461195328876,0.0,0.0
1313,31.07695754892647,4606.721096554338,0.0,283.0461195328876,0.0,0.0
1314,31.07695754892647,4606.721096554338,0.0,283.0461195328876,0.0,0.0
1315,31.07695754892647,4606.721096554338,0.0,283.0461195328876,0.0,0.0
1316,31.07695754892647,4606.721096554338,0.0,283.0461195328876,0.0,0.0
1317,31.07695754892647,4606.721096554338,0.0,283.0461195328876,0.0,0.0
1318,31.07695754892647,4606.721096554338,0.0,283.0461195328876,0.0,0.0
1319,31.07695754892647,4606.721096554338,0.0,283.0461195328876,0.0,0.0
1320,31.07695754892647,4606.721096554338,0.0,283.0461195328876,0.0,0.0
1321,31.07695754892647,4606.721096554338,0.0,283.0461195328876,0.0,0.0
1322,31.07695754892647,4606.721096554338,0.0,283.0461195328876,0.0,0.0
1323,31.07695754892647,4606.721096554338,0.0,283.0461195328876,0.0,0.0
1324,31.07695754892647,4606.721096554338,0.0,283.0461195328876,0.0,0.0
1325,31.07695754892647,4606.721096554338,0.0,283.0461195328876,0.0,0.0
1326,31.07695754892647,4606.721096554338,0.0,283.0461195328876,0.0,0.0
1327,31.07695754892647,4606.721096554338,0.0,283.0461195328876,0.0,0.0
1328,31.07695754892647,4606.721096554338,0.0,283.0461195328876,0.0,0.0
1329,31.07695754892647,4606.721096554338,0.0,283.0461195328876,0.0,0.0
1330,31.07695754892647,4606.721096554338,0.0,283.0461195328876,0.0,0.0
1331,31.07695754892647,4606.721096554338,0.0,283.0461195328876,0.0,0.0
1332,31.07695754892647,4606.721096554338,0.0,283.0461195328876,0.0,0.0
1333,31.07695754892647,4606.721096554338,0.0,283.0461195328876,0.0,0.0
1334,31.07695754892647,4606.721096554338,0.0,283.0461195328876,0.0,0.0
1335,31.07695754892647,4606.721096554338,0.0,283.0461195328876,0.0,0.0
1336,31.07695754892647,4606.721096554338,0.0,283.0461195328876,0.0,0.0
1337,31.07695754892647,4606.721096554338,0.0,283.0461195328876,0.0,0.0
1338,31.07695754892647,4606.721096554338,0.0,283.0461195328876,0.0,0.0
1339,31.07695754892647,4606.721096554338,0.0,283.0461195328876,0.0,0.0
1340,31.07695754892647,4606.721096554338,0.0,283.0461195328876,0.0,0.0
1341,31.07695754892647,4606.721096554338,0.0,283.0461195328876,0.0,0.0
1342,31.07695754892647,4606.721096554338,0.0,283.0461195328876,0.0,0.0
1343,31.07695754892647,4606.721096554338,0.0,283.0461195328876,0.0,0.0
1344,36.427457663990104,3962.22455780791,0.0,230.15266030527653,0.0,0.0
1345,36.427457663990104,3962.22455780791,0.0,230.15266030527653,0.0,0.0
1346,36.427457663990104,3962.22455780791,0.0,230.15266030527653,0.0,0.0
1347,36.427457663990104,3962.22455780791,0.0,230.15266030527653,0.0,0.0
1348,36.427457663990104,3962.22455780791,0.0,230.15266030527653,0.0,0.0
1349,36.427457663990104,3962.22455780791,0.0,230.15266030527653,0.0,0.0
1350,36.427457663990104,3962.22455780791,0.0,230.15266030527653,0.0,0.0
1351,36.427457663990104,3962.22455780791,0.0,230.15266030527653,0.0,0.0
1352,36.427457663990104,3962.22455780791,0.0,230.15266030527653,0.0,0.0
1353,36.427457663990104,3962.22455780791,0.0,230.15266030527653,0.0,0.0
1354,36.427457663990104,3962.22455780791,0.0,230.15266030527653,0.0,0.0
1355,36.427457663990104,3962.22455780791,0.0,230.15266030527653,0.0,0.0
1356,36.427457663990104,3962.22455780791,0.0,230.15266030527653,0.0,0.0
1357,36.427457663990104,3962.22455780791,0.0,230.15266030527653,0.0,0.0
1358,36.427457663990104,3962.22455780791,0.0,230.15266030527653,0.0,0.0
1359,36.427457663990104,3962.22455780791,0.0,230.15266030527653,0.0,0.0
1360,36.427457663990104,3962.22455780791,0.0,230.15266030527653,0.0,0.0
1361,36.427457663990104,3962.22455780791,0.0,230.15266030527653,0.0,0.0
1362,36.427457663990104,3962.22455780791,0.0,230.15266030527653,0.0,0.0
1363,36.427457663990104,3962.22455780791,0.0,230.15266030527653,0.0,0.0
1364,36.427457663990104,3962.22455780791,0.0,230.15266030527653,0.0,0.0
1365,36.427457663990104,3962.22455780791,0.0,230.15266030527653,0.0,0.0
1366,36.427457663990104,3962.22455780791,0.0,230.15266030527653,0.0,0.0
1367,36.427457663990104,3962.22455780791,0.0,230.15266030527653,0.0,0.0
1368,36.427457663990104,3962.22455780791,0.0,230.15266030527653,0.0,0.0
1369,36.427457663990104,3962.22455780791,0.0,230.15266030527653,0.0,0.0
1370,36.427457663990104,3962.22455780791,0.0,230.15266030527653,0.0,0.0
1371,36.427457663990104,3962.22455780791,0.0,230.15266030527653,0.0,0.0
1372,36.427457663990104,3962.22455780791,0.0,230.15266030527653,0.0,0.0
1373,36.427457663990104,3962.22455780791,0.0,230.15266030527653,0.0,0.0
1374,36.427457663990104,3962.22455780791,0.0,230.15266030527653,0.0,0.0
1375,36.427457663990104,3962.22455780791,0.0,230.15266030527653,0.0,0.0
1376,36.427457663990104,3962.22455780791,0.0,230.15266030527653,0.0,0.0
1377,36.427457663990104,3962.22455780791,0.0,230.15266030527653,0.0,0.0
1378,36.427457663990104,3962.22455780791,0.0,230.15266030527653,0.0,0.0
1379,36.427457663990104,3962.22455780791,0.0,230.15266030527653,0.0,0.0
1380,36.427457663990104,3962.22455780791,0.0,230.15266030527653,0.0,0.0
1381,36.427457663990104,3962.22455780791,0.0,230.15266030527653,0.0,0.0
1382,36.427457663990104,3962.22455780791,0.0,230.15266030527653,0.0,0.0
1383,36.427457663990104,3962.22455780791,0.0,230.15266030527653,0.0,0.0
1384,36.427457663990104,3962.22455780791,0.0,230.15266030527653,0.0,0.0
1385,36.427457663990104,3962.22455780791,0.0,230.15266030527653,0.0,0.0
1386,36.427457663990104,3962.22455780791,0.0,230.15266030527653,0.0,0.0
1387,36.427457663990104,3962.22455780791,0.0,230.15266030527653,0.0,0.0
1388,36.427457663990104,3962.22455780791,0.0,230.15266030527653,0.0,0.0
1389,36.427457663990104,3962.22455780791,0.0,230.15266030527653,0.0,0.0
1390,36.427457663990104,3962.22455780791,0.0,230.15266030527653,0.0,0.0
1391,36.427457663990104,3962.22455780791,0.0,230.15266030527653,0.0,0.0
1392,36.427457663990104,3962.22455780791,0.0,230.15266030527653,0.0,0.0
1393,36.427457663990104,3962.22455780791,0.0,230.15266030527653,0.0,0.0
1394,36.427457663990104,3962.22455780791,0.0,230.15266030527653,0.0,0.0
1395,36.427457663990104,3962.22455780791,0.0,230.15266030527653,0.0,0.0
1396,36.427457663990104,3962.22455780791,0.0,230.15266030527653,0.0,0.0
1397,36.427457663990104,3962.22455780791,0.0,230.15266030527653,0.0,0.0
1398,36.427457663990104,3962.22455780791,0.0,230.15266030527653,0.0,0.0
1399,36.427457663990104,3962.22455780791,0.0,230.15266030527653,0.0,0.0
1400,36.427457663990104,3962.22455780791,0.0,230.15266030527653,0.0,0.0
1401,36.427457663990104,3962.22455780791,0.0,230.15266030527653,0.0,0.0
1402,36.427457663990104,3962.22455780791,0.0,230.15266030527653,0.0,0.0
1403,36.427457663990104,3962.22455780791,0.0,230.15266030527653,0.0,0.0
1404,36.427457663990104,3962.22455780791,0.0,230.15266030527653,0.0,0.0
1405,36.427457663990104,3962.22455780791,0.0,230.15266030527653,0.0,0.0
1406,36.427457663990104,3962.22455780791,0.0,230.15266030527653,0.0,0.0
1407,36.427457663990104,3962.22455780791,0.0,230.15266030527653,0.0,0.0
1408,36.427457663990104,3962.22455780791,0.0,230.15266030527653,0.0,0.0
1409,36.427457663990104,3962.22455780791,0.0,230.15266030527653,0.0,0.0
1410,36.427457663990104,3962.22455780791,0.0,230.15266030527653,0.0,0.0
1411,36.427457663990104,3962.22455780791,0.0,230.15266030527653,0.0,0.0
1412,36.427457663990104,3962.22455780791,0.0,230.15266030527653,0.0,0.0
1413,36.427457663990104,3962.22455780791,0.0,230.15266030527653,0.0,0.0
1414,36.427457663990104,3962.22455780791,0.0,230.15266030527653,0.0,0.0
1415,36.427457663990104,3962.22455780791,0.0,230.15266030527653,0.0,0.0
1416,36.427457663990104,3962.22455780791,0.0,230.15266030527653,0.0,0.0
1417,36.427457663990104,3962.22455780791,0.0,230.15266030527653,0.0,0.0
1418,36.427457663990104,3962.22455780791,0.0,230.15266030527653,0.0,0.0
1419,36.427457663990104,3962.22455780791,0.0,230.15266030527653,0.0,0.0
1420,36.427457663990104,3962.22455780791,0.0,230.15266030527653,0.0,0.0
1421,36.427457663990104,3962.22455780791,0.0,230.15266030527653,0.0,0.0
1422,36.427457663990104,3962.22455780791,0.0,230.15266030527653,0.0,0.0
1423,36.427457663990104,3962.22455780791,0.0,230.15266030527653,0.0,0.0
1424,36.427457663990104,3962.22455780791,0.0,230.15266030527653,0.0,0.0
1425,36.427457663990104,3962.22455780791,0.0,230.15266030527653,0.0,0.0
1426,36.427457663990104,3962.22455780791,0.0,230.15266030527653,0.0,0.0
1427,36.427457663990104,3962.22455780791,0.0,230.15266030527653,0.0,0.0
1428,36.427457663990104,3962.22455780791,0.0,230.15266030527653,0.0,0.0
1429,36.427457663990104,3962.22455780791,0.0,230.15266030527653,0.0,0.0
1430,36.427457663990104,3962.22455780791,0.0,230.15266030527653,0.0,0.0
1431,36.427457663990104,3962.22455780791,0.0,230.15266030527653,0.0,0.0
1432,36.427457663990104,3962.22455780791,0.0,230.15266030527653,0.0,0.0
1433,36.427457663990104,3962.22455780791,0.0,230.15266030527653,0.0,0.0
1434,36.427457663990104,3962.22455780791,0.0,230.15266030527653,0.0,0.0
1435,36.427457663990104,3962.22455780791,0.0,230.15266030527653,0.0,0.0
1436,36.427457663990104,3962.22455780791,0.0,230.15266030527653,0.0,0.0
1437,36.427457663990104,3962.22455780791,0.0,230.15266030527653,0.0,0.0
1438,36.427457663990104,3962.22455780791,0.0,230.15266030527653,0.0,0.0
1439,36.427457663990104,3962.22455780791,0.0,230.15266030527653,0.0,0.0
1440,36.427457663990104,3962.22455780791,0.0,230.15266030527653,0.0,0.0
1441,36.427457663990104,3962.22455780791,0.0,230.15266030527653,0.0,0.0
1442,36.427457663990104,3962.22455780791,0.0,230.15266030527653,0.0,0.0
1443,36.427457663990104,3962.22455780791,0.0,230.15266030527653,0.0,0.0
1444,36.427457663990104,3962.22455780791,0.0,230.15266030527653,0.0,0.0
1445,36.427457663990104,3962.22455780791,0.0,230.15266030527653,0.0,0.0
1446,36.427457663990104,3962.22455780791,0.0,230.15266030527653,0.0,0.0
1447,36.427457663990104,3962.22455780791,0.0,230.15266030527653,0.0,0.0
1448,36.427457663990104,3962.22455780791,0.0,230.15266030527653,0.0,0.0
1449,36.427457663990104,3962.22455780791,0.0,230.15266030527653,0.0,0.0
1450,36.427457663990104,3962.22455780791,0.0,230.15266030527653,0.0,0.0
1451,36.427457663990104,3962.22455780791,0.0,230.15266030527653,0.0,0.0
1452,36.427457663990104,3962.22455780791,0.0,230.15266030527653,0.0,0.0
1453,36.427457663990104,3962.22455780791,0.0,230.15266030527653,0.0,0.0
1454,36.427457663990104,3962.22455780791,0.0,230.15266030527653,0.0,0.0
1455,36.427457663990104,3962.22455780791,0.0,230.15266030527653,0.0,0.0
1456,36.427457663990104,3962.22455780791,0.0,230.15266030527653,0.0,0.0
1457,36.427457663990104,3962.22455780791,0.0,230.15266030527653,0.0,0.0
1458,36.427457663990104,3962.22455780791,0.0,230.15266030527653,0.0,0.0
1459,36.427457663990104,3962.22455780791,0.0,230.15266030527653,0.0,0.0
1460,36.427457663990104,3962.22455780791,0.0,230.15266030527653,0.0,0.0
1461,36.427457663990104,3962.22455780791,0.0,230.15266030527653,0.0,0.0
1462,36.427457663990104,3962.22455780791,0.0,230.15266030527653,0.0,0.0
1463,36.427457663990104,3962.22455780791,0.0,230.15266030527653,0.0,0.0
1464,36.427457663990104,3962.22455780791,0.0,230.15266030527653,0.0,0.0
1465,36.427457663990104,3962.22455780791,0.0,230.15266030527653,0.0,0.0
1466,36.427457663990104,3962.22455780791,0.0,230.15266030527653,0.0,0.0
1467,36.427457663990104,3962.22455780791,0.0,230.15266030527653,0.0,0.0
1468,36.427457663990104,3962.22455780791,0.0,230.15266030527653,0.0,0.0
1469,36.427457663990104,3962.22455780791,0.0,230.15266030527653,0.0,0.0
1470,36.427457663990104,3962.22455780791,0.0,230.15266030527653,0.0,0.0
1471,36.427457663990104,3962.22455780791,0.0,230.15266030527653,0.0,0.0
1472,36.427457663990104,3962.22455780791,0.0,230.15266030527653,0.0,0.0
1473,36.427457663990104,3962.22455780791,0.0,230.15266030527653,0.0,0.0
1474,36.427457663990104,3962.22455780791,0.0,230.15266030527653,0.0,0.0
1475,36.427457663990104,3962.22455780791,0.0,230.15266030527653,0.0,0.0
1476,36.427457663990104,3962.22455780791,0.0,230.15266030527653,0.0,0.0
1477,36.427457663990104,3962.22455780791,0.0,230.15266030527653,0.0,0.0
1478,36.427457663990104,3962.22455780791,0.0,230.15266030527653,0.0,0.0
1479,36.427457663990104,3962.22455780791,0.0,230.15266030527653,0.0,0.0
1480,36.427457663990104,3962.22455780791,0.0,230.15266030527653,0.0,0.0
1481,36.427457663990104,3962.22455780791,0.0,230.15266030527653,0.0,0.0
1482,36.427457663990104,3962.22455780791,0.0,230.15266030527653,0.0,0.0
1483,36.427457663990104,3962.22455780791,0.0,230.15266030527653,0.0,0.0
1484,36.427457663990104,3962.22455780791,0.0,230.15266030527653,0.0,0.0
1485,36.427457663990104,3962.22455780791,0.0,230.15266030527653,0.0,0.0
1486,36.427457663990104,3962.22455780791,0.0,230.15266030527653,0.0,0.0
1487,36.427457663990104,3962.22455780791,0.0,230.15266030527653,0.0,0.0
1488,36.427457663990104,3962.22455780791,0.0,230.15266030527653,0.0,0.0
1489,36.427457663990104,3962.22455780791,0.0,230.15266030527653,0.0,0.0
1490,36.427457663990104,3962.22455780791,0.0,230.15266030527653,0.0,0.0
1491,36.427457663990104,3962.22455780791,0.0,230.15266030527653,0.0,0.0
1492,36.427457663990104,3962.22455780791,0.0,230.15266030527653,0.0,0.0
1493,36.427457663990104,3962.22455780791,0.0,230.15266030527653,0.0,0.0
1494,36.427457663990104,3962.22455780791,0.0,230.15266030527653,0.0,0.0
1495,36.427457663990104,3962.22455780791,0.0,230.15266030527653,0.0,0.0
1496,36.427457663990104,3962.22455780791,0.0,230.15266030527653,0.0,0.0
1497,36.427457663990104,3962.22455780791,0.0,230.15266030527653,0.0,0.0
1498,36.427457663990104,3962.22455780791,0.0,230.15266030527653,0.0,0.0
1499,36.427457663990104,3962.22455780791,0.0,230.15266030527653,0.0,0.0
1500,36.427457663990104,3962.22455780791,0.0,230.15266030527653,0.0,0.0
1501,36.427457663990104,3962.22455780791,0.0,230.15266030527653,0.0,0.0
1502,36.427457663990104,3962.22455780791,0.0,230.15266030527653,0.0,0.0
1503,36.427457663990104,3962.22455780791,0.0,230.15266030527653,0.0,0.0
1504,36.427457663990104,3962.22455780791,0.0,230.15266030527653,0.0,0.0
1505,36.427457663990104,3962.22455780791,0.0,230.15266030527653,0.0,0.0
1506,36.427457663990104,3962.22455780791,0.0,230.15266030527653,0.0,0.0
1507,36.427457663990104,3962.22455780791,0.0,230.15266030527653,0.0,0.0
1508,36.427457663990104,3962.22455780791,0.0,230.15266030527653,0.0,0.0
1509,36.427457663990104,3962.22455780791,0.0,230.15266030527653,0.0,0.0
1510,36.427457663990104,3962.22455780791,0.0,230.15266030527653,0.0,0.0
1511,36.427457663990104,3962.22455780791,0.0,230.15266030527653,0.0,0.0
1512,42.74825371539086,3086.0934921290986,0.0,159.37349774329482,0.0,0.0
1513,42.74825371539086,3086.0934921290986,0.0,159.37349774329482,0.0,0.0
1514,42.74825371539086,3086.0934921290986,0.0,159.37349774329482,0.0,0.0
1515,42.74825371539086,3086.0934921290986,0.0,159.37349774329482,0.0,0.0
1516,42.74825371539086,3086.0934921290986,0.0,159.37349774329482,0.0,0.0
1517,42.74825371539086,3086.0934921290986,0.0,159.37349774329482,0.0,0.0
1518,42.74825371539086,3086.0934921290986,0.0,159.37349774329482,0.0,0.0
1519,42.74825371539086,3086.0934921290986,0.0,159.37349774329482,0.0,0.0
1520,42.74825371539086,3086.0934921290986,0.0,159.37349774329482,0.0,0.0
1521,42.74825371539086,3086.0934921290986,0.0,159.37349774329482,0.0,0.0
1522,42.74825371539086,3086.0934921290986,0.0,159.37349774329482,0.0,0.0
1523,42.74825371539086,3086.0934921290986,0.0,159.37349774329482,0.0,0.0
1524,42.74825371539086,3086.0934921290986,0.0,159.37349774329482,0.0,0.0
1525,42.74825371539086,3086.0934921290986,0.0,159.37349774329482,0.0,0.0
1526,42.74825371539086,3086.0934921290986,0.0,159.37349774329482,0.0,0.0
1527,42.74825371539086,3086.0934921290986,0.0,159.37349774329482,0.0,0.0
1528,42.74825371539086,3086.0934921290986,0.0,159.37349774329482,0.0,0.0
1529,42.74825371539086,3086.0934921290986,0.0,159.37349774329482,0.0,0.0
1530,42.74825371539086,3086.0934921290986,0.0,159.37349774329482,0.0,0.0
1531,42.74825371539086,3086.0934921290986,0.0,159.37349774329482,0.0,0.0
1532,42.74825371539086,3086.0934921290986,0.0,159.37349774329482,0.0,0.0
1533,42.74825371539086,3086.0934921290986,0.0,159.37349774329482,0.0,0.0
1534,42.74825371539086,3086.0934921290986,0.0,159.37349774329482,0.0,0.0
1535,42.74825371539086,3086.0934921290986,0.0,159.37349774329482,0.0,0.0
1536,42.74825371539086,3086.0934921290986,0.0,159.37349774329482,0.0,0.0
1537,42.74825371539086,3086.0934921290986,0.0,159.37349774329482,0.0,0.0
1538,42.74825371539086,3086.0934921290986,0.0,159.37349774329482,0.0,0.0
1539,42.74825371539086,3086.0934921290986,0.0,159.37349774329482,0.0,0.0
1540,42.74825371539086,3086.0934921290986,0.0,159.37349774329482,0.0,0.0
1541,42.74825371539086,3086.0934921290986,0.0,159.37349774329482,0.0,0.0
1542,42.74825371539086,3086.0934921290986,0.0,159.37349774329482,0.0,0.0
1543,42.74825371539086,3086.0934921290986,0.0,159.37349774329482,0.0,0.0
1544,42.74825371539086,3086.0934921290986,0.0,159.37349774329482,0.0,0.0
1545,42.74825371539086,3086.0934921290986,0.0,159.37349774329482,0.0,0.0
1546,42.74825371539086,3086.0934921290986,0.0,159.37349774329482,0.0,0.0
1547,42.74825371539086,3086.0934921290986,0.0,159.37349774329482,0.0,0.0
1548,42.74825371539086,3086.0934921290986,0.0,159.37349774329482,0.0,0.0
1549,42.74825371539086,3086.0934921290986,0.0,159.37349774329482,0.0,0.0
1550,42.74825371539086,3086.0934921290986,0.0,159.37349774329482,0.0,0.0
1551,42.74825371539086,3086.0934921290986,0.0,159.37349774329482,0.0,0.0
1552,42.74825371539086,3086.0934921290986,0.0,159.37349774329482,0.0,0.0
1553,42.74825371539086,3086.0934921290986,0.0,159.37349774329482,0.0,0.0
1554,42.74825371539086,3086.0934921290986,0.0,159.37349774329482,0.0,0.0
1555,42.74825371539086,3086.0934921290986,0.0,159.37349774329482,0.0,0.0
1556,42.74825371539086,3086.0934921290986,0.0,159.37349774329482,0.0,0.0
1557,42.74825371539086,3086.0934921290986,0.0,159.37349774329482,0.0,0.0
1558,42.74825371539086,3086.0934921290986,0.0,159.37349774329482,0.0,0.0
1559,42.74825371539086,3086.0934921290986,0.0,159.37349774329482,0.0,0.0
1560,42.74825371539086,3086.0934921290986,0.0,159.37349774329482,0.0,0.0
1561,42.74825371539086,3086.0934921290986,0.0,159.37349774329482,0.0,0.0
1562,42.74825371539086,3086.0934921290986,0.0,159.37349774329482,0.0,0.0
1563,42.74825371539086,3086.0934921290986,0.0,159.37349774329482,0.0,0.0
1564,42.74825371539086,3086.0934921290986,0.0,159.37349774329482,0.0,0.0
1565,42.74825371539086,3086.0934921290986,0.0,159.37349774329482,0.0,0.0
1566,42.74825371539086,3086.0934921290986,0.0,159.37349774329482,0.0,0.0
1567,42.74825371539086,3086.0934921290986,0.0,159.37349774329482,0.0,0.0
1568,42.74825371539086,3086.0934921290986,0.0,159.37349774329482,0.0,0.0
1569,42.74825371539086,3086.0934921290986,0.0,159.37349774329482,0.0,0.0
1570,42.74825371539086,3086.0934921290986,0.0,159.37349774329482,0.0,0.0
1571,42.74825371539086,3086.0934921290986,0.0,159.37349774329482,0.0,0.0
1572,42.74825371539086,3086.0934921290986,0.0,159.37349774329482,0.0,0.0
1573,42.74825371539086,3086.0934921290986,0.0,159.37349774329482,0.0,0.0
1574,42.74825371539086,3086.0934921290986,0.0,159.37349774329482,0.0,0.0
1575,42.74825371539086,3086.0934921290986,0.0,159.37349774329482,0.0,0.0
1576,42.74825371539086,3086.0934921290986,0.0,159.37349774329482,0.0,0.0
1577,42.74825371539086,3086.0934921290986,0.0,159.37349774329482,0.0,0.0
1578,42.74825371539086,3086.0934921290986,0.0,159.37349774329482,0.0,0.0
1579,42.74825371539086,3086.0934921290986,0.0,159.37349774329482,0.0,0.0
1580,42.74825371539086,3086.0934921290986,0.0,159.37349774329482,0.0,0.0
1581,42.74825371539086,3086.0934921290986,0.0,159.37349774329482,0.0,0.0
1582,42.74825371539086,3086.0934921290986,0.0,159.37349774329482,0.0,0.0
1583,42.74825371539086,3086.0934921290986,0.0,159.37349774329482,0.0,0.0
1584,42.74825371539086,3086.0934921290986,0.0,159.37349774329482,0.0,0.0
1585,42.74825371539086,3086.0934921290986,0.0,159.37349774329482,0.0,0.0
1586,42.74825371539086,3086.0934921290986,0.0,159.37349774329482,0.0,0.0
1587,42.74825371539086,3086.0934921290986,0.0,159.37349774329482,0.0,0.0
1588,42.74825371539086,3086.0934921290986,0.0,159.37349774329482,0.0,0.0
1589,42.74825371539086,3086.0934921290986,0.0,159.37349774329482,0.0,0.0
1590,42.74825371539086,3086.0934921290986,0.0,159.37349774329482,0.0,0.0
1591,42.74825371539086,3086.0934921290986,0.0,159.37349774329482,0.0,0.0
1592,42.74825371539086,3086.0934921290986,0.0,159.37349774329482,0.0,0.0
1593,42.74825371539086,3086.0934921290986,0.0,159.37349774329482,0.0,0.0
1594,42.74825371539086,3086.0934921290986,0.0,159.37349774329482,0.0,0.0
1595,42.74825371539086,3086.0934921290986,0.0,159.37349774329482,0.0,0.0
1596,42.74825371539086,3086.0934921290986,0.0,159.37349774329482,0.0,0.0
1597,42.74825371539086,3086.0934921290986,0.0,159.37349774329482,0.0,0.0
1598,42.74825371539086,3086.0934921290986,0.0,159.37349774329482,0.0,0.0
1599,42.74825371539086,3086.0934921290986,0.0,159.37349774329482,0.0,0.0
1600,42.74825371539086,3086.0934921290986,0.0,159.37349774329482,0.0,0.0
1601,42.74825371539086,3086.0934921290986,0.0,159.37349774329482,0.0,0.0
1602,42.74825371539086,3086.0934921290986,0.0,159.37349774329482,0.0,0.0
1603,42.74825371539086,3086.0934921290986,0.0,159.37349774329482,0.0,0.0
1604,42.74825371539086,3086.0934921290986,0.0,159.37349774329482,0.0,0.0
1605,42.74825371539086,3086.0934921290986,0.0,159.37349774329482,0.0,0.0
1606,42.74825371539086,3086.0934921290986,0.0,159.37349774329482,0.0,0.0
1607,42.74825371539086,3086.0934921290986,0.0,159.37349774329482,0.0,0.0
1608,42.74825371539086,3086.0934921290986,0.0,159.37349774329482,0.0,0.0
1609,42.74825371539086,3086.0934921290986,0.0,159.37349774329482,0.0,0.0
1610,42.74825371539086,3086.0934921290986,0.0,159.37349774329482,0.0,0.0
1611,42.74825371539086,3086.0934921290986,0.0,159.37349774329482,0.0,0.0
1612,42.74825371539086,3086.0934921290986,0.0,159.37349774329482,0.0,0.0
1613,42.74825371539086,3086.0934921290986,0.0,159.37349774329482,0.0,0.0
1614,42.74825371539086,3086.0934921290986,0.0,159.37349774329482,0.0,0.0
1615,42.74825371539086,3086.0934921290986,0.0,159.37349774329482,0.0,0.0
1616,42.74825371539086,3086.0934921290986,0.0,159.37349774329482,0.0,0.0
1617,42.74825371539086,3086.0934921290986,0.0,159.37349774329482,0.0,0.0
1618,42.74825371539086,3086.0934921290986,0.0,159.37349774329482,0.0,0.0
1619,42.74825371539086,3086.0934921290986,0.0,159.37349774329482,0.0,0.0
1620,42.74825371539086,3086.0934921290986,0.0,159.37349774329482,0.0,0.0
1621,42.74825371539086,3086.0934921290986,0.0,159.37349774329482,0.0,0.0
1622,42.74825371539086,3086.0934921290986,0.0,159.37349774329482,0.0,0.0
1623,42.74825371539086,3086.0934921290986,0.0,159.37349774329482,0.0,0.0
1624,42.74825371539086,3086.0934921290986,0.0,159.37349774329482,0.0,0.0
1625,42.74825371539086,3086.0934921290986,0.0,159.37349774329482,0.0,0.0
1626,42.74825371539086,3086.0934921290986,0.0,159.37349774329482,0.0,0.0
1627,42.74825371539086,3086.0934921290986,0.0,159.37349774329482,0.0,0.0
1628,42.74825371539086,3086.0934921290986,0.0,159.37349774329482,0.0,0.0
1629,42.74825371539086,3086.0934921290986,0.0,159.37349774329482,0.0,0.0
1630,42.74825371539086,3086.0934921290986,0.0,159.37349774329482,0.0,0.0
1631,42.74825371539086,3086.0934921290986,0.0,159.37349774329482,0.0,0.0
1632,42.74825371539086,3086.0934921290986,0.0,159.37349774329482,0.0,0.0
1633,42.74825371539086,3086.0934921290986,0.0,159.37349774329482,0.0,0.0
1634,42.74825371539086,3086.0934921290986,0.0,159.37349774329482,0.0,0.0
1635,42.74825371539086,3086.0934921290986,0.0,159.37349774329482,0.0,0.0
1636,42.74825371539086,3086.0934921290986,0.0,159.37349774329482,0.0,0.0
1637,42.74825371539086,3086.0934921290986,0.0,159.37349774329482,0.0,0.0
1638,42.74825371539086,3086.0934921290986,0.0,159.37349774329482,0.0,0.0
1639,42.74825371539086,3086.0934921290986,0.0,159.37349774329482,0.0,0.0
1640,42.74825371539086,3086.0934921290986,0.0,159.37349774329482,0.0,0.0
1641,42.74825371539086,3086.0934921290986,0.0,159.37349774329482,0.0,0.0
1642,42.74825371539086,3086.0934921290986,0.0,159.37349774329482,0.0,0.0
1643,42.74825371539086,3086.0934921290986,0.0,159.37349774329482,0.0,0.0
1644,42.74825371539086,3086.0934921290986,0.0,159.37349774329482,0.0,0.0
1645,42.74825371539086,3086.0934921290986,0.0,159.37349774329482,0.0,0.0
1646,42.74825371539086,3086.0934921290986,0.0,159.37349774329482,0.0,0.0
1647,42.74825371539086,3086.0934921290986,0.0,159.37349774329482,0.0,0.0
1648,42.74825371539086,3086.0934921290986,0.0,159.37349774329482,0.0,0.0
1649,42.74825371539086,3086.0934921290986,0.0,159.37349774329482,0.0,0.0
1650,42.74825371539086,3086.0934921290986,0.0,159.37349774329482,0.0,0.0
1651,42.74825371539086,3086.0934921290986,0.0,159.37349774329482,0.0,0.0
1652,42.74825371539086,3086.0934921290986,0.0,159.37349774329482,0.0,0.0
1653,42.74825371539086,3086.0934921290986,0.0,159.37349774329482,0.0,0.0
1654,42.74825371539086,3086.0934921290986,0.0,159.37349774329482,0.0,0.0
1655,42.74825371539086,3086.0934921290986,0.0,159.37349774329482,0.0,0.0
1656,42.74825371539086,3086.0934921290986,0.0,159.37349774329482,0.0,0.0
1657,42.74825371539086,3086.0934921290986,0.0,159.37349774329482,0.0,0.0
1658,42.74825371539086,3086.0934921290986,0.0,159.37349774329482,0.0,0.0
1659,42.74825371539086,3086.0934921290986,0.0,159.37349774329482,0.0,0.0
1660,42.74825371539086,3086.0934921290986,0.0,159.37349774329482,0.0,0.0
1661,42.74825371539086,3086.0934921290986,0.0,159.37349774329482,0.0,0.0
1662,42.74825371539086,3086.0934921290986,0.0,159.37349774329482,0.0,0.0
1663,42.74825371539086,3086.0934921290986,0.0,159.37349774329482,0.0,0.0
1664,42.74825371539086,3086.0934921290986,0.0,159.37349774329482,0.0,0.0
1665,42.74825371539086,3086.0934921290986,0.0,159.37349774329482,0.0,0.0
1666,42.74825371539086,3086.0934921290986,0.0,159.37349774329482,0.0,0.0
1667,42.74825371539086,3086.0934921290986,0.0,159.37349774329482,0.0,0.0
1668,42.74825371539086,3086.0934921290986,0.0,159.37349774329482,0.0,0.0
1669,42.74825371539086,3086.0934921290986,0.0,159.37349774329482,0.0,0.0
1670,42.74825371539086,3086.0934921290986,0.0,159.37349774329482,0.0,0.0
1671,42.74825371539086,3086.0934921290986,0.0,159.37349774329482,0.0,0.0
1672,42.74825371539086,3086.0934921290986,0.0,159.37349774329482,0.0,0.0
1673,42.74825371539086,3086.0934921290986,0.0,159.37349774329482,0.0,0.0
1674,42.74825371539086,3086.0934921290986,0.0,159.37349774329482,0.0,0.0
1675,42.74825371539086,3086.0934921290986,0.0,159.37349774329482,0.0,0.0
1676,42.74825371539086,3086.0934921290986,0.0,159.37349774329482,0.0,0.0
1677,42.74825371539086,3086.0934921290986,0.0,159.37349774329482,0.0,0.0
1678,42.74825371539086,3086.0934921290986,0.0,159.37349774329482,0.0,0.0
1679,42.74825371539086,3086.0934921290986,0.0,159.37349774329482,0.0,0.0
1680,55.10165698567058,4478.921194689839,0.0,132.0934597713355,0.0,0.0
1681,55.10165698567058,4478.921194689839,0.0,132.0934597713355,0.0,0.0
1682,55.10165698567058,4478.921194689839,0.0,132.0934597713355,0.0,0.0
1683,55.10165698567058,4478.921194689839,0.0,132.0934597713355,0.0,0.0
1684,55.10165698567058,4478.921194689839,0.0,132.0934597713355,0.0,0.0
1685,55.10165698567058,4478.921194689839,0.0,132.0934597713355,0.0,0.0
1686,55.10165698567058,4478.921194689839,0.0,132.0934597713355,0.0,0.0
1687,55.10165698567058,4478.921194689839,0.0,132.0934597713355,0.0,0.0
1688,55.10165698567058,4478.921194689839,0.0,132.0934597713355,0.0,0.0
1689,55.10165698567058,4478.921194689839,0.0,132.0934597713355,0.0,0.0
1690,55.10165698567058,4478.921194689839,0.0,132.0934597713355,0.0,0.0
1691,55.10165698567058,4478.921194689839,0.0,132.0934597713355,0.0,0.0
1692,55.10165698567058,4478.921194689839,0.0,132.0934597713355,0.0,0.0
1693,55.10165698567058,4478.921194689839,0.0,132.0934597713355,0.0,0.0
1694,55.10165698567058,4478.921194689839,0.0,132.0934597713355,0.0,0.0
1695,55.10165698567058,4478.921194689839,0.0,132.0934597713355,0.0,0.0
1696,55.10165698567058,4478.921194689839,0.0,132.0934597713355,0.0,0.0
1697,55.10165698567058,4478.921194689839,0.0,132.0934597713355,0.0,0.0
1698,55.10165698567058,4478.921194689839,0.0,132.0934597713355,0.0,0.0
1699,55.10165698567058,4478.921194689839,0.0,132.0934597713355,0.0,0.0
1700,55.10165698567058,4478.921194689839,0.0,132.0934597713355,0.0,0.0
1701,55.10165698567058,4478.921194689839,0.0,132.0934597713355,0.0,0.0
1702,55.10165698567058,4478.921194689839,0.0,132.0934597713355,0.0,0.0
1703,55.10165698567058,4478.921194689839,0.0,132.0934597713355,0.0,0.0
1704,55.10165698567058,4478.921194689839,0.0,132.0934597713355,0.0,0.0
1705,55.10165698567058,4478.921194689839,0.0,132.0934597713355,0.0,0.0
1706,55.10165698567058,4478.921194689839,0.0,132.0934597713355,0.0,0.0
1707,55.10165698567058,4478.921194689839,0.0,132.0934597713355,0.0,0.0
1708,55.10165698567058,4478.921194689839,0.0,132.0934597713355,0.0,0.0
1709,55.10165698567058,4478.921194689839,0.0,132.0934597713355,0.0,0.0
1710,55.10165698567058,4478.921194689839,0.0,132.0934597713355,0.0,0.0
1711,55.10165698567058,4478.921194689839,0.0,132.0934597713355,0.0,0.0
1712,55.10165698567058,4478.921194689839,0.0,132.0934597713355,0.0,0.0
1713,55.10165698567058,4478.921194689839,0.0,132.0934597713355,0.0,0.0
1714,55.10165698567058,4478.921194689839,0.0,132.0934597713355,0.0,0.0
1715,55.10165698567058,4478.921194689839,0.0,132.0934597713355,0.0,0.0
1716,55.10165698567058,4478.921194689839,0.0,132.0934597713355,0.0,0.0
1717,55.10165698567058,4478.921194689839,0.0,132.0934597713355,0.0,0.0
1718,55.10165698567058,4478.921194689839,0.0,132.0934597713355,0.0,0.0
1719,55.10165698567058,4478.921194689839,0.0,132.0934597713355,0.0,0.0
1720,55.10165698567058,4478.921194689839,0.0,132.0934597713355,0.0,0.0
1721,55.10165698567058,4478.921194689839,0.0,132.0934597713355,0.0,0.0
1722,55.10165698567058,4478.921194689839,0.0,132.0934597713355,0.0,0.0
1723,55.10165698567058,4478.921194689839,0.0,132.0934597713355,0.0,0.0
1724,55.10165698567058,4478.921194689839,0.0,132.0934597713355,0.0,0.0
1725,55.10165698567058,4478.921194689839,0.0,132.0934597713355,0.0,0.0
1726,55.10165698567058,4478.921194689839,0.0,132.0934597713355,0.0,0.0
1727,55.10165698567058,4478.921194689839,0.0,132.0934597713355,0.0,0.0
1728,55.10165698567058,4478.921194689839,0.0,132.0934597713355,0.0,0.0
1729,55.10165698567058,4478.921194689839,0.0,132.0934597713355,0.0,0.0
1730,55.10165698567058,4478.921194689839,0.0,132.0934597713355,0.0,0.0
1731,55.10165698567058,4478.921194689839,0.0,132.0934597713355,0.0,0.0
1732,55.10165698567058,4478.921194689839,0.0,132.0934597713355,0.0,0.0
1733,55.10165698567058,4478.921194689839,0.0,132.0934597713355,0.0,0.0
1734,55.10165698567058,4478.921194689839,0.0,132.0934597713355,0.0,0.0
1735,55.10165698567058,4478.921194689839,0.0,132.0934597713355,0.0,0.0
1736,55.10165698567058,4478.921194689839,0.0,132.0934597713355,0.0,0.0
1737,55.10165698567058,4478.921194689839,0.0,132.0934597713355,0.0,0.0
1738,55.10165698567058,4478.921194689839,0.0,132.0934597713355,0.0,0.0
1739,55.10165698567058,4478.921194689839,0.0,132.0934597713355,0.0,0.0
1740,55.10165698567058,4478.921194689839,0.0,132.0934597713355,0.0,0.0
1741,55.10165698567058,4478.921194689839,0.0,132.0934597713355,0.0,0.0
1742,55.10165698567058,4478.921194689839,0.0,132.0934597713355,0.0,0.0
1743,55.10165698567058,4478.921194689839,0.0,132.0934597713355,0.0,0.0
1744,55.10165698567058,4478.921194689839,0.0,132.0934597713355,0.0,0.0
1745,55.10165698567058,4478.921194689839,0.0,132.0934597713355,0.0,0.0
1746,55.10165698567058,4478.921194689839,0.0,132.0934597713355,0.0,0.0
1747,55.10165698567058,4478.921194689839,0.0,132.0934597713355,0.0,0.0
1748,55.10165698567058,4478.921194689839,0.0,132.0934597713355,0.0,0.0
1749,55.10165698567058,4478.921194689839,0.0,132.0934597713355,0.0,0.0
1750,55.10165698567058,4478.921194689839,0.0,132.0934597713355,0.0,0.0
1751,55.10165698567058,4478.921194689839,0.0,132.0934597713355,0.0,0.0
1752,55.10165698567058,4478.921194689839,0.0,132.0934597713355,0.0,0.0
1753,55.10165698567058,4478.921194689839,0.0,132.0934597713355,0.0,0.0
1754,55.10165698567058,4478.921194689839,0.0,132.0934597713355,0.0,0.0
1755,55.10165698567058,4478.921194689839,0.0,132.0934597713355,0.0,0.0
1756,55.10165698567058,4478.921194689839,0.0,132.0934597713355,0.0,0.0
1757,55.10165698567058,4478.921194689839,0.0,132.0934597713355,0.0,0.0
1758,55.10165698567058,4478.921194689839,0.0,132.0934597713355,0.0,0.0
1759,55.10165698567058,4478.921194689839,0.0,132.0934597713355,0.0,0.0
1760,55.10165698567058,4478.921194689839,0.0,132.0934597713355,0.0,0.0
1761,55.10165698567058,4478.921194689839,0.0,132.0934597713355,0.0,0.0
1762,55.10165698567058,4478.921194689839,0.0,132.0934597713355,0.0,0.0
1763,55.10165698567058,4478.921194689839,0.0,132.0934597713355,0.0,0.0
1764,55.10165698567058,4478.921194689839,0.0,132.0934597713355,0.0,0.0
1765,55.10165698567058,4478.921194689839,0.0,132.0934597713355,0.0,0.0
1766,55.10165698567058,4478.921194689839,0.0,132.0934597713355,0.0,0.0
1767,55.10165698567058,4478.921194689839,0.0,132.0934597713355,0.0,0.0
1768,55.10165698567058,4478.921194689839,0.0,132.0934597713355,0.0,0.0
1769,55.10165698567058,4478.921194689839,0.0,132.0934597713355,0.0,0.0
1770,55.10165698567058,4478.921194689839,0.0,132.0934597713355,0.0,0.0
1771,55.10165698567058,4478.921194689839,0.0,132.0934597713355,0.0,0.0
1772,55.10165698567058,4478.921194689839,0.0,132.0934597713355,0.0,0.0
1773,55.10165698567058,4478.921194689839,0.0,132.0934597713355,0.0,0.0
1774,55.10165698567058,4478.921194689839,0.0,132.0934597713355,0.0,0.0
1775,55.10165698567058,4478.921194689839,0.0,132.0934597713355,0.0,0.0
1776,55.10165698567058,4478.921194689839,0.0,132.0934597713355,0.0,0.0
1777,55.10165698567058,4478.921194689839,0.0,132.0934597713355,0.0,0.0
1778,55.10165698567058,4478.921194689839,0.0,132.0934597713355,0.0,0.0
1779,55.10165698567058,4478.921194689839,0.0,132.0934597713355,0.0,0.0
1780,55.10165698567058,4478.921194689839,0.0,132.0934597713355,0.0,0.0
1781,55.10165698567058,4478.921194689839,0.0,132.0934597713355,0.0,0.0
1782,55.10165698567058,4478.921194689839,0.0,132.0934597713355,0.0,0.0
1783,55.10165698567058,4478.921194689839,0.0,132.0934597713355,0.0,0.0
1784,55.10165698567058,4478.921194689839,0.0,132.0934597713355,0.0,0.0
1785,55.10165698567058,4478.921194689839,0.0,132.0934597713355,0.0,0.0
1786,55.10165698567058,4478.921194689839,0.0,132.0934597713355,0.0,0.0
1787,55.10165698567058,4478.921194689839,0.0,132.0934597713355,0.0,0.0
1788,55.10165698567058,4478.921194689839,0.0,132.0934597713355,0.0,0.0
1789,55.10165698567058,4478.921194689839,0.0,132.0934597713355,0.0,0.0
1790,55.10165698567058,4478.921194689839,0.0,132.0934597713355,0.0,0.0
1791,55.10165698567058,4478.921194689839,0.0,132.0934597713355,0.0,0.0
1792,55.10165698567058,4478.921194689839,0.0,132.0934597713355,0.0,0.0
1793,55.10165698567058,4478.921194689839,0.0,132.0934597713355,0.0,0.0
1794,55.10165698567058,4478.921194689839,0.0,132.0934597713355,0.0,0.0
1795,55.10165698567058,4478.921194689839,0.0,132.0934597713355,0.0,0.0
1796,55.10165698567058,4478.921194689839,0.0,132.0934597713355,0.0,0.0
1797,55.10165698567058,4478.921194689839,0.0,132.0934597713355,0.0,0.0
1798,55.10165698567058,4478.921194689839,0.0,132.0934597713355,0.0,0.0
1799,55.10165698567058,4478.921194689839,0.0,132.0934597713355,0.0,0.0
1800,55.10165698567058,4478.921194689839,0.0,132.0934597713355,0.0,0.0
1801,55.10165698567058,4478.921194689839,0.0,132.0934597713355,0.0,0.0
1802,55.10165698567058,4478.921194689839,0.0,132.0934597713355,0.0,0.0
1803,55.10165698567058,4478.921194689839,0.0,132.0934597713355,0.0,0.0
1804,55.10165698567058,4478.921194689839,0.0,132.0934597713355,0.0,0.0
1805,55.10165698567058,4478.921194689839,0.0,132.0934597713355,0.0,0.0
1806,55.10165698567058,4478.921194689839,0.0,132.0934597713355,0.0,0.0
1807,55.10165698567058,4478.921194689839,0.0,132.0934597713355,0.0,0.0
1808,55.10165698567058,4478.921194689839,0.0,132.0934597713355,0.0,0.0
1809,55.10165698567058,4478.921194689839,0.0,132.0934597713355,0.0,0.0
1810,55.10165698567058,4478.921194689839,0.0,132.0934597713355,0.0,0.0
1811,55.10165698567058,4478.921194689839,0.0,132.0934597713355,0.0,0.0
1812,55.10165698567058,4478.921194689839,0.0,132.0934597713355,0.0,0.0
1813,55.10165698567058,4478.921194689839,0.0,132.0934597713355,0.0,0.0
1814,55.10165698567058,4478.921194689839,0.0,132.0934597713355,0.0,0.0
1815,55.10165698567058,4478.921194689839,0.0,132.0934597713355,0.0,0.0
1816,55.10165698567058,4478.921194689839,0.0,132.0934597713355,0.0,0.0
1817,55.10165698567058,4478.921194689839,0.0,132.0934597713355,0.0,0.0
1818,55.10165698567058,4478.921194689839,0.0,132.0934597713355,0.0,0.0
1819,55.10165698567058,4478.921194689839,0.0,132.0934597713355,0.0,0.0
1820,55.10165698567058,4478.921194689839,0.0,132.0934597713355,0.0,0.0
1821,55.10165698567058,4478.921194689839,0.0,132.0934597713355,0.0,0.0
1822,55.10165698567058,4478.921194689839,0.0,132.0934597713355,0.0,0.0
1823,55.10165698567058,4478.921194689839,0.0,132.0934597713355,0.0,0.0
1824,55.10165698567058,4478.921194689839,0.0,132.0934597713355,0.0,0.0
1825,55.10165698567058,4478.921194689839,0.0,132.0934597713355,0.0,0.0
1826,55.10165698567058,4478.921194689839,0.0,132.0934597713355,0.0,0.0
1827,55.10165698567058,4478.921194689839,0.0,132.0934597713355,0.0,0.0
1828,55.10165698567058,4478.921194689839,0.0,132.0934597713355,0.0,0.0
1829,55.10165698567058,4478.921194689839,0.0,132.0934597713355,0.0,0.0
1830,55.10165698567058,4478.921194689839,0.0,132.0934597713355,0.0,0.0
1831,55.10165698567058,4478.921194689839,0.0,132.0934597713355,0.0,0.0
1832,55.10165698567058,4478.921194689839,0.0,132.0934597713355,0.0,0.0
1833,55.10165698567058,4478.921194689839,0.0,132.0934597713355,0.0,0.0
1834,55.10165698567058,4478.921194689839,0.0,132.0934597713355,0.0,0.0
1835,55.10165698567058,4478.921194689839,0.0,132.0934597713355,0.0,0.0
1836,55.10165698567058,4478.921194689839,0.0,132.0934597713355,0.0,0.0
1837,55.10165698567058,4478.921194689839,0.0,132.0934597713355,0.0,0.0
1838,55.10165698567058,4478.921194689839,0.0,132.0934597713355,0.0,0.0
1839,55.10165698567058,4478.921194689839,0.0,132.0934597713355,0.0,0.0
1840,55.10165698567058,4478.921194689839,0.0,132.0934597713355,0.0,0.0
1841,55.10165698567058,4478.921194689839,0.0,132.0934597713355,0.0,0.0
1842,55.10165698567058,4478.921194689839,0.0,132.0934597713355,0.0,0.0
1843,55.10165698567058,4478.921194689839,0.0,132.0934597713355,0.0,0.0
1844,55.10165698567058,4478.921194689839,0.0,132.0934597713355,0.0,0.0
1845,55.10165698567058,4478.921194689839,0.0,132.0934597713355,0.0,0.0
1846,55.10165698567058,4478.921194689839,0.0,132.0934597713355,0.0,0.0
1847,55.10165698567058,4478.921194689839,0.0,132.0934597713355,0.0,0.0
1848,51.20077261643745,6426.851029222955,0.0,112.92929761592212,0.0,0.0
1849,51.20077261643745,6426.851029222955,0.0,112.92929761592212,0.0,0.0
1850,51.20077261643745,6426.851029222955,0.0,112.92929761592212,0.0,0.0
1851,51.20077261643745,6426.851029222955,0.0,112.92929761592212,0.0,0.0
1852,51.20077261643745,6426.851029222955,0.0,112.92929761592212,0.0,0.0
1853,51.20077261643745,6426.851029222955,0.0,112.92929761592212,0.0,0.0
1854,51.20077261643745,6426.851029222955,0.0,112.92929761592212,0.0,0.0
1855,51.20077261643745,6426.851029222955,0.0,112.92929761592212,0.0,0.0
1856,51.20077261643745,6426.851029222955,0.0,112.92929761592212,0.0,0.0
1857,51.20077261643745,6426.851029222955,0.0,112.92929761592212,0.0,0.0
1858,51.20077261643745,6426.851029222955,0.0,112.92929761592212,0.0,0.0
1859,51.20077261643745,6426.851029222955,0.0,112.92929761592212,0.0,0.0
1860,51.20077261643745,6426.851029222955,0.0,112.92929761592212,0.0,0.0
1861,51.20077261643745,6426.851029222955,0.0,112.92929761592212,0.0,0.0
1862,51.20077261643745,6426.851029222955,0.0,112.92929761592212,0.0,0.0
1863,51.20077261643745,6426.851029222955,0.0,112.92929761592212,0.0,0.0
1864,51.20077261643745,6426.851029222955,0.0,112.92929761592212,0.0,0.0
1865,51.20077261643745,6426.851029222955,0.0,112.92929761592212,0.0,0.0
1866,51.20077261643745,6426.851029222955,0.0,112.92929761592212,0.0,0.0
1867,51.20077261643745,6426.851029222955,0.0,112.92929761592212,0.0,0.0
1868,51.20077261643745,6426.851029222955,0.0,112.92929761592212,0.0,0.0
1869,51.20077261643745,6426.851029222955,0.0,112.92929761592212,0.0,0.0
1870,51.20077261643745,6426.851029222955,0.0,112.92929761592212,0.0,0.0
1871,51.20077261643745,6426.851029222955,0.0,112.92929761592212,0.0,0.0
1872,51.20077261643745,6426.851029222955,0.0,112.92929761592212,0.0,0.0
1873,51.20077261643745,6426.851029222955,0.0,112.92929761592212,0.0,0.0
1874,51.20077261643745,6426.851029222955,0.0,112.92929761592212,0.0,0.0
1875,51.20077261643745,6426.851029222955,0.0,112.92929761592212,0.0,0.0
1876,51.20077261643745,6426.851029222955,0.0,112.92929761592212,0.0,0.0
1877,51.20077261643745,6426.851029222955,0.0,112.92929761592212,0.0,0.0
1878,51.20077261643745,6426.851029222955,0.0,112.92929761592212,0.0,0.0
1879,51.20077261643745,6426.851029222955,0.0,112.92929761592212,0.0,0.0
1880,51.20077261643745,6426.851029222955,0.0,112.92929761592212,0.0,0.0
1881,51.20077261643745,6426.851029222955,0.0,112.92929761592212,0.0,0.0
1882,51.20077261643745,6426.851029222955,0.0,112.92929761592212,0.0,0.0
1883,51.20077261643745,6426.851029222955,0.0,112.92929761592212,0.0,0.0
1884,51.20077261643745,6426.851029222955,0.0,112.92929761592212,0.0,0.0
1885,51.20077261643745,6426.851029222955,0.0,112.92929761592212,0.0,0.0
1886,51.20077261643745,6426.851029222955,0.0,112.92929761592212,0.0,0.0
1887,51.20077261643745,6426.851029222955,0.0,112.92929761592212,0.0,0.0
1888,51.20077261643745,6426.851029222955,0.0,112.92929761592212,0.0,0.0
1889,51.20077261643745,6426.851029222955,0.0,112.92929761592212,0.0,0.0
1890,51.20077261643745,6426.851029222955,0.0,112.92929761592212,0.0,0.0
1891,51.20077261643745,6426.851029222955,0.0,112.92929761592212,0.0,0.0
1892,51.20077261643745,6426.851029222955,0.0,112.92929761592212,0.0,0.0
1893,51.20077261643745,6426.851029222955,0.0,112.92929761592212,0.0,0.0
1894,51.20077261643745,6426.851029222955,0.0,112.92929761592212,0.0,0.0
1895,51.20077261643745,6426.851029222955,0.0,112.92929761592212,0.0,0.0
1896,51.20077261643745,6426.851029222955,0.0,112.92929761592212,0.0,0.0
1897,51.20077261643745,6426.851029222955,0.0,112.92929761592212,0.0,0.0
1898,51.20077261643745,6426.851029222955,0.0,112.92929761592212,0.0,0.0
1899,51.20077261643745,6426.851029222955,0.0,112.92929761592212,0.0,0.0
1900,51.20077261643745,6426.851029222955,0.0,112.92929761592212,0.0,0.0
1901,51.20077261643745,6426.851029222955,0.0,112.92929761592212,0.0,0.0
1902,51.20077261643745,6426.851029222955,0.0,112.92929761592212,0.0,0.0
1903,51.20077261643745,6426.851029222955,0.0,112.92929761592212,0.0,0.0
1904,51.20077261643745,6426.851029222955,0.0,112.92929761592212,0.0,0.0
1905,51.20077261643745,6426.851029222955,0.0,112.92929761592212,0.0,0.0
1906,51.20077261643745,6426.851029222955,0.0,112.92929761592212,0.0,0.0
1907,51.20077261643745,6426.851029222955,0.0,112.92929761592212,0.0,0.0
1908,51.20077261643745,6426.851029222955,0.0,112.92929761592212,0.0,0.0
1909,51.20077261643745,6426.851029222955,0.0,112.92929761592212,0.0,0.0
1910,51.20077261643745,6426.851029222955,0.0,112.92929761592212,0.0,0.0
1911,51.20077261643745,6426.851029222955,0.0,112.92929761592212,0.0,0.0
1912,51.20077261643745,6426.851029222955,0.0,112.92929761592212,0.0,0.0
1913,51.20077261643745,6426.851029222955,0.0,112.92929761592212,0.0,0.0
1914,51.20077261643745,6426.851029222955,0.0,112.92929761592212,0.0,0.0
1915,51.20077261643745,6426.851029222955,0.0,112.92929761592212,0.0,0.0
1916,51.20077261643745,6426.851029222955,0.0,112.92929761592212,0.0,0.0
1917,51.20077261643745,6426.851029222955,0.0,112.92929761592212,0.0,0.0
1918,51.20077261643745,6426.851029222955,0.0,112.92929761592212,0.0,0.0
1919,51.20077261643745,6426.851029222955,0.0,112.92929761592212,0.0,0.0
1920,51.20077261643745,6426.851029222955,0.0,112.92929761592212,0.0,0.0
1921,51.20077261643745,6426.851029222955,0.0,112.92929761592212,0.0,0.0
1922,51.20077261643745,6426.851029222955,0.0,112.92929761592212,0.0,0.0
1923,51.20077261643745,6426.851029222955,0.0,112.92929761592212,0.0,0.0
1924,51.20077261643745,6426.851029222955,0.0,112.92929761592212,0.0,0.0
1925,51.20077261643745,6426.851029222955,0.0,112.92929761592212,0.0,0.0
1926,51.20077261643745,6426.851029222955,0.0,112.92929761592212,0.0,0.0
1927,51.20077261643745,6426.851029222955,0.0,112.92929761592212,0.0,0.0
1928,51.20077261643745,6426.851029222955,0.0,112.92929761592212,0.0,0.0
1929,51.20077261643745,6426.851029222955,0.0,112.92929761592212,0.0,0.0
1930,51.20077261643745,6426.851029222955,0.0,112.92929761592212,0.0,0.0
1931,51.20077261643745,6426.851029222955,0.0,112.92929761592212,0.0,0.0
1932,51.20077261643745,6426.851029222955,0.0,112.92929761592212,0.0,0.0
1933,51.20077261643745,6426.851029222955,0.0,112.92929761592212,0.0,0.0
1934,51.20077261643745,6426.851029222955,0.0,112.92929761592212,0.0,0.0
1935,51.20077261643745,6426.851029222955,0.0,112.92929761592212,0.0,0.0
1936,51.20077261643745,6426.851029222955,0.0,112.92929761592212,0.0,0.0
1937,51.20077261643745,6426.851029222955,0.0,112.92929761592212,0.0,0.0
1938,51.20077261643745,6426.851029222955,0.0,112.92929761592212,0.0,0.0
1939,51.20077261643745,6426.851029222955,0.0,112.92929761592212,0.0,0.0
1940,51.20077261643745,6426.851029222955,0.0,112.92929761592212,0.0,0.0
1941,51.20077261643745,6426.851029222955,0.0,112.92929761592212,0.0,0.0
1942,51.20077261643745,6426.851029222955,0.0,112.92929761592212,0.0,0.0
1943,51.20077261643745,6426.851029222955,0.0,112.92929761592212,0.0,0.0
1944,51.20077261643745,6426.851029222955,0.0,112.92929761592212,0.0,0.0
1945,51.20077261643745,6426.851029222955,0.0,112.92929761592212,0.0,0.0
1946,51.20077261643745,6426.851029222955,0.0,112.92929761592212,0.0,0.0
1947,51.20077261643745,6426.851029222955,0.0,112.92929761592212,0.0,0.0
1948,51.20077261643745,6426.851029222955,0.0,112.92929761592212,0.0,0.0
1949,51.20077261643745,6426.851029222955,0.0,112.92929761592212,0.0,0.0
1950,51.20077261643745,6426.851029222955,0.0,112.92929761592212,0.0,0.0
1951,51.20077261643745,6426.851029222955,0.0,112.92929761592212,0.0,0.0
1952,51.20077261643745,6426.851029222955,0.0,112.92929761592212,0.0,0.0
1953,51.20077261643745,6426.851029222955,0.0,112.92929761592212,0.0,0.0
1954,51.20077261643745,6426.851029222955,0.0,112.92929761592212,0.0,0.0
1955,51.20077261643745,6426.851029222955,0.0,112.92929761592212,0.0,0.0
1956,51.20077261643745,6426.851029222955,0.0,112.92929761592212,0.0,0.0
1957,51.20077261643745,6426.851029222955,0.0,112.92929761592212,0.0,0.0
1958,51.20077261643745,6426.851029222955,0.0,112.92929761592212,0.0,0.0
1959,51.20077261643745,6426.851029222955,0.0,112.92929761592212,0.0,0.0
1960,51.20077261643745,6426.851029222955,0.0,112.92929761592212,0.0,0.0
1961,51.20077261643745,6426.851029222955,0.0,112.92929761592212,0.0,0.0
1962,51.20077261643745,6426.851029222955,0.0,112.92929761592212,0.0,0.0
1963,51.20077261643745,6426.851029222955,0.0,112.92929761592212,0.0,0.0
1964,51.20077261643745,6426.851029222955,0.0,112.92929761592212,0.0,0.0
1965,51.20077261643745,6426.851029222955,0.0,112.92929761592212,0.0,0.0
1966,51.20077261643745,6426.851029222955,0.0,112.92929761592212,0.0,0.0
1967,51.20077261643745,6426.851029222955,0.0,112.92929761592212,0.0,0.0
1968,51.20077261643745,6426.851029222955,0.0,112.92929761592212,0.0,0.0
1969,51.20077261643745,6426.851029222955,0.0,112.92929761592212,0.0,0.0
1970,51.20077261643745,6426.851029222955,0.0,112.92929761592212,0.0,0.0
1971,51.20077261643745,6426.851029222955,0.0,112.92929761592212,0.0,0.0
1972,51.20077261643745,6426.851029222955,0.0,112.92929761592212,0.0,0.0
1973,51.20077261643745,6426.851029222955,0.0,112.92929761592212,0.0,0.0
1974,51.20077261643745,6426.851029222955,0.0,112.92929761592212,0.0,0.0
1975,51.20077261643745,6426.851029222955,0.0,112.92929761592212,0.0,0.0
1976,51.20077261643745,6426.851029222955,0.0,112.92929761592212,0.0,0.0
1977,51.20077261643745,6426.851029222955,0.0,112.92929761592212,0.0,0.0
1978,51.20077261643745,6426.851029222955,0.0,112.92929761592212,0.0,0.0
1979,51.20077261643745,6426.851029222955,0.0,112.92929761592212,0.0,0.0
1980,51.20077261643745,6426.851029222955,0.0,112.92929761592212,0.0,0.0
1981,51.20077261643745,6426.851029222955,0.0,112.92929761592212,0.0,0.0
1982,51.20077261643745,6426.851029222955,0.0,112.92929761592212,0.0,0.0
1983,51.20077261643745,6426.851029222955,0.0,112.92929761592212,0.0,0.0
1984,51.20077261643745,6426.851029222955,0.0,112.92929761592212,0.0,0.0
1985,51.20077261643745,6426.851029222955,0.0,112.92929761592212,0.0,0.0
1986,51.20077261643745,6426.851029222955,0.0,112.92929761592212,0.0,0.0
1987,51.20077261643745,6426.851029222955,0.0,112.92929761592212,0.0,0.0
1988,51.20077261643745,6426.851029222955,0.0,112.92929761592212,0.0,0.0
1989,51.20077261643745,6426.851029222955,0.0,112.92929761592212,0.0,0.0
1990,51.20077261643745,6426.851029222955,0.0,112.92929761592212,0.0,0.0
1991,51.20077261643745,6426.851029222955,0.0,112.92929761592212,0.0,0.0
1992,51.20077261643745,6426.851029222955,0.0,112.92929761592212,0.0,0.0
1993,51.20077261643745,6426.851029222955,0.0,112.92929761592212,0.0,0.0
1994,51.20077261643745,6426.851029222955,0.0,112.92929761592212,0.0,0.0
1995,51.20077261643745,6426.851029222955,0.0,112.92929761592212,0.0,0.0
1996,51.20077261643745,6426.851029222955,0.0,112.92929761592212,0.0,0.0
1997,51.20077261643745,6426.851029222955,0.0,112.92929761592212,0.0,0.0
1998,51.20077261643745,6426.851029222955,0.0,112.92929761592212,0.0,0.0
1999,51.20077261643745,6426.851029222955,0.0,112.92929761592212,0.0,0.0
2000,51.20077261643745,6426.851029222955,0.0,112.92929761592212,0.0,0.0
2001,51.20077261643745,6426.851029222955,0.0,112.92929761592212,0.0,0.0
2002,51.20077261643745,6426.851029222955,0.0,112.92929761592212,0.0,0.0
2003,51.20077261643745,6426.851029222955,0.0,112.92929761592212,0.0,0.0
2004,51.20077261643745,6426.851029222955,0.0,112.92929761592212,0.0,0.0
2005,51.20077261643745,6426.851029222955,0.0,112.92929761592212,0.0,0.0
2006,51.20077261643745,6426.851029222955,0.0,112.92929761592212,0.0,0.0
2007,51.20077261643745,6426.851029222955,0.0,112.92929761592212,0.0,0.0
2008,51.20077261643745,6426.851029222955,0.0,112.92929761592212,0.0,0.0
2009,51.20077261643745,6426.851029222955,0.0,112.92929761592212,0.0,0.0
2010,51.20077261643745,6426.851029222955,0.0,112.92929761592212,0.0,0.0
2011,51.20077261643745,6426.851029222955,0.0,112.92929761592212,0.0,0.0
2012,51.20077261643745,6426.851029222955,0.0,112.92929761592212,0.0,0.0
2013,51.20077261643745,6426.851029222955,0.0,112.92929761592212,0.0,0.0
2014,51.20077261643745,6426.851029222955,0.0,112.92929761592212,0.0,0.0
2015,51.20077261643745,6426.851029222955,0.0,112.92929761592212,0.0,0.0
2016,42.54685424201897,5475.554758524538,0.0,96.77145893700673,0.0,0.0
2017,42.54685424201897,5475.554758524538,0.0,96.77145893700673,0.0,0.0
2018,42.54685424201897,5475.554758524538,0.0,96.77145893700673,0.0,0.0
2019,42.54685424201897,5475.554758524538,0.0,96.77145893700673,0.0,0.0
2020,42.54685424201897,5475.554758524538,0.0,96.77145893700673,0.0,0.0
2021,42.54685424201897,5475.554758524538,0.0,96.77145893700673,0.0,0.0
2022,42.54685424201897,5475.554758524538,0.0,96.77145893700673,0.0,0.0
2023,42.54685424201897,5475.554758524538,0.0,96.77145893700673,0.0,0.0
2024,42.54685424201897,5475.554758524538,0.0,96.77145893700673,0.0,0.0
2025,42.54685424201897,5475.554758524538,0.0,96.77145893700673,0.0,0.0
2026,42.54685424201897,5475.554758524538,0.0,96.77145893700673,0.0,0.0
2027,42.54685424201897,5475.554758524538,0.0,96.77145893700673,0.0,0.0
2028,42.54685424201897,5475.554758524538,0.0,96.77145893700673,0.0,0.0
2029,42.54685424201897,5475.554758524538,0.0,96.77145893700673,0.0,0.0
2030,42.54685424201897,5475.554758524538,0.0,96.77145893700673,0.0,0.0
2031,42.54685424201897,5475.554758524538,0.0,96.77145893700673,0.0,0.0
2032,42.54685424201897,5475.554758524538,0.0,96.77145893700673,0.0,0.0
2033,42.54685424201897,5475.554758524538,0.0,96.77145893700673,0.0,0.0
2034,42.54685424201897,5475.554758524538,0.0,96.77145893700673,0.0,0.0
2035,42.54685424201897,5475.554758524538,0.0,96.77145893700673,0.0,0.0
2036,42.54685424201897,5475.554758524538,0.0,96.77145893700673,0.0,0.0
2037,42.54685424201897,5475.554758524538,0.0,96.77145893700673,0.0,0.0
2038,42.54685424201897,5475.554758524538,0.0,96.77145893700673,0.0,0.0
2039,42.54685424201897,5475.554758524538,0.0,96.77145893700673,0.0,0.0
2040,42.54685424201897,5475.554758524538,0.0,96.77145893700673,0.0,0.0
2041,42.54685424201897,5475.554758524538,0.0,96.77145893700673,0.0,0.0
2042,42.54685424201897,5475.554758524538,0.0,96.77145893700673,0.0,0.0
2043,42.54685424201897,5475.554758524538,0.0,96.77145893700673,0.0,0.0
2044,42.54685424201897,5475.554758524538,0.0,96.77145893700673,0.0,0.0
2045,42.54685424201897,5475.554758524538,0.0,96.77145893700673,0.0,0.0
2046,42.54685424201897,5475.554758524538,0.0,96.77145893700673,0.0,0.0
2047,42.54685424201897,5475.554758524538,0.0,96.77145893700673,0.0,0.0
2048,42.54685424201897,5475.554758524538,0.0,96.77145893700673,0.0,0.0
2049,42.54685424201897,5475.554758524538,0.0,96.77145893700673,0.0,0.0
2050,42.54685424201897,5475.554758524538,0.0,96.77145893700673,0.0,0.0
2051,42.54685424201897,5475.554758524538,0.0,96.77145893700673,0.0,0.0
2052,42.54685424201897,5475.554758524538,0.0,96.77145893700673,0.0,0.0
2053,42.54685424201897,5475.554758524538,0.0,96.77145893700673,0.0,0.0
2054,42.54685424201897,5475.554758524538,0.0,96.77145893700673,0.0,0.0
2055,42.54685424201897,5475.554758524538,0.0,96.77145893700673,0.0,0.0
2056,42.54685424201897,5475.554758524538,0.0,96.77145893700673,0.0,0.0
2057,42.54685424201897,5475.554758524538,0.0,96.77145893700673,0.0,0.0
2058,42.54685424201897,5475.554758524538,0.0,96.77145893700673,0.0,0.0
2059,42.54685424201897,5475.554758524538,0.0,96.77145893700673,0.0,0.0
2060,42.54685424201897,5475.554758524538,0.0,96.77145893700673,0.0,0.0
2061,42.54685424201897,5475.554758524538,0.0,96.77145893700673,0.0,0.0
2062,42.54685424201897,5475.554758524538,0.0,96.77145893700673,0.0,0.0
2063,42.54685424201897,5475.554758524538,0.0,96.77145893700673,0.0,0.0
2064,42.54685424201897,5475.554758524538,0.0,96.77145893700673,0.0,0.0
2065,42.54685424201897,5475.554758524538,0.0,96.77145893700673,0.0,0.0
2066,42.54685424201897,5475.554758524538,0.0,96.77145893700673,0.0,0.0
2067,42.54685424201897,5475.554758524538,0.0,96.77145893700673,0.0,0.0
2068,42.54685424201897,5475.554758524538,0.0,96.77145893700673,0.0,0.0
2069,42.54685424201897,5475.554758524538,0.0,96.77145893700673,0.0,0.0
2070,42.54685424201897,5475.554758524538,0.0,96.77145893700673,0.0,0.0
2071,42.54685424201897,5475.554758524538,0.0,96.77145893700673,0.0,0.0
2072,42.54685424201897,5475.554758524538,0.0,96.77145893700673,0.0,0.0
2073,42.54685424201897,5475.554758524538,0.0,96.77145893700673,0.0,0.0
2074,42.54685424201897,5475.554758524538,0.0,96.77145893700673,0.0,0.0
2075,42.54685424201897,5475.554758524538,0.0,96.77145893700673,0.0,0.0
2076,42.54685424201897,5475.554758524538,0.0,96.77145893700673,0.0,0.0
2077,42.54685424201897,5475.554758524538,0.0,96.77145893700673,0.0,0.0
2078,42.54685424201897,5475.554758524538,0.0,96.77145893700673,0.0,0.0
2079,42.54685424201897,5475.554758524538,0.0,96.77145893700673,0.0,0.0
2080,42.54685424201897,5475.554758524538,0.0,96.77145893700673,0.0,0.0
2081,42.54685424201897,5475.554758524538,0.0,96.77145893700673,0.0,0.0
2082,42.54685424201897,5475.554758524538,0.0,96.77145893700673,0.0,0.0
2083,42.54685424201897,5475.554758524538,0.0,96.77145893700673,0.0,0.0
2084,42.54685424201897,5475.554758524538,0.0,96.77145893700673,0.0,0.0
2085,42.54685424201897,5475.554758524538,0.0,96.77145893700673,0.0,0.0
2086,42.54685424201897,5475.554758524538,0.0,96.77145893700673,0.0,0.0
2087,42.54685424201897,5475.554758524538,0.0,96.77145893700673,0.0,0.0
2088,42.54685424201897,5475.554758524538,0.0,96.77145893700673,0.0,0.0
2089,42.54685424201897,5475.554758524538,0.0,96.77145893700673,0.0,0.0
2090,42.54685424201897,5475.554758524538,0.0,96.77145893700673,0.0,0.0
2091,42.54685424201897,5475.554758524538,0.0,96.77145893700673,0.0,0.0
2092,42.54685424201897,5475.554758524538,0.0,96.77145893700673,0.0,0.0
2093,42.54685424201897,5475.554758524538,0.0,96.77145893700673,0.0,0.0
2094,42.54685424201897,5475.554758524538,0.0,96.77145893700673,0.0,0.0
2095,42.54685424201897,5475.554758524538,0.0,96.77145893700673,0.0,0.0
2096,42.54685424201897,5475.554758524538,0.0,96.77145893700673,0.0,0.0
2097,42.54685424201897,5475.554758524538,0.0,96.77145893700673,0.0,0.0
2098,42.54685424201897,5475.554758524538,0.0,96.77145893700673,0.0,0.0
2099,42.54685424201897,5475.554758524538,0.0,96.77145893700673,0.0,0.0
2100,42.54685424201897,5475.554758524538,0.0,96.77145893700673,0.0,0.0
2101,42.54685424201897,5475.554758524538,0.0,96.77145893700673,0.0,0.0
2102,42.54685424201897,5475.554758524538,0.0,96.77145893700673,0.0,0.0
2103,42.54685424201897,5475.554758524538,0.0,96.77145893700673,0.0,0.0
2104,42.54685424201897,5475.554758524538,0.0,96.77145893700673,0.0,0.0
2105,42.54685424201897,5475.554758524538,0.0,96.77145893700673,0.0,0.0
2106,42.54685424201897,5475.554758524538,0.0,96.77145893700673,0.0,0.0
2107,42.54685424201897,5475.554758524538,0.0,96.77145893700673,0.0,0.0
2108,42.54685424201897,5475.554758524538,0.0,96.77145893700673,0.0,0.0
2109,42.54685424201897,5475.554758524538,0.0,96.77145893700673,0.0,0.0
2110,42.54685424201897,5475.554758524538,0.0,96.77145893700673,0.0,0.0
2111,42.54685424201897,5475.554758524538,0.0,96.77145893700673,0.0,0.0
2112,42.54685424201897,5475.554758524538,0.0,96.77145893700673,0.0,0.0
2113,42.54685424201897,5475.554758524538,0.0,96.77145893700673,0.0,0.0
2114,42.54685424201897,5475.554758524538,0.0,96.77145893700673,0.0,0.0
2115,42.54685424201897,5475.554758524538,0.0,96.77145893700673,0.0,0.0
2116,42.54685424201897,5475.554758524538,0.0,96.77145893700673,0.0,0.0
2117,42.54685424201897,5475.554758524538,0.0,96.77145893700673,0.0,0.0
2118,42.54685424201897,5475.554758524538,0.0,96.77145893700673,0.0,0.0
2119,42.54685424201897,5475.554758524538,0.0,96.77145893700673,0.0,0.0
2120,42.54685424201897,5475.554758524538,0.0,96.77145893700673,0.0,0.0
2121,42.54685424201897,5475.554758524538,0.0,96.77145893700673,0.0,0.0
2122,42.54685424201897,5475.554758524538,0.0,96.77145893700673,0.0,0.0
2123,42.54685424201897,5475.554758524538,0.0,96.77145893700673,0.0,0.0
2124,42.54685424201897,5475.554758524538,0.0,96.77145893700673,0.0,0.0
2125,42.54685424201897,5475.554758524538,0.0,96.77145893700673,0.0,0.0
2126,42.54685424201897,5475.554758524538,0.0,96.77145893700673,0.0,0.0
2127,42.54685424201897,5475.554758524538,0.0,96.77145893700673,0.0,0.0
2128,42.54685424201897,5475.554758524538,0.0,96.77145893700673,0.0,0.0
2129,42.54685424201897,5475.554758524538,0.0,96.77145893700673,0.0,0.0
2130,42.54685424201897,5475.554758524538,0.0,96.77145893700673,0.0,0.0
2131,42.54685424201897,5475.554758524538,0.0,96.77145893700673,0.0,0.0
2132,42.54685424201897,5475.554758524538,0.0,96.77145893700673,0.0,0.0
2133,42.54685424201897,5475.554758524538,0.0,96.77145893700673,0.0,0.0
2134,42.54685424201897,5475.554758524538,0.0,96.77145893700673,0.0,0.0
2135,42.54685424201897,5475.554758524538,0.0,96.77145893700673,0.0,0.0
2136,42.54685424201897,5475.554758524538,0.0,96.77145893700673,0.0,0.0
2137,42.54685424201897,5475.554758524538,0.0,96.77145893700673,0.0,0.0
2138,42.54685424201897,5475.554758524538,0.0,96.77145893700673,0.0,0.0
2139,42.54685424201897,5475.554758524538,0.0,96.77145893700673,0.0,0.0
2140,42.54685424201897,5475.554758524538,0.0,96.77145893700673,0.0,0.0
2141,42.54685424201897,5475.554758524538,0.0,96.77145893700673,0.0,0.0
2142,42.54685424201897,5475.554758524538,0.0,96.77145893700673,0.0,0.0
2143,42.54685424201897,5475.554758524538,0.0,96.77145893700673,0.0,0.0
2144,42.54685424201897,5475.554758524538,0.0,96.77145893700673,0.0,0.0
2145,42.54685424201897,5475.554758524538,0.0,96.77145893700673,0.0,0.0
2146,42.54685424201897,5475.554758524538,0.0,96.77145893700673,0.0,0.0
2147,42.54685424201897,5475.554758524538,0.0,96.77145893700673,0.0,0.0
2148,42.54685424201897,5475.554758524538,0.0,96.77145893700673,0.0,0.0
2149,42.54685424201897,5475.554758524538,0.0,96.77145893700673,0.0,0.0
2150,42.54685424201897,5475.554758524538,0.0,96.77145893700673,0.0,0.0
2151,42.54685424201897,5475.554758524538,0.0,96.77145893700673,0.0,0.0
2152,42.54685424201897,5475.554758524538,0.0,96.77145893700673,0.0,0.0
2153,42.54685424201897,5475.554758524538,0.0,96.77145893700673,0.0,0.0
2154,42.54685424201897,5475.554758524538,0.0,96.77145893700673,0.0,0.0
2155,42.54685424201897,5475.554758524538,0.0,96.77145893700673,0.0,0.0
2156,42.54685424201897,5475.554758524538,0.0,96.77145893700673,0.0,0.0
2157,42.54685424201897,5475.554758524538,0.0,96.77145893700673,0.0,0.0
2158,42.54685424201897,5475.554758524538,0.0,96.77145893700673,0.0,0.0
2159,42.54685424201897,5475.554758524538,0.0,96.77145893700673,0.0,0.0
2160,42.54685424201897,5475.554758524538,0.0,96.77145893700673,0.0,0.0
2161,42.54685424201897,5475.554758524538,0.0,96.77145893700673,0.0,0.0
2162,42.54685424201897,5475.554758524538,0.0,96.77145893700673,0.0,0.0
2163,42.54685424201897,5475.554758524538,0.0,96.77145893700673,0.0,0.0
2164,42.54685424201897,5475.554758524538,0.0,96.77145893700673,0.0,0.0
2165,42.54685424201897,5475.554758524538,0.0,96.77145893700673,0.0,0.0
2166,42.54685424201897,5475.554758524538,0.0,96.77145893700673,0.0,0.0
2167,42.54685424201897,5475.554758524538,0.0,96.77145893700673,0.0,0.0
2168,42.54685424201897,5475.554758524538,0.0,96.77145893700673,0.0,0.0
2169,42.54685424201897,5475.554758524538,0.0,96.77145893700673,0.0,0.0
2170,42.54685424201897,5475.554758524538,0.0,96.77145893700673,0.0,0.0
2171,42.54685424201897,5475.554758524538,0.0,96.77145893700673,0.0,0.0
2172,42.54685424201897,5475.554758524538,0.0,96.77145893700673,0.0,0.0
2173,42.54685424201897,5475.554758524538,0.0,96.77145893700673,0.0,0.0
2174,42.54685424201897,5475.554758524538,0.0,96.77145893700673,0.0,0.0
2175,42.54685424201897,5475.554758524538,0.0,96.77145893700673,0.0,0.0
2176,42.54685424201897,5475.554758524538,0.0,96.77145893700673,0.0,0.0
2177,42.54685424201897,5475.554758524538,0.0,96.77145893700673,0.0,0.0
2178,42.54685424201897,5475.554758524538,0.0,96.77145893700673,0.0,0.0
2179,42.54685424201897,5475.554758524538,0.0,96.77145893700673,0.0,0.0
2180,42.54685424201897,5475.554758524538,0.0,96.77145893700673,0.0,0.0
2181,42.54685424201897,5475.554758524538,0.0,96.77145893700673,0.0,0.0
2182,42.54685424201897,5475.554758524538,0.0,96.77145893700673,0.0,0.0
2183,42.54685424201897,5475.554758524538,0.0,96.77145893700673,0.0,0.0
2184,49.86614381038492,5185.86403632957,0.0,117.23214915841578,0.0,0.0
2185,49.86614381038492,5185.86403632957,0.0,117.23214915841578,0.0,0.0
2186,49.86614381038492,5185.86403632957,0.0,117.23214915841578,0.0,0.0
2187,49.86614381038492,5185.86403632957,0.0,117.23214915841578,0.0,0.0
2188,49.86614381038492,5185.86403632957,0.0,117.23214915841578,0.0,0.0
2189,49.86614381038492,5185.86403632957,0.0,117.23214915841578,0.0,0.0
2190,49.86614381038492,5185.86403632957,0.0,117.23214915841578,0.0,0.0
2191,49.86614381038492,5185.86403632957,0.0,117.23214915841578,0.0,0.0
2192,49.86614381038492,5185.86403632957,0.0,117.23214915841578,0.0,0.0
2193,49.86614381038492,5185.86403632957,0.0,117.23214915841578,0.0,0.0
2194,49.86614381038492,5185.86403632957,0.0,117.23214915841578,0.0,0.0
2195,49.86614381038492,5185.86403632957,0.0,117.23214915841578,0.0,0.0
2196,49.86614381038492,5185.86403632957,0.0,117.23214915841578,0.0,0.0
2197,49.86614381038492,5185.86403632957,0.0,117.23214915841578,0.0,0.0
2198,49.86614381038492,5185.86403632957,0.0,117.23214915841578,0.0,0.0
2199,49.86614381038492,5185.86403632957,0.0,117.23214915841578,0.0,0.0
2200,49.86614381038492,5185.86403632957,0.0,117.23214915841578,0.0,0.0
2201,49.86614381038492,5185.86403632957,0.0,117.23214915841578,0.0,0.0
2202,49.86614381038492,5185.86403632957,0.0,117.23214915841578,0.0,0.0
2203,49.86614381038492,5185.86403632957,0.0,117.23214915841578,0.0,0.0
2204,49.86614381038492,5185.86403632957,0.0,117.23214915841578,0.0,0.0
2205,49.86614381038492,5185.86403632957,0.0,117.23214915841578,0.0,0.0
2206,49.86614381038492,5185.86403632957,0.0,117.23214915841578,0.0,0.0
2207,49.86614381038492,5185.86403632957,0.0,117.23214915841578,0.0,0.0
2208,49.86614381038492,5185.86403632957,0.0,117.23214915841578,0.0,0.0
2209,49.86614381038492,5185.86403632957,0.0,117.23214915841578,0.0,0.0
2210,49.86614381038492,5185.86403632957,0.0,117.23214915841578,0.0,0.0
2211,49.86614381038492,5185.86403632957,0.0,117.23214915841578,0.0,0.0
2212,49.86614381038492,5185.86403632957,0.0,117.23214915841578,0.0,0.0
2213,49.86614381038492,5185.86403632957,0.0,117.23214915841578,0.0,0.0
2214,49.86614381038492,5185.86403632957,0.0,117.23214915841578,0.0,0.0
2215,49.86614381038492,5185.86403632957,0.0,117.23214915841578,0.0,0.0
2216,49.86614381038492,5185.86403632957,0.0,117.23214915841578,0.0,0.0
2217,49.86614381038492,5185.86403632957,0.0,117.23214915841578,0.0,0.0
2218,49.86614381038492,5185.86403632957,0.0,117.23214915841578,0.0,0.0
2219,49.86614381038492,5185.86403632957,0.0,117.23214915841578,0.0,0.0
2220,49.86614381038492,5185.86403632957,0.0,117.23214915841578,0.0,0.0
2221,49.86614381038492,5185.86403632957,0.0,117.23214915841578,0.0,0.0
2222,49.86614381038492,5185.86403632957,0.0,117.23214915841578,0.0,0.0
2223,49.86614381038492,5185.86403632957,0.0,117.23214915841578,0.0,0.0
2224,49.86614381038492,5185.86403632957,0.0,117.23214915841578,0.0,0.0
2225,49.86614381038492,5185.86403632957,0.0,117.23214915841578,0.0,0.0
2226,49.86614381038492,5185.86403632957,0.0,117.23214915841578,0.0,0.0
2227,49.86614381038492,5185.86403632957,0.0,117.23214915841578,0.0,0.0
2228,49.86614381038492,5185.86403632957,0.0,117.23214915841578,0.0,0.0
2229,49.86614381038492,5185.86403632957,0.0,117.23214915841578,0.0,0.0
2230,49.86614381038492,5185.86403632957,0.0,117.23214915841578,0.0,0.0
2231,49.86614381038492,5185.86403632957,0.0,117.23214915841578,0.0,0.0
2232,49.86614381038492,5185.86403632957,0.0,117.23214915841578,0.0,0.0
2233,49.86614381038492,5185.86403632957,0.0,117.23214915841578,0.0,0.0
2234,49.86614381038492,5185.86403632957,0.0,117.23214915841578,0.0,0.0
2235,49.86614381038492,5185.86403632957,0.0,117.23214915841578,0.0,0.0
2236,49.86614381038492,5185.86403632957,0.0,117.23214915841578,0.0,0.0
2237,49.86614381038492,5185.86403632957,0.0,117.23214915841578,0.0,0.0
2238,49.86614381038492,5185.86403632957,0.0,117.23214915841578,0.0,0.0
2239,49.86614381038492,5185.86403632957,0.0,117.23214915841578,0.0,0.0
2240,49.86614381038492,5185.86403632957,0.0,117.23214915841578,0.0,0.0
2241,49.86614381038492,5185.86403632957,0.0,117.23214915841578,0.0,0.0
2242,49.86614381038492,5185.86403632957,0.0,117.23214915841578,0.0,0.0
2243,49.86614381038492,5185.86403632957,0.0,117.23214915841578,0.0,0.0
2244,49.86614381038492,5185.86403632957,0.0,117.23214915841578,0.0,0.0
2245,49.86614381038492,5185.86403632957,0.0,117.23214915841578,0.0,0.0
2246,49.86614381038492,5185.86403632957,0.0,117.23214915841578,0.0,0.0
2247,49.86614381038492,5185.86403632957,0.0,117.23214915841578,0.0,0.0
2248,49.86614381038492,5185.86403632957,0.0,117.23214915841578,0.0,0.0
2249,49.86614381038492,5185.86403632957,0.0,117.23214915841578,0.0,0.0
2250,49.86614381038492,5185.86403632957,0.0,117.23214915841578,0.0,0.0
2251,49.86614381038492,5185.86403632957,0.0,117.23214915841578,0.0,0.0
2252,49.86614381038492,5185.86403632957,0.0,117.23214915841578,0.0,0.0
2253,49.86614381038492,5185.86403632957,0.0,117.23214915841578,0.0,0.0
2254,49.86614381038492,5185.86403632957,0.0,117.23214915841578,0.0,0.0
2255,49.86614381038492,5185.86403632957,0.0,117.23214915841578,0.0,0.0
2256,49.86614381038492,5185.86403632957,0.0,117.23214915841578,0.0,0.0
2257,49.86614381038492,5185.86403632957,0.0,117.23214915841578,0.0,0.0
2258,49.86614381038492,5185.86403632957,0.0,117.23214915841578,0.0,0.0
2259,49.86614381038492,5185.86403632957,0.0,117.23214915841578,0.0,0.0
2260,49.86614381038492,5185.86403632957,0.0,117.23214915841578,0.0,0.0
2261,49.86614381038492,5185.86403632957,0.0,117.23214915841578,0.0,0.0
2262,49.86614381038492,5185.86403632957,0.0,117.23214915841578,0.0,0.0
2263,49.86614381038492,5185.86403632957,0.0,117.23214915841578,0.0,0.0
2264,49.86614381038492,5185.86403632957,0.0,117.23214915841578,0.0,0.0
2265,49.86614381038492,5185.86403632957,0.0,117.23214915841578,0.0,0.0
2266,49.86614381038492,5185.86403632957,0.0,117.23214915841578,0.0,0.0
2267,49.86614381038492,5185.86403632957,0.0,117.23214915841578,0.0,0.0
2268,49.86614381038492,5185.86403632957,0.0,117.23214915841578,0.0,0.0
2269,49.86614381038492,5185.86403632957,0.0,117.23214915841578,0.0,0.0
2270,49.86614381038492,5185.86403632957,0.0,117.23214915841578,0.0,0.0
2271,49.86614381038492,5185.86403632957,0.0,117.23214915841578,0.0,0.0
2272,49.86614381038492,5185.86403632957,0.0,117.23214915841578,0.0,0.0
2273,49.86614381038492,5185.86403632957,0.0,117.23214915841578,0.0,0.0
2274,49.86614381038492,5185.86403632957,0.0,117.23214915841578,0.0,0.0
2275,49.86614381038492,5185.86403632957,0.0,117.23214915841578,0.0,0.0
2276,49.86614381038492,5185.86403632957,0.0,117.23214915841578,0.0,0.0
2277,49.86614381038492,5185.86403632957,0.0,117.23214915841578,0.0,0.0
2278,49.86614381038492,5185.86403632957,0.0,117.23214915841578,0.0,0.0
2279,49.86614381038492,5185.86403632957,0.0,117.23214915841578,0.0,0.0
2280,49.86614381038492,5185.86403632957,0.0,117.23214915841578,0.0,0.0
2281,49.86614381038492,5185.86403632957,0.0,117.23214915841578,0.0,0.0
2282,49.86614381038492,5185.86403632957,0.0,117.23214915841578,0.0,0.0
2283,49.86614381038492,5185.86403632957,0.0,117.23214915841578,0.0,0.0
2284,49.86614381038492,5185.86403632957,0.0,117.23214915841578,0.0,0.0
2285,49.86614381038492,5185.86403632957,0.0,117.23214915841578,0.0,0.0
2286,49.86614381038492,5185.86403632957,0.0,117.23214915841578,0.0,0.0
2287,49.86614381038492,5185.86403632957,0.0,117.23214915841578,0.0,0.0
2288,49.86614381038492,5185.86403632957,0.0,117.23214915841578,0.0,0.0
2289,49.86614381038492,5185.86403632957,0.0,117.23214915841578,0.0,0.0
2290,49.86614381038492,5185.86403632957,0.0,117.23214915841578,0.0,0.0
2291,49.86614381038492,5185.86403632957,0.0,117.23214915841578,0.0,0.0
2292,49.86614381038492,5185.86403632957,0.0,117.23214915841578,0.0,0.0
2293,49.86614381038492,5185.86403632957,0.0,117.23214915841578,0.0,0.0
2294,49.86614381038492,5185.86403632957,0.0,117.23214915841578,0.0,0.0
2295,49.86614381038492,5185.86403632957,0.0,117.23214915841578,0.0,0.0
2296,49.86614381038492,5185.86403632957,0.0,117.23214915841578,0.0,0.0
2297,49.86614381038492,5185.86403632957,0.0,117.23214915841578,0.0,0.0
2298,49.86614381038492,5185.86403632957,0.0,117.23214915841578,0.0,0.0
2299,49.86614381038492,5185.86403632957,0.0,117.23214915841578,0.0,0.0
2300,49.86614381038492,5185.86403632957,0.0,117.23214915841578,0.0,0.0
2301,49.86614381038492,5185.86403632957,0.0,117.23214915841578,0.0,0.0
2302,49.86614381038492,5185.86403632957,0.0,117.23214915841578,0.0,0.0
2303,49.86614381038492,5185.86403632957,0.0,117.23214915841578,0.0,0.0
2304,49.86614381038492,5185.86403632957,0.0,117.23214915841578,0.0,0.0
2305,49.86614381038492,5185.86403632957,0.0,117.23214915841578,0.0,0.0
2306,49.86614381038492,5185.86403632957,0.0,117.23214915841578,0.0,0.0
2307,49.86614381038492,5185.86403632957,0.0,117.23214915841578,0.0,0.0
2308,49.86614381038492,5185.86403632957,0.0,117.23214915841578,0.0,0.0
2309,49.86614381038492,5185.86403632957,0.0,117.23214915841578,0.0,0.0
2310,49.86614381038492,5185.86403632957,0.0,117.23214915841578,0.0,0.0
2311,49.86614381038492,5185.86403632957,0.0,117.23214915841578,0.0,0.0
2312,49.86614381038492,5185.86403632957,0.0,117.23214915841578,0.0,0.0
2313,49.86614381038492,5185.86403632957,0.0,117.23214915841578,0.0,0.0
2314,49.86614381038492,5185.86403632957,0.0,117.23214915841578,0.0,0.0
2315,49.86614381038492,5185.86403632957,0.0,117.23214915841578,0.0,0.0
2316,49.86614381038492,5185.86403632957,0.0,117.23214915841578,0.0,0.0
2317,49.86614381038492,5185.86403632957,0.0,117.23214915841578,0.0,0.0
2318,49.86614381038492,5185.86403632957,0.0,117.23214915841578,0.0,0.0
2319,49.86614381038492,5185.86403632957,0.0,117.23214915841578,0.0,0.0
2320,49.86614381038492,5185.86403632957,0.0,117.23214915841578,0.0,0.0
2321,49.86614381038492,5185.86403632957,0.0,117.23214915841578,0.0,0.0
2322,49.86614381038492,5185.86403632957,0.0,117.23214915841578,0.0,0.0
2323,49.86614381038492,5185.86403632957,0.0,117.23214915841578,0.0,0.0
2324,49.86614381038492,5185.86403632957,0.0,117.23214915841578,0.0,0.0
2325,49.86614381038492,5185.86403632957,0.0,117.23214915841578,0.0,0.0
2326,49.86614381038492,5185.86403632957,0.0,117.23214915841578,0.0,0.0
2327,49.86614381038492,5185.86403632957,0.0,117.23214915841578,0.0,0.0
2328,49.86614381038492,5185.86403632957,0.0,117.23214915841578,0.0,0.0
2329,49.86614381038492,5185.86403632957,0.0,117.23214915841578,0.0,0.0
2330,49.86614381038492,5185.86403632957,0.0,117.23214915841578,0.0,0.0
2331,49.86614381038492,5185.86403632957,0.0,117.23214915841578,0.0,0.0
2332,49.86614381038492,5185.86403632957,0.0,117.23214915841578,0.0,0.0
2333,49.86614381038492,5185.86403632957,0.0,117.23214915841578,0.0,0.0
2334,49.86614381038492,5185.86403632957,0.0,117.23214915841578,0.0,0.0
2335,49.86614381038492,5185.86403632957,0.0,117.23214915841578,0.0,0.0
2336,49.86614381038492,5185.86403632957,0.0,117.23214915841578,0.0,0.0
2337,49.86614381038492,5185.86403632957,0.0,117.23214915841578,0.0,0.0
2338,49.86614381038492,5185.86403632957,0.0,117.23214915841578,0.0,0.0
2339,49.86614381038492,5185.86403632957,0.0,117.23214915841578,0.0,0.0
2340,49.86614381038492,5185.86403632957,0.0,117.23214915841578,0.0,0.0
2341,49.86614381038492,5185.86403632957,0.0,117.23214915841578,0.0,0.0
2342,49.86614381038492,5185.86403632957,0.0,117.23214915841578,0.0,0.0
2343,49.86614381038492,5185.86403632957,0.0,117.23214915841578,0.0,0.0
2344,49.86614381038492,5185.86403632957,0.0,117.23214915841578,0.0,0.0
2345,49.86614381038492,5185.86403632957,0.0,117.23214915841578,0.0,0.0
2346,49.86614381038492,5185.86403632957,0.0,117.23214915841578,0.0,0.0
2347,49.86614381038492,5185.86403632957,0.0,117.23214915841578,0.0,0.0
2348,49.86614381038492,5185.86403632957,0.0,117.23214915841578,0.0,0.0
2349,49.86614381038492,5185.86403632957,0.0,117.23214915841578,0.0,0.0
2350,49.86614381038492,5185.86403632957,0.0,117.23214915841578,0.0,0.0
2351,49.86614381038492,5185.86403632957,0.0,117.23214915841578,0.0,0.0
2352,39.934717869680675,6210.94505757182,0.0,108.92337542067582,0.0,0.0
2353,39.934717869680675,6210.94505757182,0.0,108.92337542067582,0.0,0.0
2354,39.934717869680675,6210.94505757182,0.0,108.92337542067582,0.0,0.0
2355,39.934717869680675,6210.94505757182,0.0,108.92337542067582,0.0,0.0
2356,39.934717869680675,6210.94505757182,0.0,108.92337542067582,0.0,0.0
2357,39.934717869680675,6210.94505757182,0.0,108.92337542067582,0.0,0.0
2358,39.934717869680675,6210.94505757182,0.0,108.92337542067582,0.0,0.0
2359,39.934717869680675,6210.94505757182,0.0,108.92337542067582,0.0,0.0
2360,39.934717869680675,6210.94505757182,0.0,108.92337542067582,0.0,0.0
2361,39.934717869680675,6210.94505757182,0.0,108.92337542067582,0.0,0.0
2362,39.934717869680675,6210.94505757182,0.0,108.92337542067582,0.0,0.0
2363,39.934717869680675,6210.94505757182,0.0,108.92337542067582,0.0,0.0
2364,39.934717869680675,6210.94505757182,0.0,108.92337542067582,0.0,0.0
2365,39.934717869680675,6210.94505757182,0.0,108.92337542067582,0.0,0.0
2366,39.934717869680675,6210.94505757182,0.0,108.92337542067582,0.0,0.0
2367,39.934717869680675,6210.94505757182,0.0,108.92337542067582,0.0,0.0
2368,39.934717869680675,6210.94505757182,0.0,108.92337542067582,0.0,0.0
2369,39.934717869680675,6210.94505757182,0.0,108.92337542067582,0.0,0.0
2370,39.934717869680675,6210.94505757182,0.0,108.92337542067582,0.0,0.0
2371,39.934717869680675,6210.94505757182,0.0,108.92337542067582,0.0,0.0
2372,39.934717869680675,6210.94505757182,0.0,108.92337542067582,0.0,0.0
2373,39.934717869680675,6210.94505757182,0.0,108.92337542067582,0.0,0.0
2374,39.934717869680675,6210.94505757182,0.0,108.92337542067582,0.0,0.0
2375,39.934717869680675,6210.94505757182,0.0,108.92337542067582,0.0,0.0
2376,39.934717869680675,6210.94505757182,0.0,108.92337542067582,0.0,0.0
2377,39.934717869680675,6210.94505757182,0.0,108.92337542067582,0.0,0.0
2378,39.934717869680675,6210.94505757182,0.0,108.92337542067582,0.0,0.0
2379,39.934717869680675,6210.94505757182,0.0,108.92337542067582,0.0,0.0
2380,39.934717869680675,6210.94505757182,0.0,108.92337542067582,0.0,0.0
2381,39.934717869680675,6210.94505757182,0.0,108.92337542067582,0.0,0.0
2382,39.934717869680675,6210.94505757182,0.0,108.92337542067582,0.0,0.0
2383,39.934717869680675,6210.94505757182,0.0,108.92337542067582,0.0,0.0
2384,39.934717869680675,6210.94505757182,0.0,108.92337542067582,0.0,0.0
2385,39.934717869680675,6210.94505757182,0.0,108.92337542067582,0.0,0.0
2386,39.934717869680675,6210.94505757182,0.0,108.92337542067582,0.0,0.0
2387,39.934717869680675,6210.94505757182,0.0,108.92337542067582,0.0,0.0
2388,39.934717869680675,6210.94505757182,0.0,108.92337542067582,0.0,0.0
2389,39.934717869680675,6210.94505757182,0.0,108.92337542067582,0.0,0.0
2390,39.934717869680675,6210.94505757182,0.0,108.92337542067582,0.0,0.0
2391,39.934717869680675,6210.94505757182,0.0,108.92337542067582,0.0,0.0
2392,39.934717869680675,6210.94505757182,0.0,108.92337542067582,0.0,0.0
2393,39.934717869680675,6210.94505757182,0.0,108.92337542067582,0.0,0.0
2394,39.934717869680675,6210.94505757182,0.0,108.92337542067582,0.0,0.0
2395,39.934717869680675,6210.94505757182,0.0,108.92337542067582,0.0,0.0
2396,39.934717869680675,6210.94505757182,0.0,108.92337542067582,0.0,0.0
2397,39.934717869680675,6210.94505757182,0.0,108.92337542067582,0.0,0.0
2398,39.934717869680675,6210.94505757182,0.0,108.92337542067582,0.0,0.0
2399,39.934717869680675,6210.94505757182,0.0,108.92337542067582,0.0,0.0
2400,39.934717869680675,6210.94505757182,0.0,108.92337542067582,0.0,0.0
2401,39.934717869680675,6210.94505757182,0.0,108.92337542067582,0.0,0.0
2402,39.934717869680675,6210.94505757182,0.0,108.92337542067582,0.0,0.0
2403,39.934717869680675,6210.94505757182,0.0,108.92337542067582,0.0,0.0
2404,39.934717869680675,6210.94505757182,0.0,108.92337542067582,0.0,0.0
2405,39.934717869680675,6210.94505757182,0.0,108.92337542067582,0.0,0.0
2406,39.934717869680675,6210.94505757182,0.0,108.92337542067582,0.0,0.0
2407,39.934717869680675,6210.94505757182,0.0,108.92337542067582,0.0,0.0
2408,39.934717869680675,6210.94505757182,0.0,108.92337542067582,0.0,0.0
2409,39.934717869680675,6210.94505757182,0.0,108.92337542067582,0.0,0.0
2410,39.934717869680675,6210.94505757182,0.0,108.92337542067582,0.0,0.0
2411,39.934717869680675,6210.94505757182,0.0,108.92337542067582,0.0,0.0
2412,39.934717869680675,6210.94505757182,0.0,108.92337542067582,0.0,0.0
2413,39.934717869680675,6210.94505757182,0.0,108.92337542067582,0.0,0.0
2414,39.934717869680675,6210.94505757182,0.0,108.92337542067582,0.0,0.0
2415,39.934717869680675,6210.94505757182,0.0,108.92337542067582,0.0,0.0
2416,39.934717869680675,6210.94505757182,0.0,108.92337542067582,0.0,0.0
2417,39.934717869680675,6210.94505757182,0.0,108.92337542067582,0.0,0.0
2418,39.934717869680675,6210.94505757182,0.0,108.92337542067582,0.0,0.0
2419,39.934717869680675,6210.94505757182,0.0,108.92337542067582,0.0,0.0
2420,39.934717869680675,6210.94505757182,0.0,108.92337542067582,0.0,0.0
2421,39.934717869680675,6210.94505757182,0.0,108.92337542067582,0.0,0.0
2422,39.934717869680675,6210.94505757182,0.0,108.92337542067582,0.0,0.0
2423,39.934717869680675,6210.94505757182,0.0,108.92337542067582,0.0,0.0
2424,39.934717869680675,6210.94505757182,0.0,108.92337542067582,0.0,0.0
2425,39.934717869680675,6210.94505757182,0.0,108.92337542067582,0.0,0.0
2426,39.934717869680675,6210.94505757182,0.0,108.92337542067582,0.0,0.0
2427,39.934717869680675,6210.94505757182,0.0,108.92337542067582,0.0,0.0
2428,39.934717869680675,6210.94505757182,0.0,108.92337542067582,0.0,0.0
2429,39.934717869680675,6210.94505757182,0.0,108.92337542067582,0.0,0.0
2430,39.934717869680675,6210.94505757182,0.0,108.92337542067582,0.0,0.0
2431,39.934717869680675,6210.94505757182,0.0,108.92337542067582,0.0,0.0
2432,39.934717869680675,6210.94505757182,0.0,108.92337542067582,0.0,0.0
2433,39.934717869680675,6210.94505757182,0.0,108.92337542067582,0.0,0.0
2434,39.934717869680675,6210.94505757182,0.0,108.92337542067582,0.0,0.0
2435,39.934717869680675,6210.94505757182,0.0,108.92337542067582,0.0,0.0
2436,39.934717869680675,6210.94505757182,0.0,108.92337542067582,0.0,0.0
2437,39.934717869680675,6210.94505757182,0.0,108.92337542067582,0.0,0.0
2438,39.934717869680675,6210.94505757182,0.0,108.92337542067582,0.0,0.0
2439,39.934717869680675,6210.94505757182,0.0,108.92337542067582,0.0,0.0
2440,39.934717869680675,6210.94505757182,0.0,108.92337542067582,0.0,0.0
2441,39.934717869680675,6210.94505757182,0.0,108.92337542067582,0.0,0.0
2442,39.934717869680675,6210.94505757182,0.0,108.92337542067582,0.0,0.0
2443,39.934717869680675,6210.94505757182,0.0,108.92337542067582,0.0,0.0
2444,39.934717869680675,6210.94505757182,0.0,108.92337542067582,0.0,0.0
2445,39.934717869680675,6210.94505757182,0.0,108.92337542067582,0.0,0.0
2446,39.934717869680675,6210.94505757182,0.0,108.92337542067582,0.0,0.0
2447,39.934717869680675,6210.94505757182,0.0,108.92337542067582,0.0,0.0
2448,39.934717869680675,6210.94505757182,0.0,108.92337542067582,0.0,0.0
2449,39.934717869680675,6210.94505757182,0.0,108.92337542067582,0.0,0.0
2450,39.934717869680675,6210.94505757182,0.0,108.92337542067582,0.0,0.0
2451,39.934717869680675,6210.94505757182,0.0,108.92337542067582,0.0,0.0
2452,39.934717869680675,6210.94505757182,0.0,108.92337542067582,0.0,0.0
2453,39.934717869680675,6210.94505757182,0.0,108.92337542067582,0.0,0.0
2454,39.934717869680675,6210.94505757182,0.0,108.92337542067582,0.0,0.0
2455,39.934717869680675,6210.94505757182,0.0,108.92337542067582,0.0,0.0
2456,39.934717869680675,6210.94505757182,0.0,108.92337542067582,0.0,0.0
2457,39.934717869680675,6210.94505757182,0.0,108.92337542067582,0.0,0.0
2458,39.934717869680675,6210.94505757182,0.0,108.92337542067582,0.0,0.0
2459,39.934717869680675,6210.94505757182,0.0,108.92337542067582,0.0,0.0
2460,39.934717869680675,6210.94505757182,0.0,108.92337542067582,0.0,0.0
2461,39.934717869680675,6210.94505757182,0.0,108.92337542067582,0.0,0.0
2462,39.934717869680675,6210.94505757182,0.0,108.92337542067582,0.0,0.0
2463,39.934717869680675,6210.94505757182,0.0,108.92337542067582,0.0,0.0
2464,39.934717869680675,6210.94505757182,0.0,108.92337542067582,0.0,0.0
2465,39.934717869680675,6210.94505757182,0.0,108.92337542067582,0.0,0.0
2466,39.934717869680675,6210.94505757182,0.0,108.92337542067582,0.0,0.0
2467,39.934717869680675,6210.94505757182,0.0,108.92337542067582,0.0,0.0
2468,39.934717869680675,6210.94505757182,0.0,108.92337542067582,0.0,0.0
2469,39.934717869680675,6210.94505757182,0.0,108.92337542067582,0.0,0.0
2470,39.934717869680675,6210.94505757182,0.0,108.92337542067582,0.0,0.0
2471,39.934717869680675,6210.94505757182,0.0,108.92337542067582,0.0,0.0
2472,39.934717869680675,6210.94505757182,0.0,108.92337542067582,0.0,0.0
2473,39.934717869680675,6210.94505757182,0.0,108.92337542067582,0.0,0.0
2474,39.934717869680675,6210.94505757182,0.0,108.92337542067582,0.0,0.0
2475,39.934717869680675,6210.94505757182,0.0,108.92337542067582,0.0,0.0
2476,39.934717869680675,6210.94505757182,0.0,108.92337542067582,0.0,0.0
2477,39.934717869680675,6210.94505757182,0.0,108.92337542067582,0.0,0.0
2478,39.934717869680675,6210.94505757182,0.0,108.92337542067582,0.0,0.0
2479,39.934717869680675,6210.94505757182,0.0,108.92337542067582,0.0,0.0
2480,39.934717869680675,6210.94505757182,0.0,108.92337542067582,0.0,0.0
2481,39.934717869680675,6210.94505757182,0.0,108.92337542067582,0.0,0.0
2482,39.934717869680675,6210.94505757182,0.0,108.92337542067582,0.0,0.0
2483,39.934717869680675,6210.94505757182,0.0,108.92337542067582,0.0,0.0
2484,39.934717869680675,6210.94505757182,0.0,108.92337542067582,0.0,0.0
2485,39.934717869680675,6210.94505757182,0.0,108.92337542067582,0.0,0.0
2486,39.934717869680675,6210.94505757182,0.0,108.92337542067582,0.0,0.0
2487,39.934717869680675,6210.94505757182,0.0,108.92337542067582,0.0,0.0
2488,39.934717869680675,6210.94505757182,0.0,108.92337542067582,0.0,0.0
2489,39.934717869680675,6210.94505757182,0.0,108.92337542067582,0.0,0.0
2490,39.934717869680675,6210.94505757182,0.0,108.92337542067582,0.0,0.0
2491,39.934717869680675,6210.94505757182,0.0,108.92337542067582,0.0,0.0
2492,39.934717869680675,6210.94505757182,0.0,108.92337542067582,0.0,0.0
2493,39.934717869680675,6210.94505757182,0.0,108.92337542067582,0.0,0.0
2494,39.934717869680675,6210.94505757182,0.0,108.92337542067582,0.0,0.0
2495,39.934717869680675,6210.94505757182,0.0,108.92337542067582,0.0,0.0
2496,39.934717869680675,6210.94505757182,0.0,108.92337542067582,0.0,0.0
2497,39.934717869680675,6210.94505757182,0.0,108.92337542067582,0.0,0.0
2498,39.934717869680675,6210.94505757182,0.0,108.92337542067582,0.0,0.0
2499,39.934717869680675,6210.94505757182,0.0,108.92337542067582,0.0,0.0
2500,39.934717869680675,6210.94505757182,0.0,108.92337542067582,0.0,0.0
2501,39.934717869680675,6210.94505757182,0.0,108.92337542067582,0.0,0.0
2502,39.934717869680675,6210.94505757182,0.0,108.92337542067582,0.0,0.0
2503,39.934717869680675,6210.94505757182,0.0,108.92337542067582,0.0,0.0
2504,39.934717869680675,6210.94505757182,0.0,108.92337542067582,0.0,0.0
2505,39.934717869680675,6210.94505757182,0.0,108.92337542067582,0.0,0.0
2506,39.934717869680675,6210.94505757182,0.0,108.92337542067582,0.0,0.0
2507,39.934717869680675,6210.94505757182,0.0,108.92337542067582,0.0,0.0
2508,39.934717869680675,6210.94505757182,0.0,108.92337542067582,0.0,0.0
2509,39.934717869680675,6210.94505757182,0.0,108.92337542067582,0.0,0.0
2510,39.934717869680675,6210.94505757182,0.0,108.92337542067582,0.0,0.0
2511,39.934717869680675,6210.94505757182,0.0,108.92337542067582,0.0,0.0
2512,39.934717869680675,6210.94505757182,0.0,108.92337542067582,0.0,0.0
2513,39.934717869680675,6210.94505757182,0.0,108.92337542067582,0.0,0.0
2514,39.934717869680675,6210.94505757182,0.0,108.92337542067582,0.0,0.0
2515,39.934717869680675,6210.94505757182,0.0,108.92337542067582,0.0,0.0
2516,39.934717869680675,6210.94505757182,0.0,108.92337542067582,0.0,0.0
2517,39.934717869680675,6210.94505757182,0.0,108.92337542067582,0.0,0.0
2518,39.934717869680675,6210.94505757182,0.0,108.92337542067582,0.0,0.0
2519,39.934717869680675,6210.94505757182,0.0,108.92337542067582,0.0,0.0
2520,45.09235682701881,6618.008623253701,0.0,50.39065281627789,0.0,0.0
2521,45.09235682701881,6618.008623253701,0.0,50.39065281627789,0.0,0.0
2522,45.09235682701881,6618.008623253701,0.0,50.39065281627789,0.0,0.0
2523,45.09235682701881,6618.008623253701,0.0,50.39065281627789,0.0,0.0
2524,45.09235682701881,6618.008623253701,0.0,50.39065281627789,0.0,0.0
2525,45.09235682701881,6618.008623253701,0.0,50.39065281627789,0.0,0.0
2526,45.09235682701881,6618.008623253701,0.0,50.39065281627789,0.0,0.0
2527,45.09235682701881,6618.008623253701,0.0,50.39065281627789,0.0,0.0
2528,45.09235682701881,6618.008623253701,0.0,50.39065281627789,0.0,0.0
2529,45.09235682701881,6618.008623253701,0.0,50.39065281627789,0.0,0.0
2530,45.09235682701881,6618.008623253701,0.0,50.39065281627789,0.0,0.0
2531,45.09235682701881,6618.008623253701,0.0,50.39065281627789,0.0,0.0
2532,45.09235682701881,6618.008623253701,0.0,50.39065281627789,0.0,0.0
2533,45.09235682701881,6618.008623253701,0.0,50.39065281627789,0.0,0.0
2534,45.09235682701881,6618.008623253701,0.0,50.39065281627789,0.0,0.0
2535,45.09235682701881,6618.008623253701,0.0,50.39065281627789,0.0,0.0
2536,45.09235682701881,6618.008623253701,0.0,50.39065281627789,0.0,0.0
2537,45.09235682701881,6618.008623253701,0.0,50.39065281627789,0.0,0.0
2538,45.09235682701881,6618.008623253701,0.0,50.39065281627789,0.0,0.0
2539,45.09235682701881,6618.008623253701,0.0,50.39065281627789,0.0,0.0
2540,45.09235682701881,6618.008623253701,0.0,50.39065281627789,0.0,0.0
2541,45.09235682701881,6618.008623253701,0.0,50.39065281627789,0.0,0.0
2542,45.09235682701881,6618.008623253701,0.0,50.39065281627789,0.0,0.0
2543,45.09235682701881,6618.008623253701,0.0,50.39065281627789,0.0,0.0
2544,45.09235682701881,6618.008623253701,0.0,50.39065281627789,0.0,0.0
2545,45.09235682701881,6618.008623253701,0.0,50.39065281627789,0.0,0.0
2546,45.09235682701881,6618.008623253701,0.0,50.39065281627789,0.0,0.0
2547,45.09235682701881,6618.008623253701,0.0,50.39065281627789,0.0,0.0
2548,45.09235682701881,6618.008623253701,0.0,50.39065281627789,0.0,0.0
2549,45.09235682701881,6618.008623253701,0.0,50.39065281627789,0.0,0.0
2550,45.09235682701881,6618.008623253701,0.0,50.39065281627789,0.0,0.0
2551,45.09235682701881,6618.008623253701,0.0,50.39065281627789,0.0,0.0
2552,45.09235682701881,6618.008623253701,0.0,50.39065281627789,0.0,0.0
2553,45.09235682701881,6618.008623253701,0.0,50.39065281627789,0.0,0.0
2554,45.09235682701881,6618.008623253701,0.0,50.39065281627789,0.0,0.0
2555,45.09235682701881,6618.008623253701,0.0,50.39065281627789,0.0,0.0
2556,45.09235682701881,6618.008623253701,0.0,50.39065281627789,0.0,0.0
2557,45.09235682701881,6618.008623253701,0.0,50.39065281627789,0.0,0.0
2558,45.09235682701881,6618.008623253701,0.0,50.39065281627789,0.0,0.0
2559,45.09235682701881,6618.008623253701,0.0,50.39065281627789,0.0,0.0
2560,45.09235682701881,6618.008623253701,0.0,50.39065281627789,0.0,0.0
2561,45.09235682701881,6618.008623253701,0.0,50.39065281627789,0.0,0.0
2562,45.09235682701881,6618.008623253701,0.0,50.39065281627789,0.0,0.0
2563,45.09235682701881,6618.008623253701,0.0,50.39065281627789,0.0,0.0
2564,45.09235682701881,6618.008623253701,0.0,50.39065281627789,0.0,0.0
2565,45.09235682701881,6618.008623253701,0.0,50.39065281627789,0.0,0.0
2566,45.09235682701881,6618.008623253701,0.0,50.39065281627789,0.0,0.0
2567,45.09235682701881,6618.008623253701,0.0,50.39065281627789,0.0,0.0
2568,45.09235682701881,6618.008623253701,0.0,50.39065281627789,0.0,0.0
2569,45.09235682701881,6618.008623253701,0.0,50.39065281627789,0.0,0.0
2570,45.09235682701881,6618.008623253701,0.0,50.39065281627789,0.0,0.0
2571,45.09235682701881,6618.008623253701,0.0,50.39065281627789,0.0,0.0
2572,45.09235682701881,6618.008623253701,0.0,50.39065281627789,0.0,0.0
2573,45.09235682701881,6618.008623253701,0.0,50.39065281627789,0.0,0.0
2574,45.09235682701881,6618.008623253701,0.0,50.39065281627789,0.0,0.0
2575,45.09235682701881,6618.008623253701,0.0,50.39065281627789,0.0,0.0
2576,45.09235682701881,6618.008623253701,0.0,50.39065281627789,0.0,0.0
2577,45.09235682701881,6618.008623253701,0.0,50.39065281627789,0.0,0.0
2578,45.09235682701881,6618.008623253701,0.0,50.39065281627789,0.0,0.0
2579,45.09235682701881,6618.008623253701,0.0,50.39065281627789,0.0,0.0
2580,45.09235682701881,6618.008623253701,0.0,50.39065281627789,0.0,0.0
2581,45.09235682701881,6618.008623253701,0.0,50.39065281627789,0.0,0.0
2582,45.09235682701881,6618.008623253701,0.0,50.39065281627789,0.0,0.0
2583,45.09235682701881,6618.008623253701,0.0,50.39065281627789,0.0,0.0
2584,45.09235682701881,6618.008623253701,0.0,50.39065281627789,0.0,0.0
2585,45.09235682701881,6618.008623253701,0.0,50.39065281627789,0.0,0.0
2586,45.09235682701881,6618.008623253701,0.0,50.39065281627789,0.0,0.0
2587,45.09235682701881,6618.008623253701,0.0,50.39065281627789,0.0,0.0
2588,45.09235682701881,6618.008623253701,0.0,50.39065281627789,0.0,0.0
2589,45.09235682701881,6618.008623253701,0.0,50.39065281627789,0.0,0.0
2590,45.09235682701881,6618.008623253701,0.0,50.39065281627789,0.0,0.0
2591,45.09235682701881,6618.008623253701,0.0,50.39065281627789,0.0,0.0
2592,45.09235682701881,6618.008623253701,0.0,50.39065281627789,0.0,0.0
2593,45.09235682701881,6618.008623253701,0.0,50.39065281627789,0.0,0.0
2594,45.09235682701881,6618.008623253701,0.0,50.39065281627789,0.0,0.0
2595,45.09235682701881,6618.008623253701,0.0,50.39065281627789,0.0,0.0
2596,45.09235682701881,6618.008623253701,0.0,50.39065281627789,0.0,0.0
2597,45.09235682701881,6618.008623253701,0.0,50.39065281627789,0.0,0.0
2598,45.09235682701881,6618.008623253701,0.0,50.39065281627789,0.0,0.0
2599,45.09235682701881,6618.008623253701,0.0,50.39065281627789,0.0,0.0
2600,45.09235682701881,6618.008623253701,0.0,50.39065281627789,0.0,0.0
2601,45.09235682701881,6618.008623253701,0.0,50.39065281627789,0.0,0.0
2602,45.09235682701881,6618.008623253701,0.0,50.39065281627789,0.0,0.0
2603,45.09235682701881,6618.008623253701,0.0,50.39065281627789,0.0,0.0
2604,45.09235682701881,6618.008623253701,0.0,50.39065281627789,0.0,0.0
2605,45.09235682701881,6618.008623253701,0.0,50.39065281627789,0.0,0.0
2606,45.09235682701881,6618.008623253701,0.0,50.39065281627789,0.0,0.0
2607,45.09235682701881,6618.008623253701,0.0,50.39065281627789,0.0,0.0
2608,45.09235682701881,6618.008623253701,0.0,50.39065281627789,0.0,0.0
2609,45.09235682701881,6618.008623253701,0.0,50.39065281627789,0.0,0.0
2610,45.09235682701881,6618.008623253701,0.0,50.39065281627789,0.0,0.0
2611,45.09235682701881,6618.008623253701,0.0,50.39065281627789,0.0,0.0
2612,45.09235682701881,6618.008623253701,0.0,50.39065281627789,0.0,0.0
2613,45.09235682701881,6618.008623253701,0.0,50.39065281627789,0.0,0.0
2614,45.09235682701881,6618.008623253701,0.0,50.39065281627789,0.0,0.0
2615,45.09235682701881,6618.008623253701,0.0,50.39065281627789,0.0,0.0
2616,45.09235682701881,6618.008623253701,0.0,50.39065281627789,0.0,0.0
2617,45.09235682701881,6618.008623253701,0.0,50.39065281627789,0.0,0.0
2618,45.09235682701881,6618.008623253701,0.0,50.39065281627789,0.0,0.0
2619,45.09235682701881,6618.008623253701,0.0,50.39065281627789,0.0,0.0
2620,45.09235682701881,6618.008623253701,0.0,50.39065281627789,0.0,0.0
2621,45.09235682701881,6618.008623253701,0.0,50.39065281627789,0.0,0.0
2622,45.09235682701881,6618.008623253701,0.0,50.39065281627789,0.0,0.0
2623,45.09235682701881,6618.008623253701,0.0,50.39065281627789,0.0,0.0
2624,45.09235682701881,6618.008623253701,0.0,50.39065281627789,0.0,0.0
2625,45.09235682701881,6618.008623253701,0.0,50.39065281627789,0.0,0.0
2626,45.09235682701881,6618.008623253701,0.0,50.39065281627789,0.0,0.0
2627,45.09235682701881,6618.008623253701,0.0,50.39065281627789,0.0,0.0
2628,45.09235682701881,6618.008623253701,0.0,50.39065281627789,0.0,0.0
2629,45.09235682701881,6618.008623253701,0.0,50.39065281627789,0.0,0.0
2630,45.09235682701881,6618.008623253701,0.0,50.39065281627789,0.0,0.0
2631,45.09235682701881,6618.008623253701,0.0,50.39065281627789,0.0,0.0
2632,45.09235682701881,6618.008623253701,0.0,50.39065281627789,0.0,0.0
2633,45.09235682701881,6618.008623253701,0.0,50.39065281627789,0.0,0.0
2634,45.09235682701881,6618.008623253701,0.0,50.39065281627789,0.0,0.0
2635,45.09235682701881,6618.008623253701,0.0,50.39065281627789,0.0,0.0
2636,45.09235682701881,6618.008623253701,0.0,50.39065281627789,0.0,0.0
2637,45.09235682701881,6618.008623253701,0.0,50.39065281627789,0.0,0.0
2638,45.09235682701881,6618.008623253701,0.0,50.39065281627789,0.0,0.0
2639,45.09235682701881,6618.008623253701,0.0,50.39065281627789,0.0,0.0
2640,45.09235682701881,6618.008623253701,0.0,50.39065281627789,0.0,0.0
2641,45.09235682701881,6618.008623253701,0.0,50.39065281627789,0.0,0.0
2642,45.09235682701881,6618.008623253701,0.0,50.39065281627789,0.0,0.0
2643,45.09235682701881,6618.008623253701,0.0,50.39065281627789,0.0,0.0
2644,45.09235682701881,6618.008623253701,0.0,50.39065281627789,0.0,0.0
2645,45.09235682701881,6618.008623253701,0.0,50.39065281627789,0.0,0.0
2646,45.09235682701881,6618.008623253701,0.0,50.39065281627789,0.0,0.0
2647,45.09235682701881,6618.008623253701,0.0,50.39065281627789,0.0,0.0
2648,45.09235682701881,6618.008623253701,0.0,50.39065281627789,0.0,0.0
2649,45.09235682701881,6618.008623253701,0.0,50.39065281627789,0.0,0.0
2650,45.09235682701881,6618.008623253701,0.0,50.39065281627789,0.0,0.0
2651,45.09235682701881,6618.008623253701,0.0,50.39065281627789,0.0,0.0
2652,45.09235682701881,6618.008623253701,0.0,50.39065281627789,0.0,0.0
2653,45.09235682701881,6618.008623253701,0.0,50.39065281627789,0.0,0.0
2654,45.09235682701881,6618.008623253701,0.0,50.39065281627789,0.0,0.0
2655,45.09235682701881,6618.008623253701,0.0,50.39065281627789,0.0,0.0
2656,45.09235682701881,6618.008623253701,0.0,50.39065281627789,0.0,0.0
2657,45.09235682701881,6618.008623253701,0.0,50.39065281627789,0.0,0.0
2658,45.09235682701881,6618.008623253701,0.0,50.39065281627789,0.0,0.0
2659,45.09235682701881,6618.008623253701,0.0,50.39065281627789,0.0,0.0
2660,45.09235682701881,6618.008623253701,0.0,50.39065281627789,0.0,0.0
2661,45.09235682701881,6618.008623253701,0.0,50.39065281627789,0.0,0.0
2662,45.09235682701881,6618.008623253701,0.0,50.39065281627789,0.0,0.0
2663,45.09235682701881,6618.008623253701,0.0,50.39065281627789,0.0,0.0
2664,45.09235682701881,6618.008623253701,0.0,50.39065281627789,0.0,0.0
2665,45.09235682701881,6618.008623253701,0.0,50.39065281627789,0.0,0.0
2666,45.09235682701881,6618.008623253701,0.0,50.39065281627789,0.0,0.0
2667,45.09235682701881,6618.008623253701,0.0,50.39065281627789,0.0,0.0
2668,45.09235682701881,6618.008623253701,0.0,50.39065281627789,0.0,0.0
2669,45.09235682701881,6618.008623253701,0.0,50.39065281627789,0.0,0.0
2670,45.09235682701881,6618.008623253701,0.0,50.39065281627789,0.0,0.0
2671,45.09235682701881,6618.008623253701,0.0,50.39065281627789,0.0,0.0
2672,45.09235682701881,6618.008623253701,0.0,50.39065281627789,0.0,0.0
2673,45.09235682701881,6618.008623253701,0.0,50.39065281627789,0.0,0.0
2674,45.09235682701881,6618.008623253701,0.0,50.39065281627789,0.0,0.0
2675,45.09235682701881,6618.008623253701,0.0,50.39065281627789,0.0,0.0
2676,45.09235682701881,6618.008623253701,0.0,50.39065281627789,0.0,0.0
2677,45.09235682701881,6618.008623253701,0.0,50.39065281627789,0.0,0.0
2678,45.09235682701881,6618.008623253701,0.0,50.39065281627789,0.0,0.0
2679,45.09235682701881,6618.008623253701,0.0,50.39065281627789,0.0,0.0
2680,45.09235682701881,6618.008623253701,0.0,50.39065281627789,0.0,0.0
2681,45.09235682701881,6618.008623253701,0.0,50.39065281627789,0.0,0.0
2682,45.09235682701881,6618.008623253701,0.0,50.39065281627789,0.0,0.0
2683,45.09235682701881,6618.008623253701,0.0,50.39065281627789,0.0,0.0
2684,45.09235682701881,6618.008623253701,0.0,50.39065281627789,0.0,0.0
2685,45.09235682701881,6618.008623253701,0.0,50.39065281627789,0.0,0.0
2686,45.09235682701881,6618.008623253701,0.0,50.39065281627789,0.0,0.0
2687,45.09235682701881,6618.008623253701,0.0,50.39065281627789,0.0,0.0
2688,35.69183903350837,12303.490255825604,0.0,48.22340956254687,0.0,0.0
2689,35.69183903350837,12303.490255825604,0.0,48.22340956254687,0.0,0.0
2690,35.69183903350837,12303.490255825604,0.0,48.22340956254687,0.0,0.0
2691,35.69183903350837,12303.490255825604,0.0,48.22340956254687,0.0,0.0
2692,35.69183903350837,12303.490255825604,0.0,48.22340956254687,0.0,0.0
2693,35.69183903350837,12303.490255825604,0.0,48.22340956254687,0.0,0.0
2694,35.69183903350837,12303.490255825604,0.0,48.22340956254687,0.0,0.0
2695,35.69183903350837,12303.490255825604,0.0,48.22340956254687,0.0,0.0
2696,35.69183903350837,12303.490255825604,0.0,48.22340956254687,0.0,0.0
2697,35.69183903350837,12303.490255825604,0.0,48.22340956254687,0.0,0.0
2698,35.69183903350837,12303.490255825604,0.0,48.22340956254687,0.0,0.0
2699,35.69183903350837,12303.490255825604,0.0,48.22340956254687,0.0,0.0
2700,35.69183903350837,12303.490255825604,0.0,48.22340956254687,0.0,0.0
2701,35.69183903350837,12303.490255825604,0.0,48.22340956254687,0.0,0.0
2702,35.69183903350837,12303.490255825604,0.0,48.22340956254687,0.0,0.0
2703,35.69183903350837,12303.490255825604,0.0,48.22340956254687,0.0,0.0
2704,35.69183903350837,12303.490255825604,0.0,48.22340956254687,0.0,0.0
2705,35.69183903350837,12303.490255825604,0.0,48.22340956254687,0.0,0.0
2706,35.69183903350837,12303.490255825604,0.0,48.22340956254687,0.0,0.0
2707,35.69183903350837,12303.490255825604,0.0,48.22340956254687,0.0,0.0
2708,35.69183903350837,12303.490255825604,0.0,48.22340956254687,0.0,0.0
2709,35.69183903350837,12303.490255825604,0.0,48.22340956254687,0.0,0.0
2710,35.69183903350837,12303.490255825604,0.0,48.22340956254687,0.0,0.0
2711,35.69183903350837,12303.490255825604,0.0,48.22340956254687,0.0,0.0
2712,35.69183903350837,12303.490255825604,0.0,48.22340956254687,0.0,0.0
2713,35.69183903350837,12303.490255825604,0.0,48.22340956254687,0.0,0.0
2714,35.69183903350837,12303.490255825604,0.0,48.22340956254687,0.0,0.0
2715,35.69183903350837,12303.490255825604,0.0,48.22340956254687,0.0,0.0
2716,35.69183903350837,12303.490255825604,0.0,48.22340956254687,0.0,0.0
2717,35.69183903350837,12303.490255825604,0.0,48.22340956254687,0.0,0.0
2718,35.69183903350837,12303.490255825604,0.0,48.22340956254687,0.0,0.0
2719,35.69183903350837,12303.490255825604,0.0,48.22340956254687,0.0,0.0
2720,35.69183903350837,12303.490255825604,0.0,48.22340956254687,0.0,0.0
2721,35.69183903350837,12303.490255825604,0.0,48.22340956254687,0.0,0.0
2722,35.69183903350837,12303.490255825604,0.0,48.22340956254687,0.0,0.0
2723,35.69183903350837,12303.490255825604,0.0,48.22340956254687,0.0,0.0
2724,35.69183903350837,12303.490255825604,0.0,48.22340956254687,0.0,0.0
2725,35.69183903350837,12303.490255825604,0.0,48.22340956254687,0.0,0.0
2726,35.69183903350837,12303.490255825604,0.0,48.22340956254687,0.0,0.0
2727,35.69183903350837,12303.490255825604,0.0,48.22340956254687,0.0,0.0
2728,35.69183903350837,12303.490255825604,0.0,48.22340956254687,0.0,0.0
2729,35.69183903350837,12303.490255825604,0.0,48.22340956254687,0.0,0.0
2730,35.69183903350837,12303.490255825604,0.0,48.22340956254687,0.0,0.0
2731,35.69183903350837,12303.490255825604,0.0,48.22340956254687,0.0,0.0
2732,35.69183903350837,12303.490255825604,0.0,48.22340956254687,0.0,0.0
2733,35.69183903350837,12303.490255825604,0.0,48.22340956254687,0.0,0.0
2734,35.69183903350837,12303.490255825604,0.0,48.22340956254687,0.0,0.0
2735,35.69183903350837,12303.490255825604,0.0,48.22340956254687,0.0,0.0
2736,35.69183903350837,12303.490255825604,0.0,48.22340956254687,0.0,0.0
2737,35.69183903350837,12303.490255825604,0.0,48.22340956254687,0.0,0.0
2738,35.69183903350837,12303.490255825604,0.0,48.22340956254687,0.0,0.0
2739,35.69183903350837,12303.490255825604,0.0,48.22340956254687,0.0,0.0
2740,35.69183903350837,12303.490255825604,0.0,48.22340956254687,0.0,0.0
2741,35.69183903350837,12303.490255825604,0.0,48.22340956254687,0.0,0.0
2742,35.69183903350837,12303.490255825604,0.0,48.22340956254687,0.0,0.0
2743,35.69183903350837,12303.490255825604,0.0,48.22340956254687,0.0,0.0
2744,35.69183903350837,12303.490255825604,0.0,48.22340956254687,0.0,0.0
2745,35.69183903350837,12303.490255825604,0.0,48.22340956254687,0.0,0.0
2746,35.69183903350837,12303.490255825604,0.0,48.22340956254687,0.0,0.0
2747,35.69183903350837,12303.490255825604,0.0,48.22340956254687,0.0,0.0
2748,35.69183903350837,12303.490255825604,0.0,48.22340956254687,0.0,0.0
2749,35.69183903350837,12303.490255825604,0.0,48.22340956254687,0.0,0.0
2750,35.69183903350837,12303.490255825604,0.0,48.22340956254687,0.0,0.0
2751,35.69183903350837,12303.490255825604,0.0,48.22340956254687,0.0,0.0
2752,35.69183903350837,12303.490255825604,0.0,48.22340956254687,0.0,0.0
2753,35.69183903350837,12303.490255825604,0.0,48.22340956254687,0.0,0.0
2754,35.69183903350837,12303.490255825604,0.0,48.22340956254687,0.0,0.0
2755,35.69183903350837,12303.490255825604,0.0,48.22340956254687,0.0,0.0
2756,35.69183903350837,12303.490255825604,0.0,48.22340956254687,0.0,0.0
2757,35.69183903350837,12303.490255825604,0.0,48.22340956254687,0.0,0.0
2758,35.69183903350837,12303.490255825604,0.0,48.22340956254687,0.0,0.0
2759,35.69183903350837,12303.490255825604,0.0,48.22340956254687,0.0,0.0
2760,35.69183903350837,12303.490255825604,0.0,48.22340956254687,0.0,0.0
2761,35.69183903350837,12303.490255825604,0.0,48.22340956254687,0.0,0.0
2762,35.69183903350837,12303.490255825604,0.0,48.22340956254687,0.0,0.0
2763,35.69183903350837,12303.490255825604,0.0,48.22340956254687,0.0,0.0
2764,35.69183903350837,12303.490255825604,0.0,48.22340956254687,0.0,0.0
2765,35.69183903350837,12303.490255825604,0.0,48.22340956254687,0.0,0.0
2766,35.69183903350837,12303.490255825604,0.0,48.22340956254687,0.0,0.0
2767,35.69183903350837,12303.490255825604,0.0,48.22340956254687,0.0,0.0
2768,35.69183903350837,12303.490255825604,0.0,48.22340956254687,0.0,0.0
2769,35.69183903350837,12303.490255825604,0.0,48.22340956254687,0.0,0.0
2770,35.69183903350837,12303.490255825604,0.0,48.22340956254687,0.0,0.0
2771,35.69183903350837,12303.490255825604,0.0,48.22340956254687,0.0,0.0
2772,35.69183903350837,12303.490255825604,0.0,48.22340956254687,0.0,0.0
2773,35.69183903350837,12303.490255825604,0.0,48.22340956254687,0.0,0.0
2774,35.69183903350837,12303.490255825604,0.0,48.22340956254687,0.0,0.0
2775,35.69183903350837,12303.490255825604,0.0,48.22340956254687,0.0,0.0
2776,35.69183903350837,12303.490255825604,0.0,48.22340956254687,0.0,0.0
2777,35.69183903350837,12303.490255825604,0.0,48.22340956254687,0.0,0.0
2778,35.69183903350837,12303.490255825604,0.0,48.22340956254687,0.0,0.0
2779,35.69183903350837,12303.490255825604,0.0,48.22340956254687,0.0,0.0
2780,35.69183903350837,12303.490255825604,0.0,48.22340956254687,0.0,0.0
2781,35.69183903350837,12303.490255825604,0.0,48.22340956254687,0.0,0.0
2782,35.69183903350837,12303.490255825604,0.0,48.22340956254687,0.0,0.0
2783,35.69183903350837,12303.490255825604,0.0,48.22340956254687,0.0,0.0
2784,35.69183903350837,12303.490255825604,0.0,48.22340956254687,0.0,0.0
2785,35.69183903350837,12303.490255825604,0.0,48.22340956254687,0.0,0.0
2786,35.69183903350837,12303.490255825604,0.0,48.22340956254687,0.0,0.0
2787,35.69183903350837,12303.490255825604,0.0,48.22340956254687,0.0,0.0
2788,35.69183903350837,12303.490255825604,0.0,48.22340956254687,0.0,0.0
2789,35.69183903350837,12303.490255825604,0.0,48.22340956254687,0.0,0.0
2790,35.69183903350837,12303.490255825604,0.0,48.22340956254687,0.0,0.0
2791,35.69183903350837,12303.490255825604,0.0,48.22340956254687,0.0,0.0
2792,35.69183903350837,12303.490255825604,0.0,48.22340956254687,0.0,0.0
2793,35.69183903350837,12303.490255825604,0.0,48.22340956254687,0.0,0.0
2794,35.69183903350837,12303.490255825604,0.0,48.22340956254687,0.0,0.0
2795,35.69183903350837,12303.490255825604,0.0,48.22340956254687,0.0,0.0
2796,35.69183903350837,12303.490255825604,0.0,48.22340956254687,0.0,0.0
2797,35.69183903350837,12303.490255825604,0.0,48.22340956254687,0.0,0.0
2798,35.69183903350837,12303.490255825604,0.0,48.22340956254687,0.0,0.0
2799,35.69183903350837,12303.490255825604,0.0,48.22340956254687,0.0,0.0
2800,35.69183903350837,12303.490255825604,0.0,48.22340956254687,0.0,0.0
2801,35.69183903350837,12303.490255825604,0.0,48.22340956254687,0.0,0.0
2802,35.69183903350837,12303.490255825604,0.0,48.22340956254687,0.0,0.0
2803,35.69183903350837,12303.490255825604,0.0,48.22340956254687,0.0,0.0
2804,35.69183903350837,12303.490255825604,0.0,48.22340956254687,0.0,0.0
2805,35.69183903350837,12303.490255825604,0.0,48.22340956254687,0.0,0.0
2806,35.69183903350837,12303.490255825604,0.0,48.22340956254687,0.0,0.0
2807,35.69183903350837,12303.490255825604,0.0,48.22340956254687,0.0,0.0
2808,35.69183903350837,12303.490255825604,0.0,48.22340956254687,0.0,0.0
2809,35.69183903350837,12303.490255825604,0.0,48.22340956254687,0.0,0.0
2810,35.69183903350837,12303.490255825604,0.0,48.22340956254687,0.0,0.0
2811,35.69183903350837,12303.490255825604,0.0,48.22340956254687,0.0,0.0
2812,35.69183903350837,12303.490255825604,0.0,48.22340956254687,0.0,0.0
2813,35.69183903350837,12303.490255825604,0.0,48.22340956254687,0.0,0.0
2814,35.69183903350837,12303.490255825604,0.0,48.22340956254687,0.0,0.0
2815,35.69183903350837,12303.490255825604,0.0,48.22340956254687,0.0,0.0
2816,35.69183903350837,12303.490255825604,0.0,48.22340956254687,0.0,0.0
2817,35.69183903350837,12303.490255825604,0.0,48.22340956254687,0.0,0.0
2818,35.69183903350837,12303.490255825604,0.0,48.22340956254687,0.0,0.0
2819,35.69183903350837,12303.490255825604,0.0,48.22340956254687,0.0,0.0
2820,35.69183903350837,12303.490255825604,0.0,48.22340956254687,0.0,0.0
2821,35.69183903350837,12303.490255825604,0.0,48.22340956254687,0.0,0.0
2822,35.69183903350837,12303.490255825604,0.0,48.22340956254687,0.0,0.0
2823,35.69183903350837,12303.490255825604,0.0,48.22340956254687,0.0,0.0
2824,35.69183903350837,12303.490255825604,0.0,48.22340956254687,0.0,0.0
2825,35.69183903350837,12303.490255825604,0.0,48.22340956254687,0.0,0.0
2826,35.69183903350837,12303.490255825604,0.0,48.22340956254687,0.0,0.0
2827,35.69183903350837,12303.490255825604,0.0,48.22340956254687,0.0,0.0
2828,35.69183903350837,12303.490255825604,0.0,48.22340956254687,0.0,0.0
2829,35.69183903350837,12303.490255825604,0.0,48.22340956254687,0.0,0.0
2830,35.69183903350837,12303.490255825604,0.0,48.22340956254687,0.0,0.0
2831,35.69183903350837,12303.490255825604,0.0,48.22340956254687,0.0,0.0
2832,35.69183903350837,12303.490255825604,0.0,48.22340956254687,0.0,0.0
2833,35.69183903350837,12303.490255825604,0.0,48.22340956254687,0.0,0.0
2834,35.69183903350837,12303.490255825604,0.0,48.22340956254687,0.0,0.0
2835,35.69183903350837,12303.490255825604,0.0,48.22340956254687,0.0,0.0
2836,35.69183903350837,12303.490255825604,0.0,48.22340956254687,0.0,0.0
2837,35.69183903350837,12303.490255825604,0.0,48.22340956254687,0.0,0.0
2838,35.69183903350837,12303.490255825604,0.0,48.22340956254687,0.0,0.0
2839,35.69183903350837,12303.490255825604,0.0,48.22340956254687,0.0,0.0
2840,35.69183903350837,12303.490255825604,0.0,48.22340956254687,0.0,0.0
2841,35.69183903350837,12303.490255825604,0.0,48.22340956254687,0.0,0.0
2842,35.69183903350837,12303.490255825604,0.0,48.22340956254687,0.0,0.0
2843,35.69183903350837,12303.490255825604,0.0,48.22340956254687,0.0,0.0
2844,35.69183903350837,12303.490255825604,0.0,48.22340956254687,0.0,0.0
2845,35.69183903350837,12303.490255825604,0.0,48.22340956254687,0.0,0.0
2846,35.69183903350837,12303.490255825604,0.0,48.22340956254687,0.0,0.0
2847,35.69183903350837,12303.490255825604,0.0,48.22340956254687,0.0,0.0
2848,35.69183903350837,12303.490255825604,0.0,48.22340956254687,0.0,0.0
2849,35.69183903350837,12303.490255825604,0.0,48.22340956254687,0.0,0.0
2850,35.69183903350837,12303.490255825604,0.0,48.22340956254687,0.0,0.0
2851,35.69183903350837,12303.490255825604,0.0,48.22340956254687,0.0,0.0
2852,35.69183903350837,12303.490255825604,0.0,48.22340956254687,0.0,0.0
2853,35.69183903350837,12303.490255825604,0.0,48.22340956254687,0.0,0.0
2854,35.69183903350837,12303.490255825604,0.0,48.22340956254687,0.0,0.0
2855,35.69183903350837,12303.490255825604,0.0,48.22340956254687,0.0,0.0
2856,42.98580086953541,21516.69501469812,0.0,41.26289009151155,0.0,0.0
2857,42.98580086953541,21516.69501469812,0.0,41.26289009151155,0.0,0.0
2858,42.98580086953541,21516.69501469812,0.0,41.26289009151155,0.0,0.0
2859,42.98580086953541,21516.69501469812,0.0,41.26289009151155,0.0,0.0
2860,42.98580086953541,21516.69501469812,0.0,41.26289009151155,0.0,0.0
2861,42.98580086953541,21516.69501469812,0.0,41.26289009151155,0.0,0.0
2862,42.98580086953541,21516.69501469812,0.0,41.26289009151155,0.0,0.0
2863,42.98580086953541,21516.69501469812,0.0,41.26289009151155,0.0,0.0
2864,42.98580086953541,21516.69501469812,0.0,41.26289009151155,0.0,0.0
2865,42.98580086953541,21516.69501469812,0.0,41.26289009151155,0.0,0.0
2866,42.98580086953541,21516.69501469812,0.0,41.26289009151155,0.0,0.0
2867,42.98580086953541,21516.69501469812,0.0,41.26289009151155,0.0,0.0
2868,42.98580086953541,21516.69501469812,0.0,41.26289009151155,0.0,0.0
2869,42.98580086953541,21516.69501469812,0.0,41.26289009151155,0.0,0.0
2870,42.98580086953541,21516.69501469812,0.0,41.26289009151155,0.0,0.0
2871,42.98580086953541,21516.69501469812,0.0,41.26289009151155,0.0,0.0
2872,42.98580086953541,21516.69501469812,0.0,41.26289009151155,0.0,0.0
2873,42.98580086953541,21516.69501469812,0.0,41.26289009151155,0.0,0.0
2874,42.98580086953541,21516.69501469812,0.0,41.26289009151155,0.0,0.0
2875,42.98580086953541,21516.69501469812,0.0,41.26289009151155,0.0,0.0
2876,42.98580086953541,21516.69501469812,0.0,41.26289009151155,0.0,0.0
2877,42.98580086953541,21516.69501469812,0.0,41.26289009151155,0.0,0.0
2878,42.98580086953541,21516.69501469812,0.0,41.26289009151155,0.0,0.0
2879,42.98580086953541,21516.69501469812,0.0,41.26289009151155,0.0,0.0
2880,42.98580086953541,21516.69501469812,0.0,41.26289009151155,0.0,0.0
2881,42.98580086953541,21516.69501469812,0.0,41.26289009151155,0.0,0.0
2882,42.98580086953541,21516.69501469812,0.0,41.26289009151155,0.0,0.0
2883,42.98580086953541,21516.69501469812,0.0,41.26289009151155,0.0,0.0
2884,42.98580086953541,21516.69501469812,0.0,41.26289009151155,0.0,0.0
2885,42.98580086953541,21516.69501469812,0.0,41.26289009151155,0.0,0.0
2886,42.98580086953541,21516.69501469812,0.0,41.26289009151155,0.0,0.0
2887,42.98580086953541,21516.69501469812,0.0,41.26289009151155,0.0,0.0
2888,42.98580086953541,21516.69501469812,0.0,41.26289009151155,0.0,0.0
2889,42.98580086953541,21516.69501469812,0.0,41.26289009151155,0.0,0.0
2890,42.98580086953541,21516.69501469812,0.0,41.26289009151155,0.0,0.0
2891,42.98580086953541,21516.69501469812,0.0,41.26289009151155,0.0,0.0
2892,42.98580086953541,21516.69501469812,0.0,41.26289009151155,0.0,0.0
2893,42.98580086953541,21516.69501469812,0.0,41.26289009151155,0.0,0.0
2894,42.98580086953541,21516.69501469812,0.0,41.26289009151155,0.0,0.0
2895,42.98580086953541,21516.69501469812,0.0,41.26289009151155,0.0,0.0
2896,42.98580086953541,21516.69501469812,0.0,41.26289009151155,0.0,0.0
2897,42.98580086953541,21516.69501469812,0.0,41.26289009151155,0.0,0.0
2898,42.98580086953541,21516.69501469812,0.0,41.26289009151155,0.0,0.0
2899,42.98580086953541,21516.69501469812,0.0,41.26289009151155,0.0,0.0
2900,42.98580086953541,21516.69501469812,0.0,41.26289009151155,0.0,0.0
2901,42.98580086953541,21516.69501469812,0.0,41.26289009151155,0.0,0.0
2902,42.98580086953541,21516.69501469812,0.0,41.26289009151155,0.0,0.0
2903,42.98580086953541,21516.69501469812,0.0,41.26289009151155,0.0,0.0
2904,42.98580086953541,21516.69501469812,0.0,41.26289009151155,0.0,0.0
2905,42.98580086953541,21516.69501469812,0.0,41.26289009151155,0.0,0.0
2906,42.98580086953541,21516.69501469812,0.0,41.26289009151155,0.0,0.0
2907,42.98580086953541,21516.69501469812,0.0,41.26289009151155,0.0,0.0
2908,42.98580086953541,21516.69501469812,0.0,41.26289009151155,0.0,0.0
2909,42.98580086953541,21516.69501469812,0.0,41.26289009151155,0.0,0.0
2910,42.98580086953541,21516.69501469812,0.0,41.26289009151155,0.0,0.0
2911,42.98580086953541,21516.69501469812,0.0,41.26289009151155,0.0,0.0
2912,42.98580086953541,21516.69501469812,0.0,41.26289009151155,0.0,0.0
2913,42.98580086953541,21516.69501469812,0.0,41.26289009151155,0.0,0.0
2914,42.98580086953541,21516.69501469812,0.0,41.26289009151155,0.0,0.0
2915,42.98580086953541,21516.69501469812,0.0,41.26289009151155,0.0,0.0
2916,42.98580086953541,21516.69501469812,0.0,41.26289009151155,0.0,0.0
2917,42.98580086953541,21516.69501469812,0.0,41.26289009151155,0.0,0.0
2918,42.98580086953541,21516.69501469812,0.0,41.26289009151155,0.0,0.0
2919,42.98580086953541,21516.69501469812,0.0,41.26289009151155,0.0,0.0
2920,42.98580086953541,21516.69501469812,0.0,41.26289009151155,0.0,0.0
2921,42.98580086953541,21516.69501469812,0.0,41.26289009151155,0.0,0.0
2922,42.98580086953541,21516.69501469812,0.0,41.26289009151155,0.0,0.0
2923,42.98580086953541,21516.69501469812,0.0,41.26289009151155,0.0,0.0
2924,42.98580086953541,21516.69501469812,0.0,41.26289009151155,0.0,0.0
2925,42.98580086953541,21516.69501469812,0.0,41.26289009151155,0.0,0.0
2926,42.98580086953541,21516.69501469812,0.0,41.26289009151155,0.0,0.0
2927,42.98580086953541,21516.69501469812,0.0,41.26289009151155,0.0,0.0
2928,42.98580086953541,21516.69501469812,0.0,41.26289009151155,0.0,0.0
2929,42.98580086953541,21516.69501469812,0.0,41.26289009151155,0.0,0.0
2930,42.98580086953541,21516.69501469812,0.0,41.26289009151155,0.0,0.0
2931,42.98580086953541,21516.69501469812,0.0,41.26289009151155,0.0,0.0
2932,42.98580086953541,21516.69501469812,0.0,41.26289009151155,0.0,0.0
2933,42.98580086953541,21516.69501469812,0.0,41.26289009151155,0.0,0.0
2934,42.98580086953541,21516.69501469812,0.0,41.26289009151155,0.0,0.0
2935,42.98580086953541,21516.69501469812,0.0,41.26289009151155,0.0,0.0
2936,42.98580086953541,21516.69501469812,0.0,41.26289009151155,0.0,0.0
2937,42.98580086953541,21516.69501469812,0.0,41.26289009151155,0.0,0.0
2938,42.98580086953541,21516.69501469812,0.0,41.26289009151155,0.0,0.0
2939,42.98580086953541,21516.69501469812,0.0,41.26289009151155,0.0,0.0
2940,42.98580086953541,21516.69501469812,0.0,41.26289009151155,0.0,0.0
2941,42.98580086953541,21516.69501469812,0.0,41.26289009151155,0.0,0.0
2942,42.98580086953541,21516.69501469812,0.0,41.26289009151155,0.0,0.0
2943,42.98580086953541,21516.69501469812,0.0,41.26289009151155,0.0,0.0
2944,42.98580086953541,21516.69501469812,0.0,41.26289009151155,0.0,0.0
2945,42.98580086953541,21516.69501469812,0.0,41.26289009151155,0.0,0.0
2946,42.98580086953541,21516.69501469812,0.0,41.26289009151155,0.0,0.0
2947,42.98580086953541,21516.69501469812,0.0,41.26289009151155,0.0,0.0
2948,42.98580086953541,21516.69501469812,0.0,41.26289009151155,0.0,0.0
2949,42.98580086953541,21516.69501469812,0.0,41.26289009151155,0.0,0.0
2950,42.98580086953541,21516.69501469812,0.0,41.26289009151155,0.0,0.0
2951,42.98580086953541,21516.69501469812,0.0,41.26289009151155,0.0,0.0
2952,42.98580086953541,21516.69501469812,0.0,41.26289009151155,0.0,0.0
2953,42.98580086953541,21516.69501469812,0.0,41.26289009151155,0.0,0.0
2954,42.98580086953541,21516.69501469812,0.0,41.26289009151155,0.0,0.0
2955,42.98580086953541,21516.69501469812,0.0,41.26289009151155,0.0,0.0
2956,42.98580086953541,21516.69501469812,0.0,41.26289009151155,0.0,0.0
2957,42.98580086953541,21516.69501469812,0.0,41.26289009151155,0.0,0.0
2958,42.98580086953541,21516.69501469812,0.0,41.26289009151155,0.0,0.0
2959,42.98580086953541,21516.69501469812,0.0,41.26289009151155,0.0,0.0
2960,42.98580086953541,21516.69501469812,0.0,41.26289009151155,0.0,0.0
2961,42.98580086953541,21516.69501469812,0.0,41.26289009151155,0.0,0.0
2962,42.98580086953541,21516.69501469812,0.0,41.26289009151155,0.0,0.0
2963,42.98580086953541,21516.69501469812,0.0,41.26289009151155,0.0,0.0
2964,42.98580086953541,21516.69501469812,0.0,41.26289009151155,0.0,0.0
2965,42.98580086953541,21516.69501469812,0.0,41.26289009151155,0.0,0.0
2966,42.98580086953541,21516.69501469812,0.0,41.26289009151155,0.0,0.0
2967,42.98580086953541,21516.69501469812,0.0,41.26289009151155,0.0,0.0
2968,42.98580086953541,21516.69501469812,0.0,41.26289009151155,0.0,0.0
2969,42.98580086953541,21516.69501469812,0.0,41.26289009151155,0.0,0.0
2970,42.98580086953541,21516.69501469812,0.0,41.26289009151155,0.0,0.0
2971,42.98580086953541,21516.69501469812,0.0,41.26289009151155,0.0,0.0
2972,42.98580086953541,21516.69501469812,0.0,41.26289009151155,0.0,0.0
2973,42.98580086953541,21516.69501469812,0.0,41.26289009151155,0.0,0.0
2974,42.98580086953541,21516.69501469812,0.0,41.26289009151155,0.0,0.0
2975,42.98580086953541,21516.69501469812,0.0,41.26289009151155,0.0,0.0
2976,42.98580086953541,21516.69501469812,0.0,41.26289009151155,0.0,0.0
2977,42.98580086953541,21516.69501469812,0.0,41.26289009151155,0.0,0.0
2978,42.98580086953541,21516.69501469812,0.0,41.26289009151155,0.0,0.0
2979,42.98580086953541,21516.69501469812,0.0,41.26289009151155,0.0,0.0
2980,42.98580086953541,21516.69501469812,0.0,41.26289009151155,0.0,0.0
2981,42.98580086953541,21516.69501469812,0.0,41.26289009151155,0.0,0.0
2982,42.98580086953541,21516.69501469812,0.0,41.26289009151155,0.0,0.0
2983,42.98580086953541,21516.69501469812,0.0,41.26289009151155,0.0,0.0
2984,42.98580086953541,21516.69501469812,0.0,41.26289009151155,0.0,0.0
2985,42.98580086953541,21516.69501469812,0.0,41.26289009151155,0.0,0.0
2986,42.98580086953541,21516.69501469812,0.0,41.26289009151155,0.0,0.0
2987,42.98580086953541,21516.69501469812,0.0,41.26289009151155,0.0,0.0
2988,42.98580086953541,21516.69501469812,0.0,41.26289009151155,0.0,0.0
2989,42.98580086953541,21516.69501469812,0.0,41.26289009151155,0.0,0.0
2990,42.98580086953541,21516.69501469812,0.0,41.26289009151155,0.0,0.0
2991,42.98580086953541,21516.69501469812,0.0,41.26289009151155,0.0,0.0
2992,42.98580086953541,21516.69501469812,0.0,41.26289009151155,0.0,0.0
2993,42.98580086953541,21516.69501469812,0.0,41.26289009151155,0.0,0.0
2994,42.98580086953541,21516.69501469812,0.0,41.26289009151155,0.0,0.0
2995,42.98580086953541,21516.69501469812,0.0,41.26289009151155,0.0,0.0
2996,42.98580086953541,21516.69501469812,0.0,41.26289009151155,0.0,0.0
2997,42.98580086953541,21516.69501469812,0.0,41.26289009151155,0.0,0.0
2998,42.98580086953541,21516.69501469812,0.0,41.26289009151155,0.0,0.0
2999,42.98580086953541,21516.69501469812,0.0,41.26289009151155,0.0,0.0
3000,42.98580086953541,21516.69501469812,0.0,41.26289009151155,0.0,0.0
3001,42.98580086953541,21516.69501469812,0.0,41.26289009151155,0.0,0.0
3002,42.98580086953541,21516.69501469812,0.0,41.26289009151155,0.0,0.0
3003,42.98580086953541,21516.69501469812,0.0,41.26289009151155,0.0,0.0
3004,42.98580086953541,21516.69501469812,0.0,41.26289009151155,0.0,0.0
3005,42.98580086953541,21516.69501469812,0.0,41.26289009151155,0.0,0.0
3006,42.98580086953541,21516.69501469812,0.0,41.26289009151155,0.0,0.0
3007,42.98580086953541,21516.69501469812,0.0,41.26289009151155,0.0,0.0
3008,42.98580086953541,21516.69501469812,0.0,41.26289009151155,0.0,0.0
3009,42.98580086953541,21516.69501469812,0.0,41.26289009151155,0.0,0.0
3010,42.98580086953541,21516.69501469812,0.0,41.26289009151155,0.0,0.0
3011,42.98580086953541,21516.69501469812,0.0,41.26289009151155,0.0,0.0
3012,42.98580086953541,21516.69501469812,0.0,41.26289009151155,0.0,0.0
3013,42.98580086953541,21516.69501469812,0.0,41.26289009151155,0.0,0.0
3014,42.98580086953541,21516.69501469812,0.0,41.26289009151155,0.0,0.0
3015,42.98580086953541,21516.69501469812,0.0,41.26289009151155,0.0,0.0
3016,42.98580086953541,21516.69501469812,0.0,41.26289009151155,0.0,0.0
3017,42.98580086953541,21516.69501469812,0.0,41.26289009151155,0.0,0.0
3018,42.98580086953541,21516.69501469812,0.0,41.26289009151155,0.0,0.0
3019,42.98580086953541,21516.69501469812,0.0,41.26289009151155,0.0,0.0
3020,42.98580086953541,21516.69501469812,0.0,41.26289009151155,0.0,0.0
3021,42.98580086953541,21516.69501469812,0.0,41.26289009151155,0.0,0.0
3022,42.98580086953541,21516.69501469812,0.0,41.26289009151155,0.0,0.0
3023,42.98580086953541,21516.69501469812,0.0,41.26289009151155,0.0,0.0
3024,44.827301407287315,32736.92830524934,0.0,31.887369159120514,0.0,0.0
3025,44.827301407287315,32736.92830524934,0.0,31.887369159120514,0.0,0.0
3026,44.827301407287315,32736.92830524934,0.0,31.887369159120514,0.0,0.0
3027,44.827301407287315,32736.92830524934,0.0,31.887369159120514,0.0,0.0
3028,44.827301407287315,32736.92830524934,0.0,31.887369159120514,0.0,0.0
3029,44.827301407287315,32736.92830524934,0.0,31.887369159120514,0.0,0.0
3030,44.827301407287315,32736.92830524934,0.0,31.887369159120514,0.0,0.0
3031,44.827301407287315,32736.92830524934,0.0,31.887369159120514,0.0,0.0
3032,44.827301407287315,32736.92830524934,0.0,31.887369159120514,0.0,0.0
3033,44.827301407287315,32736.92830524934,0.0,31.887369159120514,0.0,0.0
3034,44.827301407287315,32736.92830524934,0.0,31.887369159120514,0.0,0.0
3035,44.827301407287315,32736.92830524934,0.0,31.887369159120514,0.0,0.0
3036,44.827301407287315,32736.92830524934,0.0,31.887369159120514,0.0,0.0
3037,44.827301407287315,32736.92830524934,0.0,31.887369159120514,0.0,0.0
3038,44.827301407287315,32736.92830524934,0.0,31.887369159120514,0.0,0.0
3039,44.827301407287315,32736.92830524934,0.0,31.887369159120514,0.0,0.0
3040,44.827301407287315,32736.92830524934,0.0,31.887369159120514,0.0,0.0
3041,44.827301407287315,32736.92830524934,0.0,31.887369159120514,0.0,0.0
3042,44.827301407287315,32736.92830524934,0.0,31.887369159120514,0.0,0.0
3043,44.827301407287315,32736.92830524934,0.0,31.887369159120514,0.0,0.0
3044,44.827301407287315,32736.92830524934,0.0,31.887369159120514,0.0,0.0
3045,44.827301407287315,32736.92830524934,0.0,31.887369159120514,0.0,0.0
3046,44.827301407287315,32736.92830524934,0.0,31.887369159120514,0.0,0.0
3047,44.827301407287315,32736.92830524934,0.0,31.887369159120514,0.0,0.0
3048,44.827301407287315,32736.92830524934,0.0,31.887369159120514,0.0,0.0
3049,44.827301407287315,32736.92830524934,0.0,31.887369159120514,0.0,0.0
3050,44.827301407287315,32736.92830524934,0.0,31.887369159120514,0.0,0.0
3051,44.827301407287315,32736.92830524934,0.0,31.887369159120514,0.0,0.0
3052,44.827301407287315,32736.92830524934,0.0,31.887369159120514,0.0,0.0
3053,44.827301407287315,32736.92830524934,0.0,31.887369159120514,0.0,0.0
3054,44.827301407287315,32736.92830524934,0.0,31.887369159120514,0.0,0.0
3055,44.827301407287315,32736.92830524934,0.0,31.887369159120514,0.0,0.0
3056,44.827301407287315,32736.92830524934,0.0,31.887369159120514,0.0,0.0
3057,44.827301407287315,32736.92830524934,0.0,31.887369159120514,0.0,0.0
3058,44.827301407287315,32736.92830524934,0.0,31.887369159120514,0.0,0.0
3059,44.827301407287315,32736.92830524934,0.0,31.887369159120514,0.0,0.0
3060,44.827301407287315,32736.92830524934,0.0,31.887369159120514,0.0,0.0
3061,44.827301407287315,32736.92830524934,0.0,31.887369159120514,0.0,0.0
3062,44.827301407287315,32736.92830524934,0.0,31.887369159120514,0.0,0.0
3063,44.827301407287315,32736.92830524934,0.0,31.887369159120514,0.0,0.0
3064,44.827301407287315,32736.92830524934,0.0,31.887369159120514,0.0,0.0
3065,44.827301407287315,32736.92830524934,0.0,31.887369159120514,0.0,0.0
3066,44.827301407287315,32736.92830524934,0.0,31.887369159120514,0.0,0.0
3067,44.827301407287315,32736.92830524934,0.0,31.887369159120514,0.0,0.0
3068,44.827301407287315,32736.92830524934,0.0,31.887369159120514,0.0,0.0
3069,44.827301407287315,32736.92830524934,0.0,31.887369159120514,0.0,0.0
3070,44.827301407287315,32736.92830524934,0.0,31.887369159120514,0.0,0.0
3071,44.827301407287315,32736.92830524934,0.0,31.887369159120514,0.0,0.0
3072,44.827301407287315,32736.92830524934,0.0,31.887369159120514,0.0,0.0
3073,44.827301407287315,32736.92830524934,0.0,31.887369159120514,0.0,0.0
3074,44.827301407287315,32736.92830524934,0.0,31.887369159120514,0.0,0.0
3075,44.827301407287315,32736.92830524934,0.0,31.887369159120514,0.0,0.0
3076,44.827301407287315,32736.92830524934,0.0,31.887369159120514,0.0,0.0
3077,44.827301407287315,32736.92830524934,0.0,31.887369159120514,0.0,0.0
3078,44.827301407287315,32736.92830524934,0.0,31.887369159120514,0.0,0.0
3079,44.827301407287315,32736.92830524934,0.0,31.887369159120514,0.0,0.0
3080,44.827301407287315,32736.92830524934,0.0,31.887369159120514,0.0,0.0
3081,44.827301407287315,32736.92830524934,0.0,31.887369159120514,0.0,0.0
3082,44.827301407287315,32736.92830524934,0.0,31.887369159120514,0.0,0.0
3083,44.827301407287315,32736.92830524934,0.0,31.887369159120514,0.0,0.0
3084,44.827301407287315,32736.92830524934,0.0,31.887369159120514,0.0,0.0
3085,44.827301407287315,32736.92830524934,0.0,31.887369159120514,0.0,0.0
3086,44.827301407287315,32736.92830524934,0.0,31.887369159120514,0.0,0.0
3087,44.827301407287315,32736.92830524934,0.0,31.887369159120514,0.0,0.0
3088,44.827301407287315,32736.92830524934,0.0,31.887369159120514,0.0,0.0
3089,44.827301407287315,32736.92830524934,0.0,31.887369159120514,0.0,0.0
3090,44.827301407287315,32736.92830524934,0.0,31.887369159120514,0.0,0.0
3091,44.827301407287315,32736.92830524934,0.0,31.887369159120514,0.0,0.0
3092,44.827301407287315,32736.92830524934,0.0,31.887369159120514,0.0,0.0
3093,44.827301407287315,32736.92830524934,0.0,31.887369159120514,0.0,0.0
3094,44.827301407287315,32736.92830524934,0.0,31.887369159120514,0.0,0.0
3095,44.827301407287315,32736.92830524934,0.0,31.887369159120514,0.0,0.0
3096,44.827301407287315,32736.92830524934,0.0,31.887369159120514,0.0,0.0
3097,44.827301407287315,32736.92830524934,0.0,31.887369159120514,0.0,0.0
3098,44.827301407287315,32736.92830524934,0.0,31.887369159120514,0.0,0.0
3099,44.827301407287315,32736.92830524934,0.0,31.887369159120514,0.0,0.0
3100,44.827301407287315,32736.92830524934,0.0,31.887369159120514,0.0,0.0
3101,44.827301407287315,32736.92830524934,0.0,31.887369159120514,0.0,0.0
3102,44.827301407287315,32736.92830524934,0.0,31.887369159120514,0.0,0.0
3103,44.827301407287315,32736.92830524934,0.0,31.887369159120514,0.0,0.0
3104,44.827301407287315,32736.92830524934,0.0,31.887369159120514,0.0,0.0
3105,44.827301407287315,32736.92830524934,0.0,31.887369159120514,0.0,0.0
3106,44.827301407287315,32736.92830524934,0.0,31.887369159120514,0.0,0.0
3107,44.827301407287315,32736.92830524934,0.0,31.887369159120514,0.0,0.0
3108,44.827301407287315,32736.92830524934,0.0,31.887369159120514,0.0,0.0
3109,44.827301407287315,32736.92830524934,0.0,31.887369159120514,0.0,0.0
3110,44.827301407287315,32736.92830524934,0.0,31.887369159120514,0.0,0.0
3111,44.827301407287315,32736.92830524934,0.0,31.887369159120514,0.0,0.0
3112,44.827301407287315,32736.92830524934,0.0,31.887369159120514,0.0,0.0
3113,44.827301407287315,32736.92830524934,0.0,31.887369159120514,0.0,0.0
3114,44.827301407287315,32736.92830524934,0.0,31.887369159120514,0.0,0.0
3115,44.827301407287315,32736.92830524934,0.0,31.887369159120514,0.0,0.0
3116,44.827301407287315,32736.92830524934,0.0,31.887369159120514,0.0,0.0
3117,44.827301407287315,32736.92830524934,0.0,31.887369159120514,0.0,0.0
3118,44.827301407287315,32736.92830524934,0.0,31.887369159120514,0.0,0.0
3119,44.827301407287315,32736.92830524934,0.0,31.887369159120514,0.0,0.0
3120,44.827301407287315,32736.92830524934,0.0,31.887369159120514,0.0,0.0
3121,44.827301407287315,32736.92830524934,0.0,31.887369159120514,0.0,0.0
3122,44.827301407287315,32736.92830524934,0.0,31.887369159120514,0.0,0.0
3123,44.827301407287315,32736.92830524934,0.0,31.887369159120514,0.0,0.0
3124,44.827301407287315,32736.92830524934,0.0,31.887369159120514,0.0,0.0
3125,44.827301407287315,32736.92830524934,0.0,31.887369159120514,0.0,0.0
3126,44.827301407287315,32736.92830524934,0.0,31.887369159120514,0.0,0.0
3127,44.827301407287315,32736.92830524934,0.0,31.887369159120514,0.0,0.0
3128,44.827301407287315,32736.92830524934,0.0,31.887369159120514,0.0,0.0
3129,44.827301407287315,32736.92830524934,0.0,31.887369159120514,0.0,0.0
3130,44.827301407287315,32736.92830524934,0.0,31.887369159120514,0.0,0.0
3131,44.827301407287315,32736.92830524934,0.0,31.887369159120514,0.0,0.0
3132,44.827301407287315,32736.92830524934,0.0,31.887369159120514,0.0,0.0
3133,44.827301407287315,32736.92830524934,0.0,31.887369159120514,0.0,0.0
3134,44.827301407287315,32736.92830524934,0.0,31.887369159120514,0.0,0.0
3135,44.827301407287315,32736.92830524934,0.0,31.887369159120514,0.0,0.0
3136,44.827301407287315,32736.92830524934,0.0,31.887369159120514,0.0,0.0
3137,44.827301407287315,32736.92830524934,0.0,31.887369159120514,0.0,0.0
3138,44.827301407287315,32736.92830524934,0.0,31.887369159120514,0.0,0.0
3139,44.827301407287315,32736.92830524934,0.0,31.887369159120514,0.0,0.0
3140,44.827301407287315,32736.92830524934,0.0,31.887369159120514,0.0,0.0
3141,44.827301407287315,32736.92830524934,0.0,31.887369159120514,0.0,0.0
3142,44.827301407287315,32736.92830524934,0.0,31.887369159120514,0.0,0.0
3143,44.827301407287315,32736.92830524934,0.0,31.887369159120514,0.0,0.0
3144,44.827301407287315,32736.92830524934,0.0,31.887369159120514,0.0,0.0
3145,44.827301407287315,32736.92830524934,0.0,31.887369159120514,0.0,0.0
3146,44.827301407287315,32736.92830524934,0.0,31.887369159120514,0.0,0.0
3147,44.827301407287315,32736.92830524934,0.0,31.887369159120514,0.0,0.0
3148,44.827301407287315,32736.92830524934,0.0,31.887369159120514,0.0,0.0
3149,44.827301407287315,32736.92830524934,0.0,31.887369159120514,0.0,0.0
3150,44.827301407287315,32736.92830524934,0.0,31.887369159120514,0.0,0.0
3151,44.827301407287315,32736.92830524934,0.0,31.887369159120514,0.0,0.0
3152,44.827301407287315,32736.92830524934,0.0,31.887369159120514,0.0,0.0
3153,44.827301407287315,32736.92830524934,0.0,31.887369159120514,0.0,0.0
3154,44.827301407287315,32736.92830524934,0.0,31.887369159120514,0.0,0.0
3155,44.827301407287315,32736.92830524934,0.0,31.887369159120514,0.0,0.0
3156,44.827301407287315,32736.92830524934,0.0,31.887369159120514,0.0,0.0
3157,44.827301407287315,32736.92830524934,0.0,31.887369159120514,0.0,0.0
3158,44.827301407287315,32736.92830524934,0.0,31.887369159120514,0.0,0.0
3159,44.827301407287315,32736.92830524934,0.0,31.887369159120514,0.0,0.0
3160,44.827301407287315,32736.92830524934,0.0,31.887369159120514,0.0,0.0
3161,44.827301407287315,32736.92830524934,0.0,31.887369159120514,0.0,0.0
3162,44.827301407287315,32736.92830524934,0.0,31.887369159120514,0.0,0.0
3163,44.827301407287315,32736.92830524934,0.0,31.887369159120514,0.0,0.0
3164,44.827301407287315,32736.92830524934,0.0,31.887369159120514,0.0,0.0
3165,44.827301407287315,32736.92830524934,0.0,31.887369159120514,0.0,0.0
3166,44.827301407287315,32736.92830524934,0.0,31.887369159120514,0.0,0.0
3167,44.827301407287315,32736.92830524934,0.0,31.887369159120514,0.0,0.0
3168,44.827301407287315,32736.92830524934,0.0,31.887369159120514,0.0,0.0
3169,44.827301407287315,32736.92830524934,0.0,31.887369159120514,0.0,0.0
3170,44.827301407287315,32736.92830524934,0.0,31.887369159120514,0.0,0.0
3171,44.827301407287315,32736.92830524934,0.0,31.887369159120514,0.0,0.0
3172,44.827301407287315,32736.92830524934,0.0,31.887369159120514,0.0,0.0
3173,44.827301407287315,32736.92830524934,0.0,31.887369159120514,0.0,0.0
3174,44.827301407287315,32736.92830524934,0.0,31.887369159120514,0.0,0.0
3175,44.827301407287315,32736.92830524934,0.0,31.887369159120514,0.0,0.0
3176,44.827301407287315,32736.92830524934,0.0,31.887369159120514,0.0,0.0
3177,44.827301407287315,32736.92830524934,0.0,31.887369159120514,0.0,0.0
3178,44.827301407287315,32736.92830524934,0.0,31.887369159120514,0.0,0.0
3179,44.827301407287315,32736.92830524934,0.0,31.887369159120514,0.0,0.0
3180,44.827301407287315,32736.92830524934,0.0,31.887369159120514,0.0,0.0
3181,44.827301407287315,32736.92830524934,0.0,31.887369159120514,0.0,0.0
3182,44.827301407287315,32736.92830524934,0.0,31.887369159120514,0.0,0.0
3183,44.827301407287315,32736.92830524934,0.0,31.887369159120514,0.0,0.0
3184,44.827301407287315,32736.92830524934,0.0,31.887369159120514,0.0,0.0
3185,44.827301407287315,32736.92830524934,0.0,31.887369159120514,0.0,0.0
3186,44.827301407287315,32736.92830524934,0.0,31.887369159120514,0.0,0.0
3187,44.827301407287315,32736.92830524934,0.0,31.887369159120514,0.0,0.0
3188,44.827301407287315,32736.92830524934,0.0,31.887369159120514,0.0,0.0
3189,44.827301407287315,32736.92830524934,0.0,31.887369159120514,0.0,0.0
3190,44.827301407287315,32736.92830524934,0.0,31.887369159120514,0.0,0.0
3191,44.827301407287315,32736.92830524934,0.0,31.887369159120514,0.0,0.0
3192,44.5443513690804,16064.524668879621,0.0,32.63385139465506,0.0,0.0
3193,44.5443513690804,16064.524668879621,0.0,32.63385139465506,0.0,0.0
3194,44.5443513690804,16064.524668879621,0.0,32.63385139465506,0.0,0.0
3195,44.5443513690804,16064.524668879621,0.0,32.63385139465506,0.0,0.0
3196,44.5443513690804,16064.524668879621,0.0,32.63385139465506,0.0,0.0
3197,44.5443513690804,16064.524668879621,0.0,32.63385139465506,0.0,0.0
3198,44.5443513690804,16064.524668879621,0.0,32.63385139465506,0.0,0.0
3199,44.5443513690804,16064.524668879621,0.0,32.63385139465506,0.0,0.0
3200,44.5443513690804,16064.524668879621,0.0,32.63385139465506,0.0,0.0
3201,44.5443513690804,16064.524668879621,0.0,32.63385139465506,0.0,0.0
3202,44.5443513690804,16064.524668879621,0.0,32.63385139465506,0.0,0.0
3203,44.5443513690804,16064.524668879621,0.0,32.63385139465506,0.0,0.0
3204,44.5443513690804,16064.524668879621,0.0,32.63385139465506,0.0,0.0
3205,44.5443513690804,16064.524668879621,0.0,32.63385139465506,0.0,0.0
3206,44.5443513690804,16064.524668879621,0.0,32.63385139465506,0.0,0.0
3207,44.5443513690804,16064.524668879621,0.0,32.63385139465506,0.0,0.0
3208,44.5443513690804,16064.524668879621,0.0,32.63385139465506,0.0,0.0
3209,44.5443513690804,16064.524668879621,0.0,32.63385139465506,0.0,0.0
3210,44.5443513690804,16064.524668879621,0.0,32.63385139465506,0.0,0.0
3211,44.5443513690804,16064.524668879621,0.0,32.63385139465506,0.0,0.0
3212,44.5443513690804,16064.524668879621,0.0,32.63385139465506,0.0,0.0
3213,44.5443513690804,16064.524668879621,0.0,32.63385139465506,0.0,0.0
3214,44.5443513690804,16064.524668879621,0.0,32.63385139465506,0.0,0.0
3215,44.5443513690804,16064.524668879621,0.0,32.63385139465506,0.0,0.0
3216,44.5443513690804,16064.524668879621,0.0,32.63385139465506,0.0,0.0
3217,44.5443513690804,16064.524668879621,0.0,32.63385139465506,0.0,0.0
3218,44.5443513690804,16064.524668879621,0.0,32.63385139465506,0.0,0.0
3219,44.5443513690804,16064.524668879621,0.0,32.63385139465506,0.0,0.0
3220,44.5443513690804,16064.524668879621,0.0,32.63385139465506,0.0,0.0
3221,44.5443513690804,16064.524668879621,0.0,32.63385139465506,0.0,0.0
3222,44.5443513690804,16064.524668879621,0.0,32.63385139465506,0.0,0.0
3223,44.5443513690804,16064.524668879621,0.0,32.63385139465506,0.0,0.0
3224,44.5443513690804,16064.524668879621,0.0,32.63385139465506,0.0,0.0
3225,44.5443513690804,16064.524668879621,0.0,32.63385139465506,0.0,0.0
3226,44.5443513690804,16064.524668879621,0.0,32.63385139465506,0.0,0.0
3227,44.5443513690804,16064.524668879621,0.0,32.63385139465506,0.0,0.0
3228,44.5443513690804,16064.524668879621,0.0,32.63385139465506,0.0,0.0
3229,44.5443513690804,16064.524668879621,0.0,32.63385139465506,0.0,0.0
3230,44.5443513690804,16064.524668879621,0.0,32.63385139465506,0.0,0.0
3231,44.5443513690804,16064.524668879621,0.0,32.63385139465506,0.0,0.0
3232,44.5443513690804,16064.524668879621,0.0,32.63385139465506,0.0,0.0
3233,44.5443513690804,16064.524668879621,0.0,32.63385139465506,0.0,0.0
3234,44.5443513690804,16064.524668879621,0.0,32.63385139465506,0.0,0.0
3235,44.5443513690804,16064.524668879621,0.0,32.63385139465506,0.0,0.0
3236,44.5443513690804,16064.524668879621,0.0,32.63385139465506,0.0,0.0
3237,44.5443513690804,16064.524668879621,0.0,32.63385139465506,0.0,0.0
3238,44.5443513690804,16064.524668879621,0.0,32.63385139465506,0.0,0.0
3239,44.5443513690804,16064.524668879621,0.0,32.63385139465506,0.0,0.0
3240,44.5443513690804,16064.524668879621,0.0,32.63385139465506,0.0,0.0
3241,44.5443513690804,16064.524668879621,0.0,32.63385139465506,0.0,0.0
3242,44.5443513690804,16064.524668879621,0.0,32.63385139465506,0.0,0.0
3243,44.5443513690804,16064.524668879621,0.0,32.63385139465506,0.0,0.0
3244,44.5443513690804,16064.524668879621,0.0,32.63385139465506,0.0,0.0
3245,44.5443513690804,16064.524668879621,0.0,32.63385139465506,0.0,0.0
3246,44.5443513690804,16064.524668879621,0.0,32.63385139465506,0.0,0.0
3247,44.5443513690804,16064.524668879621,0.0,32.63385139465506,0.0,0.0
3248,44.5443513690804,16064.524668879621,0.0,32.63385139465506,0.0,0.0
3249,44.5443513690804,16064.524668879621,0.0,32.63385139465506,0.0,0.0
3250,44.5443513690804,16064.524668879621,0.0,32.63385139465506,0.0,0.0
3251,44.5443513690804,16064.524668879621,0.0,32.63385139465506,0.0,0.0
3252,44.5443513690804,16064.524668879621,0.0,32.63385139465506,0.0,0.0
3253,44.5443513690804,16064.524668879621,0.0,32.63385139465506,0.0,0.0
3254,44.5443513690804,16064.524668879621,0.0,32.63385139465506,0.0,0.0
3255,44.5443513690804,16064.524668879621,0.0,32.63385139465506,0.0,0.0
3256,44.5443513690804,16064.524668879621,0.0,32.63385139465506,0.0,0.0
3257,44.5443513690804,16064.524668879621,0.0,32.63385139465506,0.0,0.0
3258,44.5443513690804,16064.524668879621,0.0,32.63385139465506,0.0,0.0
3259,44.5443513690804,16064.524668879621,0.0,32.63385139465506,0.0,0.0
3260,44.5443513690804,16064.524668879621,0.0,32.63385139465506,0.0,0.0
3261,44.5443513690804,16064.524668879621,0.0,32.63385139465506,0.0,0.0
3262,44.5443513690804,16064.524668879621,0.0,32.63385139465506,0.0,0.0
3263,44.5443513690804,16064.524668879621,0.0,32.63385139465506,0.0,0.0
3264,44.5443513690804,16064.524668879621,0.0,32.63385139465506,0.0,0.0
3265,44.5443513690804,16064.524668879621,0.0,32.63385139465506,0.0,0.0
3266,44.5443513690804,16064.524668879621,0.0,32.63385139465506,0.0,0.0
3267,44.5443513690804,16064.524668879621,0.0,32.63385139465506,0.0,0.0
3268,44.5443513690804,16064.524668879621,0.0,32.63385139465506,0.0,0.0
3269,44.5443513690804,16064.524668879621,0.0,32.63385139465506,0.0,0.0
3270,44.5443513690804,16064.524668879621,0.0,32.63385139465506,0.0,0.0
3271,44.5443513690804,16064.524668879621,0.0,32.63385139465506,0.0,0.0
3272,44.5443513690804,16064.524668879621,0.0,32.63385139465506,0.0,0.0
3273,44.5443513690804,16064.524668879621,0.0,32.63385139465506,0.0,0.0
3274,44.5443513690804,16064.524668879621,0.0,32.63385139465506,0.0,0.0
3275,44.5443513690804,16064.524668879621,0.0,32.63385139465506,0.0,0.0
3276,44.5443513690804,16064.524668879621,0.0,32.63385139465506,0.0,0.0
3277,44.5443513690804,16064.524668879621,0.0,32.63385139465506,0.0,0.0
3278,44.5443513690804,16064.524668879621,0.0,32.63385139465506,0.0,0.0
3279,44.5443513690804,16064.524668879621,0.0,32.63385139465506,0.0,0.0
3280,44.5443513690804,16064.524668879621,0.0,32.63385139465506,0.0,0.0
3281,44.5443513690804,16064.524668879621,0.0,32.63385139465506,0.0,0.0
3282,44.5443513690804,16064.524668879621,0.0,32.63385139465506,0.0,0.0
3283,44.5443513690804,16064.524668879621,0.0,32.63385139465506,0.0,0.0
3284,44.5443513690804,16064.524668879621,0.0,32.63385139465506,0.0,0.0
3285,44.5443513690804,16064.524668879621,0.0,32.63385139465506,0.0,0.0
3286,44.5443513690804,16064.524668879621,0.0,32.63385139465506,0.0,0.0
3287,44.5443513690804,16064.524668879621,0.0,32.63385139465506,0.0,0.0
3288,44.5443513690804,16064.524668879621,0.0,32.63385139465506,0.0,0.0
3289,44.5443513690804,16064.524668879621,0.0,32.63385139465506,0.0,0.0
3290,44.5443513690804,16064.524668879621,0.0,32.63385139465506,0.0,0.0
3291,44.5443513690804,16064.524668879621,0.0,32.63385139465506,0.0,0.0
3292,44.5443513690804,16064.524668879621,0.0,32.63385139465506,0.0,0.0
3293,44.5443513690804,16064.524668879621,0.0,32.63385139465506,0.0,0.0
3294,44.5443513690804,16064.524668879621,0.0,32.63385139465506,0.0,0.0
3295,44.5443513690804,16064.524668879621,0.0,32.63385139465506,0.0,0.0
3296,44.5443513690804,16064.524668879621,0.0,32.63385139465506,0.0,0.0
3297,44.5443513690804,16064.524668879621,0.0,32.63385139465506,0.0,0.0
3298,44.5443513690804,16064.524668879621,0.0,32.63385139465506,0.0,0.0
3299,44.5443513690804,16064.524668879621,0.0,32.63385139465506,0.0,0.0
3300,44.5443513690804,16064.524668879621,0.0,32.63385139465506,0.0,0.0
3301,44.5443513690804,16064.524668879621,0.0,32.63385139465506,0.0,0.0
3302,44.5443513690804,16064.524668879621,0.0,32.63385139465506,0.0,0.0
3303,44.5443513690804,16064.524668879621,0.0,32.63385139465506,0.0,0.0
3304,44.5443513690804,16064.524668879621,0.0,32.63385139465506,0.0,0.0
3305,44.5443513690804,16064.524668879621,0.0,32.63385139465506,0.0,0.0
3306,44.5443513690804,16064.524668879621,0.0,32.63385139465506,0.0,0.0
3307,44.5443513690804,16064.524668879621,0.0,32.63385139465506,0.0,0.0
3308,44.5443513690804,16064.524668879621,0.0,32.63385139465506,0.0,0.0
3309,44.5443513690804,16064.524668879621,0.0,32.63385139465506,0.0,0.0
3310,44.5443513690804,16064.524668879621,0.0,32.63385139465506,0.0,0.0
3311,44.5443513690804,16064.524668879621,0.0,32.63385139465506,0.0,0.0
3312,44.5443513690804,16064.524668879621,0.0,32.63385139465506,0.0,0.0
3313,44.5443513690804,16064.524668879621,0.0,32.63385139465506,0.0,0.0
3314,44.5443513690804,16064.524668879621,0.0,32.63385139465506,0.0,0.0
3315,44.5443513690804,16064.524668879621,0.0,32.63385139465506,0.0,0.0
3316,44.5443513690804,16064.524668879621,0.0,32.63385139465506,0.0,0.0
3317,44.5443513690804,16064.524668879621,0.0,32.63385139465506,0.0,0.0
3318,44.5443513690804,16064.524668879621,0.0,32.63385139465506,0.0,0.0
3319,44.5443513690804,16064.524668879621,0.0,32.63385139465506,0.0,0.0
3320,44.5443513690804,16064.524668879621,0.0,32.63385139465506,0.0,0.0
3321,44.5443513690804,16064.524668879621,0.0,32.63385139465506,0.0,0.0
3322,44.5443513690804,16064.524668879621,0.0,32.63385139465506,0.0,0.0
3323,44.5443513690804,16064.524668879621,0.0,32.63385139465506,0.0,0.0
3324,44.5443513690804,16064.524668879621,0.0,32.63385139465506,0.0,0.0
3325,44.5443513690804,16064.524668879621,0.0,32.63385139465506,0.0,0.0
3326,44.5443513690804,16064.524668879621,0.0,32.63385139465506,0.0,0.0
3327,44.5443513690804,16064.524668879621,0.0,32.63385139465506,0.0,0.0
3328,44.5443513690804,16064.524668879621,0.0,32.63385139465506,0.0,0.0
3329,44.5443513690804,16064.524668879621,0.0,32.63385139465506,0.0,0.0
3330,44.5443513690804,16064.524668879621,0.0,32.63385139465506,0.0,0.0
3331,44.5443513690804,16064.524668879621,0.0,32.63385139465506,0.0,0.0
3332,44.5443513690804,16064.524668879621,0.0,32.63385139465506,0.0,0.0
3333,44.5443513690804,16064.524668879621,0.0,32.63385139465506,0.0,0.0
3334,44.5443513690804,16064.524668879621,0.0,32.63385139465506,0.0,0.0
3335,44.5443513690804,16064.524668879621,0.0,32.63385139465506,0.0,0.0
3336,44.5443513690804,16064.524668879621,0.0,32.63385139465506,0.0,0.0
3337,44.5443513690804,16064.524668879621,0.0,32.63385139465506,0.0,0.0
3338,44.5443513690804,16064.524668879621,0.0,32.63385139465506,0.0,0.0
3339,44.5443513690804,16064.524668879621,0.0,32.63385139465506,0.0,0.0
3340,44.5443513690804,16064.524668879621,0.0,32.63385139465506,0.0,0.0
3341,44.5443513690804,16064.524668879621,0.0,32.63385139465506,0.0,0.0
3342,44.5443513690804,16064.524668879621,0.0,32.63385139465506,0.0,0.0
3343,44.5443513690804,16064.524668879621,0.0,32.63385139465506,0.0,0.0
3344,44.5443513690804,16064.524668879621,0.0,32.63385139465506,0.0,0.0
3345,44.5443513690804,16064.524668879621,0.0,32.63385139465506,0.0,0.0
3346,44.5443513690804,16064.524668879621,0.0,32.63385139465506,0.0,0.0
3347,44.5443513690804,16064.524668879621,0.0,32.63385139465506,0.0,0.0
3348,44.5443513690804,16064.524668879621,0.0,32.63385139465506,0.0,0.0
3349,44.5443513690804,16064.524668879621,0.0,32.63385139465506,0.0,0.0
3350,44.5443513690804,16064.524668879621,0.0,32.63385139465506,0.0,0.0
3351,44.5443513690804,16064.524668879621,0.0,32.63385139465506,0.0,0.0
3352,44.5443513690804,16064.524668879621,0.0,32.63385139465506,0.0,0.0
3353,44.5443513690804,16064.524668879621,0.0,32.63385139465506,0.0,0.0
3354,44.5443513690804,16064.524668879621,0.0,32.63385139465506,0.0,0.0
3355,44.5443513690804,16064.524668879621,0.0,32.63385139465506,0.0,0.0
3356,44.5443513690804,16064.524668879621,0.0,32.63385139465506,0.0,0.0
3357,44.5443513690804,16064.524668879621,0.0,32.63385139465506,0.0,0.0
3358,44.5443513690804,16064.524668879621,0.0,32.63385139465506,0.0,0.0
3359,44.5443513690804,16064.524668879621,0.0,32.63385139465506,0.0,0.0
3360,41.91095652086432,37137.50461075272,0.0,62.480342533440115,0.0,0.0
3361,41.91095652086432,37137.50461075272,0.0,62.480342533440115,0.0,0.0
3362,41.91095652086432,37137.50461075272,0.0,62.480342533440115,0.0,0.0
3363,41.91095652086432,37137.50461075272,0.0,62.480342533440115,0.0,0.0
3364,41.91095652086432,37137.50461075272,0.0,62.480342533440115,0.0,0.0
3365,41.91095652086432,37137.50461075272,0.0,62.480342533440115,0.0,0.0
3366,41.91095652086432,37137.50461075272,0.0,62.480342533440115,0.0,0.0
3367,41.91095652086432,37137.50461075272,0.0,62.480342533440115,0.0,0.0
3368,41.91095652086432,37137.50461075272,0.0,62.480342533440115,0.0,0.0
3369,41.91095652086432,37137.50461075272,0.0,62.480342533440115,0.0,0.0
3370,41.91095652086432,37137.50461075272,0.0,62.480342533440115,0.0,0.0
3371,41.91095652086432,37137.50461075272,0.0,62.480342533440115,0.0,0.0
3372,41.91095652086432,37137.50461075272,0.0,62.480342533440115,0.0,0.0
3373,41.91095652086432,37137.50461075272,0.0,62.480342533440115,0.0,0.0
3374,41.91095652086432,37137.50461075272,0.0,62.480342533440115,0.0,0.0
3375,41.91095652086432,37137.50461075272,0.0,62.480342533440115,0.0,0.0
3376,41.91095652086432,37137.50461075272,0.0,62.480342533440115,0.0,0.0
3377,41.91095652086432,37137.50461075272,0.0,62.480342533440115,0.0,0.0
3378,41.91095652086432,37137.50461075272,0.0,62.480342533440115,0.0,0.0
3379,41.91095652086432,37137.50461075272,0.0,62.480342533440115,0.0,0.0
3380,41.91095652086432,37137.50461075272,0.0,62.480342533440115,0.0,0.0
3381,41.91095652086432,37137.50461075272,0.0,62.480342533440115,0.0,0.0
3382,41.91095652086432,37137.50461075272,0.0,62.480342533440115,0.0,0.0
3383,41.91095652086432,37137.50461075272,0.0,62.480342533440115,0.0,0.0
3384,41.91095652086432,37137.50461075272,0.0,62.480342533440115,0.0,0.0
3385,41.91095652086432,37137.50461075272,0.0,62.480342533440115,0.0,0.0
3386,41.91095652086432,37137.50461075272,0.0,62.480342533440115,0.0,0.0
3387,41.91095652086432,37137.50461075272,0.0,62.480342533440115,0.0,0.0
3388,41.91095652086432,37137.50461075272,0.0,62.480342533440115,0.0,0.0
3389,41.91095652086432,37137.50461075272,0.0,62.480342533440115,0.0,0.0
3390,41.91095652086432,37137.50461075272,0.0,62.480342533440115,0.0,0.0
3391,41.91095652086432,37137.50461075272,0.0,62.480342533440115,0.0,0.0
3392,41.91095652086432,37137.50461075272,0.0,62.480342533440115,0.0,0.0
3393,41.91095652086432,37137.50461075272,0.0,62.480342533440115,0.0,0.0
3394,41.91095652086432,37137.50461075272,0.0,62.480342533440115,0.0,0.0
3395,41.91095652086432,37137.50461075272,0.0,62.480342533440115,0.0,0.0
3396,41.91095652086432,37137.50461075272,0.0,62.480342533440115,0.0,0.0
3397,41.91095652086432,37137.50461075272,0.0,62.480342533440115,0.0,0.0
3398,41.91095652086432,37137.50461075272,0.0,62.480342533440115,0.0,0.0
3399,41.91095652086432,37137.50461075272,0.0,62.480342533440115,0.0,0.0
3400,41.91095652086432,37137.50461075272,0.0,62.480342533440115,0.0,0.0
3401,41.91095652086432,37137.50461075272,0.0,62.480342533440115,0.0,0.0
3402,41.91095652086432,37137.50461075272,0.0,62.480342533440115,0.0,0.0
3403,41.91095652086432,37137.50461075272,0.0,62.480342533440115,0.0,0.0
3404,41.91095652086432,37137.50461075272,0.0,62.480342533440115,0.0,0.0
3405,41.91095652086432,37137.50461075272,0.0,62.480342533440115,0.0,0.0
3406,41.91095652086432,37137.50461075272,0.0,62.480342533440115,0.0,0.0
3407,41.91095652086432,37137.50461075272,0.0,62.480342533440115,0.0,0.0
3408,41.91095652086432,37137.50461075272,0.0,62.480342533440115,0.0,0.0
3409,41.91095652086432,37137.50461075272,0.0,62.480342533440115,0.0,0.0
3410,41.91095652086432,37137.50461075272,0.0,62.480342533440115,0.0,0.0
3411,41.91095652086432,37137.50461075272,0.0,62.480342533440115,0.0,0.0
3412,41.91095652086432,37137.50461075272,0.0,62.480342533440115,0.0,0.0
3413,41.91095652086432,37137.50461075272,0.0,62.480342533440115,0.0,0.0
3414,41.91095652086432,37137.50461075272,0.0,62.480342533440115,0.0,0.0
3415,41.91095652086432,37137.50461075272,0.0,62.480342533440115,0.0,0.0
3416,41.91095652086432,37137.50461075272,0.0,62.480342533440115,0.0,0.0
3417,41.91095652086432,37137.50461075272,0.0,62.480342533440115,0.0,0.0
3418,41.91095652086432,37137.50461075272,0.0,62.480342533440115,0.0,0.0
3419,41.91095652086432,37137.50461075272,0.0,62.480342533440115,0.0,0.0
3420,41.91095652086432,37137.50461075272,0.0,62.480342533440115,0.0,0.0
3421,41.91095652086432,37137.50461075272,0.0,62.480342533440115,0.0,0.0
3422,41.91095652086432,37137.50461075272,0.0,62.480342533440115,0.0,0.0
3423,41.91095652086432,37137.50461075272,0.0,62.480342533440115,0.0,0.0
3424,41.91095652086432,37137.50461075272,0.0,62.480342533440115,0.0,0.0
3425,41.91095652086432,37137.50461075272,0.0,62.480342533440115,0.0,0.0
3426,41.91095652086432,37137.50461075272,0.0,62.480342533440115,0.0,0.0
3427,41.91095652086432,37137.50461075272,0.0,62.480342533440115,0.0,0.0
3428,41.91095652086432,37137.50461075272,0.0,62.480342533440115,0.0,0.0
3429,41.91095652086432,37137.50461075272,0.0,62.480342533440115,0.0,0.0
3430,41.91095652086432,37137.50461075272,0.0,62.480342533440115,0.0,0.0
3431,41.91095652086432,37137.50461075272,0.0,62.480342533440115,0.0,0.0
3432,41.91095652086432,37137.50461075272,0.0,62.480342533440115,0.0,0.0
3433,41.91095652086432,37137.50461075272,0.0,62.480342533440115,0.0,0.0
3434,41.91095652086432,37137.50461075272,0.0,62.480342533440115,0.0,0.0
3435,41.91095652086432,37137.50461075272,0.0,62.480342533440115,0.0,0.0
3436,41.91095652086432,37137.50461075272,0.0,62.480342533440115,0.0,0.0
3437,41.91095652086432,37137.50461075272,0.0,62.480342533440115,0.0,0.0
3438,41.91095652086432,37137.50461075272,0.0,62.480342533440115,0.0,0.0
3439,41.91095652086432,37137.50461075272,0.0,62.480342533440115,0.0,0.0
3440,41.91095652086432,37137.50461075272,0.0,62.480342533440115,0.0,0.0
3441,41.91095652086432,37137.50461075272,0.0,62.480342533440115,0.0,0.0
3442,41.91095652086432,37137.50461075272,0.0,62.480342533440115,0.0,0.0
3443,41.91095652086432,37137.50461075272,0.0,62.480342533440115,0.0,0.0
3444,41.91095652086432,37137.50461075272,0.0,62.480342533440115,0.0,0.0
3445,41.91095652086432,37137.50461075272,0.0,62.480342533440115,0.0,0.0
3446,41.91095652086432,37137.50461075272,0.0,62.480342533440115,0.0,0.0
3447,41.91095652086432,37137.50461075272,0.0,62.480342533440115,0.0,0.0
3448,41.91095652086432,37137.50461075272,0.0,62.480342533440115,0.0,0.0
3449,41.91095652086432,37137.50461075272,0.0,62.480342533440115,0.0,0.0
3450,41.91095652086432,37137.50461075272,0.0,62.480342533440115,0.0,0.0
3451,41.91095652086432,37137.50461075272,0.0,62.480342533440115,0.0,0.0
3452,41.91095652086432,37137.50461075272,0.0,62.480342533440115,0.0,0.0
3453,41.91095652086432,37137.50461075272,0.0,62.480342533440115,0.0,0.0
3454,41.91095652086432,37137.50461075272,0.0,62.480342533440115,0.0,0.0
3455,41.91095652086432,37137.50461075272,0.0,62.480342533440115,0.0,0.0
3456,41.91095652086432,37137.50461075272,0.0,62.480342533440115,0.0,0.0
3457,41.91095652086432,37137.50461075272,0.0,62.480342533440115,0.0,0.0
3458,41.91095652086432,37137.50461075272,0.0,62.480342533440115,0.0,0.0
3459,41.91095652086432,37137.50461075272,0.0,62.480342533440115,0.0,0.0
3460,41.91095652086432,37137.50461075272,0.0,62.480342533440115,0.0,0.0
3461,41.91095652086432,37137.50461075272,0.0,62.480342533440115,0.0,0.0
3462,41.91095652086432,37137.50461075272,0.0,62.480342533440115,0.0,0.0
3463,41.91095652086432,37137.50461075272,0.0,62.480342533440115,0.0,0.0
3464,41.91095652086432,37137.50461075272,0.0,62.480342533440115,0.0,0.0
3465,41.91095652086432,37137.50461075272,0.0,62.480342533440115,0.0,0.0
3466,41.91095652086432,37137.50461075272,0.0,62.480342533440115,0.0,0.0
3467,41.91095652086432,37137.50461075272,0.0,62.480342533440115,0.0,0.0
3468,41.91095652086432,37137.50461075272,0.0,62.480342533440115,0.0,0.0
3469,41.91095652086432,37137.50461075272,0.0,62.480342533440115,0.0,0.0
3470,41.91095652086432,37137.50461075272,0.0,62.480342533440115,0.0,0.0
3471,41.91095652086432,37137.50461075272,0.0,62.480342533440115,0.0,0.0
3472,41.91095652086432,37137.50461075272,0.0,62.480342533440115,0.0,0.0
3473,41.91095652086432,37137.50461075272,0.0,62.480342533440115,0.0,0.0
3474,41.91095652086432,37137.50461075272,0.0,62.480342533440115,0.0,0.0
3475,41.91095652086432,37137.50461075272,0.0,62.480342533440115,0.0,0.0
3476,41.91095652086432,37137.50461075272,0.0,62.480342533440115,0.0,0.0
3477,41.91095652086432,37137.50461075272,0.0,62.480342533440115,0.0,0.0
3478,41.91095652086432,37137.50461075272,0.0,62.480342533440115,0.0,0.0
3479,41.91095652086432,37137.50461075272,0.0,62.480342533440115,0.0,0.0
3480,41.91095652086432,37137.50461075272,0.0,62.480342533440115,0.0,0.0
3481,41.91095652086432,37137.50461075272,0.0,62.480342533440115,0.0,0.0
3482,41.91095652086432,37137.50461075272,0.0,62.480342533440115,0.0,0.0
3483,41.91095652086432,37137.50461075272,0.0,62.480342533440115,0.0,0.0
3484,41.91095652086432,37137.50461075272,0.0,62.480342533440115,0.0,0.0
3485,41.91095652086432,37137.50461075272,0.0,62.480342533440115,0.0,0.0
3486,41.91095652086432,37137.50461075272,0.0,62.480342533440115,0.0,0.0
3487,41.91095652086432,37137.50461075272,0.0,62.480342533440115,0.0,0.0
3488,41.91095652086432,37137.50461075272,0.0,62.480342533440115,0.0,0.0
3489,41.91095652086432,37137.50461075272,0.0,62.480342533440115,0.0,0.0
3490,41.91095652086432,37137.50461075272,0.0,62.480342533440115,0.0,0.0
3491,41.91095652086432,37137.50461075272,0.0,62.480342533440115,0.0,0.0
3492,41.91095652086432,37137.50461075272,0.0,62.480342533440115,0.0,0.0
3493,41.91095652086432,37137.50461075272,0.0,62.480342533440115,0.0,0.0
3494,41.91095652086432,37137.50461075272,0.0,62.480342533440115,0.0,0.0
3495,41.91095652086432,37137.50461075272,0.0,62.480342533440115,0.0,0.0
3496,41.91095652086432,37137.50461075272,0.0,62.480342533440115,0.0,0.0
3497,41.91095652086432,37137.50461075272,0.0,62.480342533440115,0.0,0.0
3498,41.91095652086432,37137.50461075272,0.0,62.480342533440115,0.0,0.0
3499,41.91095652086432,37137.50461075272,0.0,62.480342533440115,0.0,0.0
3500,41.91095652086432,37137.50461075272,0.0,62.480342533440115,0.0,0.0
3501,41.91095652086432,37137.50461075272,0.0,62.480342533440115,0.0,0.0
3502,41.91095652086432,37137.50461075272,0.0,62.480342533440115,0.0,0.0
3503,41.91095652086432,37137.50461075272,0.0,62.480342533440115,0.0,0.0
3504,41.91095652086432,37137.50461075272,0.0,62.480342533440115,0.0,0.0
3505,41.91095652086432,37137.50461075272,0.0,62.480342533440115,0.0,0.0
3506,41.91095652086432,37137.50461075272,0.0,62.480342533440115,0.0,0.0
3507,41.91095652086432,37137.50461075272,0.0,62.480342533440115,0.0,0.0
3508,41.91095652086432,37137.50461075272,0.0,62.480342533440115,0.0,0.0
3509,41.91095652086432,37137.50461075272,0.0,62.480342533440115,0.0,0.0
3510,41.91095652086432,37137.50461075272,0.0,62.480342533440115,0.0,0.0
3511,41.91095652086432,37137.50461075272,0.0,62.480342533440115,0.0,0.0
3512,41.91095652086432,37137.50461075272,0.0,62.480342533440115,0.0,0.0
3513,41.91095652086432,37137.50461075272,0.0,62.480342533440115,0.0,0.0
3514,41.91095652086432,37137.50461075272,0.0,62.480342533440115,0.0,0.0
3515,41.91095652086432,37137.50461075272,0.0,62.480342533440115,0.0,0.0
3516,41.91095652086432,37137.50461075272,0.0,62.480342533440115,0.0,0.0
3517,41.91095652086432,37137.50461075272,0.0,62.480342533440115,0.0,0.0
3518,41.91095652086432,37137.50461075272,0.0,62.480342533440115,0.0,0.0
3519,41.91095652086432,37137.50461075272,0.0,62.480342533440115,0.0,0.0
3520,41.91095652086432,37137.50461075272,0.0,62.480342533440115,0.0,0.0
3521,41.91095652086432,37137.50461075272,0.0,62.480342533440115,0.0,0.0
3522,41.91095652086432,37137.50461075272,0.0,62.480342533440115,0.0,0.0
3523,41.91095652086432,37137.50461075272,0.0,62.480342533440115,0.0,0.0
3524,41.91095652086432,37137.50461075272,0.0,62.480342533440115,0.0,0.0
3525,41.91095652086432,37137.50461075272,0.0,62.480342533440115,0.0,0.0
3526,41.91095652086432,37137.50461075272,0.0,62.480342533440115,0.0,0.0
3527,41.91095652086432,37137.50461075272,0.0,62.480342533440115,0.0,0.0
3528,40.46659795108304,119166.27394233173,0.0,63.85471724478143,0.0,0.0
3529,40.46659795108304,119166.27394233173,0.0,63.85471724478143,0.0,0.0
3530,40.46659795108304,119166.27394233173,0.0,63.85471724478143,0.0,0.0
3531,40.46659795108304,119166.27394233173,0.0,63.85471724478143,0.0,0.0
3532,40.46659795108304,119166.27394233173,0.0,63.85471724478143,0.0,0.0
3533,40.46659795108304,119166.27394233173,0.0,63.85471724478143,0.0,0.0
3534,40.46659795108304,119166.27394233173,0.0,63.85471724478143,0.0,0.0
3535,40.46659795108304,119166.27394233173,0.0,63.85471724478143,0.0,0.0
3536,40.46659795108304,119166.27394233173,0.0,63.85471724478143,0.0,0.0
3537,40.46659795108304,119166.27394233173,0.0,63.85471724478143,0.0,0.0
3538,40.46659795108304,119166.27394233173,0.0,63.85471724478143,0.0,0.0
3539,40.46659795108304,119166.27394233173,0.0,63.85471724478143,0.0,0.0
3540,40.46659795108304,119166.27394233173,0.0,63.85471724478143,0.0,0.0
3541,40.46659795108304,119166.27394233173,0.0,63.85471724478143,0.0,0.0
3542,40.46659795108304,119166.27394233173,0.0,63.85471724478143,0.0,0.0
3543,40.46659795108304,119166.27394233173,0.0,63.85471724478143,0.0,0.0
3544,40.46659795108304,119166.27394233173,0.0,63.85471724478143,0.0,0.0
3545,40.46659795108304,119166.27394233173,0.0,63.85471724478143,0.0,0.0
3546,40.46659795108304,119166.27394233173,0.0,63.85471724478143,0.0,0.0
3547,40.46659795108304,119166.27394233173,0.0,63.85471724478143,0.0,0.0
3548,40.46659795108304,119166.27394233173,0.0,63.85471724478143,0.0,0.0
3549,40.46659795108304,119166.27394233173,0.0,63.85471724478143,0.0,0.0
3550,40.46659795108304,119166.27394233173,0.0,63.85471724478143,0.0,0.0
3551,40.46659795108304,119166.27394233173,0.0,63.85471724478143,0.0,0.0
3552,40.46659795108304,119166.27394233173,0.0,63.85471724478143,0.0,0.0
3553,40.46659795108304,119166.27394233173,0.0,63.85471724478143,0.0,0.0
3554,40.46659795108304,119166.27394233173,0.0,63.85471724478143,0.0,0.0
3555,40.46659795108304,119166.27394233173,0.0,63.85471724478143,0.0,0.0
3556,40.46659795108304,119166.27394233173,0.0,63.85471724478143,0.0,0.0
3557,40.46659795108304,119166.27394233173,0.0,63.85471724478143,0.0,0.0
3558,40.46659795108304,119166.27394233173,0.0,63.85471724478143,0.0,0.0
3559,40.46659795108304,119166.27394233173,0.0,63.85471724478143,0.0,0.0
3560,40.46659795108304,119166.27394233173,0.0,63.85471724478143,0.0,0.0
3561,40.46659795108304,119166.27394233173,0.0,63.85471724478143,0.0,0.0
3562,40.46659795108304,119166.27394233173,0.0,63.85471724478143,0.0,0.0
3563,40.46659795108304,119166.27394233173,0.0,63.85471724478143,0.0,0.0
3564,40.46659795108304,119166.27394233173,0.0,63.85471724478143,0.0,0.0
3565,40.46659795108304,119166.27394233173,0.0,63.85471724478143,0.0,0.0
3566,40.46659795108304,119166.27394233173,0.0,63.85471724478143,0.0,0.0
3567,40.46659795108304,119166.27394233173,0.0,63.85471724478143,0.0,0.0
3568,40.46659795108304,119166.27394233173,0.0,63.85471724478143,0.0,0.0
3569,40.46659795108304,119166.27394233173,0.0,63.85471724478143,0.0,0.0
3570,40.46659795108304,119166.27394233173,0.0,63.85471724478143,0.0,0.0
3571,40.46659795108304,119166.27394233173,0.0,63.85471724478143,0.0,0.0
3572,40.46659795108304,119166.27394233173,0.0,63.85471724478143,0.0,0.0
3573,40.46659795108304,119166.27394233173,0.0,63.85471724478143,0.0,0.0
3574,40.46659795108304,119166.27394233173,0.0,63.85471724478143,0.0,0.0
3575,40.46659795108304,119166.27394233173,0.0,63.85471724478143,0.0,0.0
3576,40.46659795108304,119166.27394233173,0.0,63.85471724478143,0.0,0.0
3577,40.46659795108304,119166.27394233173,0.0,63.85471724478143,0.0,0.0
3578,40.46659795108304,119166.27394233173,0.0,63.85471724478143,0.0,0.0
3579,40.46659795108304,119166.27394233173,0.0,63.85471724478143,0.0,0.0
3580,40.46659795108304,119166.27394233173,0.0,63.85471724478143,0.0,0.0
3581,40.46659795108304,119166.27394233173,0.0,63.85471724478143,0.0,0.0
3582,40.46659795108304,119166.27394233173,0.0,63.85471724478143,0.0,0.0
3583,40.46659795108304,119166.27394233173,0.0,63.85471724478143,0.0,0.0
3584,40.46659795108304,119166.27394233173,0.0,63.85471724478143,0.0,0.0
3585,40.46659795108304,119166.27394233173,0.0,63.85471724478143,0.0,0.0
3586,40.46659795108304,119166.27394233173,0.0,63.85471724478143,0.0,0.0
3587,40.46659795108304,119166.27394233173,0.0,63.85471724478143,0.0,0.0
3588,40.46659795108304,119166.27394233173,0.0,63.85471724478143,0.0,0.0
3589,40.46659795108304,119166.27394233173,0.0,63.85471724478143,0.0,0.0
3590,40.46659795108304,119166.27394233173,0.0,63.85471724478143,0.0,0.0
3591,40.46659795108304,119166.27394233173,0.0,63.85471724478143,0.0,0.0
3592,40.46659795108304,119166.27394233173,0.0,63.85471724478143,0.0,0.0
3593,40.46659795108304,119166.27394233173,0.0,63.85471724478143,0.0,0.0
3594,40.46659795108304,119166.27394233173,0.0,63.85471724478143,0.0,0.0
3595,40.46659795108304,119166.27394233173,0.0,63.85471724478143,0.0,0.0
3596,40.46659795108304,119166.27394233173,0.0,63.85471724478143,0.0,0.0
3597,40.46659795108304,119166.27394233173,0.0,63.85471724478143,0.0,0.0
3598,40.46659795108304,119166.27394233173,0.0,63.85471724478143,0.0,0.0
3599,40.46659795108304,119166.27394233173,0.0,63.85471724478143,0.0,0.0
3600,40.46659795108304,119166.27394233173,0.0,63.85471724478143,0.0,0.0
3601,40.46659795108304,119166.27394233173,0.0,63.85471724478143,0.0,0.0
3602,40.46659795108304,119166.27394233173,0.0,63.85471724478143,0.0,0.0
3603,40.46659795108304,119166.27394233173,0.0,63.85471724478143,0.0,0.0
3604,40.46659795108304,119166.27394233173,0.0,63.85471724478143,0.0,0.0
3605,40.46659795108304,119166.27394233173,0.0,63.85471724478143,0.0,0.0
3606,40.46659795108304,119166.27394233173,0.0,63.85471724478143,0.0,0.0
3607,40.46659795108304,119166.27394233173,0.0,63.85471724478143,0.0,0.0
3608,40.46659795108304,119166.27394233173,0.0,63.85471724478143,0.0,0.0
3609,40.46659795108304,119166.27394233173,0.0,63.85471724478143,0.0,0.0
3610,40.46659795108304,119166.27394233173,0.0,63.85471724478143,0.0,0.0
3611,40.46659795108304,119166.27394233173,0.0,63.85471724478143,0.0,0.0
3612,40.46659795108304,119166.27394233173,0.0,63.85471724478143,0.0,0.0
3613,40.46659795108304,119166.27394233173,0.0,63.85471724478143,0.0,0.0
3614,40.46659795108304,119166.27394233173,0.0,63.85471724478143,0.0,0.0
3615,40.46659795108304,119166.27394233173,0.0,63.85471724478143,0.0,0.0
3616,40.46659795108304,119166.27394233173,0.0,63.85471724478143,0.0,0.0
3617,40.46659795108304,119166.27394233173,0.0,63.85471724478143,0.0,0.0
3618,40.46659795108304,119166.27394233173,0.0,63.85471724478143,0.0,0.0
3619,40.46659795108304,119166.27394233173,0.0,63.85471724478143,0.0,0.0
3620,40.46659795108304,119166.27394233173,0.0,63.85471724478143,0.0,0.0
3621,40.46659795108304,119166.27394233173,0.0,63.85471724478143,0.0,0.0
3622,40.46659795108304,119166.27394233173,0.0,63.85471724478143,0.0,0.0
3623,40.46659795108304,119166.27394233173,0.0,63.85471724478143,0.0,0.0
3624,40.46659795108304,119166.27394233173,0.0,63.85471724478143,0.0,0.0
3625,40.46659795108304,119166.27394233173,0.0,63.85471724478143,0.0,0.0
3626,40.46659795108304,119166.27394233173,0.0,63.85471724478143,0.0,0.0
3627,40.46659795108304,119166.27394233173,0.0,63.85471724478143,0.0,0.0
3628,40.46659795108304,119166.27394233173,0.0,63.85471724478143,0.0,0.0
3629,40.46659795108304,119166.27394233173,0.0,63.85471724478143,0.0,0.0
3630,40.46659795108304,119166.27394233173,0.0,63.85471724478143,0.0,0.0
3631,40.46659795108304,119166.27394233173,0.0,63.85471724478143,0.0,0.0
3632,40.46659795108304,119166.27394233173,0.0,63.85471724478143,0.0,0.0
3633,40.46659795108304,119166.27394233173,0.0,63.85471724478143,0.0,0.0
3634,40.46659795108304,119166.27394233173,0.0,63.85471724478143,0.0,0.0
3635,40.46659795108304,119166.27394233173,0.0,63.85471724478143,0.0,0.0
3636,40.46659795108304,119166.27394233173,0.0,63.85471724478143,0.0,0.0
3637,40.46659795108304,119166.27394233173,0.0,63.85471724478143,0.0,0.0
3638,40.46659795108304,119166.27394233173,0.0,63.85471724478143,0.0,0.0
3639,40.46659795108304,119166.27394233173,0.0,63.85471724478143,0.0,0.0
3640,40.46659795108304,119166.27394233173,0.0,63.85471724478143,0.0,0.0
3641,40.46659795108304,119166.27394233173,0.0,63.85471724478143,0.0,0.0
3642,40.46659795108304,119166.27394233173,0.0,63.85471724478143,0.0,0.0
3643,40.46659795108304,119166.27394233173,0.0,63.85471724478143,0.0,0.0
3644,40.46659795108304,119166.27394233173,0.0,63.85471724478143,0.0,0.0
3645,40.46659795108304,119166.27394233173,0.0,63.85471724478143,0.0,0.0
3646,40.46659795108304,119166.27394233173,0.0,63.85471724478143,0.0,0.0
3647,40.46659795108304,119166.27394233173,0.0,63.85471724478143,0.0,0.0
3648,40.46659795108304,119166.27394233173,0.0,63.85471724478143,0.0,0.0
3649,40.46659795108304,119166.27394233173,0.0,63.85471724478143,0.0,0.0
3650,40.46659795108304,119166.27394233173,0.0,63.85471724478143,0.0,0.0
3651,40.46659795108304,119166.27394233173,0.0,63.85471724478143,0.0,0.0
3652,40.46659795108304,119166.27394233173,0.0,63.85471724478143,0.0,0.0
3653,40.46659795108304,119166.27394233173,0.0,63.85471724478143,0.0,0.0
3654,40.46659795108304,119166.27394233173,0.0,63.85471724478143,0.0,0.0
3655,40.46659795108304,119166.27394233173,0.0,63.85471724478143,0.0,0.0
3656,40.46659795108304,119166.27394233173,0.0,63.85471724478143,0.0,0.0
3657,40.46659795108304,119166.27394233173,0.0,63.85471724478143,0.0,0.0
3658,40.46659795108304,119166.27394233173,0.0,63.85471724478143,0.0,0.0
3659,40.46659795108304,119166.27394233173,0.0,63.85471724478143,0.0,0.0
3660,40.46659795108304,119166.27394233173,0.0,63.85471724478143,0.0,0.0
3661,40.46659795108304,119166.27394233173,0.0,63.85471724478143,0.0,0.0
3662,40.46659795108304,119166.27394233173,0.0,63.85471724478143,0.0,0.0
3663,40.46659795108304,119166.27394233173,0.0,63.85471724478143,0.0,0.0
3664,40.46659795108304,119166.27394233173,0.0,63.85471724478143,0.0,0.0
3665,40.46659795108304,119166.27394233173,0.0,63.85471724478143,0.0,0.0
3666,40.46659795108304,119166.27394233173,0.0,63.85471724478143,0.0,0.0
3667,40.46659795108304,119166.27394233173,0.0,63.85471724478143,0.0,0.0
3668,40.46659795108304,119166.27394233173,0.0,63.85471724478143,0.0,0.0
3669,40.46659795108304,119166.27394233173,0.0,63.85471724478143,0.0,0.0
3670,40.46659795108304,119166.27394233173,0.0,63.85471724478143,0.0,0.0
3671,40.46659795108304,119166.27394233173,0.0,63.85471724478143,0.0,0.0
3672,40.46659795108304,119166.27394233173,0.0,63.85471724478143,0.0,0.0
3673,40.46659795108304,119166.27394233173,0.0,63.85471724478143,0.0,0.0
3674,40.46659795108304,119166.27394233173,0.0,63.85471724478143,0.0,0.0
3675,40.46659795108304,119166.27394233173,0.0,63.85471724478143,0.0,0.0
3676,40.46659795108304,119166.27394233173,0.0,63.85471724478143,0.0,0.0
3677,40.46659795108304,119166.27394233173,0.0,63.85471724478143,0.0,0.0
3678,40.46659795108304,119166.27394233173,0.0,63.85471724478143,0.0,0.0
3679,40.46659795108304,119166.27394233173,0.0,63.85471724478143,0.0,0.0
3680,40.46659795108304,119166.27394233173,0.0,63.85471724478143,0.0,0.0
3681,40.46659795108304,119166.27394233173,0.0,63.85471724478143,0.0,0.0
3682,40.46659795108304,119166.27394233173,0.0,63.85471724478143,0.0,0.0
3683,40.46659795108304,119166.27394233173,0.0,63.85471724478143,0.0,0.0
3684,40.46659795108304,119166.27394233173,0.0,63.85471724478143,0.0,0.0
3685,40.46659795108304,119166.27394233173,0.0,63.85471724478143,0.0,0.0
3686,40.46659795108304,119166.27394233173,0.0,63.85471724478143,0.0,0.0
3687,40.46659795108304,119166.27394233173,0.0,63.85471724478143,0.0,0.0
3688,40.46659795108304,119166.27394233173,0.0,63.85471724478143,0.0,0.0
3689,40.46659795108304,119166.27394233173,0.0,63.85471724478143,0.0,0.0
3690,40.46659795108304,119166.27394233173,0.0,63.85471724478143,0.0,0.0
3691,40.46659795108304,119166.27394233173,0.0,63.85471724478143,0.0,0.0
3692,40.46659795108304,119166.27394233173,0.0,63.85471724478143,0.0,0.0
3693,40.46659795108304,119166.27394233173,0.0,63.85471724478143,0.0,0.0
3694,40.46659795108304,119166.27394233173,0.0,63.85471724478143,0.0,0.0
3695,40.46659795108304,119166.27394233173,0.0,63.85471724478143,0.0,0.0
3696,39.28127937843849,92870.9615481502,0.0,20.97192531732074,0.0,0.0
3697,39.28127937843849,92870.9615481502,0.0,20.97192531732074,0.0,0.0
3698,39.28127937843849,92870.9615481502,0.0,20.97192531732074,0.0,0.0
3699,39.28127937843849,92870.9615481502,0.0,20.97192531732074,0.0,0.0
3700,39.28127937843849,92870.9615481502,0.0,20.97192531732074,0.0,0.0
3701,39.28127937843849,92870.9615481502,0.0,20.97192531732074,0.0,0.0
3702,39.28127937843849,92870.9615481502,0.0,20.97192531732074,0.0,0.0
3703,39.28127937843849,92870.9615481502,0.0,20.97192531732074,0.0,0.0
3704,39.28127937843849,92870.9615481502,0.0,20.97192531732074,0.0,0.0
3705,39.28127937843849,92870.9615481502,0.0,20.97192531732074,0.0,0.0
3706,39.28127937843849,92870.9615481502,0.0,20.97192531732074,0.0,0.0
3707,39.28127937843849,92870.9615481502,0.0,20.97192531732074,0.0,0.0
3708,39.28127937843849,92870.9615481502,0.0,20.97192531732074,0.0,0.0
3709,39.28127937843849,92870.9615481502,0.0,20.97192531732074,0.0,0.0
3710,39.28127937843849,92870.9615481502,0.0,20.97192531732074,0.0,0.0
3711,39.28127937843849,92870.9615481502,0.0,20.97192531732074,0.0,0.0
3712,39.28127937843849,92870.9615481502,0.0,20.97192531732074,0.0,0.0
3713,39.28127937843849,92870.9615481502,0.0,20.97192531732074,0.0,0.0
3714,39.28127937843849,92870.9615481502,0.0,20.97192531732074,0.0,0.0
3715,39.28127937843849,92870.9615481502,0.0,20.97192531732074,0.0,0.0
3716,39.28127937843849,92870.9615481502,0.0,20.97192531732074,0.0,0.0
3717,39.28127937843849,92870.9615481502,0.0,20.97192531732074,0.0,0.0
3718,39.28127937843849,92870.9615481502,0.0,20.97192531732074,0.0,0.0
3719,39.28127937843849,92870.9615481502,0.0,20.97192531732074,0.0,0.0
3720,39.28127937843849,92870.9615481502,0.0,20.97192531732074,0.0,0.0
3721,39.28127937843849,92870.9615481502,0.0,20.97192531732074,0.0,0.0
3722,39.28127937843849,92870.9615481502,0.0,20.97192531732074,0.0,0.0
3723,39.28127937843849,92870.9615481502,0.0,20.97192531732074,0.0,0.0
3724,39.28127937843849,92870.9615481502,0.0,20.97192531732074,0.0,0.0
3725,39.28127937843849,92870.9615481502,0.0,20.97192531732074,0.0,0.0
3726,39.28127937843849,92870.9615481502,0.0,20.97192531732074,0.0,0.0
3727,39.28127937843849,92870.9615481502,0.0,20.97192531732074,0.0,0.0
3728,39.28127937843849,92870.9615481502,0.0,20.97192531732074,0.0,0.0
3729,39.28127937843849,92870.9615481502,0.0,20.97192531732074,0.0,0.0
3730,39.28127937843849,92870.9615481502,0.0,20.97192531732074,0.0,0.0
3731,39.28127937843849,92870.9615481502,0.0,20.97192531732074,0.0,0.0
3732,39.28127937843849,92870.9615481502,0.0,20.97192531732074,0.0,0.0
3733,39.28127937843849,92870.9615481502,0.0,20.97192531732074,0.0,0.0
3734,39.28127937843849,92870.9615481502,0.0,20.97192531732074,0.0,0.0
3735,39.28127937843849,92870.9615481502,0.0,20.97192531732074,0.0,0.0
3736,39.28127937843849,92870.9615481502,0.0,20.97192531732074,0.0,0.0
3737,39.28127937843849,92870.9615481502,0.0,20.97192531732074,0.0,0.0
3738,39.28127937843849,92870.9615481502,0.0,20.97192531732074,0.0,0.0
3739,39.28127937843849,92870.9615481502,0.0,20.97192531732074,0.0,0.0
3740,39.28127937843849,92870.9615481502,0.0,20.97192531732074,0.0,0.0
3741,39.28127937843849,92870.9615481502,0.0,20.97192531732074,0.0,0.0
3742,39.28127937843849,92870.9615481502,0.0,20.97192531732074,0.0,0.0
3743,39.28127937843849,92870.9615481502,0.0,20.97192531732074,0.0,0.0
3744,39.28127937843849,92870.9615481502,0.0,20.97192531732074,0.0,0.0
3745,39.28127937843849,92870.9615481502,0.0,20.97192531732074,0.0,0.0
3746,39.28127937843849,92870.9615481502,0.0,20.97192531732074,0.0,0.0
3747,39.28127937843849,92870.9615481502,0.0,20.97192531732074,0.0,0.0
3748,39.28127937843849,92870.9615481502,0.0,20.97192531732074,0.0,0.0
3749,39.28127937843849,92870.9615481502,0.0,20.97192531732074,0.0,0.0
3750,39.28127937843849,92870.9615481502,0.0,20.97192531732074,0.0,0.0
3751,39.28127937843849,92870.9615481502,0.0,20.97192531732074,0.0,0.0
3752,39.28127937843849,92870.9615481502,0.0,20.97192531732074,0.0,0.0
3753,39.28127937843849,92870.9615481502,0.0,20.97192531732074,0.0,0.0
3754,39.28127937843849,92870.9615481502,0.0,20.97192531732074,0.0,0.0
3755,39.28127937843849,92870.9615481502,0.0,20.97192531732074,0.0,0.0
3756,39.28127937843849,92870.9615481502,0.0,20.97192531732074,0.0,0.0
3757,39.28127937843849,92870.9615481502,0.0,20.97192531732074,0.0,0.0
3758,39.28127937843849,92870.9615481502,0.0,20.97192531732074,0.0,0.0
3759,39.28127937843849,92870.9615481502,0.0,20.97192531732074,0.0,0.0
3760,39.28127937843849,92870.9615481502,0.0,20.97192531732074,0.0,0.0
3761,39.28127937843849,92870.9615481502,0.0,20.97192531732074,0.0,0.0
3762,39.28127937843849,92870.9615481502,0.0,20.97192531732074,0.0,0.0
3763,39.28127937843849,92870.9615481502,0.0,20.97192531732074,0.0,0.0
3764,39.28127937843849,92870.9615481502,0.0,20.97192531732074,0.0,0.0
3765,39.28127937843849,92870.9615481502,0.0,20.97192531732074,0.0,0.0
3766,39.28127937843849,92870.9615481502,0.0,20.97192531732074,0.0,0.0
3767,39.28127937843849,92870.9615481502,0.0,20.97192531732074,0.0,0.0
3768,39.28127937843849,92870.9615481502,0.0,20.97192531732074,0.0,0.0
3769,39.28127937843849,92870.9615481502,0.0,20.97192531732074,0.0,0.0
3770,39.28127937843849,92870.9615481502,0.0,20.97192531732074,0.0,0.0
3771,39.28127937843849,92870.9615481502,0.0,20.97192531732074,0.0,0.0
3772,39.28127937843849,92870.9615481502,0.0,20.97192531732074,0.0,0.0
3773,39.28127937843849,92870.9615481502,0.0,20.97192531732074,0.0,0.0
3774,39.28127937843849,92870.9615481502,0.0,20.97192531732074,0.0,0.0
3775,39.28127937843849,92870.9615481502,0.0,20.97192531732074,0.0,0.0
3776,39.28127937843849,92870.9615481502,0.0,20.97192531732074,0.0,0.0
3777,39.28127937843849,92870.9615481502,0.0,20.97192531732074,0.0,0.0
3778,39.28127937843849,92870.9615481502,0.0,20.97192531732074,0.0,0.0
3779,39.28127937843849,92870.9615481502,0.0,20.97192531732074,0.0,0.0
3780,39.28127937843849,92870.9615481502,0.0,20.97192531732074,0.0,0.0
3781,39.28127937843849,92870.9615481502,0.0,20.97192531732074,0.0,0.0
3782,39.28127937843849,92870.9615481502,0.0,20.97192531732074,0.0,0.0
3783,39.28127937843849,92870.9615481502,0.0,20.97192531732074,0.0,0.0
3784,39.28127937843849,92870.9615481502,0.0,20.97192531732074,0.0,0.0
3785,39.28127937843849,92870.9615481502,0.0,20.97192531732074,0.0,0.0
3786,39.28127937843849,92870.9615481502,0.0,20.97192531732074,0.0,0.0
3787,39.28127937843849,92870.9615481502,0.0,20.97192531732074,0.0,0.0
3788,39.28127937843849,92870.9615481502,0.0,20.97192531732074,0.0,0.0
3789,39.28127937843849,92870.9615481502,0.0,20.97192531732074,0.0,0.0
3790,39.28127937843849,92870.9615481502,0.0,20.97192531732074,0.0,0.0
3791,39.28127937843849,92870.9615481502,0.0,20.97192531732074,0.0,0.0
3792,39.28127937843849,92870.9615481502,0.0,20.97192531732074,0.0,0.0
3793,39.28127937843849,92870.9615481502,0.0,20.97192531732074,0.0,0.0
3794,39.28127937843849,92870.9615481502,0.0,20.97192531732074,0.0,0.0
3795,39.28127937843849,92870.9615481502,0.0,20.97192531732074,0.0,0.0
3796,39.28127937843849,92870.9615481502,0.0,20.97192531732074,0.0,0.0
3797,39.28127937843849,92870.9615481502,0.0,20.97192531732074,0.0,0.0
3798,39.28127937843849,92870.9615481502,0.0,20.97192531732074,0.0,0.0
3799,39.28127937843849,92870.9615481502,0.0,20.97192531732074,0.0,0.0
3800,39.28127937843849,92870.9615481502,0.0,20.97192531732074,0.0,0.0
3801,39.28127937843849,92870.9615481502,0.0,20.97192531732074,0.0,0.0
3802,39.28127937843849,92870.9615481502,0.0,20.97192531732074,0.0,0.0
3803,39.28127937843849,92870.9615481502,0.0,20.97192531732074,0.0,0.0
3804,39.28127937843849,92870.9615481502,0.0,20.97192531732074,0.0,0.0
3805,39.28127937843849,92870.9615481502,0.0,20.97192531732074,0.0,0.0
3806,39.28127937843849,92870.9615481502,0.0,20.97192531732074,0.0,0.0
3807,39.28127937843849,92870.9615481502,0.0,20.97192531732074,0.0,0.0
3808,39.28127937843849,92870.9615481502,0.0,20.97192531732074,0.0,0.0
3809,39.28127937843849,92870.9615481502,0.0,20.97192531732074,0.0,0.0
3810,39.28127937843849,92870.9615481502,0.0,20.97192531732074,0.0,0.0
3811,39.28127937843849,92870.9615481502,0.0,20.97192531732074,0.0,0.0
3812,39.28127937843849,92870.9615481502,0.0,20.97192531732074,0.0,0.0
3813,39.28127937843849,92870.9615481502,0.0,20.97192531732074,0.0,0.0
3814,39.28127937843849,92870.9615481502,0.0,20.97192531732074,0.0,0.0
3815,39.28127937843849,92870.9615481502,0.0,20.97192531732074,0.0,0.0
3816,39.28127937843849,92870.9615481502,0.0,20.97192531732074,0.0,0.0
3817,39.28127937843849,92870.9615481502,0.0,20.97192531732074,0.0,0.0
3818,39.28127937843849,92870.9615481502,0.0,20.97192531732074,0.0,0.0
3819,39.28127937843849,92870.9615481502,0.0,20.97192531732074,0.0,0.0
3820,39.28127937843849,92870.9615481502,0.0,20.97192531732074,0.0,0.0
3821,39.28127937843849,92870.9615481502,0.0,20.97192531732074,0.0,0.0
3822,39.28127937843849,92870.9615481502,0.0,20.97192531732074,0.0,0.0
3823,39.28127937843849,92870.9615481502,0.0,20.97192531732074,0.0,0.0
3824,39.28127937843849,92870.9615481502,0.0,20.97192531732074,0.0,0.0
3825,39.28127937843849,92870.9615481502,0.0,20.97192531732074,0.0,0.0
3826,39.28127937843849,92870.9615481502,0.0,20.97192531732074,0.0,0.0
3827,39.28127937843849,92870.9615481502,0.0,20.97192531732074,0.0,0.0
3828,39.28127937843849,92870.9615481502,0.0,20.97192531732074,0.0,0.0
3829,39.28127937843849,92870.9615481502,0.0,20.97192531732074,0.0,0.0
3830,39.28127937843849,92870.9615481502,0.0,20.97192531732074,0.0,0.0
3831,39.28127937843849,92870.9615481502,0.0,20.97192531732074,0.0,0.0
3832,39.28127937843849,92870.9615481502,0.0,20.97192531732074,0.0,0.0
3833,39.28127937843849,92870.9615481502,0.0,20.97192531732074,0.0,0.0
3834,39.28127937843849,92870.9615481502,0.0,20.97192531732074,0.0,0.0
3835,39.28127937843849,92870.9615481502,0.0,20.97192531732074,0.0,0.0
3836,39.28127937843849,92870.9615481502,0.0,20.97192531732074,0.0,0.0
3837,39.28127937843849,92870.9615481502,0.0,20.97192531732074,0.0,0.0
3838,39.28127937843849,92870.9615481502,0.0,20.97192531732074,0.0,0.0
3839,39.28127937843849,92870.9615481502,0.0,20.97192531732074,0.0,0.0
3840,39.28127937843849,92870.9615481502,0.0,20.97192531732074,0.0,0.0
3841,39.28127937843849,92870.9615481502,0.0,20.97192531732074,0.0,0.0
3842,39.28127937843849,92870.9615481502,0.0,20.97192531732074,0.0,0.0
3843,39.28127937843849,92870.9615481502,0.0,20.97192531732074,0.0,0.0
3844,39.28127937843849,92870.9615481502,0.0,20.97192531732074,0.0,0.0
3845,39.28127937843849,92870.9615481502,0.0,20.97192531732074,0.0,0.0
3846,39.28127937843849,92870.9615481502,0.0,20.97192531732074,0.0,0.0
3847,39.28127937843849,92870.9615481502,0.0,20.97192531732074,0.0,0.0
3848,39.28127937843849,92870.9615481502,0.0,20.97192531732074,0.0,0.0
3849,39.28127937843849,92870.9615481502,0.0,20.97192531732074,0.0,0.0
3850,39.28127937843849,92870.9615481502,0.0,20.97192531732074,0.0,0.0
3851,39.28127937843849,92870.9615481502,0.0,20.97192531732074,0.0,0.0
3852,39.28127937843849,92870.9615481502,0.0,20.97192531732074,0.0,0.0
3853,39.28127937843849,92870.9615481502,0.0,20.97192531732074,0.0,0.0
3854,39.28127937843849,92870.9615481502,0.0,20.97192531732074,0.0,0.0
3855,39.28127937843849,92870.9615481502,0.0,20.97192531732074,0.0,0.0
3856,39.28127937843849,92870.9615481502,0.0,20.97192531732074,0.0,0.0
3857,39.28127937843849,92870.9615481502,0.0,20.97192531732074,0.0,0.0
3858,39.28127937843849,92870.9615481502,0.0,20.97192531732074,0.0,0.0
3859,39.28127937843849,92870.9615481502,0.0,20.97192531732074,0.0,0.0
3860,39.28127937843849,92870.9615481502,0.0,20.97192531732074,0.0,0.0
3861,39.28127937843849,92870.9615481502,0.0,20.97192531732074,0.0,0.0
3862,39.28127937843849,92870.9615481502,0.0,20.97192531732074,0.0,0.0
3863,39.28127937843849,92870.9615481502,0.0,20.97192531732074,0.0,0.0
3864,51.955567991371765,66570.16362885984,0.0,10.838209537982493,0.0,0.0
3865,51.955567991371765,66570.16362885984,0.0,10.838209537982493,0.0,0.0
3866,51.955567991371765,66570.16362885984,0.0,10.838209537982493,0.0,0.0
3867,51.955567991371765,66570.16362885984,0.0,10.838209537982493,0.0,0.0
3868,51.955567991371765,66570.16362885984,0.0,10.838209537982493,0.0,0.0
3869,51.955567991371765,66570.16362885984,0.0,10.838209537982493,0.0,0.0
3870,51.955567991371765,66570.16362885984,0.0,10.838209537982493,0.0,0.0
3871,51.955567991371765,66570.16362885984,0.0,10.838209537982493,0.0,0.0
3872,51.955567991371765,66570.16362885984,0.0,10.838209537982493,0.0,0.0
3873,51.955567991371765,66570.16362885984,0.0,10.838209537982493,0.0,0.0
3874,51.955567991371765,66570.16362885984,0.0,10.838209537982493,0.0,0.0
3875,51.955567991371765,66570.16362885984,0.0,10.838209537982493,0.0,0.0
3876,51.955567991371765,66570.16362885984,0.0,10.838209537982493,0.0,0.0
3877,51.955567991371765,66570.16362885984,0.0,10.838209537982493,0.0,0.0
3878,51.955567991371765,66570.16362885984,0.0,10.838209537982493,0.0,0.0
3879,51.955567991371765,66570.16362885984,0.0,10.838209537982493,0.0,0.0
3880,51.955567991371765,66570.16362885984,0.0,10.838209537982493,0.0,0.0
3881,51.955567991371765,66570.16362885984,0.0,10.838209537982493,0.0,0.0
3882,51.955567991371765,66570.16362885984,0.0,10.838209537982493,0.0,0.0
3883,51.955567991371765,66570.16362885984,0.0,10.838209537982493,0.0,0.0
3884,51.955567991371765,66570.16362885984,0.0,10.838209537982493,0.0,0.0
3885,51.955567991371765,66570.16362885984,0.0,10.838209537982493,0.0,0.0
3886,51.955567991371765,66570.16362885984,0.0,10.838209537982493,0.0,0.0
3887,51.955567991371765,66570.16362885984,0.0,10.838209537982493,0.0,0.0
3888,51.955567991371765,66570.16362885984,0.0,10.838209537982493,0.0,0.0
3889,51.955567991371765,66570.16362885984,0.0,10.838209537982493,0.0,0.0
3890,51.955567991371765,66570.16362885984,0.0,10.838209537982493,0.0,0.0
3891,51.955567991371765,66570.16362885984,0.0,10.838209537982493,0.0,0.0
3892,51.955567991371765,66570.16362885984,0.0,10.838209537982493,0.0,0.0
3893,51.955567991371765,66570.16362885984,0.0,10.838209537982493,0.0,0.0
3894,51.955567991371765,66570.16362885984,0.0,10.838209537982493,0.0,0.0
3895,51.955567991371765,66570.16362885984,0.0,10.838209537982493,0.0,0.0
3896,51.955567991371765,66570.16362885984,0.0,10.838209537982493,0.0,0.0
3897,51.955567991371765,66570.16362885984,0.0,10.838209537982493,0.0,0.0
3898,51.955567991371765,66570.16362885984,0.0,10.838209537982493,0.0,0.0
3899,51.955567991371765,66570.16362885984,0.0,10.838209537982493,0.0,0.0
3900,51.955567991371765,66570.16362885984,0.0,10.838209537982493,0.0,0.0
3901,51.955567991371765,66570.16362885984,0.0,10.838209537982493,0.0,0.0
3902,51.955567991371765,66570.16362885984,0.0,10.838209537982493,0.0,0.0
3903,51.955567991371765,66570.16362885984,0.0,10.838209537982493,0.0,0.0
3904,51.955567991371765,66570.16362885984,0.0,10.838209537982493,0.0,0.0
3905,51.955567991371765,66570.16362885984,0.0,10.838209537982493,0.0,0.0
3906,51.955567991371765,66570.16362885984,0.0,10.838209537982493,0.0,0.0
3907,51.955567991371765,66570.16362885984,0.0,10.838209537982493,0.0,0.0
3908,51.955567991371765,66570.16362885984,0.0,10.838209537982493,0.0,0.0
3909,51.955567991371765,66570.16362885984,0.0,10.838209537982493,0.0,0.0
3910,51.955567991371765,66570.16362885984,0.0,10.838209537982493,0.0,0.0
3911,51.955567991371765,66570.16362885984,0.0,10.838209537982493,0.0,0.0
3912,51.955567991371765,66570.16362885984,0.0,10.838209537982493,0.0,0.0
3913,51.955567991371765,66570.16362885984,0.0,10.838209537982493,0.0,0.0
3914,51.955567991371765,66570.16362885984,0.0,10.838209537982493,0.0,0.0
3915,51.955567991371765,66570.16362885984,0.0,10.838209537982493,0.0,0.0
3916,51.955567991371765,66570.16362885984,0.0,10.838209537982493,0.0,0.0
3917,51.955567991371765,66570.16362885984,0.0,10.838209537982493,0.0,0.0
3918,51.955567991371765,66570.16362885984,0.0,10.838209537982493,0.0,0.0
3919,51.955567991371765,66570.16362885984,0.0,10.838209537982493,0.0,0.0
3920,51.955567991371765,66570.16362885984,0.0,10.838209537982493,0.0,0.0
3921,51.955567991371765,66570.16362885984,0.0,10.838209537982493,0.0,0.0
3922,51.955567991371765,66570.16362885984,0.0,10.838209537982493,0.0,0.0
3923,51.955567991371765,66570.16362885984,0.0,10.838209537982493,0.0,0.0
3924,51.955567991371765,66570.16362885984,0.0,10.838209537982493,0.0,0.0
3925,51.955567991371765,66570.16362885984,0.0,10.838209537982493,0.0,0.0
3926,51.955567991371765,66570.16362885984,0.0,10.838209537982493,0.0,0.0
3927,51.955567991371765,66570.16362885984,0.0,10.838209537982493,0.0,0.0
3928,51.955567991371765,66570.16362885984,0.0,10.838209537982493,0.0,0.0
3929,51.955567991371765,66570.16362885984,0.0,10.838209537982493,0.0,0.0
3930,51.955567991371765,66570.16362885984,0.0,10.838209537982493,0.0,0.0
3931,51.955567991371765,66570.16362885984,0.0,10.838209537982493,0.0,0.0
3932,51.955567991371765,66570.16362885984,0.0,10.838209537982493,0.0,0.0
3933,51.955567991371765,66570.16362885984,0.0,10.838209537982493,0.0,0.0
3934,51.955567991371765,66570.16362885984,0.0,10.838209537982493,0.0,0.0
3935,51.955567991371765,66570.16362885984,0.0,10.838209537982493,0.0,0.0
3936,51.955567991371765,66570.16362885984,0.0,10.838209537982493,0.0,0.0
3937,51.955567991371765,66570.16362885984,0.0,10.838209537982493,0.0,0.0
3938,51.955567991371765,66570.16362885984,0.0,10.838209537982493,0.0,0.0
3939,51.955567991371765,66570.16362885984,0.0,10.838209537982493,0.0,0.0
3940,51.955567991371765,66570.16362885984,0.0,10.838209537982493,0.0,0.0
3941,51.955567991371765,66570.16362885984,0.0,10.838209537982493,0.0,0.0
3942,51.955567991371765,66570.16362885984,0.0,10.838209537982493,0.0,0.0
3943,51.955567991371765,66570.16362885984,0.0,10.838209537982493,0.0,0.0
3944,51.955567991371765,66570.16362885984,0.0,10.838209537982493,0.0,0.0
3945,51.955567991371765,66570.16362885984,0.0,10.838209537982493,0.0,0.0
3946,51.955567991371765,66570.16362885984,0.0,10.838209537982493,0.0,0.0
3947,51.955567991371765,66570.16362885984,0.0,10.838209537982493,0.0,0.0
3948,51.955567991371765,66570.16362885984,0.0,10.838209537982493,0.0,0.0
3949,51.955567991371765,66570.16362885984,0.0,10.838209537982493,0.0,0.0
3950,51.955567991371765,66570.16362885984,0.0,10.838209537982493,0.0,0.0
3951,51.955567991371765,66570.16362885984,0.0,10.838209537982493,0.0,0.0
3952,51.955567991371765,66570.16362885984,0.0,10.838209537982493,0.0,0.0
3953,51.955567991371765,66570.16362885984,0.0,10.838209537982493,0.0,0.0
3954,51.955567991371765,66570.16362885984,0.0,10.838209537982493,0.0,0.0
3955,51.955567991371765,66570.16362885984,0.0,10.838209537982493,0.0,0.0
3956,51.955567991371765,66570.16362885984,0.0,10.838209537982493,0.0,0.0
3957,51.955567991371765,66570.16362885984,0.0,10.838209537982493,0.0,0.0
3958,51.955567991371765,66570.16362885984,0.0,10.838209537982493,0.0,0.0
3959,51.955567991371765,66570.16362885984,0.0,10.838209537982493,0.0,0.0
3960,51.955567991371765,66570.16362885984,0.0,10.838209537982493,0.0,0.0
3961,51.955567991371765,66570.16362885984,0.0,10.838209537982493,0.0,0.0
3962,51.955567991371765,66570.16362885984,0.0,10.838209537982493,0.0,0.0
3963,51.955567991371765,66570.16362885984,0.0,10.838209537982493,0.0,0.0
3964,51.955567991371765,66570.16362885984,0.0,10.838209537982493,0.0,0.0
3965,51.955567991371765,66570.16362885984,0.0,10.838209537982493,0.0,0.0
3966,51.955567991371765,66570.16362885984,0.0,10.838209537982493,0.0,0.0
3967,51.955567991371765,66570.16362885984,0.0,10.838209537982493,0.0,0.0
3968,51.955567991371765,66570.16362885984,0.0,10.838209537982493,0.0,0.0
3969,51.955567991371765,66570.16362885984,0.0,10.838209537982493,0.0,0.0
3970,51.955567991371765,66570.16362885984,0.0,10.838209537982493,0.0,0.0
3971,51.955567991371765,66570.16362885984,0.0,10.838209537982493,0.0,0.0
3972,51.955567991371765,66570.16362885984,0.0,10.838209537982493,0.0,0.0
3973,51.955567991371765,66570.16362885984,0.0,10.838209537982493,0.0,0.0
3974,51.955567991371765,66570.16362885984,0.0,10.838209537982493,0.0,0.0
3975,51.955567991371765,66570.16362885984,0.0,10.838209537982493,0.0,0.0
3976,51.955567991371765,66570.16362885984,0.0,10.838209537982493,0.0,0.0
3977,51.955567991371765,66570.16362885984,0.0,10.838209537982493,0.0,0.0
3978,51.955567991371765,66570.16362885984,0.0,10.838209537982493,0.0,0.0
3979,51.955567991371765,66570.16362885984,0.0,10.838209537982493,0.0,0.0
3980,51.955567991371765,66570.16362885984,0.0,10.838209537982493,0.0,0.0
3981,51.955567991371765,66570.16362885984,0.0,10.838209537982493,0.0,0.0
3982,51.955567991371765,66570.16362885984,0.0,10.838209537982493,0.0,0.0
3983,51.955567991371765,66570.16362885984,0.0,10.838209537982493,0.0,0.0
3984,51.955567991371765,66570.16362885984,0.0,10.838209537982493,0.0,0.0
3985,51.955567991371765,66570.16362885984,0.0,10.838209537982493,0.0,0.0
3986,51.955567991371765,66570.16362885984,0.0,10.838209537982493,0.0,0.0
3987,51.955567991371765,66570.16362885984,0.0,10.838209537982493,0.0,0.0
3988,51.955567991371765,66570.16362885984,0.0,10.838209537982493,0.0,0.0
3989,51.955567991371765,66570.16362885984,0.0,10.838209537982493,0.0,0.0
3990,51.955567991371765,66570.16362885984,0.0,10.838209537982493,0.0,0.0
3991,51.955567991371765,66570.16362885984,0.0,10.838209537982493,0.0,0.0
3992,51.955567991371765,66570.16362885984,0.0,10.838209537982493,0.0,0.0
3993,51.955567991371765,66570.16362885984,0.0,10.838209537982493,0.0,0.0
3994,51.955567991371765,66570.16362885984,0.0,10.838209537982493,0.0,0.0
3995,51.955567991371765,66570.16362885984,0.0,10.838209537982493,0.0,0.0
3996,51.955567991371765,66570.16362885984,0.0,10.838209537982493,0.0,0.0
3997,51.955567991371765,66570.16362885984,0.0,10.838209537982493,0.0,0.0
3998,51.955567991371765,66570.16362885984,0.0,10.838209537982493,0.0,0.0
3999,51.955567991371765,66570.16362885984,0.0,10.838209537982493,0.0,0.0
4000,51.955567991371765,66570.16362885984,0.0,10.838209537982493,0.0,0.0
4001,51.955567991371765,66570.16362885984,0.0,10.838209537982493,0.0,0.0
4002,51.955567991371765,66570.16362885984,0.0,10.838209537982493,0.0,0.0
4003,51.955567991371765,66570.16362885984,0.0,10.838209537982493,0.0,0.0
4004,51.955567991371765,66570.16362885984,0.0,10.838209537982493,0.0,0.0
4005,51.955567991371765,66570.16362885984,0.0,10.838209537982493,0.0,0.0
4006,51.955567991371765,66570.16362885984,0.0,10.838209537982493,0.0,0.0
4007,51.955567991371765,66570.16362885984,0.0,10.838209537982493,0.0,0.0
4008,51.955567991371765,66570.16362885984,0.0,10.838209537982493,0.0,0.0
4009,51.955567991371765,66570.16362885984,0.0,10.838209537982493,0.0,0.0
4010,51.955567991371765,66570.16362885984,0.0,10.838209537982493,0.0,0.0
4011,51.955567991371765,66570.16362885984,0.0,10.838209537982493,0.0,0.0
4012,51.955567991371765,66570.16362885984,0.0,10.838209537982493,0.0,0.0
4013,51.955567991371765,66570.16362885984,0.0,10.838209537982493,0.0,0.0
4014,51.955567991371765,66570.16362885984,0.0,10.838209537982493,0.0,0.0
4015,51.955567991371765,66570.16362885984,0.0,10.838209537982493,0.0,0.0
4016,51.955567991371765,66570.16362885984,0.0,10.838209537982493,0.0,0.0
4017,51.955567991371765,66570.16362885984,0.0,10.838209537982493,0.0,0.0
4018,51.955567991371765,66570.16362885984,0.0,10.838209537982493,0.0,0.0
4019,51.955567991371765,66570.16362885984,0.0,10.838209537982493,0.0,0.0
4020,51.955567991371765,66570.16362885984,0.0,10.838209537982493,0.0,0.0
4021,51.955567991371765,66570.16362885984,0.0,10.838209537982493,0.0,0.0
4022,51.955567991371765,66570.16362885984,0.0,10.838209537982493,0.0,0.0
4023,51.955567991371765,66570.16362885984,0.0,10.838209537982493,0.0,0.0
4024,51.955567991371765,66570.16362885984,0.0,10.838209537982493,0.0,0.0
4025,51.955567991371765,66570.16362885984,0.0,10.838209537982493,0.0,0.0
4026,51.955567991371765,66570.16362885984,0.0,10.838209537982493,0.0,0.0
4027,51.955567991371765,66570.16362885984,0.0,10.838209537982493,0.0,0.0
4028,51.955567991371765,66570.16362885984,0.0,10.838209537982493,0.0,0.0
4029,51.955567991371765,66570.16362885984,0.0,10.838209537982493,0.0,0.0
4030,51.955567991371765,66570.16362885984,0.0,10.838209537982493,0.0,0.0
4031,51.955567991371765,66570.16362885984,0.0,10.838209537982493,0.0,0.0
4032,91.49372291771678,58809.06296421465,0.0,9.994047619047619,0.0,0.0
4033,91.49372291771678,58809.06296421465,0.0,9.994047619047619,0.0,0.0
4034,91.49372291771678,58809.06296421465,0.0,9.994047619047619,0.0,0.0
4035,91.49372291771678,58809.06296421465,0.0,9.994047619047619,0.0,0.0
4036,91.49372291771678,58809.06296421465,0.0,9.994047619047619,0.0,0.0
4037,91.49372291771678,58809.06296421465,0.0,9.994047619047619,0.0,0.0
4038,91.49372291771678,58809.06296421465,0.0,9.994047619047619,0.0,0.0
4039,91.49372291771678,58809.06296421465,0.0,9.994047619047619,0.0,0.0
4040,91.49372291771678,58809.06296421465,0.0,9.994047619047619,0.0,0.0
4041,91.49372291771678,58809.06296421465,0.0,9.994047619047619,0.0,0.0
4042,91.49372291771678,58809.06296421465,0.0,9.994047619047619,0.0,0.0
4043,91.49372291771678,58809.06296421465,0.0,9.994047619047619,0.0,0.0
4044,91.49372291771678,58809.06296421465,0.0,9.994047619047619,0.0,0.0
4045,91.49372291771678,58809.06296421465,0.0,9.994047619047619,0.0,0.0
4046,91.49372291771678,58809.06296421465,0.0,9.994047619047619,0.0,0.0
4047,91.49372291771678,58809.06296421465,0.0,9.994047619047619,0.0,0.0
4048,91.49372291771678,58809.06296421465,0.0,9.994047619047619,0.0,0.0
4049,91.49372291771678,58809.06296421465,0.0,9.994047619047619,0.0,0.0
4050,91.49372291771678,58809.06296421465,0.0,9.994047619047619,0.0,0.0
4051,91.49372291771678,58809.06296421465,0.0,9.994047619047619,0.0,0.0
4052,91.49372291771678,58809.06296421465,0.0,9.994047619047619,0.0,0.0
4053,91.49372291771678,58809.06296421465,0.0,9.994047619047619,0.0,0.0
4054,91.49372291771678,58809.06296421465,0.0,9.994047619047619,0.0,0.0
4055,91.49372291771678,58809.06296421465,0.0,9.994047619047619,0.0,0.0
4056,91.49372291771678,58809.06296421465,0.0,9.994047619047619,0.0,0.0
4057,91.49372291771678,58809.06296421465,0.0,9.994047619047619,0.0,0.0
4058,91.49372291771678,58809.06296421465,0.0,9.994047619047619,0.0,0.0
4059,91.49372291771678,58809.06296421465,0.0,9.994047619047619,0.0,0.0
4060,91.49372291771678,58809.06296421465,0.0,9.994047619047619,0.0,0.0
4061,91.49372291771678,58809.06296421465,0.0,9.994047619047619,0.0,0.0
4062,91.49372291771678,58809.06296421465,0.0,9.994047619047619,0.0,0.0
4063,91.49372291771678,58809.06296421465,0.0,9.994047619047619,0.0,0.0
4064,91.49372291771678,58809.06296421465,0.0,9.994047619047619,0.0,0.0
4065,91.49372291771678,58809.06296421465,0.0,9.994047619047619,0.0,0.0
4066,91.49372291771678,58809.06296421465,0.0,9.994047619047619,0.0,0.0
4067,91.49372291771678,58809.06296421465,0.0,9.994047619047619,0.0,0.0
4068,91.49372291771678,58809.06296421465,0.0,9.994047619047619,0.0,0.0
4069,91.49372291771678,58809.06296421465,0.0,9.994047619047619,0.0,0.0
4070,91.49372291771678,58809.06296421465,0.0,9.994047619047619,0.0,0.0
4071,91.49372291771678,58809.06296421465,0.0,9.994047619047619,0.0,0.0
4072,91.49372291771678,58809.06296421465,0.0,9.994047619047619,0.0,0.0
4073,91.49372291771678,58809.06296421465,0.0,9.994047619047619,0.0,0.0
4074,91.49372291771678,58809.06296421465,0.0,9.994047619047619,0.0,0.0
4075,91.49372291771678,58809.06296421465,0.0,9.994047619047619,0.0,0.0
4076,91.49372291771678,58809.06296421465,0.0,9.994047619047619,0.0,0.0
4077,91.49372291771678,58809.06296421465,0.0,9.994047619047619,0.0,0.0
4078,91.49372291771678,58809.06296421465,0.0,9.994047619047619,0.0,0.0
4079,91.49372291771678,58809.06296421465,0.0,9.994047619047619,0.0,0.0
4080,91.49372291771678,58809.06296421465,0.0,9.994047619047619,0.0,0.0
4081,91.49372291771678,58809.06296421465,0.0,9.994047619047619,0.0,0.0
4082,91.49372291771678,58809.06296421465,0.0,9.994047619047619,0.0,0.0
4083,91.49372291771678,58809.06296421465,0.0,9.994047619047619,0.0,0.0
4084,91.49372291771678,58809.06296421465,0.0,9.994047619047619,0.0,0.0
4085,91.49372291771678,58809.06296421465,0.0,9.994047619047619,0.0,0.0
4086,91.49372291771678,58809.06296421465,0.0,9.994047619047619,0.0,0.0
4087,91.49372291771678,58809.06296421465,0.0,9.994047619047619,0.0,0.0
4088,91.49372291771678,58809.06296421465,0.0,9.994047619047619,0.0,0.0
4089,91.49372291771678,58809.06296421465,0.0,9.994047619047619,0.0,0.0
4090,91.49372291771678,58809.06296421465,0.0,9.994047619047619,0.0,0.0
4091,91.49372291771678,58809.06296421465,0.0,9.994047619047619,0.0,0.0
4092,91.49372291771678,58809.06296421465,0.0,9.994047619047619,0.0,0.0
4093,91.49372291771678,58809.06296421465,0.0,9.994047619047619,0.0,0.0
4094,91.49372291771678,58809.06296421465,0.0,9.994047619047619,0.0,0.0
4095,91.49372291771678,58809.06296421465,0.0,9.994047619047619,0.0,0.0
4096,91.49372291771678,58809.06296421465,0.0,9.994047619047619,0.0,0.0
4097,91.49372291771678,58809.06296421465,0.0,9.994047619047619,0.0,0.0
4098,91.49372291771678,58809.06296421465,0.0,9.994047619047619,0.0,0.0
4099,91.49372291771678,58809.06296421465,0.0,9.994047619047619,0.0,0.0
4100,91.49372291771678,58809.06296421465,0.0,9.994047619047619,0.0,0.0
4101,91.49372291771678,58809.06296421465,0.0,9.994047619047619,0.0,0.0
4102,91.49372291771678,58809.06296421465,0.0,9.994047619047619,0.0,0.0
4103,91.49372291771678,58809.06296421465,0.0,9.994047619047619,0.0,0.0
4104,91.49372291771678,58809.06296421465,0.0,9.994047619047619,0.0,0.0
4105,91.49372291771678,58809.06296421465,0.0,9.994047619047619,0.0,0.0
4106,91.49372291771678,58809.06296421465,0.0,9.994047619047619,0.0,0.0
4107,91.49372291771678,58809.06296421465,0.0,9.994047619047619,0.0,0.0
4108,91.49372291771678,58809.06296421465,0.0,9.994047619047619,0.0,0.0
4109,91.49372291771678,58809.06296421465,0.0,9.994047619047619,0.0,0.0
4110,91.49372291771678,58809.06296421465,0.0,9.994047619047619,0.0,0.0
4111,91.49372291771678,58809.06296421465,0.0,9.994047619047619,0.0,0.0
4112,91.49372291771678,58809.06296421465,0.0,9.994047619047619,0.0,0.0
4113,91.49372291771678,58809.06296421465,0.0,9.994047619047619,0.0,0.0
4114,91.49372291771678,58809.06296421465,0.0,9.994047619047619,0.0,0.0
4115,91.49372291771678,58809.06296421465,0.0,9.994047619047619,0.0,0.0
4116,91.49372291771678,58809.06296421465,0.0,9.994047619047619,0.0,0.0
4117,91.49372291771678,58809.06296421465,0.0,9.994047619047619,0.0,0.0
4118,91.49372291771678,58809.06296421465,0.0,9.994047619047619,0.0,0.0
4119,91.49372291771678,58809.06296421465,0.0,9.994047619047619,0.0,0.0
4120,91.49372291771678,58809.06296421465,0.0,9.994047619047619,0.0,0.0
4121,91.49372291771678,58809.06296421465,0.0,9.994047619047619,0.0,0.0
4122,91.49372291771678,58809.06296421465,0.0,9.994047619047619,0.0,0.0
4123,91.49372291771678,58809.06296421465,0.0,9.994047619047619,0.0,0.0
4124,91.49372291771678,58809.06296421465,0.0,9.994047619047619,0.0,0.0
4125,91.49372291771678,58809.06296421465,0.0,9.994047619047619,0.0,0.0
4126,91.49372291771678,58809.06296421465,0.0,9.994047619047619,0.0,0.0
4127,91.49372291771678,58809.06296421465,0.0,9.994047619047619,0.0,0.0
4128,91.49372291771678,58809.06296421465,0.0,9.994047619047619,0.0,0.0
4129,91.49372291771678,58809.06296421465,0.0,9.994047619047619,0.0,0.0
4130,91.49372291771678,58809.06296421465,0.0,9.994047619047619,0.0,0.0
4131,91.49372291771678,58809.06296421465,0.0,9.994047619047619,0.0,0.0
4132,91.49372291771678,58809.06296421465,0.0,9.994047619047619,0.0,0.0
4133,91.49372291771678,58809.06296421465,0.0,9.994047619047619,0.0,0.0
4134,91.49372291771678,58809.06296421465,0.0,9.994047619047619,0.0,0.0
4135,91.49372291771678,58809.06296421465,0.0,9.994047619047619,0.0,0.0
4136,91.49372291771678,58809.06296421465,0.0,9.994047619047619,0.0,0.0
4137,91.49372291771678,58809.06296421465,0.0,9.994047619047619,0.0,0.0
4138,91.49372291771678,58809.06296421465,0.0,9.994047619047619,0.0,0.0
4139,91.49372291771678,58809.06296421465,0.0,9.994047619047619,0.0,0.0
4140,91.49372291771678,58809.06296421465,0.0,9.994047619047619,0.0,0.0
4141,91.49372291771678,58809.06296421465,0.0,9.994047619047619,0.0,0.0
4142,91.49372291771678,58809.06296421465,0.0,9.994047619047619,0.0,0.0
4143,91.49372291771678,58809.06296421465,0.0,9.994047619047619,0.0,0.0
4144,91.49372291771678,58809.06296421465,0.0,9.994047619047619,0.0,0.0
4145,91.49372291771678,58809.06296421465,0.0,9.994047619047619,0.0,0.0
4146,91.49372291771678,58809.06296421465,0.0,9.994047619047619,0.0,0.0
4147,91.49372291771678,58809.06296421465,0.0,9.994047619047619,0.0,0.0
4148,91.49372291771678,58809.06296421465,0.0,9.994047619047619,0.0,0.0
4149,91.49372291771678,58809.06296421465,0.0,9.994047619047619,0.0,0.0
4150,91.49372291771678,58809.06296421465,0.0,9.994047619047619,0.0,0.0
4151,91.49372291771678,58809.06296421465,0.0,9.994047619047619,0.0,0.0
4152,91.49372291771678,58809.06296421465,0.0,9.994047619047619,0.0,0.0
4153,91.49372291771678,58809.06296421465,0.0,9.994047619047619,0.0,0.0
4154,91.49372291771678,58809.06296421465,0.0,9.994047619047619,0.0,0.0
4155,91.49372291771678,58809.06296421465,0.0,9.994047619047619,0.0,0.0
4156,91.49372291771678,58809.06296421465,0.0,9.994047619047619,0.0,0.0
4157,91.49372291771678,58809.06296421465,0.0,9.994047619047619,0.0,0.0
4158,91.49372291771678,58809.06296421465,0.0,9.994047619047619,0.0,0.0
4159,91.49372291771678,58809.06296421465,0.0,9.994047619047619,0.0,0.0
4160,91.49372291771678,58809.06296421465,0.0,9.994047619047619,0.0,0.0
4161,91.49372291771678,58809.06296421465,0.0,9.994047619047619,0.0,0.0
4162,91.49372291771678,58809.06296421465,0.0,9.994047619047619,0.0,0.0
4163,91.49372291771678,58809.06296421465,0.0,9.994047619047619,0.0,0.0
4164,91.49372291771678,58809.06296421465,0.0,9.994047619047619,0.0,0.0
4165,91.49372291771678,58809.06296421465,0.0,9.994047619047619,0.0,0.0
4166,91.49372291771678,58809.06296421465,0.0,9.994047619047619,0.0,0.0
4167,91.49372291771678,58809.06296421465,0.0,9.994047619047619,0.0,0.0
4168,91.49372291771678,58809.06296421465,0.0,9.994047619047619,0.0,0.0
4169,91.49372291771678,58809.06296421465,0.0,9.994047619047619,0.0,0.0
4170,91.49372291771678,58809.06296421465,0.0,9.994047619047619,0.0,0.0
4171,91.49372291771678,58809.06296421465,0.0,9.994047619047619,0.0,0.0
4172,91.49372291771678,58809.06296421465,0.0,9.994047619047619,0.0,0.0
4173,91.49372291771678,58809.06296421465,0.0,9.994047619047619,0.0,0.0
4174,91.49372291771678,58809.06296421465,0.0,9.994047619047619,0.0,0.0
4175,91.49372291771678,58809.06296421465,0.0,9.994047619047619,0.0,0.0
4176,91.49372291771678,58809.06296421465,0.0,9.994047619047619,0.0,0.0
4177,91.49372291771678,58809.06296421465,0.0,9.994047619047619,0.0,0.0
4178,91.49372291771678,58809.06296421465,0.0,9.994047619047619,0.0,0.0
4179,91.49372291771678,58809.06296421465,0.0,9.994047619047619,0.0,0.0
4180,91.49372291771678,58809.06296421465,0.0,9.994047619047619,0.0,0.0
4181,91.49372291771678,58809.06296421465,0.0,9.994047619047619,0.0,0.0
4182,91.49372291771678,58809.06296421465,0.0,9.994047619047619,0.0,0.0
4183,91.49372291771678,58809.06296421465,0.0,9.994047619047619,0.0,0.0
4184,91.49372291771678,58809.06296421465,0.0,9.994047619047619,0.0,0.0
4185,91.49372291771678,58809.06296421465,0.0,9.994047619047619,0.0,0.0
4186,91.49372291771678,58809.06296421465,0.0,9.994047619047619,0.0,0.0
4187,91.49372291771678,58809.06296421465,0.0,9.994047619047619,0.0,0.0
4188,91.49372291771678,58809.06296421465,0.0,9.994047619047619,0.0,0.0
4189,91.49372291771678,58809.06296421465,0.0,9.994047619047619,0.0,0.0
4190,91.49372291771678,58809.06296421465,0.0,9.994047619047619,0.0,0.0
4191,91.49372291771678,58809.06296421465,0.0,9.994047619047619,0.0,0.0
4192,91.49372291771678,58809.06296421465,0.0,9.994047619047619,0.0,0.0
4193,91.49372291771678,58809.06296421465,0.0,9.994047619047619,0.0,0.0
4194,91.49372291771678,58809.06296421465,0.0,9.994047619047619,0.0,0.0
4195,91.49372291771678,58809.06296421465,0.0,9.994047619047619,0.0,0.0
4196,91.49372291771678,58809.06296421465,0.0,9.994047619047619,0.0,0.0
4197,91.49372291771678,58809.06296421465,0.0,9.994047619047619,0.0,0.0
4198,91.49372291771678,58809.06296421465,0.0,9.994047619047619,0.0,0.0
4199,91.49372291771678,58809.06296421465,0.0,9.994047619047619,0.0,0.0
4200,79.7510665604466,50481.26824471871,0.0,41.980834684330965,0.0,0.0
4201,79.7510665604466,50481.26824471871,0.0,41.980834684330965,0.0,0.0
4202,79.7510665604466,50481.26824471871,0.0,41.980834684330965,0.0,0.0
4203,79.7510665604466,50481.26824471871,0.0,41.980834684330965,0.0,0.0
4204,79.7510665604466,50481.26824471871,0.0,41.980834684330965,0.0,0.0
4205,79.7510665604466,50481.26824471871,0.0,41.980834684330965,0.0,0.0
4206,79.7510665604466,50481.26824471871,0.0,41.980834684330965,0.0,0.0
4207,79.7510665604466,50481.26824471871,0.0,41.980834684330965,0.0,0.0
4208,79.7510665604466,50481.26824471871,0.0,41.980834684330965,0.0,0.0
4209,79.7510665604466,50481.26824471871,0.0,41.980834684330965,0.0,0.0
4210,79.7510665604466,50481.26824471871,0.0,41.980834684330965,0.0,0.0
4211,79.7510665604466,50481.26824471871,0.0,41.980834684330965,0.0,0.0
4212,79.7510665604466,50481.26824471871,0.0,41.980834684330965,0.0,0.0
4213,79.7510665604466,50481.26824471871,0.0,41.980834684330965,0.0,0.0
4214,79.7510665604466,50481.26824471871,0.0,41.980834684330965,0.0,0.0
4215,79.7510665604466,50481.26824471871,0.0,41.980834684330965,0.0,0.0
4216,79.7510665604466,50481.26824471871,0.0,41.980834684330965,0.0,0.0
4217,79.7510665604466,50481.26824471871,0.0,41.980834684330965,0.0,0.0
4218,79.7510665604466,50481.26824471871,0.0,41.980834684330965,0.0,0.0
4219,79.7510665604466,50481.26824471871,0.0,41.980834684330965,0.0,0.0
4220,79.7510665604466,50481.26824471871,0.0,41.980834684330965,0.0,0.0
4221,79.7510665604466,50481.26824471871,0.0,41.980834684330965,0.0,0.0
4222,79.7510665604466,50481.26824471871,0.0,41.980834684330965,0.0,0.0
4223,79.7510665604466,50481.26824471871,0.0,41.980834684330965,0.0,0.0
4224,79.7510665604466,50481.26824471871,0.0,41.980834684330965,0.0,0.0
4225,79.7510665604466,50481.26824471871,0.0,41.980834684330965,0.0,0.0
4226,79.7510665604466,50481.26824471871,0.0,41.980834684330965,0.0,0.0
4227,79.7510665604466,50481.26824471871,0.0,41.980834684330965,0.0,0.0
4228,79.7510665604466,50481.26824471871,0.0,41.980834684330965,0.0,0.0
4229,79.7510665604466,50481.26824471871,0.0,41.980834684330965,0.0,0.0
4230,79.7510665604466,50481.26824471871,0.0,41.980834684330965,0.0,0.0
4231,79.7510665604466,50481.26824471871,0.0,41.980834684330965,0.0,0.0
4232,79.7510665604466,50481.26824471871,0.0,41.980834684330965,0.0,0.0
4233,79.7510665604466,50481.26824471871,0.0,41.980834684330965,0.0,0.0
4234,79.7510665604466,50481.26824471871,0.0,41.980834684330965,0.0,0.0
4235,79.7510665604466,50481.26824471871,0.0,41.980834684330965,0.0,0.0
4236,79.7510665604466,50481.26824471871,0.0,41.980834684330965,0.0,0.0
4237,79.7510665604466,50481.26824471871,0.0,41.980834684330965,0.0,0.0
4238,79.7510665604466,50481.26824471871,0.0,41.980834684330965,0.0,0.0
4239,79.7510665604466,50481.26824471871,0.0,41.980834684330965,0.0,0.0
4240,79.7510665604466,50481.26824471871,0.0,41.980834684330965,0.0,0.0
4241,79.7510665604466,50481.26824471871,0.0,41.980834684330965,0.0,0.0
4242,79.7510665604466,50481.26824471871,0.0,41.980834684330965,0.0,0.0
4243,79.7510665604466,50481.26824471871,0.0,41.980834684330965,0.0,0.0
4244,79.7510665604466,50481.26824471871,0.0,41.980834684330965,0.0,0.0
4245,79.7510665604466,50481.26824471871,0.0,41.980834684330965,0.0,0.0
4246,79.7510665604466,50481.26824471871,0.0,41.980834684330965,0.0,0.0
4247,79.7510665604466,50481.26824471871,0.0,41.980834684330965,0.0,0.0
4248,79.7510665604466,50481.26824471871,0.0,41.980834684330965,0.0,0.0
4249,79.7510665604466,50481.26824471871,0.0,41.980834684330965,0.0,0.0
4250,79.7510665604466,50481.26824471871,0.0,41.980834684330965,0.0,0.0
4251,79.7510665604466,50481.26824471871,0.0,41.980834684330965,0.0,0.0
4252,79.7510665604466,50481.26824471871,0.0,41.980834684330965,0.0,0.0
4253,79.7510665604466,50481.26824471871,0.0,41.980834684330965,0.0,0.0
4254,79.7510665604466,50481.26824471871,0.0,41.980834684330965,0.0,0.0
4255,79.7510665604466,50481.26824471871,0.0,41.980834684330965,0.0,0.0
4256,79.7510665604466,50481.26824471871,0.0,41.980834684330965,0.0,0.0
4257,79.7510665604466,50481.26824471871,0.0,41.980834684330965,0.0,0.0
4258,79.7510665604466,50481.26824471871,0.0,41.980834684330965,0.0,0.0
4259,79.7510665604466,50481.26824471871,0.0,41.980834684330965,0.0,0.0
4260,79.7510665604466,50481.26824471871,0.0,41.980834684330965,0.0,0.0
4261,79.7510665604466,50481.26824471871,0.0,41.980834684330965,0.0,0.0
4262,79.7510665604466,50481.26824471871,0.0,41.980834684330965,0.0,0.0
4263,79.7510665604466,50481.26824471871,0.0,41.980834684330965,0.0,0.0
4264,79.7510665604466,50481.26824471871,0.0,41.980834684330965,0.0,0.0
4265,79.7510665604466,50481.26824471871,0.0,41.980834684330965,0.0,0.0
4266,79.7510665604466,50481.26824471871,0.0,41.980834684330965,0.0,0.0
4267,79.7510665604466,50481.26824471871,0.0,41.980834684330965,0.0,0.0
4268,79.7510665604466,50481.26824471871,0.0,41.980834684330965,0.0,0.0
4269,79.7510665604466,50481.26824471871,0.0,41.980834684330965,0.0,0.0
4270,79.7510665604466,50481.26824471871,0.0,41.980834684330965,0.0,0.0
4271,79.7510665604466,50481.26824471871,0.0,41.980834684330965,0.0,0.0
4272,79.7510665604466,50481.26824471871,0.0,41.980834684330965,0.0,0.0
4273,79.7510665604466,50481.26824471871,0.0,41.980834684330965,0.0,0.0
4274,79.7510665604466,50481.26824471871,0.0,41.980834684330965,0.0,0.0
4275,79.7510665604466,50481.26824471871,0.0,41.980834684330965,0.0,0.0
4276,79.7510665604466,50481.26824471871,0.0,41.980834684330965,0.0,0.0
4277,79.7510665604466,50481.26824471871,0.0,41.980834684330965,0.0,0.0
4278,79.7510665604466,50481.26824471871,0.0,41.980834684330965,0.0,0.0
4279,79.7510665604466,50481.26824471871,0.0,41.980834684330965,0.0,0.0
4280,79.7510665604466,50481.26824471871,0.0,41.980834684330965,0.0,0.0
4281,79.7510665604466,50481.26824471871,0.0,41.980834684330965,0.0,0.0
4282,79.7510665604466,50481.26824471871,0.0,41.980834684330965,0.0,0.0
4283,79.7510665604466,50481.26824471871,0.0,41.980834684330965,0.0,0.0
4284,79.7510665604466,50481.26824471871,0.0,41.980834684330965,0.0,0.0
4285,79.7510665604466,50481.26824471871,0.0,41.980834684330965,0.0,0.0
4286,79.7510665604466,50481.26824471871,0.0,41.980834684330965,0.0,0.0
4287,79.7510665604466,50481.26824471871,0.0,41.980834684330965,0.0,0.0
4288,79.7510665604466,50481.26824471871,0.0,41.980834684330965,0.0,0.0
4289,79.7510665604466,50481.26824471871,0.0,41.980834684330965,0.0,0.0
4290,79.7510665604466,50481.26824471871,0.0,41.980834684330965,0.0,0.0
4291,79.7510665604466,50481.26824471871,0.0,41.980834684330965,0.0,0.0
4292,79.7510665604466,50481.26824471871,0.0,41.980834684330965,0.0,0.0
4293,79.7510665604466,50481.26824471871,0.0,41.980834684330965,0.0,0.0
4294,79.7510665604466,50481.26824471871,0.0,41.980834684330965,0.0,0.0
4295,79.7510665604466,50481.26824471871,0.0,41.980834684330965,0.0,0.0
4296,79.7510665604466,50481.26824471871,0.0,41.980834684330965,0.0,0.0
4297,79.7510665604466,50481.26824471871,0.0,41.980834684330965,0.0,0.0
4298,79.7510665604466,50481.26824471871,0.0,41.980834684330965,0.0,0.0
4299,79.7510665604466,50481.26824471871,0.0,41.980834684330965,0.0,0.0
4300,79.7510665604466,50481.26824471871,0.0,41.980834684330965,0.0,0.0
4301,79.7510665604466,50481.26824471871,0.0,41.980834684330965,0.0,0.0
4302,79.7510665604466,50481.26824471871,0.0,41.980834684330965,0.0,0.0
4303,79.7510665604466,50481.26824471871,0.0,41.980834684330965,0.0,0.0
4304,79.7510665604466,50481.26824471871,0.0,41.980834684330965,0.0,0.0
4305,79.7510665604466,50481.26824471871,0.0,41.980834684330965,0.0,0.0
4306,79.7510665604466,50481.26824471871,0.0,41.980834684330965,0.0,0.0
4307,79.7510665604466,50481.26824471871,0.0,41.980834684330965,0.0,0.0
4308,79.7510665604466,50481.26824471871,0.0,41.980834684330965,0.0,0.0
4309,79.7510665604466,50481.26824471871,0.0,41.980834684330965,0.0,0.0
4310,79.7510665604466,50481.26824471871,0.0,41.980834684330965,0.0,0.0
4311,79.7510665604466,50481.26824471871,0.0,41.980834684330965,0.0,0.0
4312,79.7510665604466,50481.26824471871,0.0,41.980834684330965,0.0,0.0
4313,79.7510665604466,50481.26824471871,0.0,41.980834684330965,0.0,0.0
4314,79.7510665604466,50481.26824471871,0.0,41.980834684330965,0.0,0.0
4315,79.7510665604466,50481.26824471871,0.0,41.980834684330965,0.0,0.0
4316,79.7510665604466,50481.26824471871,0.0,41.980834684330965,0.0,0.0
4317,79.7510665604466,50481.26824471871,0.0,41.980834684330965,0.0,0.0
4318,79.7510665604466,50481.26824471871,0.0,41.980834684330965,0.0,0.0
4319,79.7510665604466,50481.26824471871,0.0,41.980834684330965,0.0,0.0
4320,79.7510665604466,50481.26824471871,0.0,41.980834684330965,0.0,0.0
4321,79.7510665604466,50481.26824471871,0.0,41.980834684330965,0.0,0.0
4322,79.7510665604466,50481.26824471871,0.0,41.980834684330965,0.0,0.0
4323,79.7510665604466,50481.26824471871,0.0,41.980834684330965,0.0,0.0
4324,79.7510665604466,50481.26824471871,0.0,41.980834684330965,0.0,0.0
4325,79.7510665604466,50481.26824471871,0.0,41.980834684330965,0.0,0.0
4326,79.7510665604466,50481.26824471871,0.0,41.980834684330965,0.0,0.0
4327,79.7510665604466,50481.26824471871,0.0,41.980834684330965,0.0,0.0
4328,79.7510665604466,50481.26824471871,0.0,41.980834684330965,0.0,0.0
4329,79.7510665604466,50481.26824471871,0.0,41.980834684330965,0.0,0.0
4330,79.7510665604466,50481.26824471871,0.0,41.980834684330965,0.0,0.0
4331,79.7510665604466,50481.26824471871,0.0,41.980834684330965,0.0,0.0
4332,79.7510665604466,50481.26824471871,0.0,41.980834684330965,0.0,0.0
4333,79.7510665604466,50481.26824471871,0.0,41.980834684330965,0.0,0.0
4334,79.7510665604466,50481.26824471871,0.0,41.980834684330965,0.0,0.0
4335,79.7510665604466,50481.26824471871,0.0,41.980834684330965,0.0,0.0
4336,79.7510665604466,50481.26824471871,0.0,41.980834684330965,0.0,0.0
4337,79.7510665604466,50481.26824471871,0.0,41.980834684330965,0.0,0.0
4338,79.7510665604466,50481.26824471871,0.0,41.980834684330965,0.0,0.0
4339,79.7510665604466,50481.26824471871,0.0,41.980834684330965,0.0,0.0
4340,79.7510665604466,50481.26824471871,0.0,41.980834684330965,0.0,0.0
4341,79.7510665604466,50481.26824471871,0.0,41.980834684330965,0.0,0.0
4342,79.7510665604466,50481.26824471871,0.0,41.980834684330965,0.0,0.0
4343,79.7510665604466,50481.26824471871,0.0,41.980834684330965,0.0,0.0
4344,79.7510665604466,50481.26824471871,0.0,41.980834684330965,0.0,0.0
4345,79.7510665604466,50481.26824471871,0.0,41.980834684330965,0.0,0.0
4346,79.7510665604466,50481.26824471871,0.0,41.980834684330965,0.0,0.0
4347,79.7510665604466,50481.26824471871,0.0,41.980834684330965,0.0,0.0
4348,79.7510665604466,50481.26824471871,0.0,41.980834684330965,0.0,0.0
4349,79.7510665604466,50481.26824471871,0.0,41.980834684330965,0.0,0.0
4350,79.7510665604466,50481.26824471871,0.0,41.980834684330965,0.0,0.0
4351,79.7510665604466,50481.26824471871,0.0,41.980834684330965,0.0,0.0
4352,79.7510665604466,50481.26824471871,0.0,41.980834684330965,0.0,0.0
4353,79.7510665604466,50481.26824471871,0.0,41.980834684330965,0.0,0.0
4354,79.7510665604466,50481.26824471871,0.0,41.980834684330965,0.0,0.0
4355,79.7510665604466,50481.26824471871,0.0,41.980834684330965,0.0,0.0
4356,79.7510665604466,50481.26824471871,0.0,41.980834684330965,0.0,0.0
4357,79.7510665604466,50481.26824471871,0.0,41.980834684330965,0.0,0.0
4358,79.7510665604466,50481.26824471871,0.0,41.980834684330965,0.0,0.0
4359,79.7510665604466,50481.26824471871,0.0,41.980834684330965,0.0,0.0
4360,79.7510665604466,50481.26824471871,0.0,41.980834684330965,0.0,0.0
4361,79.7510665604466,50481.26824471871,0.0,41.980834684330965,0.0,0.0
4362,79.7510665604466,50481.26824471871,0.0,41.980834684330965,0.0,0.0
4363,79.7510665604466,50481.26824471871,0.0,41.980834684330965,0.0,0.0
4364,79.7510665604466,50481.26824471871,0.0,41.980834684330965,0.0,0.0
4365,79.7510665604466,50481.26824471871,0.0,41.980834684330965,0.0,0.0
4366,79.7510665604466,50481.26824471871,0.0,41.980834684330965,0.0,0.0
4367,79.7510665604466,50481.26824471871,0.0,41.980834684330965,0.0,0.0
4368,68.69030821476257,26862.224928822023,0.0,91.25465927048089,0.0,0.0
4369,68.69030821476257,26862.224928822023,0.0,91.25465927048089,0.0,0.0
4370,68.69030821476257,26862.224928822023,0.0,91.25465927048089,0.0,0.0
4371,68.69030821476257,26862.224928822023,0.0,91.25465927048089,0.0,0.0
4372,68.69030821476257,26862.224928822023,0.0,91.25465927048089,0.0,0.0
4373,68.69030821476257,26862.224928822023,0.0,91.25465927048089,0.0,0.0
4374,68.69030821476257,26862.224928822023,0.0,91.25465927048089,0.0,0.0
4375,68.69030821476257,26862.224928822023,0.0,91.25465927048089,0.0,0.0
4376,68.69030821476257,26862.224928822023,0.0,91.25465927048089,0.0,0.0
4377,68.69030821476257,26862.224928822023,0.0,91.25465927048089,0.0,0.0
4378,68.69030821476257,26862.224928822023,0.0,91.25465927048089,0.0,0.0
4379,68.69030821476257,26862.224928822023,0.0,91.25465927048089,0.0,0.0
4380,68.69030821476257,26862.224928822023,0.0,91.25465927048089,0.0,0.0
4381,68.69030821476257,26862.224928822023,0.0,91.25465927048089,0.0,0.0
4382,68.69030821476257,26862.224928822023,0.0,91.25465927048089,0.0,0.0
4383,68.69030821476257,26862.224928822023,0.0,91.25465927048089,0.0,0.0
4384,68.69030821476257,26862.224928822023,0.0,91.25465927048089,0.0,0.0
4385,68.69030821476257,26862.224928822023,0.0,91.25465927048089,0.0,0.0
4386,68.69030821476257,26862.224928822023,0.0,91.25465927048089,0.0,0.0
4387,68.69030821476257,26862.224928822023,0.0,91.25465927048089,0.0,0.0
4388,68.69030821476257,26862.224928822023,0.0,91.25465927048089,0.0,0.0
4389,68.69030821476257,26862.224928822023,0.0,91.25465927048089,0.0,0.0
4390,68.69030821476257,26862.224928822023,0.0,91.25465927048089,0.0,0.0
4391,68.69030821476257,26862.224928822023,0.0,91.25465927048089,0.0,0.0
4392,68.69030821476257,26862.224928822023,0.0,91.25465927048089,0.0,0.0
4393,68.69030821476257,26862.224928822023,0.0,91.25465927048089,0.0,0.0
4394,68.69030821476257,26862.224928822023,0.0,91.25465927048089,0.0,0.0
4395,68.69030821476257,26862.224928822023,0.0,91.25465927048089,0.0,0.0
4396,68.69030821476257,26862.224928822023,0.0,91.25465927048089,0.0,0.0
4397,68.69030821476257,26862.224928822023,0.0,91.25465927048089,0.0,0.0
4398,68.69030821476257,26862.224928822023,0.0,91.25465927048089,0.0,0.0
4399,68.69030821476257,26862.224928822023,0.0,91.25465927048089,0.0,0.0
4400,68.69030821476257,26862.224928822023,0.0,91.25465927048089,0.0,0.0
4401,68.69030821476257,26862.224928822023,0.0,91.25465927048089,0.0,0.0
4402,68.69030821476257,26862.224928822023,0.0,91.25465927048089,0.0,0.0
4403,68.69030821476257,26862.224928822023,0.0,91.25465927048089,0.0,0.0
4404,68.69030821476257,26862.224928822023,0.0,91.25465927048089,0.0,0.0
4405,68.69030821476257,26862.224928822023,0.0,91.25465927048089,0.0,0.0
4406,68.69030821476257,26862.224928822023,0.0,91.25465927048089,0.0,0.0
4407,68.69030821476257,26862.224928822023,0.0,91.25465927048089,0.0,0.0
4408,68.69030821476257,26862.224928822023,0.0,91.25465927048089,0.0,0.0
4409,68.69030821476257,26862.224928822023,0.0,91.25465927048089,0.0,0.0
4410,68.69030821476257,26862.224928822023,0.0,91.25465927048089,0.0,0.0
4411,68.69030821476257,26862.224928822023,0.0,91.25465927048089,0.0,0.0
4412,68.69030821476257,26862.224928822023,0.0,91.25465927048089,0.0,0.0
4413,68.69030821476257,26862.224928822023,0.0,91.25465927048089,0.0,0.0
4414,68.69030821476257,26862.224928822023,0.0,91.25465927048089,0.0,0.0
4415,68.69030821476257,26862.224928822023,0.0,91.25465927048089,0.0,0.0
4416,68.69030821476257,26862.224928822023,0.0,91.25465927048089,0.0,0.0
4417,68.69030821476257,26862.224928822023,0.0,91.25465927048089,0.0,0.0
4418,68.69030821476257,26862.224928822023,0.0,91.25465927048089,0.0,0.0
4419,68.69030821476257,26862.224928822023,0.0,91.25465927048089,0.0,0.0
4420,68.69030821476257,26862.224928822023,0.0,91.25465927048089,0.0,0.0
4421,68.69030821476257,26862.224928822023,0.0,91.25465927048089,0.0,0.0
4422,68.69030821476257,26862.224928822023,0.0,91.25465927048089,0.0,0.0
4423,68.69030821476257,26862.224928822023,0.0,91.25465927048089,0.0,0.0
4424,68.69030821476257,26862.224928822023,0.0,91.25465927048089,0.0,0.0
4425,68.69030821476257,26862.224928822023,0.0,91.25465927048089,0.0,0.0
4426,68.69030821476257,26862.224928822023,0.0,91.25465927048089,0.0,0.0
4427,68.69030821476257,26862.224928822023,0.0,91.25465927048089,0.0,0.0
4428,68.69030821476257,26862.224928822023,0.0,91.25465927048089,0.0,0.0
4429,68.69030821476257,26862.224928822023,0.0,91.25465927048089,0.0,0.0
4430,68.69030821476257,26862.224928822023,0.0,91.25465927048089,0.0,0.0
4431,68.69030821476257,26862.224928822023,0.0,91.25465927048089,0.0,0.0
4432,68.69030821476257,26862.224928822023,0.0,91.25465927048089,0.0,0.0
4433,68.69030821476257,26862.224928822023,0.0,91.25465927048089,0.0,0.0
4434,68.69030821476257,26862.224928822023,0.0,91.25465927048089,0.0,0.0
4435,68.69030821476257,26862.224928822023,0.0,91.25465927048089,0.0,0.0
4436,68.69030821476257,26862.224928822023,0.0,91.25465927048089,0.0,0.0
4437,68.69030821476257,26862.224928822023,0.0,91.25465927048089,0.0,0.0
4438,68.69030821476257,26862.224928822023,0.0,91.25465927048089,0.0,0.0
4439,68.69030821476257,26862.224928822023,0.0,91.25465927048089,0.0,0.0
4440,68.69030821476257,26862.224928822023,0.0,91.25465927048089,0.0,0.0
4441,68.69030821476257,26862.224928822023,0.0,91.25465927048089,0.0,0.0
4442,68.69030821476257,26862.224928822023,0.0,91.25465927048089,0.0,0.0
4443,68.69030821476257,26862.224928822023,0.0,91.25465927048089,0.0,0.0
4444,68.69030821476257,26862.224928822023,0.0,91.25465927048089,0.0,0.0
4445,68.69030821476257,26862.224928822023,0.0,91.25465927048089,0.0,0.0
4446,68.69030821476257,26862.224928822023,0.0,91.25465927048089,0.0,0.0
4447,68.69030821476257,26862.224928822023,0.0,91.25465927048089,0.0,0.0
4448,68.69030821476257,26862.224928822023,0.0,91.25465927048089,0.0,0.0
4449,68.69030821476257,26862.224928822023,0.0,91.25465927048089,0.0,0.0
4450,68.69030821476257,26862.224928822023,0.0,91.25465927048089,0.0,0.0
4451,68.69030821476257,26862.224928822023,0.0,91.25465927048089,0.0,0.0
4452,68.69030821476257,26862.224928822023,0.0,91.25465927048089,0.0,0.0
4453,68.69030821476257,26862.224928822023,0.0,91.25465927048089,0.0,0.0
4454,68.69030821476257,26862.224928822023,0.0,91.25465927048089,0.0,0.0
4455,68.69030821476257,26862.224928822023,0.0,91.25465927048089,0.0,0.0
4456,68.69030821476257,26862.224928822023,0.0,91.25465927048089,0.0,0.0
4457,68.69030821476257,26862.224928822023,0.0,91.25465927048089,0.0,0.0
4458,68.69030821476257,26862.224928822023,0.0,91.25465927048089,0.0,0.0
4459,68.69030821476257,26862.224928822023,0.0,91.25465927048089,0.0,0.0
4460,68.69030821476257,26862.224928822023,0.0,91.25465927048089,0.0,0.0
4461,68.69030821476257,26862.224928822023,0.0,91.25465927048089,0.0,0.0
4462,68.69030821476257,26862.224928822023,0.0,91.25465927048089,0.0,0.0
4463,68.69030821476257,26862.224928822023,0.0,91.25465927048089,0.0,0.0
4464,68.69030821476257,26862.224928822023,0.0,91.25465927048089,0.0,0.0
4465,68.69030821476257,26862.224928822023,0.0,91.25465927048089,0.0,0.0
4466,68.69030821476257,26862.224928822023,0.0,91.25465927048089,0.0,0.0
4467,68.69030821476257,26862.224928822023,0.0,91.25465927048089,0.0,0.0
4468,68.69030821476257,26862.224928822023,0.0,91.25465927048089,0.0,0.0
4469,68.69030821476257,26862.224928822023,0.0,91.25465927048089,0.0,0.0
4470,68.69030821476257,26862.224928822023,0.0,91.25465927048089,0.0,0.0
4471,68.69030821476257,26862.224928822023,0.0,91.25465927048089,0.0,0.0
4472,68.69030821476257,26862.224928822023,0.0,91.25465927048089,0.0,0.0
4473,68.69030821476257,26862.224928822023,0.0,91.25465927048089,0.0,0.0
4474,68.69030821476257,26862.224928822023,0.0,91.25465927048089,0.0,0.0
4475,68.69030821476257,26862.224928822023,0.0,91.25465927048089,0.0,0.0
4476,68.69030821476257,26862.224928822023,0.0,91.25465927048089,0.0,0.0
4477,68.69030821476257,26862.224928822023,0.0,91.25465927048089,0.0,0.0
4478,68.69030821476257,26862.224928822023,0.0,91.25465927048089,0.0,0.0
4479,68.69030821476257,26862.224928822023,0.0,91.25465927048089,0.0,0.0
4480,68.69030821476257,26862.224928822023,0.0,91.25465927048089,0.0,0.0
4481,68.69030821476257,26862.224928822023,0.0,91.25465927048089,0.0,0.0
4482,68.69030821476257,26862.224928822023,0.0,91.25465927048089,0.0,0.0
4483,68.69030821476257,26862.224928822023,0.0,91.25465927048089,0.0,0.0
4484,68.69030821476257,26862.224928822023,0.0,91.25465927048089,0.0,0.0
4485,68.69030821476257,26862.224928822023,0.0,91.25465927048089,0.0,0.0
4486,68.69030821476257,26862.224928822023,0.0,91.25465927048089,0.0,0.0
4487,68.69030821476257,26862.224928822023,0.0,91.25465927048089,0.0,0.0
4488,68.69030821476257,26862.224928822023,0.0,91.25465927048089,0.0,0.0
4489,68.69030821476257,26862.224928822023,0.0,91.25465927048089,0.0,0.0
4490,68.69030821476257,26862.224928822023,0.0,91.25465927048089,0.0,0.0
4491,68.69030821476257,26862.224928822023,0.0,91.25465927048089,0.0,0.0
4492,68.69030821476257,26862.224928822023,0.0,91.25465927048089,0.0,0.0
4493,68.69030821476257,26862.224928822023,0.0,91.25465927048089,0.0,0.0
4494,68.69030821476257,26862.224928822023,0.0,91.25465927048089,0.0,0.0
4495,68.69030821476257,26862.224928822023,0.0,91.25465927048089,0.0,0.0
4496,68.69030821476257,26862.224928822023,0.0,91.25465927048089,0.0,0.0
4497,68.69030821476257,26862.224928822023,0.0,91.25465927048089,0.0,0.0
4498,68.69030821476257,26862.224928822023,0.0,91.25465927048089,0.0,0.0
4499,68.69030821476257,26862.224928822023,0.0,91.25465927048089,0.0,0.0
4500,68.69030821476257,26862.224928822023,0.0,91.25465927048089,0.0,0.0
4501,68.69030821476257,26862.224928822023,0.0,91.25465927048089,0.0,0.0
4502,68.69030821476257,26862.224928822023,0.0,91.25465927048089,0.0,0.0
4503,68.69030821476257,26862.224928822023,0.0,91.25465927048089,0.0,0.0
4504,68.69030821476257,26862.224928822023,0.0,91.25465927048089,0.0,0.0
4505,68.69030821476257,26862.224928822023,0.0,91.25465927048089,0.0,0.0
4506,68.69030821476257,26862.224928822023,0.0,91.25465927048089,0.0,0.0
4507,68.69030821476257,26862.224928822023,0.0,91.25465927048089,0.0,0.0
4508,68.69030821476257,26862.224928822023,0.0,91.25465927048089,0.0,0.0
4509,68.69030821476257,26862.224928822023,0.0,91.25465927048089,0.0,0.0
4510,68.69030821476257,26862.224928822023,0.0,91.25465927048089,0.0,0.0
4511,68.69030821476257,26862.224928822023,0.0,91.25465927048089,0.0,0.0
4512,68.69030821476257,26862.224928822023,0.0,91.25465927048089,0.0,0.0
4513,68.69030821476257,26862.224928822023,0.0,91.25465927048089,0.0,0.0
4514,68.69030821476257,26862.224928822023,0.0,91.25465927048089,0.0,0.0
4515,68.69030821476257,26862.224928822023,0.0,91.25465927048089,0.0,0.0
4516,68.69030821476257,26862.224928822023,0.0,91.25465927048089,0.0,0.0
4517,68.69030821476257,26862.224928822023,0.0,91.25465927048089,0.0,0.0
4518,68.69030821476257,26862.224928822023,0.0,91.25465927048089,0.0,0.0
4519,68.69030821476257,26862.224928822023,0.0,91.25465927048089,0.0,0.0
4520,68.69030821476257,26862.224928822023,0.0,91.25465927048089,0.0,0.0
4521,68.69030821476257,26862.224928822023,0.0,91.25465927048089,0.0,0.0
4522,68.69030821476257,26862.224928822023,0.0,91.25465927048089,0.0,0.0
4523,68.69030821476257,26862.224928822023,0.0,91.25465927048089,0.0,0.0
4524,68.69030821476257,26862.224928822023,0.0,91.25465927048089,0.0,0.0
4525,68.69030821476257,26862.224928822023,0.0,91.25465927048089,0.0,0.0
4526,68.69030821476257,26862.224928822023,0.0,91.25465927048089,0.0,0.0
4527,68.69030821476257,26862.224928822023,0.0,91.25465927048089,0.0,0.0
4528,68.69030821476257,26862.224928822023,0.0,91.25465927048089,0.0,0.0
4529,68.69030821476257,26862.224928822023,0.0,91.25465927048089,0.0,0.0
4530,68.69030821476257,26862.224928822023,0.0,91.25465927048089,0.0,0.0
4531,68.69030821476257,26862.224928822023,0.0,91.25465927048089,0.0,0.0
4532,68.69030821476257,26862.224928822023,0.0,91.25465927048089,0.0,0.0
4533,68.69030821476257,26862.224928822023,0.0,91.25465927048089,0.0,0.0
4534,68.69030821476257,26862.224928822023,0.0,91.25465927048089,0.0,0.0
4535,68.69030821476257,26862.224928822023,0.0,91.25465927048089,0.0,0.0
4536,56.901573444689504,27382.068653893944,0.0,105.12949572304113,0.0,0.0
4537,56.901573444689504,27382.068653893944,0.0,105.12949572304113,0.0,0.0
4538,56.901573444689504,27382.068653893944,0.0,105.12949572304113,0.0,0.0
4539,56.901573444689504,27382.068653893944,0.0,105.12949572304113,0.0,0.0
4540,56.901573444689504,27382.068653893944,0.0,105.12949572304113,0.0,0.0
4541,56.901573444689504,27382.068653893944,0.0,105.12949572304113,0.0,0.0
4542,56.901573444689504,27382.068653893944,0.0,105.12949572304113,0.0,0.0
4543,56.901573444689504,27382.068653893944,0.0,105.12949572304113,0.0,0.0
4544,56.901573444689504,27382.068653893944,0.0,105.12949572304113,0.0,0.0
4545,56.901573444689504,27382.068653893944,0.0,105.12949572304113,0.0,0.0
4546,56.901573444689504,27382.068653893944,0.0,105.12949572304113,0.0,0.0
4547,56.901573444689504,27382.068653893944,0.0,105.12949572304113,0.0,0.0
4548,56.901573444689504,27382.068653893944,0.0,105.12949572304113,0.0,0.0
4549,56.901573444689504,27382.068653893944,0.0,105.12949572304113,0.0,0.0
4550,56.901573444689504,27382.068653893944,0.0,105.12949572304113,0.0,0.0
4551,56.901573444689504,27382.068653893944,0.0,105.12949572304113,0.0,0.0
4552,56.901573444689504,27382.068653893944,0.0,105.12949572304113,0.0,0.0
4553,56.901573444689504,27382.068653893944,0.0,105.12949572304113,0.0,0.0
4554,56.901573444689504,27382.068653893944,0.0,105.12949572304113,0.0,0.0
4555,56.901573444689504,27382.068653893944,0.0,105.12949572304113,0.0,0.0
4556,56.901573444689504,27382.068653893944,0.0,105.12949572304113,0.0,0.0
4557,56.901573444689504,27382.068653893944,0.0,105.12949572304113,0.0,0.0
4558,56.901573444689504,27382.068653893944,0.0,105.12949572304113,0.0,0.0
4559,56.901573444689504,27382.068653893944,0.0,105.12949572304113,0.0,0.0
4560,56.901573444689504,27382.068653893944,0.0,105.12949572304113,0.0,0.0
4561,56.901573444689504,27382.068653893944,0.0,105.12949572304113,0.0,0.0
4562,56.901573444689504,27382.068653893944,0.0,105.12949572304113,0.0,0.0
4563,56.901573444689504,27382.068653893944,0.0,105.12949572304113,0.0,0.0
4564,56.901573444689504,27382.068653893944,0.0,105.12949572304113,0.0,0.0
4565,56.901573444689504,27382.068653893944,0.0,105.12949572304113,0.0,0.0
4566,56.901573444689504,27382.068653893944,0.0,105.12949572304113,0.0,0.0
4567,56.901573444689504,27382.068653893944,0.0,105.12949572304113,0.0,0.0
4568,56.901573444689504,27382.068653893944,0.0,105.12949572304113,0.0,0.0
4569,56.901573444689504,27382.068653893944,0.0,105.12949572304113,0.0,0.0
4570,56.901573444689504,27382.068653893944,0.0,105.12949572304113,0.0,0.0
4571,56.901573444689504,27382.068653893944,0.0,105.12949572304113,0.0,0.0
4572,56.901573444689504,27382.068653893944,0.0,105.12949572304113,0.0,0.0
4573,56.901573444689504,27382.068653893944,0.0,105.12949572304113,0.0,0.0
4574,56.901573444689504,27382.068653893944,0.0,105.12949572304113,0.0,0.0
4575,56.901573444689504,27382.068653893944,0.0,105.12949572304113,0.0,0.0
4576,56.901573444689504,27382.068653893944,0.0,105.12949572304113,0.0,0.0
4577,56.901573444689504,27382.068653893944,0.0,105.12949572304113,0.0,0.0
4578,56.901573444689504,27382.068653893944,0.0,105.12949572304113,0.0,0.0
4579,56.901573444689504,27382.068653893944,0.0,105.12949572304113,0.0,0.0
4580,56.901573444689504,27382.068653893944,0.0,105.12949572304113,0.0,0.0
4581,56.901573444689504,27382.068653893944,0.0,105.12949572304113,0.0,0.0
4582,56.901573444689504,27382.068653893944,0.0,105.12949572304113,0.0,0.0
4583,56.901573444689504,27382.068653893944,0.0,105.12949572304113,0.0,0.0
4584,56.901573444689504,27382.068653893944,0.0,105.12949572304113,0.0,0.0
4585,56.901573444689504,27382.068653893944,0.0,105.12949572304113,0.0,0.0
4586,56.901573444689504,27382.068653893944,0.0,105.12949572304113,0.0,0.0
4587,56.901573444689504,27382.068653893944,0.0,105.12949572304113,0.0,0.0
4588,56.901573444689504,27382.068653893944,0.0,105.12949572304113,0.0,0.0
4589,56.901573444689504,27382.068653893944,0.0,105.12949572304113,0.0,0.0
4590,56.901573444689504,27382.068653893944,0.0,105.12949572304113,0.0,0.0
4591,56.901573444689504,27382.068653893944,0.0,105.12949572304113,0.0,0.0
4592,56.901573444689504,27382.068653893944,0.0,105.12949572304113,0.0,0.0
4593,56.901573444689504,27382.068653893944,0.0,105.12949572304113,0.0,0.0
4594,56.901573444689504,27382.068653893944,0.0,105.12949572304113,0.0,0.0
4595,56.901573444689504,27382.068653893944,0.0,105.12949572304113,0.0,0.0
4596,56.901573444689504,27382.068653893944,0.0,105.12949572304113,0.0,0.0
4597,56.901573444689504,27382.068653893944,0.0,105.12949572304113,0.0,0.0
4598,56.901573444689504,27382.068653893944,0.0,105.12949572304113,0.0,0.0
4599,56.901573444689504,27382.068653893944,0.0,105.12949572304113,0.0,0.0
4600,56.901573444689504,27382.068653893944,0.0,105.12949572304113,0.0,0.0
4601,56.901573444689504,27382.068653893944,0.0,105.12949572304113,0.0,0.0
4602,56.901573444689504,27382.068653893944,0.0,105.12949572304113,0.0,0.0
4603,56.901573444689504,27382.068653893944,0.0,105.12949572304113,0.0,0.0
4604,56.901573444689504,27382.068653893944,0.0,105.12949572304113,0.0,0.0
4605,56.901573444689504,27382.068653893944,0.0,105.12949572304113,0.0,0.0
4606,56.901573444689504,27382.068653893944,0.0,105.12949572304113,0.0,0.0
4607,56.901573444689504,27382.068653893944,0.0,105.12949572304113,0.0,0.0
4608,56.901573444689504,27382.068653893944,0.0,105.12949572304113,0.0,0.0
4609,56.901573444689504,27382.068653893944,0.0,105.12949572304113,0.0,0.0
4610,56.901573444689504,27382.068653893944,0.0,105.12949572304113,0.0,0.0
4611,56.901573444689504,27382.068653893944,0.0,105.12949572304113,0.0,0.0
4612,56.901573444689504,27382.068653893944,0.0,105.12949572304113,0.0,0.0
4613,56.901573444689504,27382.068653893944,0.0,105.12949572304113,0.0,0.0
4614,56.901573444689504,27382.068653893944,0.0,105.12949572304113,0.0,0.0
4615,56.901573444689504,27382.068653893944,0.0,105.12949572304113,0.0,0.0
4616,56.901573444689504,27382.068653893944,0.0,105.12949572304113,0.0,0.0
4617,56.901573444689504,27382.068653893944,0.0,105.12949572304113,0.0,0.0
4618,56.901573444689504,27382.068653893944,0.0,105.12949572304113,0.0,0.0
4619,56.901573444689504,27382.068653893944,0.0,105.12949572304113,0.0,0.0
4620,56.901573444689504,27382.068653893944,0.0,105.12949572304113,0.0,0.0
4621,56.901573444689504,27382.068653893944,0.0,105.12949572304113,0.0,0.0
4622,56.901573444689504,27382.068653893944,0.0,105.12949572304113,0.0,0.0
4623,56.901573444689504,27382.068653893944,0.0,105.12949572304113,0.0,0.0
4624,56.901573444689504,27382.068653893944,0.0,105.12949572304113,0.0,0.0
4625,56.901573444689504,27382.068653893944,0.0,105.12949572304113,0.0,0.0
4626,56.901573444689504,27382.068653893944,0.0,105.12949572304113,0.0,0.0
4627,56.901573444689504,27382.068653893944,0.0,105.12949572304113,0.0,0.0
4628,56.901573444689504,27382.068653893944,0.0,105.12949572304113,0.0,0.0
4629,56.901573444689504,27382.068653893944,0.0,105.12949572304113,0.0,0.0
4630,56.901573444689504,27382.068653893944,0.0,105.12949572304113,0.0,0.0
4631,56.901573444689504,27382.068653893944,0.0,105.12949572304113,0.0,0.0
4632,56.901573444689504,27382.068653893944,0.0,105.12949572304113,0.0,0.0
4633,56.901573444689504,27382.068653893944,0.0,105.12949572304113,0.0,0.0
4634,56.901573444689504,27382.068653893944,0.0,105.12949572304113,0.0,0.0
4635,56.901573444689504,27382.068653893944,0.0,105.12949572304113,0.0,0.0
4636,56.901573444689504,27382.068653893944,0.0,105.12949572304113,0.0,0.0
4637,56.901573444689504,27382.068653893944,0.0,105.12949572304113,0.0,0.0
4638,56.901573444689504,27382.068653893944,0.0,105.12949572304113,0.0,0.0
4639,56.901573444689504,27382.068653893944,0.0,105.12949572304113,0.0,0.0
4640,56.901573444689504,27382.068653893944,0.0,105.12949572304113,0.0,0.0
4641,56.901573444689504,27382.068653893944,0.0,105.12949572304113,0.0,0.0
4642,56.901573444689504,27382.068653893944,0.0,105.12949572304113,0.0,0.0
4643,56.901573444689504,27382.068653893944,0.0,105.12949572304113,0.0,0.0
4644,56.901573444689504,27382.068653893944,0.0,105.12949572304113,0.0,0.0
4645,56.901573444689504,27382.068653893944,0.0,105.12949572304113,0.0,0.0
4646,56.901573444689504,27382.068653893944,0.0,105.12949572304113,0.0,0.0
4647,56.901573444689504,27382.068653893944,0.0,105.12949572304113,0.0,0.0
4648,56.901573444689504,27382.068653893944,0.0,105.12949572304113,0.0,0.0
4649,56.901573444689504,27382.068653893944,0.0,105.12949572304113,0.0,0.0
4650,56.901573444689504,27382.068653893944,0.0,105.12949572304113,0.0,0.0
4651,56.901573444689504,27382.068653893944,0.0,105.12949572304113,0.0,0.0
4652,56.901573444689504,27382.068653893944,0.0,105.12949572304113,0.0,0.0
4653,56.901573444689504,27382.068653893944,0.0,105.12949572304113,0.0,0.0
4654,56.901573444689504,27382.068653893944,0.0,105.12949572304113,0.0,0.0
4655,56.901573444689504,27382.068653893944,0.0,105.12949572304113,0.0,0.0
4656,56.901573444689504,27382.068653893944,0.0,105.12949572304113,0.0,0.0
4657,56.901573444689504,27382.068653893944,0.0,105.12949572304113,0.0,0.0
4658,56.901573444689504,27382.068653893944,0.0,105.12949572304113,0.0,0.0
4659,56.901573444689504,27382.068653893944,0.0,105.12949572304113,0.0,0.0
4660,56.901573444689504,27382.068653893944,0.0,105.12949572304113,0.0,0.0
4661,56.901573444689504,27382.068653893944,0.0,105.12949572304113,0.0,0.0
4662,56.901573444689504,27382.068653893944,0.0,105.12949572304113,0.0,0.0
4663,56.901573444689504,27382.068653893944,0.0,105.12949572304113,0.0,0.0
4664,56.901573444689504,27382.068653893944,0.0,105.12949572304113,0.0,0.0
4665,56.901573444689504,27382.068653893944,0.0,105.12949572304113,0.0,0.0
4666,56.901573444689504,27382.068653893944,0.0,105.12949572304113,0.0,0.0
4667,56.901573444689504,27382.068653893944,0.0,105.12949572304113,0.0,0.0
4668,56.901573444689504,27382.068653893944,0.0,105.12949572304113,0.0,0.0
4669,56.901573444689504,27382.068653893944,0.0,105.12949572304113,0.0,0.0
4670,56.901573444689504,27382.068653893944,0.0,105.12949572304113,0.0,0.0
4671,56.901573444689504,27382.068653893944,0.0,105.12949572304113,0.0,0.0
4672,56.901573444689504,27382.068653893944,0.0,105.12949572304113,0.0,0.0
4673,56.901573444689504,27382.068653893944,0.0,105.12949572304113,0.0,0.0
4674,56.901573444689504,27382.068653893944,0.0,105.12949572304113,0.0,0.0
4675,56.901573444689504,27382.068653893944,0.0,105.12949572304113,0.0,0.0
4676,56.901573444689504,27382.068653893944,0.0,105.12949572304113,0.0,0.0
4677,56.901573444689504,27382.068653893944,0.0,105.12949572304113,0.0,0.0
4678,56.901573444689504,27382.068653893944,0.0,105.12949572304113,0.0,0.0
4679,56.901573444689504,27382.068653893944,0.0,105.12949572304113,0.0,0.0
4680,56.901573444689504,27382.068653893944,0.0,105.12949572304113,0.0,0.0
4681,56.901573444689504,27382.068653893944,0.0,105.12949572304113,0.0,0.0
4682,56.901573444689504,27382.068653893944,0.0,105.12949572304113,0.0,0.0
4683,56.901573444689504,27382.068653893944,0.0,105.12949572304113,0.0,0.0
4684,56.901573444689504,27382.068653893944,0.0,105.12949572304113,0.0,0.0
4685,56.901573444689504,27382.068653893944,0.0,105.12949572304113,0.0,0.0
4686,56.901573444689504,27382.068653893944,0.0,105.12949572304113,0.0,0.0
4687,56.901573444689504,27382.068653893944,0.0,105.12949572304113,0.0,0.0
4688,56.901573444689504,27382.068653893944,0.0,105.12949572304113,0.0,0.0
4689,56.901573444689504,27382.068653893944,0.0,105.12949572304113,0.0,0.0
4690,56.901573444689504,27382.068653893944,0.0,105.12949572304113,0.0,0.0
4691,56.901573444689504,27382.068653893944,0.0,105.12949572304113,0.0,0.0
4692,56.901573444689504,27382.068653893944,0.0,105.12949572304113,0.0,0.0
4693,56.901573444689504,27382.068653893944,0.0,105.12949572304113,0.0,0.0
4694,56.901573444689504,27382.068653893944,0.0,105.12949572304113,0.0,0.0
4695,56.901573444689504,27382.068653893944,0.0,105.12949572304113,0.0,0.0
4696,56.901573444689504,27382.068653893944,0.0,105.12949572304113,0.0,0.0
4697,56.901573444689504,27382.068653893944,0.0,105.12949572304113,0.0,0.0
4698,56.901573444689504,27382.068653893944,0.0,105.12949572304113,0.0,0.0
4699,56.901573444689504,27382.068653893944,0.0,105.12949572304113,0.0,0.0
4700,56.901573444689504,27382.068653893944,0.0,105.12949572304113,0.0,0.0
4701,56.901573444689504,27382.068653893944,0.0,105.12949572304113,0.0,0.0
4702,56.901573444689504,27382.068653893944,0.0,105.12949572304113,0.0,0.0
4703,56.901573444689504,27382.068653893944,0.0,105.12949572304113,0.0,0.0
4704,52.40662358644968,39308.000420747114,0.0,111.37522306871317,0.0,0.0
4705,52.40662358644968,39308.000420747114,0.0,111.37522306871317,0.0,0.0
4706,52.40662358644968,39308.000420747114,0.0,111.37522306871317,0.0,0.0
4707,52.40662358644968,39308.000420747114,0.0,111.37522306871317,0.0,0.0
4708,52.40662358644968,39308.000420747114,0.0,111.37522306871317,0.0,0.0
4709,52.40662358644968,39308.000420747114,0.0,111.37522306871317,0.0,0.0
4710,52.40662358644968,39308.000420747114,0.0,111.37522306871317,0.0,0.0
4711,52.40662358644968,39308.000420747114,0.0,111.37522306871317,0.0,0.0
4712,52.40662358644968,39308.000420747114,0.0,111.37522306871317,0.0,0.0
4713,52.40662358644968,39308.000420747114,0.0,111.37522306871317,0.0,0.0
4714,52.40662358644968,39308.000420747114,0.0,111.37522306871317,0.0,0.0
4715,52.40662358644968,39308.000420747114,0.0,111.37522306871317,0.0,0.0
4716,52.40662358644968,39308.000420747114,0.0,111.37522306871317,0.0,0.0
4717,52.40662358644968,39308.000420747114,0.0,111.37522306871317,0.0,0.0
4718,52.40662358644968,39308.000420747114,0.0,111.37522306871317,0.0,0.0
4719,52.40662358644968,39308.000420747114,0.0,111.37522306871317,0.0,0.0
4720,52.40662358644968,39308.000420747114,0.0,111.37522306871317,0.0,0.0
4721,52.40662358644968,39308.000420747114,0.0,111.37522306871317,0.0,0.0
4722,52.40662358644968,39308.000420747114,0.0,111.37522306871317,0.0,0.0
4723,52.40662358644968,39308.000420747114,0.0,111.37522306871317,0.0,0.0
4724,52.40662358644968,39308.000420747114,0.0,111.37522306871317,0.0,0.0
4725,52.40662358644968,39308.000420747114,0.0,111.37522306871317,0.0,0.0
4726,52.40662358644968,39308.000420747114,0.0,111.37522306871317,0.0,0.0
4727,52.40662358644968,39308.000420747114,0.0,111.37522306871317,0.0,0.0
4728,52.40662358644968,39308.000420747114,0.0,111.37522306871317,0.0,0.0
4729,52.40662358644968,39308.000420747114,0.0,111.37522306871317,0.0,0.0
4730,52.40662358644968,39308.000420747114,0.0,111.37522306871317,0.0,0.0
4731,52.40662358644968,39308.000420747114,0.0,111.37522306871317,0.0,0.0
4732,52.40662358644968,39308.000420747114,0.0,111.37522306871317,0.0,0.0
4733,52.40662358644968,39308.000420747114,0.0,111.37522306871317,0.0,0.0
4734,52.40662358644968,39308.000420747114,0.0,111.37522306871317,0.0,0.0
4735,52.40662358644968,39308.000420747114,0.0,111.37522306871317,0.0,0.0
4736,52.40662358644968,39308.000420747114,0.0,111.37522306871317,0.0,0.0
4737,52.40662358644968,39308.000420747114,0.0,111.37522306871317,0.0,0.0
4738,52.40662358644968,39308.000420747114,0.0,111.37522306871317,0.0,0.0
4739,52.40662358644968,39308.000420747114,0.0,111.37522306871317,0.0,0.0
4740,52.40662358644968,39308.000420747114,0.0,111.37522306871317,0.0,0.0
4741,52.40662358644968,39308.000420747114,0.0,111.37522306871317,0.0,0.0
4742,52.40662358644968,39308.000420747114,0.0,111.37522306871317,0.0,0.0
4743,52.40662358644968,39308.000420747114,0.0,111.37522306871317,0.0,0.0
4744,52.40662358644968,39308.000420747114,0.0,111.37522306871317,0.0,0.0
4745,52.40662358644968,39308.000420747114,0.0,111.37522306871317,0.0,0.0
4746,52.40662358644968,39308.000420747114,0.0,111.37522306871317,0.0,0.0
4747,52.40662358644968,39308.000420747114,0.0,111.37522306871317,0.0,0.0
4748,52.40662358644968,39308.000420747114,0.0,111.37522306871317,0.0,0.0
4749,52.40662358644968,39308.000420747114,0.0,111.37522306871317,0.0,0.0
4750,52.40662358644968,39308.000420747114,0.0,111.37522306871317,0.0,0.0
4751,52.40662358644968,39308.000420747114,0.0,111.37522306871317,0.0,0.0
4752,52.40662358644968,39308.000420747114,0.0,111.37522306871317,0.0,0.0
4753,52.40662358644968,39308.000420747114,0.0,111.37522306871317,0.0,0.0
4754,52.40662358644968,39308.000420747114,0.0,111.37522306871317,0.0,0.0
4755,52.40662358644968,39308.000420747114,0.0,111.37522306871317,0.0,0.0
4756,52.40662358644968,39308.000420747114,0.0,111.37522306871317,0.0,0.0
4757,52.40662358644968,39308.000420747114,0.0,111.37522306871317,0.0,0.0
4758,52.40662358644968,39308.000420747114,0.0,111.37522306871317,0.0,0.0
4759,52.40662358644968,39308.000420747114,0.0,111.37522306871317,0.0,0.0
4760,52.40662358644968,39308.000420747114,0.0,111.37522306871317,0.0,0.0
4761,52.40662358644968,39308.000420747114,0.0,111.37522306871317,0.0,0.0
4762,52.40662358644968,39308.000420747114,0.0,111.37522306871317,0.0,0.0
4763,52.40662358644968,39308.000420747114,0.0,111.37522306871317,0.0,0.0
4764,52.40662358644968,39308.000420747114,0.0,111.37522306871317,0.0,0.0
4765,52.40662358644968,39308.000420747114,0.0,111.37522306871317,0.0,0.0
4766,52.40662358644968,39308.000420747114,0.0,111.37522306871317,0.0,0.0
4767,52.40662358644968,39308.000420747114,0.0,111.37522306871317,0.0,0.0
4768,52.40662358644968,39308.000420747114,0.0,111.37522306871317,0.0,0.0
4769,52.40662358644968,39308.000420747114,0.0,111.37522306871317,0.0,0.0
4770,52.40662358644968,39308.000420747114,0.0,111.37522306871317,0.0,0.0
4771,52.40662358644968,39308.000420747114,0.0,111.37522306871317,0.0,0.0
4772,52.40662358644968,39308.000420747114,0.0,111.37522306871317,0.0,0.0
4773,52.40662358644968,39308.000420747114,0.0,111.37522306871317,0.0,0.0
4774,52.40662358644968,39308.000420747114,0.0,111.37522306871317,0.0,0.0
4775,52.40662358644968,39308.000420747114,0.0,111.37522306871317,0.0,0.0
4776,52.40662358644968,39308.000420747114,0.0,111.37522306871317,0.0,0.0
4777,52.40662358644968,39308.000420747114,0.0,111.37522306871317,0.0,0.0
4778,52.40662358644968,39308.000420747114,0.0,111.37522306871317,0.0,0.0
4779,52.40662358644968,39308.000420747114,0.0,111.37522306871317,0.0,0.0
4780,52.40662358644968,39308.000420747114,0.0,111.37522306871317,0.0,0.0
4781,52.40662358644968,39308.000420747114,0.0,111.37522306871317,0.0,0.0
4782,52.40662358644968,39308.000420747114,0.0,111.37522306871317,0.0,0.0
4783,52.40662358644968,39308.000420747114,0.0,111.37522306871317,0.0,0.0
4784,52.40662358644968,39308.000420747114,0.0,111.37522306871317,0.0,0.0
4785,52.40662358644968,39308.000420747114,0.0,111.37522306871317,0.0,0.0
4786,52.40662358644968,39308.000420747114,0.0,111.37522306871317,0.0,0.0
4787,52.40662358644968,39308.000420747114,0.0,111.37522306871317,0.0,0.0
4788,52.40662358644968,39308.000420747114,0.0,111.37522306871317,0.0,0.0
4789,52.40662358644968,39308.000420747114,0.0,111.37522306871317,0.0,0.0
4790,52.40662358644968,39308.000420747114,0.0,111.37522306871317,0.0,0.0
4791,52.40662358644968,39308.000420747114,0.0,111.37522306871317,0.0,0.0
4792,52.40662358644968,39308.000420747114,0.0,111.37522306871317,0.0,0.0
4793,52.40662358644968,39308.000420747114,0.0,111.37522306871317,0.0,0.0
4794,52.40662358644968,39308.000420747114,0.0,111.37522306871317,0.0,0.0
4795,52.40662358644968,39308.000420747114,0.0,111.37522306871317,0.0,0.0
4796,52.40662358644968,39308.000420747114,0.0,111.37522306871317,0.0,0.0
4797,52.40662358644968,39308.000420747114,0.0,111.37522306871317,0.0,0.0
4798,52.40662358644968,39308.000420747114,0.0,111.37522306871317,0.0,0.0
4799,52.40662358644968,39308.000420747114,0.0,111.37522306871317,0.0,0.0
4800,52.40662358644968,39308.000420747114,0.0,111.37522306871317,0.0,0.0
4801,52.40662358644968,39308.000420747114,0.0,111.37522306871317,0.0,0.0
4802,52.40662358644968,39308.000420747114,0.0,111.37522306871317,0.0,0.0
4803,52.40662358644968,39308.000420747114,0.0,111.37522306871317,0.0,0.0
4804,52.40662358644968,39308.000420747114,0.0,111.37522306871317,0.0,0.0
4805,52.40662358644968,39308.000420747114,0.0,111.37522306871317,0.0,0.0
4806,52.40662358644968,39308.000420747114,0.0,111.37522306871317,0.0,0.0
4807,52.40662358644968,39308.000420747114,0.0,111.37522306871317,0.0,0.0
4808,52.40662358644968,39308.000420747114,0.0,111.37522306871317,0.0,0.0
4809,52.40662358644968,39308.000420747114,0.0,111.37522306871317,0.0,0.0
4810,52.40662358644968,39308.000420747114,0.0,111.37522306871317,0.0,0.0
4811,52.40662358644968,39308.000420747114,0.0,111.37522306871317,0.0,0.0
4812,52.40662358644968,39308.000420747114,0.0,111.37522306871317,0.0,0.0
4813,52.40662358644968,39308.000420747114,0.0,111.37522306871317,0.0,0.0
4814,52.40662358644968,39308.000420747114,0.0,111.37522306871317,0.0,0.0
4815,52.40662358644968,39308.000420747114,0.0,111.37522306871317,0.0,0.0
4816,52.40662358644968,39308.000420747114,0.0,111.37522306871317,0.0,0.0
4817,52.40662358644968,39308.000420747114,0.0,111.37522306871317,0.0,0.0
4818,52.40662358644968,39308.000420747114,0.0,111.37522306871317,0.0,0.0
4819,52.40662358644968,39308.000420747114,0.0,111.37522306871317,0.0,0.0
4820,52.40662358644968,39308.000420747114,0.0,111.37522306871317,0.0,0.0
4821,52.40662358644968,39308.000420747114,0.0,111.37522306871317,0.0,0.0
4822,52.40662358644968,39308.000420747114,0.0,111.37522306871317,0.0,0.0
4823,52.40662358644968,39308.000420747114,0.0,111.37522306871317,0.0,0.0
4824,52.40662358644968,39308.000420747114,0.0,111.37522306871317,0.0,0.0
4825,52.40662358644968,39308.000420747114,0.0,111.37522306871317,0.0,0.0
4826,52.40662358644968,39308.000420747114,0.0,111.37522306871317,0.0,0.0
4827,52.40662358644968,39308.000420747114,0.0,111.37522306871317,0.0,0.0
4828,52.40662358644968,39308.000420747114,0.0,111.37522306871317,0.0,0.0
4829,52.40662358644968,39308.000420747114,0.0,111.37522306871317,0.0,0.0
4830,52.40662358644968,39308.000420747114,0.0,111.37522306871317,0.0,0.0
4831,52.40662358644968,39308.000420747114,0.0,111.37522306871317,0.0,0.0
4832,52.40662358644968,39308.000420747114,0.0,111.37522306871317,0.0,0.0
4833,52.40662358644968,39308.000420747114,0.0,111.37522306871317,0.0,0.0
4834,52.40662358644968,39308.000420747114,0.0,111.37522306871317,0.0,0.0
4835,52.40662358644968,39308.000420747114,0.0,111.37522306871317,0.0,0.0
4836,52.40662358644968,39308.000420747114,0.0,111.37522306871317,0.0,0.0
4837,52.40662358644968,39308.000420747114,0.0,111.37522306871317,0.0,0.0
4838,52.40662358644968,39308.000420747114,0.0,111.37522306871317,0.0,0.0
4839,52.40662358644968,39308.000420747114,0.0,111.37522306871317,0.0,0.0
4840,52.40662358644968,39308.000420747114,0.0,111.37522306871317,0.0,0.0
4841,52.40662358644968,39308.000420747114,0.0,111.37522306871317,0.0,0.0
4842,52.40662358644968,39308.000420747114,0.0,111.37522306871317,0.0,0.0
4843,52.40662358644968,39308.000420747114,0.0,111.37522306871317,0.0,0.0
4844,52.40662358644968,39308.000420747114,0.0,111.37522306871317,0.0,0.0
4845,52.40662358644968,39308.000420747114,0.0,111.37522306871317,0.0,0.0
4846,52.40662358644968,39308.000420747114,0.0,111.37522306871317,0.0,0.0
4847,52.40662358644968,39308.000420747114,0.0,111.37522306871317,0.0,0.0
4848,52.40662358644968,39308.000420747114,0.0,111.37522306871317,0.0,0.0
4849,52.40662358644968,39308.000420747114,0.0,111.37522306871317,0.0,0.0
4850,52.40662358644968,39308.000420747114,0.0,111.37522306871317,0.0,0.0
4851,52.40662358644968,39308.000420747114,0.0,111.37522306871317,0.0,0.0
4852,52.40662358644968,39308.000420747114,0.0,111.37522306871317,0.0,0.0
4853,52.40662358644968,39308.000420747114,0.0,111.37522306871317,0.0,0.0
4854,52.40662358644968,39308.000420747114,0.0,111.37522306871317,0.0,0.0
4855,52.40662358644968,39308.000420747114,0.0,111.37522306871317,0.0,0.0
4856,52.40662358644968,39308.000420747114,0.0,111.37522306871317,0.0,0.0
4857,52.40662358644968,39308.000420747114,0.0,111.37522306871317,0.0,0.0
4858,52.40662358644968,39308.000420747114,0.0,111.37522306871317,0.0,0.0
4859,52.40662358644968,39308.000420747114,0.0,111.37522306871317,0.0,0.0
4860,52.40662358644968,39308.000420747114,0.0,111.37522306871317,0.0,0.0
4861,52.40662358644968,39308.000420747114,0.0,111.37522306871317,0.0,0.0
4862,52.40662358644968,39308.000420747114,0.0,111.37522306871317,0.0,0.0
4863,52.40662358644968,39308.000420747114,0.0,111.37522306871317,0.0,0.0
4864,52.40662358644968,39308.000420747114,0.0,111.37522306871317,0.0,0.0
4865,52.40662358644968,39308.000420747114,0.0,111.37522306871317,0.0,0.0
4866,52.40662358644968,39308.000420747114,0.0,111.37522306871317,0.0,0.0
4867,52.40662358644968,39308.000420747114,0.0,111.37522306871317,0.0,0.0
4868,52.40662358644968,39308.000420747114,0.0,111.37522306871317,0.0,0.0
4869,52.40662358644968,39308.000420747114,0.0,111.37522306871317,0.0,0.0
4870,52.40662358644968,39308.000420747114,0.0,111.37522306871317,0.0,0.0
4871,52.40662358644968,39308.000420747114,0.0,111.37522306871317,0.0,0.0
4872,43.238669199334446,30343.472131064802,0.0,104.3357540482659,0.0,0.0
4873,43.238669199334446,30343.472131064802,0.0,104.3357540482659,0.0,0.0
4874,43.238669199334446,30343.472131064802,0.0,104.3357540482659,0.0,0.0
4875,43.238669199334446,30343.472131064802,0.0,104.3357540482659,0.0,0.0
4876,43.238669199334446,30343.472131064802,0.0,104.3357540482659,0.0,0.0
4877,43.238669199334446,30343.472131064802,0.0,104.3357540482659,0.0,0.0
4878,43.238669199334446,30343.472131064802,0.0,104.3357540482659,0.0,0.0
4879,43.238669199334446,30343.472131064802,0.0,104.3357540482659,0.0,0.0
4880,43.238669199334446,30343.472131064802,0.0,104.3357540482659,0.0,0.0
4881,43.238669199334446,30343.472131064802,0.0,104.3357540482659,0.0,0.0
4882,43.238669199334446,30343.472131064802,0.0,104.3357540482659,0.0,0.0
4883,43.238669199334446,30343.472131064802,0.0,104.3357540482659,0.0,0.0
4884,43.238669199334446,30343.472131064802,0.0,104.3357540482659,0.0,0.0
4885,43.238669199334446,30343.472131064802,0.0,104.3357540482659,0.0,0.0
4886,43.238669199334446,30343.472131064802,0.0,104.3357540482659,0.0,0.0
4887,43.238669199334446,30343.472131064802,0.0,104.3357540482659,0.0,0.0
4888,43.238669199334446,30343.472131064802,0.0,104.3357540482659,0.0,0.0
4889,43.238669199334446,30343.472131064802,0.0,104.3357540482659,0.0,0.0
4890,43.238669199334446,30343.472131064802,0.0,104.3357540482659,0.0,0.0
4891,43.238669199334446,30343.472131064802,0.0,104.3357540482659,0.0,0.0
4892,43.238669199334446,30343.472131064802,0.0,104.3357540482659,0.0,0.0
4893,43.238669199334446,30343.472131064802,0.0,104.3357540482659,0.0,0.0
4894,43.238669199334446,30343.472131064802,0.0,104.3357540482659,0.0,0.0
4895,43.238669199334446,30343.472131064802,0.0,104.3357540482659,0.0,0.0
4896,43.238669199334446,30343.472131064802,0.0,104.3357540482659,0.0,0.0
4897,43.238669199334446,30343.472131064802,0.0,104.3357540482659,0.0,0.0
4898,43.238669199334446,30343.472131064802,0.0,104.3357540482659,0.0,0.0
4899,43.238669199334446,30343.472131064802,0.0,104.3357540482659,0.0,0.0
4900,43.238669199334446,30343.472131064802,0.0,104.3357540482659,0.0,0.0
4901,43.238669199334446,30343.472131064802,0.0,104.3357540482659,0.0,0.0
4902,43.238669199334446,30343.472131064802,0.0,104.3357540482659,0.0,0.0
4903,43.238669199334446,30343.472131064802,0.0,104.3357540482659,0.0,0.0
4904,43.238669199334446,30343.472131064802,0.0,104.3357540482659,0.0,0.0
4905,43.238669199334446,30343.472131064802,0.0,104.3357540482659,0.0,0.0
4906,43.238669199334446,30343.472131064802,0.0,104.3357540482659,0.0,0.0
4907,43.238669199334446,30343.472131064802,0.0,104.3357540482659,0.0,0.0
4908,43.238669199334446,30343.472131064802,0.0,104.3357540482659,0.0,0.0
4909,43.238669199334446,30343.472131064802,0.0,104.3357540482659,0.0,0.0
4910,43.238669199334446,30343.472131064802,0.0,104.3357540482659,0.0,0.0
4911,43.238669199334446,30343.472131064802,0.0,104.3357540482659,0.0,0.0
4912,43.238669199334446,30343.472131064802,0.0,104.3357540482659,0.0,0.0
4913,43.238669199334446,30343.472131064802,0.0,104.3357540482659,0.0,0.0
4914,43.238669199334446,30343.472131064802,0.0,104.3357540482659,0.0,0.0
4915,43.238669199334446,30343.472131064802,0.0,104.3357540482659,0.0,0.0
4916,43.238669199334446,30343.472131064802,0.0,104.3357540482659,0.0,0.0
4917,43.238669199334446,30343.472131064802,0.0,104.3357540482659,0.0,0.0
4918,43.238669199334446,30343.472131064802,0.0,104.3357540482659,0.0,0.0
4919,43.238669199334446,30343.472131064802,0.0,104.3357540482659,0.0,0.0
4920,43.238669199334446,30343.472131064802,0.0,104.3357540482659,0.0,0.0
4921,43.238669199334446,30343.472131064802,0.0,104.3357540482659,0.0,0.0
4922,43.238669199334446,30343.472131064802,0.0,104.3357540482659,0.0,0.0
4923,43.238669199334446,30343.472131064802,0.0,104.3357540482659,0.0,0.0
4924,43.238669199334446,30343.472131064802,0.0,104.3357540482659,0.0,0.0
4925,43.238669199334446,30343.472131064802,0.0,104.3357540482659,0.0,0.0
4926,43.238669199334446,30343.472131064802,0.0,104.3357540482659,0.0,0.0
4927,43.238669199334446,30343.472131064802,0.0,104.3357540482659,0.0,0.0
4928,43.238669199334446,30343.472131064802,0.0,104.3357540482659,0.0,0.0
4929,43.238669199334446,30343.472131064802,0.0,104.3357540482659,0.0,0.0
4930,43.238669199334446,30343.472131064802,0.0,104.3357540482659,0.0,0.0
4931,43.238669199334446,30343.472131064802,0.0,104.3357540482659,0.0,0.0
4932,43.238669199334446,30343.472131064802,0.0,104.3357540482659,0.0,0.0
4933,43.238669199334446,30343.472131064802,0.0,104.3357540482659,0.0,0.0
4934,43.238669199334446,30343.472131064802,0.0,104.3357540482659,0.0,0.0
4935,43.238669199334446,30343.472131064802,0.0,104.3357540482659,0.0,0.0
4936,43.238669199334446,30343.472131064802,0.0,104.3357540482659,0.0,0.0
4937,43.238669199334446,30343.472131064802,0.0,104.3357540482659,0.0,0.0
4938,43.238669199334446,30343.472131064802,0.0,104.3357540482659,0.0,0.0
4939,43.238669199334446,30343.472131064802,0.0,104.3357540482659,0.0,0.0
4940,43.238669199334446,30343.472131064802,0.0,104.3357540482659,0.0,0.0
4941,43.238669199334446,30343.472131064802,0.0,104.3357540482659,0.0,0.0
4942,43.238669199334446,30343.472131064802,0.0,104.3357540482659,0.0,0.0
4943,43.238669199334446,30343.472131064802,0.0,104.3357540482659,0.0,0.0
4944,43.238669199334446,30343.472131064802,0.0,104.3357540482659,0.0,0.0
4945,43.238669199334446,30343.472131064802,0.0,104.3357540482659,0.0,0.0
4946,43.238669199334446,30343.472131064802,0.0,104.3357540482659,0.0,0.0
4947,43.238669199334446,30343.472131064802,0.0,104.3357540482659,0.0,0.0
4948,43.238669199334446,30343.472131064802,0.0,104.3357540482659,0.0,0.0
4949,43.238669199334446,30343.472131064802,0.0,104.3357540482659,0.0,0.0
4950,43.238669199334446,30343.472131064802,0.0,104.3357540482659,0.0,0.0
4951,43.238669199334446,30343.472131064802,0.0,104.3357540482659,0.0,0.0
4952,43.238669199334446,30343.472131064802,0.0,104.3357540482659,0.0,0.0
4953,43.238669199334446,30343.472131064802,0.0,104.3357540482659,0.0,0.0
4954,43.238669199334446,30343.472131064802,0.0,104.3357540482659,0.0,0.0
4955,43.238669199334446,30343.472131064802,0.0,104.3357540482659,0.0,0.0
4956,43.238669199334446,30343.472131064802,0.0,104.3357540482659,0.0,0.0
4957,43.238669199334446,30343.472131064802,0.0,104.3357540482659,0.0,0.0
4958,43.238669199334446,30343.472131064802,0.0,104.3357540482659,0.0,0.0
4959,43.238669199334446,30343.472131064802,0.0,104.3357540482659,0.0,0.0
4960,43.238669199334446,30343.472131064802,0.0,104.3357540482659,0.0,0.0
4961,43.238669199334446,30343.472131064802,0.0,104.3357540482659,0.0,0.0
4962,43.238669199334446,30343.472131064802,0.0,104.3357540482659,0.0,0.0
4963,43.238669199334446,30343.472131064802,0.0,104.3357540482659,0.0,0.0
4964,43.238669199334446,30343.472131064802,0.0,104.3357540482659,0.0,0.0
4965,43.238669199334446,30343.472131064802,0.0,104.3357540482659,0.0,0.0
4966,43.238669199334446,30343.472131064802,0.0,104.3357540482659,0.0,0.0
4967,43.238669199334446,30343.472131064802,0.0,104.3357540482659,0.0,0.0
4968,43.238669199334446,30343.472131064802,0.0,104.3357540482659,0.0,0.0
4969,43.238669199334446,30343.472131064802,0.0,104.3357540482659,0.0,0.0
4970,43.238669199334446,30343.472131064802,0.0,104.3357540482659,0.0,0.0
4971,43.238669199334446,30343.472131064802,0.0,104.3357540482659,0.0,0.0
4972,43.238669199334446,30343.472131064802,0.0,104.3357540482659,0.0,0.0
4973,43.238669199334446,30343.472131064802,0.0,104.3357540482659,0.0,0.0
4974,43.238669199334446,30343.472131064802,0.0,104.3357540482659,0.0,0.0
4975,43.238669199334446,30343.472131064802,0.0,104.3357540482659,0.0,0.0
4976,43.238669199334446,30343.472131064802,0.0,104.3357540482659,0.0,0.0
4977,43.238669199334446,30343.472131064802,0.0,104.3357540482659,0.0,0.0
4978,43.238669199334446,30343.472131064802,0.0,104.3357540482659,0.0,0.0
4979,43.238669199334446,30343.472131064802,0.0,104.3357540482659,0.0,0.0
4980,43.238669199334446,30343.472131064802,0.0,104.3357540482659,0.0,0.0
4981,43.238669199334446,30343.472131064802,0.0,104.3357540482659,0.0,0.0
4982,43.238669199334446,30343.472131064802,0.0,104.3357540482659,0.0,0.0
4983,43.238669199334446,30343.472131064802,0.0,104.3357540482659,0.0,0.0
4984,43.238669199334446,30343.472131064802,0.0,104.3357540482659,0.0,0.0
4985,43.238669199334446,30343.472131064802,0.0,104.3357540482659,0.0,0.0
4986,43.238669199334446,30343.472131064802,0.0,104.3357540482659,0.0,0.0
4987,43.238669199334446,30343.472131064802,0.0,104.3357540482659,0.0,0.0
4988,43.238669199334446,30343.472131064802,0.0,104.3357540482659,0.0,0.0
4989,43.238669199334446,30343.472131064802,0.0,104.3357540482659,0.0,0.0
4990,43.238669199334446,30343.472131064802,0.0,104.3357540482659,0.0,0.0
4991,43.238669199334446,30343.472131064802,0.0,104.3357540482659,0.0,0.0
4992,43.238669199334446,30343.472131064802,0.0,104.3357540482659,0.0,0.0
4993,43.238669199334446,30343.472131064802,0.0,104.3357540482659,0.0,0.0
4994,43.238669199334446,30343.472131064802,0.0,104.3357540482659,0.0,0.0
4995,43.238669199334446,30343.472131064802,0.0,104.3357540482659,0.0,0.0
4996,43.238669199334446,30343.472131064802,0.0,104.3357540482659,0.0,0.0
4997,43.238669199334446,30343.472131064802,0.0,104.3357540482659,0.0,0.0
4998,43.238669199334446,30343.472131064802,0.0,104.3357540482659,0.0,0.0
4999,43.238669199334446,30343.472131064802,0.0,104.3357540482659,0.0,0.0
5000,43.238669199334446,30343.472131064802,0.0,104.3357540482659,0.0,0.0
5001,43.238669199334446,30343.472131064802,0.0,104.3357540482659,0.0,0.0
5002,43.238669199334446,30343.472131064802,0.0,104.3357540482659,0.0,0.0
5003,43.238669199334446,30343.472131064802,0.0,104.3357540482659,0.0,0.0
5004,43.238669199334446,30343.472131064802,0.0,104.3357540482659,0.0,0.0
5005,43.238669199334446,30343.472131064802,0.0,104.3357540482659,0.0,0.0
5006,43.238669199334446,30343.472131064802,0.0,104.3357540482659,0.0,0.0
5007,43.238669199334446,30343.472131064802,0.0,104.3357540482659,0.0,0.0
5008,43.238669199334446,30343.472131064802,0.0,104.3357540482659,0.0,0.0
5009,43.238669199334446,30343.472131064802,0.0,104.3357540482659,0.0,0.0
5010,43.238669199334446,30343.472131064802,0.0,104.3357540482659,0.0,0.0
5011,43.238669199334446,30343.472131064802,0.0,104.3357540482659,0.0,0.0
5012,43.238669199334446,30343.472131064802,0.0,104.3357540482659,0.0,0.0
5013,43.238669199334446,30343.472131064802,0.0,104.3357540482659,0.0,0.0
5014,43.238669199334446,30343.472131064802,0.0,104.3357540482659,0.0,0.0
5015,43.238669199334446,30343.472131064802,0.0,104.3357540482659,0.0,0.0
5016,43.238669199334446,30343.472131064802,0.0,104.3357540482659,0.0,0.0
5017,43.238669199334446,30343.472131064802,0.0,104.3357540482659,0.0,0.0
5018,43.238669199334446,30343.472131064802,0.0,104.3357540482659,0.0,0.0
5019,43.238669199334446,30343.472131064802,0.0,104.3357540482659,0.0,0.0
5020,43.238669199334446,30343.472131064802,0.0,104.3357540482659,0.0,0.0
5021,43.238669199334446,30343.472131064802,0.0,104.3357540482659,0.0,0.0
5022,43.238669199334446,30343.472131064802,0.0,104.3357540482659,0.0,0.0
5023,43.238669199334446,30343.472131064802,0.0,104.3357540482659,0.0,0.0
5024,43.238669199334446,30343.472131064802,0.0,104.3357540482659,0.0,0.0
5025,43.238669199334446,30343.472131064802,0.0,104.3357540482659,0.0,0.0
5026,43.238669199334446,30343.472131064802,0.0,104.3357540482659,0.0,0.0
5027,43.238669199334446,30343.472131064802,0.0,104.3357540482659,0.0,0.0
5028,43.238669199334446,30343.472131064802,0.0,104.3357540482659,0.0,0.0
5029,43.238669199334446,30343.472131064802,0.0,104.3357540482659,0.0,0.0
5030,43.238669199334446,30343.472131064802,0.0,104.3357540482659,0.0,0.0
5031,43.238669199334446,30343.472131064802,0.0,104.3357540482659,0.0,0.0
5032,43.238669199334446,30343.472131064802,0.0,104.3357540482659,0.0,0.0
5033,43.238669199334446,30343.472131064802,0.0,104.3357540482659,0.0,0.0
5034,43.238669199334446,30343.472131064802,0.0,104.3357540482659,0.0,0.0
5035,43.238669199334446,30343.472131064802,0.0,104.3357540482659,0.0,0.0
5036,43.238669199334446,30343.472131064802,0.0,104.3357540482659,0.0,0.0
5037,43.238669199334446,30343.472131064802,0.0,104.3357540482659,0.0,0.0
5038,43.238669199334446,30343.472131064802,0.0,104.3357540482659,0.0,0.0
5039,43.238669199334446,30343.472131064802,0.0,104.3357540482659,0.0,0.0
5040,50.24337376452556,26585.239284928415,0.0,103.71449737859113,0.0,0.0
5041,50.24337376452556,26585.239284928415,0.0,103.71449737859113,0.0,0.0
5042,50.24337376452556,26585.239284928415,0.0,103.71449737859113,0.0,0.0
5043,50.24337376452556,26585.239284928415,0.0,103.71449737859113,0.0,0.0
5044,50.24337376452556,26585.239284928415,0.0,103.71449737859113,0.0,0.0
5045,50.24337376452556,26585.239284928415,0.0,103.71449737859113,0.0,0.0
5046,50.24337376452556,26585.239284928415,0.0,103.71449737859113,0.0,0.0
5047,50.24337376452556,26585.239284928415,0.0,103.71449737859113,0.0,0.0
5048,50.24337376452556,26585.239284928415,0.0,103.71449737859113,0.0,0.0
5049,50.24337376452556,26585.239284928415,0.0,103.71449737859113,0.0,0.0
5050,50.24337376452556,26585.239284928415,0.0,103.71449737859113,0.0,0.0
5051,50.24337376452556,26585.239284928415,0.0,103.71449737859113,0.0,0.0
5052,50.24337376452556,26585.239284928415,0.0,103.71449737859113,0.0,0.0
5053,50.24337376452556,26585.239284928415,0.0,103.71449737859113,0.0,0.0
5054,50.24337376452556,26585.239284928415,0.0,103.71449737859113,0.0,0.0
5055,50.24337376452556,26585.239284928415,0.0,103.71449737859113,0.0,0.0
5056,50.24337376452556,26585.239284928415,0.0,103.71449737859113,0.0,0.0
5057,50.24337376452556,26585.239284928415,0.0,103.71449737859113,0.0,0.0
5058,50.24337376452556,26585.239284928415,0.0,103.71449737859113,0.0,0.0
5059,50.24337376452556,26585.239284928415,0.0,103.71449737859113,0.0,0.0
5060,50.24337376452556,26585.239284928415,0.0,103.71449737859113,0.0,0.0
5061,50.24337376452556,26585.239284928415,0.0,103.71449737859113,0.0,0.0
5062,50.24337376452556,26585.239284928415,0.0,103.71449737859113,0.0,0.0
5063,50.24337376452556,26585.239284928415,0.0,103.71449737859113,0.0,0.0
5064,50.24337376452556,26585.239284928415,0.0,103.71449737859113,0.0,0.0
5065,50.24337376452556,26585.239284928415,0.0,103.71449737859113,0.0,0.0
5066,50.24337376452556,26585.239284928415,0.0,103.71449737859113,0.0,0.0
5067,50.24337376452556,26585.239284928415,0.0,103.71449737859113,0.0,0.0
5068,50.24337376452556,26585.239284928415,0.0,103.71449737859113,0.0,0.0
5069,50.24337376452556,26585.239284928415,0.0,103.71449737859113,0.0,0.0
5070,50.24337376452556,26585.239284928415,0.0,103.71449737859113,0.0,0.0
5071,50.24337376452556,26585.239284928415,0.0,103.71449737859113,0.0,0.0
5072,50.24337376452556,26585.239284928415,0.0,103.71449737859113,0.0,0.0
5073,50.24337376452556,26585.239284928415,0.0,103.71449737859113,0.0,0.0
5074,50.24337376452556,26585.239284928415,0.0,103.71449737859113,0.0,0.0
5075,50.24337376452556,26585.239284928415,0.0,103.71449737859113,0.0,0.0
5076,50.24337376452556,26585.239284928415,0.0,103.71449737859113,0.0,0.0
5077,50.24337376452556,26585.239284928415,0.0,103.71449737859113,0.0,0.0
5078,50.24337376452556,26585.239284928415,0.0,103.71449737859113,0.0,0.0
5079,50.24337376452556,26585.239284928415,0.0,103.71449737859113,0.0,0.0
5080,50.24337376452556,26585.239284928415,0.0,103.71449737859113,0.0,0.0
5081,50.24337376452556,26585.239284928415,0.0,103.71449737859113,0.0,0.0
5082,50.24337376452556,26585.239284928415,0.0,103.71449737859113,0.0,0.0
5083,50.24337376452556,26585.239284928415,0.0,103.71449737859113,0.0,0.0
5084,50.24337376452556,26585.239284928415,0.0,103.71449737859113,0.0,0.0
5085,50.24337376452556,26585.239284928415,0.0,103.71449737859113,0.0,0.0
5086,50.24337376452556,26585.239284928415,0.0,103.71449737859113,0.0,0.0
5087,50.24337376452556,26585.239284928415,0.0,103.71449737859113,0.0,0.0
5088,50.24337376452556,26585.239284928415,0.0,103.71449737859113,0.0,0.0
5089,50.24337376452556,26585.239284928415,0.0,103.71449737859113,0.0,0.0
5090,50.24337376452556,26585.239284928415,0.0,103.71449737859113,0.0,0.0
5091,50.24337376452556,26585.239284928415,0.0,103.71449737859113,0.0,0.0
5092,50.24337376452556,26585.239284928415,0.0,103.71449737859113,0.0,0.0
5093,50.24337376452556,26585.239284928415,0.0,103.71449737859113,0.0,0.0
5094,50.24337376452556,26585.239284928415,0.0,103.71449737859113,0.0,0.0
5095,50.24337376452556,26585.239284928415,0.0,103.71449737859113,0.0,0.0
5096,50.24337376452556,26585.239284928415,0.0,103.71449737859113,0.0,0.0
5097,50.24337376452556,26585.239284928415,0.0,103.71449737859113,0.0,0.0
5098,50.24337376452556,26585.239284928415,0.0,103.71449737859113,0.0,0.0
5099,50.24337376452556,26585.239284928415,0.0,103.71449737859113,0.0,0.0
5100,50.24337376452556,26585.239284928415,0.0,103.71449737859113,0.0,0.0
5101,50.24337376452556,26585.239284928415,0.0,103.71449737859113,0.0,0.0
5102,50.24337376452556,26585.239284928415,0.0,103.71449737859113,0.0,0.0
5103,50.24337376452556,26585.239284928415,0.0,103.71449737859113,0.0,0.0
5104,50.24337376452556,26585.239284928415,0.0,103.71449737859113,0.0,0.0
5105,50.24337376452556,26585.239284928415,0.0,103.71449737859113,0.0,0.0
5106,50.24337376452556,26585.239284928415,0.0,103.71449737859113,0.0,0.0
5107,50.24337376452556,26585.239284928415,0.0,103.71449737859113,0.0,0.0
5108,50.24337376452556,26585.239284928415,0.0,103.71449737859113,0.0,0.0
5109,50.24337376452556,26585.239284928415,0.0,103.71449737859113,0.0,0.0
5110,50.24337376452556,26585.239284928415,0.0,103.71449737859113,0.0,0.0
5111,50.24337376452556,26585.239284928415,0.0,103.71449737859113,0.0,0.0
5112,50.24337376452556,26585.239284928415,0.0,103.71449737859113,0.0,0.0
5113,50.24337376452556,26585.239284928415,0.0,103.71449737859113,0.0,0.0
5114,50.24337376452556,26585.239284928415,0.0,103.71449737859113,0.0,0.0
5115,50.24337376452556,26585.239284928415,0.0,103.71449737859113,0.0,0.0
5116,50.24337376452556,26585.239284928415,0.0,103.71449737859113,0.0,0.0
5117,50.24337376452556,26585.239284928415,0.0,103.71449737859113,0.0,0.0
5118,50.24337376452556,26585.239284928415,0.0,103.71449737859113,0.0,0.0
5119,50.24337376452556,26585.239284928415,0.0,103.71449737859113,0.0,0.0
5120,50.24337376452556,26585.239284928415,0.0,103.71449737859113,0.0,0.0
5121,50.24337376452556,26585.239284928415,0.0,103.71449737859113,0.0,0.0
5122,50.24337376452556,26585.239284928415,0.0,103.71449737859113,0.0,0.0
5123,50.24337376452556,26585.239284928415,0.0,103.71449737859113,0.0,0.0
5124,50.24337376452556,26585.239284928415,0.0,103.71449737859113,0.0,0.0
5125,50.24337376452556,26585.239284928415,0.0,103.71449737859113,0.0,0.0
5126,50.24337376452556,26585.239284928415,0.0,103.71449737859113,0.0,0.0
5127,50.24337376452556,26585.239284928415,0.0,103.71449737859113,0.0,0.0
5128,50.24337376452556,26585.239284928415,0.0,103.71449737859113,0.0,0.0
5129,50.24337376452556,26585.239284928415,0.0,103.71449737859113,0.0,0.0
5130,50.24337376452556,26585.239284928415,0.0,103.71449737859113,0.0,0.0
5131,50.24337376452556,26585.239284928415,0.0,103.71449737859113,0.0,0.0
5132,50.24337376452556,26585.239284928415,0.0,103.71449737859113,0.0,0.0
5133,50.24337376452556,26585.239284928415,0.0,103.71449737859113,0.0,0.0
5134,50.24337376452556,26585.239284928415,0.0,103.71449737859113,0.0,0.0
5135,50.24337376452556,26585.239284928415,0.0,103.71449737859113,0.0,0.0
5136,50.24337376452556,26585.239284928415,0.0,103.71449737859113,0.0,0.0
5137,50.24337376452556,26585.239284928415,0.0,103.71449737859113,0.0,0.0
5138,50.24337376452556,26585.239284928415,0.0,103.71449737859113,0.0,0.0
5139,50.24337376452556,26585.239284928415,0.0,103.71449737859113,0.0,0.0
5140,50.24337376452556,26585.239284928415,0.0,103.71449737859113,0.0,0.0
5141,50.24337376452556,26585.239284928415,0.0,103.71449737859113,0.0,0.0
5142,50.24337376452556,26585.239284928415,0.0,103.71449737859113,0.0,0.0
5143,50.24337376452556,26585.239284928415,0.0,103.71449737859113,0.0,0.0
5144,50.24337376452556,26585.239284928415,0.0,103.71449737859113,0.0,0.0
5145,50.24337376452556,26585.239284928415,0.0,103.71449737859113,0.0,0.0
5146,50.24337376452556,26585.239284928415,0.0,103.71449737859113,0.0,0.0
5147,50.24337376452556,26585.239284928415,0.0,103.71449737859113,0.0,0.0
5148,50.24337376452556,26585.239284928415,0.0,103.71449737859113,0.0,0.0
5149,50.24337376452556,26585.239284928415,0.0,103.71449737859113,0.0,0.0
5150,50.24337376452556,26585.239284928415,0.0,103.71449737859113,0.0,0.0
5151,50.24337376452556,26585.239284928415,0.0,103.71449737859113,0.0,0.0
5152,50.24337376452556,26585.239284928415,0.0,103.71449737859113,0.0,0.0
5153,50.24337376452556,26585.239284928415,0.0,103.71449737859113,0.0,0.0
5154,50.24337376452556,26585.239284928415,0.0,103.71449737859113,0.0,0.0
5155,50.24337376452556,26585.239284928415,0.0,103.71449737859113,0.0,0.0
5156,50.24337376452556,26585.239284928415,0.0,103.71449737859113,0.0,0.0
5157,50.24337376452556,26585.239284928415,0.0,103.71449737859113,0.0,0.0
5158,50.24337376452556,26585.239284928415,0.0,103.71449737859113,0.0,0.0
5159,50.24337376452556,26585.239284928415,0.0,103.71449737859113,0.0,0.0
5160,50.24337376452556,26585.239284928415,0.0,103.71449737859113,0.0,0.0
5161,50.24337376452556,26585.239284928415,0.0,103.71449737859113,0.0,0.0
5162,50.24337376452556,26585.239284928415,0.0,103.71449737859113,0.0,0.0
5163,50.24337376452556,26585.239284928415,0.0,103.71449737859113,0.0,0.0
5164,50.24337376452556,26585.239284928415,0.0,103.71449737859113,0.0,0.0
5165,50.24337376452556,26585.239284928415,0.0,103.71449737859113,0.0,0.0
5166,50.24337376452556,26585.239284928415,0.0,103.71449737859113,0.0,0.0
5167,50.24337376452556,26585.239284928415,0.0,103.71449737859113,0.0,0.0
5168,50.24337376452556,26585.239284928415,0.0,103.71449737859113,0.0,0.0
5169,50.24337376452556,26585.239284928415,0.0,103.71449737859113,0.0,0.0
5170,50.24337376452556,26585.239284928415,0.0,103.71449737859113,0.0,0.0
5171,50.24337376452556,26585.239284928415,0.0,103.71449737859113,0.0,0.0
5172,50.24337376452556,26585.239284928415,0.0,103.71449737859113,0.0,0.0
5173,50.24337376452556,26585.239284928415,0.0,103.71449737859113,0.0,0.0
5174,50.24337376452556,26585.239284928415,0.0,103.71449737859113,0.0,0.0
5175,50.24337376452556,26585.239284928415,0.0,103.71449737859113,0.0,0.0
5176,50.24337376452556,26585.239284928415,0.0,103.71449737859113,0.0,0.0
5177,50.24337376452556,26585.239284928415,0.0,103.71449737859113,0.0,0.0
5178,50.24337376452556,26585.239284928415,0.0,103.71449737859113,0.0,0.0
5179,50.24337376452556,26585.239284928415,0.0,103.71449737859113,0.0,0.0
5180,50.24337376452556,26585.239284928415,0.0,103.71449737859113,0.0,0.0
5181,50.24337376452556,26585.239284928415,0.0,103.71449737859113,0.0,0.0
5182,50.24337376452556,26585.239284928415,0.0,103.71449737859113,0.0,0.0
5183,50.24337376452556,26585.239284928415,0.0,103.71449737859113,0.0,0.0
5184,50.24337376452556,26585.239284928415,0.0,103.71449737859113,0.0,0.0
5185,50.24337376452556,26585.239284928415,0.0,103.71449737859113,0.0,0.0
5186,50.24337376452556,26585.239284928415,0.0,103.71449737859113,0.0,0.0
5187,50.24337376452556,26585.239284928415,0.0,103.71449737859113,0.0,0.0
5188,50.24337376452556,26585.239284928415,0.0,103.71449737859113,0.0,0.0
5189,50.24337376452556,26585.239284928415,0.0,103.71449737859113,0.0,0.0
5190,50.24337376452556,26585.239284928415,0.0,103.71449737859113,0.0,0.0
5191,50.24337376452556,26585.239284928415,0.0,103.71449737859113,0.0,0.0
5192,50.24337376452556,26585.239284928415,0.0,103.71449737859113,0.0,0.0
5193,50.24337376452556,26585.239284928415,0.0,103.71449737859113,0.0,0.0
5194,50.24337376452556,26585.239284928415,0.0,103.71449737859113,0.0,0.0
5195,50.24337376452556,26585.239284928415,0.0,103.71449737859113,0.0,0.0
5196,50.24337376452556,26585.239284928415,0.0,103.71449737859113,0.0,0.0
5197,50.24337376452556,26585.239284928415,0.0,103.71449737859113,0.0,0.0
5198,50.24337376452556,26585.239284928415,0.0,103.71449737859113,0.0,0.0
5199,50.24337376452556,26585.239284928415,0.0,103.71449737859113,0.0,0.0
5200,50.24337376452556,26585.239284928415,0.0,103.71449737859113,0.0,0.0
5201,50.24337376452556,26585.239284928415,0.0,103.71449737859113,0.0,0.0
5202,50.24337376452556,26585.239284928415,0.0,103.71449737859113,0.0,0.0
5203,50.24337376452556,26585.239284928415,0.0,103.71449737859113,0.0,0.0
5204,50.24337376452556,26585.239284928415,0.0,103.71449737859113,0.0,0.0
5205,50.24337376452556,26585.239284928415,0.0,103.71449737859113,0.0,0.0
5206,50.24337376452556,26585.239284928415,0.0,103.71449737859113,0.0,0.0
5207,50.24337376452556,26585.239284928415,0.0,103.71449737859113,0.0,0.0
5208,52.75477823214249,19033.957701094423,0.0,120.5989660198482,0.0,0.0
5209,52.75477823214249,19033.957701094423,0.0,120.5989660198482,0.0,0.0
5210,52.75477823214249,19033.957701094423,0.0,120.5989660198482,0.0,0.0
5211,52.75477823214249,19033.957701094423,0.0,120.5989660198482,0.0,0.0
5212,52.75477823214249,19033.957701094423,0.0,120.5989660198482,0.0,0.0
5213,52.75477823214249,19033.957701094423,0.0,120.5989660198482,0.0,0.0
5214,52.75477823214249,19033.957701094423,0.0,120.5989660198482,0.0,0.0
5215,52.75477823214249,19033.957701094423,0.0,120.5989660198482,0.0,0.0
5216,52.75477823214249,19033.957701094423,0.0,120.5989660198482,0.0,0.0
5217,52.75477823214249,19033.957701094423,0.0,120.5989660198482,0.0,0.0
5218,52.75477823214249,19033.957701094423,0.0,120.5989660198482,0.0,0.0
5219,52.75477823214249,19033.957701094423,0.0,120.5989660198482,0.0,0.0
5220,52.75477823214249,19033.957701094423,0.0,120.5989660198482,0.0,0.0
5221,52.75477823214249,19033.957701094423,0.0,120.5989660198482,0.0,0.0
5222,52.75477823214249,19033.957701094423,0.0,120.5989660198482,0.0,0.0
5223,52.75477823214249,19033.957701094423,0.0,120.5989660198482,0.0,0.0
5224,52.75477823214249,19033.957701094423,0.0,120.5989660198482,0.0,0.0
5225,52.75477823214249,19033.957701094423,0.0,120.5989660198482,0.0,0.0
5226,52.75477823214249,19033.957701094423,0.0,120.5989660198482,0.0,0.0
5227,52.75477823214249,19033.957701094423,0.0,120.5989660198482,0.0,0.0
5228,52.75477823214249,19033.957701094423,0.0,120.5989660198482,0.0,0.0
5229,52.75477823214249,19033.957701094423,0.0,120.5989660198482,0.0,0.0
5230,52.75477823214249,19033.957701094423,0.0,120.5989660198482,0.0,0.0
5231,52.75477823214249,19033.957701094423,0.0,120.5989660198482,0.0,0.0
5232,52.75477823214249,19033.957701094423,0.0,120.5989660198482,0.0,0.0
5233,52.75477823214249,19033.957701094423,0.0,120.5989660198482,0.0,0.0
5234,52.75477823214249,19033.957701094423,0.0,120.5989660198482,0.0,0.0
5235,52.75477823214249,19033.957701094423,0.0,120.5989660198482,0.0,0.0
5236,52.75477823214249,19033.957701094423,0.0,120.5989660198482,0.0,0.0
5237,52.75477823214249,19033.957701094423,0.0,120.5989660198482,0.0,0.0
5238,52.75477823214249,19033.957701094423,0.0,120.5989660198482,0.0,0.0
5239,52.75477823214249,19033.957701094423,0.0,120.5989660198482,0.0,0.0
5240,52.75477823214249,19033.957701094423,0.0,120.5989660198482,0.0,0.0
5241,52.75477823214249,19033.957701094423,0.0,120.5989660198482,0.0,0.0
5242,52.75477823214249,19033.957701094423,0.0,120.5989660198482,0.0,0.0
5243,52.75477823214249,19033.957701094423,0.0,120.5989660198482,0.0,0.0
5244,52.75477823214249,19033.957701094423,0.0,120.5989660198482,0.0,0.0
5245,52.75477823214249,19033.957701094423,0.0,120.5989660198482,0.0,0.0
5246,52.75477823214249,19033.957701094423,0.0,120.5989660198482,0.0,0.0
5247,52.75477823214249,19033.957701094423,0.0,120.5989660198482,0.0,0.0
5248,52.75477823214249,19033.957701094423,0.0,120.5989660198482,0.0,0.0
5249,52.75477823214249,19033.957701094423,0.0,120.5989660198482,0.0,0.0
5250,52.75477823214249,19033.957701094423,0.0,120.5989660198482,0.0,0.0
5251,52.75477823214249,19033.957701094423,0.0,120.5989660198482,0.0,0.0
5252,52.75477823214249,19033.957701094423,0.0,120.5989660198482,0.0,0.0
5253,52.75477823214249,19033.957701094423,0.0,120.5989660198482,0.0,0.0
5254,52.75477823214249,19033.957701094423,0.0,120.5989660198482,0.0,0.0
5255,52.75477823214249,19033.957701094423,0.0,120.5989660198482,0.0,0.0
5256,52.75477823214249,19033.957701094423,0.0,120.5989660198482,0.0,0.0
5257,52.75477823214249,19033.957701094423,0.0,120.5989660198482,0.0,0.0
5258,52.75477823214249,19033.957701094423,0.0,120.5989660198482,0.0,0.0
5259,52.75477823214249,19033.957701094423,0.0,120.5989660198482,0.0,0.0
5260,52.75477823214249,19033.957701094423,0.0,120.5989660198482,0.0,0.0
5261,52.75477823214249,19033.957701094423,0.0,120.5989660198482,0.0,0.0
5262,52.75477823214249,19033.957701094423,0.0,120.5989660198482,0.0,0.0
5263,52.75477823214249,19033.957701094423,0.0,120.5989660198482,0.0,0.0
5264,52.75477823214249,19033.957701094423,0.0,120.5989660198482,0.0,0.0
5265,52.75477823214249,19033.957701094423,0.0,120.5989660198482,0.0,0.0
5266,52.75477823214249,19033.957701094423,0.0,120.5989660198482,0.0,0.0
5267,52.75477823214249,19033.957701094423,0.0,120.5989660198482,0.0,0.0
5268,52.75477823214249,19033.957701094423,0.0,120.5989660198482,0.0,0.0
5269,52.75477823214249,19033.957701094423,0.0,120.5989660198482,0.0,0.0
5270,52.75477823214249,19033.957701094423,0.0,120.5989660198482,0.0,0.0
5271,52.75477823214249,19033.957701094423,0.0,120.5989660198482,0.0,0.0
5272,52.75477823214249,19033.957701094423,0.0,120.5989660198482,0.0,0.0
5273,52.75477823214249,19033.957701094423,0.0,120.5989660198482,0.0,0.0
5274,52.75477823214249,19033.957701094423,0.0,120.5989660198482,0.0,0.0
5275,52.75477823214249,19033.957701094423,0.0,120.5989660198482,0.0,0.0
5276,52.75477823214249,19033.957701094423,0.0,120.5989660198482,0.0,0.0
5277,52.75477823214249,19033.957701094423,0.0,120.5989660198482,0.0,0.0
5278,52.75477823214249,19033.957701094423,0.0,120.5989660198482,0.0,0.0
5279,52.75477823214249,19033.957701094423,0.0,120.5989660198482,0.0,0.0
5280,52.75477823214249,19033.957701094423,0.0,120.5989660198482,0.0,0.0
5281,52.75477823214249,19033.957701094423,0.0,120.5989660198482,0.0,0.0
5282,52.75477823214249,19033.957701094423,0.0,120.5989660198482,0.0,0.0
5283,52.75477823214249,19033.957701094423,0.0,120.5989660198482,0.0,0.0
5284,52.75477823214249,19033.957701094423,0.0,120.5989660198482,0.0,0.0
5285,52.75477823214249,19033.957701094423,0.0,120.5989660198482,0.0,0.0
5286,52.75477823214249,19033.957701094423,0.0,120.5989660198482,0.0,0.0
5287,52.75477823214249,19033.957701094423,0.0,120.5989660198482,0.0,0.0
5288,52.75477823214249,19033.957701094423,0.0,120.5989660198482,0.0,0.0
5289,52.75477823214249,19033.957701094423,0.0,120.5989660198482,0.0,0.0
5290,52.75477823214249,19033.957701094423,0.0,120.5989660198482,0.0,0.0
5291,52.75477823214249,19033.957701094423,0.0,120.5989660198482,0.0,0.0
5292,52.75477823214249,19033.957701094423,0.0,120.5989660198482,0.0,0.0
5293,52.75477823214249,19033.957701094423,0.0,120.5989660198482,0.0,0.0
5294,52.75477823214249,19033.957701094423,0.0,120.5989660198482,0.0,0.0
5295,52.75477823214249,19033.957701094423,0.0,120.5989660198482,0.0,0.0
5296,52.75477823214249,19033.957701094423,0.0,120.5989660198482,0.0,0.0
5297,52.75477823214249,19033.957701094423,0.0,120.5989660198482,0.0,0.0
5298,52.75477823214249,19033.957701094423,0.0,120.5989660198482,0.0,0.0
5299,52.75477823214249,19033.957701094423,0.0,120.5989660198482,0.0,0.0
5300,52.75477823214249,19033.957701094423,0.0,120.5989660198482,0.0,0.0
5301,52.75477823214249,19033.957701094423,0.0,120.5989660198482,0.0,0.0
5302,52.75477823214249,19033.957701094423,0.0,120.5989660198482,0.0,0.0
5303,52.75477823214249,19033.957701094423,0.0,120.5989660198482,0.0,0.0
5304,52.75477823214249,19033.957701094423,0.0,120.5989660198482,0.0,0.0
5305,52.75477823214249,19033.957701094423,0.0,120.5989660198482,0.0,0.0
5306,52.75477823214249,19033.957701094423,0.0,120.5989660198482,0.0,0.0
5307,52.75477823214249,19033.957701094423,0.0,120.5989660198482,0.0,0.0
5308,52.75477823214249,19033.957701094423,0.0,120.5989660198482,0.0,0.0
5309,52.75477823214249,19033.957701094423,0.0,120.5989660198482,0.0,0.0
5310,52.75477823214249,19033.957701094423,0.0,120.5989660198482,0.0,0.0
5311,52.75477823214249,19033.957701094423,0.0,120.5989660198482,0.0,0.0
5312,52.75477823214249,19033.957701094423,0.0,120.5989660198482,0.0,0.0
5313,52.75477823214249,19033.957701094423,0.0,120.5989660198482,0.0,0.0
5314,52.75477823214249,19033.957701094423,0.0,120.5989660198482,0.0,0.0
5315,52.75477823214249,19033.957701094423,0.0,120.5989660198482,0.0,0.0
5316,52.75477823214249,19033.957701094423,0.0,120.5989660198482,0.0,0.0
5317,52.75477823214249,19033.957701094423,0.0,120.5989660198482,0.0,0.0
5318,52.75477823214249,19033.957701094423,0.0,120.5989660198482,0.0,0.0
5319,52.75477823214249,19033.957701094423,0.0,120.5989660198482,0.0,0.0
5320,52.75477823214249,19033.957701094423,0.0,120.5989660198482,0.0,0.0
5321,52.75477823214249,19033.957701094423,0.0,120.5989660198482,0.0,0.0
5322,52.75477823214249,19033.957701094423,0.0,120.5989660198482,0.0,0.0
5323,52.75477823214249,19033.957701094423,0.0,120.5989660198482,0.0,0.0
5324,52.75477823214249,19033.957701094423,0.0,120.5989660198482,0.0,0.0
5325,52.75477823214249,19033.957701094423,0.0,120.5989660198482,0.0,0.0
5326,52.75477823214249,19033.957701094423,0.0,120.5989660198482,0.0,0.0
5327,52.75477823214249,19033.957701094423,0.0,120.5989660198482,0.0,0.0
5328,52.75477823214249,19033.957701094423,0.0,120.5989660198482,0.0,0.0
5329,52.75477823214249,19033.957701094423,0.0,120.5989660198482,0.0,0.0
5330,52.75477823214249,19033.957701094423,0.0,120.5989660198482,0.0,0.0
5331,52.75477823214249,19033.957701094423,0.0,120.5989660198482,0.0,0.0
5332,52.75477823214249,19033.957701094423,0.0,120.5989660198482,0.0,0.0
5333,52.75477823214249,19033.957701094423,0.0,120.5989660198482,0.0,0.0
5334,52.75477823214249,19033.957701094423,0.0,120.5989660198482,0.0,0.0
5335,52.75477823214249,19033.957701094423,0.0,120.5989660198482,0.0,0.0
5336,52.75477823214249,19033.957701094423,0.0,120.5989660198482,0.0,0.0
5337,52.75477823214249,19033.957701094423,0.0,120.5989660198482,0.0,0.0
5338,52.75477823214249,19033.957701094423,0.0,120.5989660198482,0.0,0.0
5339,52.75477823214249,19033.957701094423,0.0,120.5989660198482,0.0,0.0
5340,52.75477823214249,19033.957701094423,0.0,120.5989660198482,0.0,0.0
5341,52.75477823214249,19033.957701094423,0.0,120.5989660198482,0.0,0.0
5342,52.75477823214249,19033.957701094423,0.0,120.5989660198482,0.0,0.0
5343,52.75477823214249,19033.957701094423,0.0,120.5989660198482,0.0,0.0
5344,52.75477823214249,19033.957701094423,0.0,120.5989660198482,0.0,0.0
5345,52.75477823214249,19033.957701094423,0.0,120.5989660198482,0.0,0.0
5346,52.75477823214249,19033.957701094423,0.0,120.5989660198482,0.0,0.0
5347,52.75477823214249,19033.957701094423,0.0,120.5989660198482,0.0,0.0
5348,52.75477823214249,19033.957701094423,0.0,120.5989660198482,0.0,0.0
5349,52.75477823214249,19033.957701094423,0.0,120.5989660198482,0.0,0.0
5350,52.75477823214249,19033.957701094423,0.0,120.5989660198482,0.0,0.0
5351,52.75477823214249,19033.957701094423,0.0,120.5989660198482,0.0,0.0
5352,52.75477823214249,19033.957701094423,0.0,120.5989660198482,0.0,0.0
5353,52.75477823214249,19033.957701094423,0.0,120.5989660198482,0.0,0.0
5354,52.75477823214249,19033.957701094423,0.0,120.5989660198482,0.0,0.0
5355,52.75477823214249,19033.957701094423,0.0,120.5989660198482,0.0,0.0
5356,52.75477823214249,19033.957701094423,0.0,120.5989660198482,0.0,0.0
5357,52.75477823214249,19033.957701094423,0.0,120.5989660198482,0.0,0.0
5358,52.75477823214249,19033.957701094423,0.0,120.5989660198482,0.0,0.0
5359,52.75477823214249,19033.957701094423,0.0,120.5989660198482,0.0,0.0
5360,52.75477823214249,19033.957701094423,0.0,120.5989660198482,0.0,0.0
5361,52.75477823214249,19033.957701094423,0.0,120.5989660198482,0.0,0.0
5362,52.75477823214249,19033.957701094423,0.0,120.5989660198482,0.0,0.0
5363,52.75477823214249,19033.957701094423,0.0,120.5989660198482,0.0,0.0
5364,52.75477823214249,19033.957701094423,0.0,120.5989660198482,0.0,0.0
5365,52.75477823214249,19033.957701094423,0.0,120.5989660198482,0.0,0.0
5366,52.75477823214249,19033.957701094423,0.0,120.5989660198482,0.0,0.0
5367,52.75477823214249,19033.957701094423,0.0,120.5989660198482,0.0,0.0
5368,52.75477823214249,19033.957701094423,0.0,120.5989660198482,0.0,0.0
5369,52.75477823214249,19033.957701094423,0.0,120.5989660198482,0.0,0.0
5370,52.75477823214249,19033.957701094423,0.0,120.5989660198482,0.0,0.0
5371,52.75477823214249,19033.957701094423,0.0,120.5989660198482,0.0,0.0
5372,52.75477823214249,19033.957701094423,0.0,120.5989660198482,0.0,0.0
5373,52.75477823214249,19033.957701094423,0.0,120.5989660198482,0.0,0.0
5374,52.75477823214249,19033.957701094423,0.0,120.5989660198482,0.0,0.0
5375,52.75477823214249,19033.957701094423,0.0,120.5989660198482,0.0,0.0
5376,46.85094195615353,19730.73255979859,0.0,125.57067373334405,0.0,0.0
5377,46.85094195615353,19730.73255979859,0.0,125.57067373334405,0.0,0.0
5378,46.85094195615353,19730.73255979859,0.0,125.57067373334405,0.0,0.0
5379,46.85094195615353,19730.73255979859,0.0,125.57067373334405,0.0,0.0
5380,46.85094195615353,19730.73255979859,0.0,125.57067373334405,0.0,0.0
5381,46.85094195615353,19730.73255979859,0.0,125.57067373334405,0.0,0.0
5382,46.85094195615353,19730.73255979859,0.0,125.57067373334405,0.0,0.0
5383,46.85094195615353,19730.73255979859,0.0,125.57067373334405,0.0,0.0
5384,46.85094195615353,19730.73255979859,0.0,125.57067373334405,0.0,0.0
5385,46.85094195615353,19730.73255979859,0.0,125.57067373334405,0.0,0.0
5386,46.85094195615353,19730.73255979859,0.0,125.57067373334405,0.0,0.0
5387,46.85094195615353,19730.73255979859,0.0,125.57067373334405,0.0,0.0
5388,46.85094195615353,19730.73255979859,0.0,125.57067373334405,0.0,0.0
5389,46.85094195615353,19730.73255979859,0.0,125.57067373334405,0.0,0.0
5390,46.85094195615353,19730.73255979859,0.0,125.57067373334405,0.0,0.0
5391,46.85094195615353,19730.73255979859,0.0,125.57067373334405,0.0,0.0
5392,46.85094195615353,19730.73255979859,0.0,125.57067373334405,0.0,0.0
5393,46.85094195615353,19730.73255979859,0.0,125.57067373334405,0.0,0.0
5394,46.85094195615353,19730.73255979859,0.0,125.57067373334405,0.0,0.0
5395,46.85094195615353,19730.73255979859,0.0,125.57067373334405,0.0,0.0
5396,46.85094195615353,19730.73255979859,0.0,125.57067373334405,0.0,0.0
5397,46.85094195615353,19730.73255979859,0.0,125.57067373334405,0.0,0.0
5398,46.85094195615353,19730.73255979859,0.0,125.57067373334405,0.0,0.0
5399,46.85094195615353,19730.73255979859,0.0,125.57067373334405,0.0,0.0
5400,46.85094195615353,19730.73255979859,0.0,125.57067373334405,0.0,0.0
5401,46.85094195615353,19730.73255979859,0.0,125.57067373334405,0.0,0.0
5402,46.85094195615353,19730.73255979859,0.0,125.57067373334405,0.0,0.0
5403,46.85094195615353,19730.73255979859,0.0,125.57067373334405,0.0,0.0
5404,46.85094195615353,19730.73255979859,0.0,125.57067373334405,0.0,0.0
5405,46.85094195615353,19730.73255979859,0.0,125.57067373334405,0.0,0.0
5406,46.85094195615353,19730.73255979859,0.0,125.57067373334405,0.0,0.0
5407,46.85094195615353,19730.73255979859,0.0,125.57067373334405,0.0,0.0
5408,46.85094195615353,19730.73255979859,0.0,125.57067373334405,0.0,0.0
5409,46.85094195615353,19730.73255979859,0.0,125.57067373334405,0.0,0.0
5410,46.85094195615353,19730.73255979859,0.0,125.57067373334405,0.0,0.0
5411,46.85094195615353,19730.73255979859,0.0,125.57067373334405,0.0,0.0
5412,46.85094195615353,19730.73255979859,0.0,125.57067373334405,0.0,0.0
5413,46.85094195615353,19730.73255979859,0.0,125.57067373334405,0.0,0.0
5414,46.85094195615353,19730.73255979859,0.0,125.57067373334405,0.0,0.0
5415,46.85094195615353,19730.73255979859,0.0,125.57067373334405,0.0,0.0
5416,46.85094195615353,19730.73255979859,0.0,125.57067373334405,0.0,0.0
5417,46.85094195615353,19730.73255979859,0.0,125.57067373334405,0.0,0.0
5418,46.85094195615353,19730.73255979859,0.0,125.57067373334405,0.0,0.0
5419,46.85094195615353,19730.73255979859,0.0,125.57067373334405,0.0,0.0
5420,46.85094195615353,19730.73255979859,0.0,125.57067373334405,0.0,0.0
5421,46.85094195615353,19730.73255979859,0.0,125.57067373334405,0.0,0.0
5422,46.85094195615353,19730.73255979859,0.0,125.57067373334405,0.0,0.0
5423,46.85094195615353,19730.73255979859,0.0,125.57067373334405,0.0,0.0
5424,46.85094195615353,19730.73255979859,0.0,125.57067373334405,0.0,0.0
5425,46.85094195615353,19730.73255979859,0.0,125.57067373334405,0.0,0.0
5426,46.85094195615353,19730.73255979859,0.0,125.57067373334405,0.0,0.0
5427,46.85094195615353,19730.73255979859,0.0,125.57067373334405,0.0,0.0
5428,46.85094195615353,19730.73255979859,0.0,125.57067373334405,0.0,0.0
5429,46.85094195615353,19730.73255979859,0.0,125.57067373334405,0.0,0.0
5430,46.85094195615353,19730.73255979859,0.0,125.57067373334405,0.0,0.0
5431,46.85094195615353,19730.73255979859,0.0,125.57067373334405,0.0,0.0
5432,46.85094195615353,19730.73255979859,0.0,125.57067373334405,0.0,0.0
5433,46.85094195615353,19730.73255979859,0.0,125.57067373334405,0.0,0.0
5434,46.85094195615353,19730.73255979859,0.0,125.57067373334405,0.0,0.0
5435,46.85094195615353,19730.73255979859,0.0,125.57067373334405,0.0,0.0
5436,46.85094195615353,19730.73255979859,0.0,125.57067373334405,0.0,0.0
5437,46.85094195615353,19730.73255979859,0.0,125.57067373334405,0.0,0.0
5438,46.85094195615353,19730.73255979859,0.0,125.57067373334405,0.0,0.0
5439,46.85094195615353,19730.73255979859,0.0,125.57067373334405,0.0,0.0
5440,46.85094195615353,19730.73255979859,0.0,125.57067373334405,0.0,0.0
5441,46.85094195615353,19730.73255979859,0.0,125.57067373334405,0.0,0.0
5442,46.85094195615353,19730.73255979859,0.0,125.57067373334405,0.0,0.0
5443,46.85094195615353,19730.73255979859,0.0,125.57067373334405,0.0,0.0
5444,46.85094195615353,19730.73255979859,0.0,125.57067373334405,0.0,0.0
5445,46.85094195615353,19730.73255979859,0.0,125.57067373334405,0.0,0.0
5446,46.85094195615353,19730.73255979859,0.0,125.57067373334405,0.0,0.0
5447,46.85094195615353,19730.73255979859,0.0,125.57067373334405,0.0,0.0
5448,46.85094195615353,19730.73255979859,0.0,125.57067373334405,0.0,0.0
5449,46.85094195615353,19730.73255979859,0.0,125.57067373334405,0.0,0.0
5450,46.85094195615353,19730.73255979859,0.0,125.57067373334405,0.0,0.0
5451,46.85094195615353,19730.73255979859,0.0,125.57067373334405,0.0,0.0
5452,46.85094195615353,19730.73255979859,0.0,125.57067373334405,0.0,0.0
5453,46.85094195615353,19730.73255979859,0.0,125.57067373334405,0.0,0.0
5454,46.85094195615353,19730.73255979859,0.0,125.57067373334405,0.0,0.0
5455,46.85094195615353,19730.73255979859,0.0,125.57067373334405,0.0,0.0
5456,46.85094195615353,19730.73255979859,0.0,125.57067373334405,0.0,0.0
5457,46.85094195615353,19730.73255979859,0.0,125.57067373334405,0.0,0.0
5458,46.85094195615353,19730.73255979859,0.0,125.57067373334405,0.0,0.0
5459,46.85094195615353,19730.73255979859,0.0,125.57067373334405,0.0,0.0
5460,46.85094195615353,19730.73255979859,0.0,125.57067373334405,0.0,0.0
5461,46.85094195615353,19730.73255979859,0.0,125.57067373334405,0.0,0.0
5462,46.85094195615353,19730.73255979859,0.0,125.57067373334405,0.0,0.0
5463,46.85094195615353,19730.73255979859,0.0,125.57067373334405,0.0,0.0
5464,46.85094195615353,19730.73255979859,0.0,125.57067373334405,0.0,0.0
5465,46.85094195615353,19730.73255979859,0.0,125.57067373334405,0.0,0.0
5466,46.85094195615353,19730.73255979859,0.0,125.57067373334405,0.0,0.0
5467,46.85094195615353,19730.73255979859,0.0,125.57067373334405,0.0,0.0
5468,46.85094195615353,19730.73255979859,0.0,125.57067373334405,0.0,0.0
5469,46.85094195615353,19730.73255979859,0.0,125.57067373334405,0.0,0.0
5470,46.85094195615353,19730.73255979859,0.0,125.57067373334405,0.0,0.0
5471,46.85094195615353,19730.73255979859,0.0,125.57067373334405,0.0,0.0
5472,46.85094195615353,19730.73255979859,0.0,125.57067373334405,0.0,0.0
5473,46.85094195615353,19730.73255979859,0.0,125.57067373334405,0.0,0.0
5474,46.85094195615353,19730.73255979859,0.0,125.57067373334405,0.0,0.0
5475,46.85094195615353,19730.73255979859,0.0,125.57067373334405,0.0,0.0
5476,46.85094195615353,19730.73255979859,0.0,125.57067373334405,0.0,0.0
5477,46.85094195615353,19730.73255979859,0.0,125.57067373334405,0.0,0.0
5478,46.85094195615353,19730.73255979859,0.0,125.57067373334405,0.0,0.0
5479,46.85094195615353,19730.73255979859,0.0,125.57067373334405,0.0,0.0
5480,46.85094195615353,19730.73255979859,0.0,125.57067373334405,0.0,0.0
5481,46.85094195615353,19730.73255979859,0.0,125.57067373334405,0.0,0.0
5482,46.85094195615353,19730.73255979859,0.0,125.57067373334405,0.0,0.0
5483,46.85094195615353,19730.73255979859,0.0,125.57067373334405,0.0,0.0
5484,46.85094195615353,19730.73255979859,0.0,125.57067373334405,0.0,0.0
5485,46.85094195615353,19730.73255979859,0.0,125.57067373334405,0.0,0.0
5486,46.85094195615353,19730.73255979859,0.0,125.57067373334405,0.0,0.0
5487,46.85094195615353,19730.73255979859,0.0,125.57067373334405,0.0,0.0
5488,46.85094195615353,19730.73255979859,0.0,125.57067373334405,0.0,0.0
5489,46.85094195615353,19730.73255979859,0.0,125.57067373334405,0.0,0.0
5490,46.85094195615353,19730.73255979859,0.0,125.57067373334405,0.0,0.0
5491,46.85094195615353,19730.73255979859,0.0,125.57067373334405,0.0,0.0
5492,46.85094195615353,19730.73255979859,0.0,125.57067373334405,0.0,0.0
5493,46.85094195615353,19730.73255979859,0.0,125.57067373334405,0.0,0.0
5494,46.85094195615353,19730.73255979859,0.0,125.57067373334405,0.0,0.0
5495,46.85094195615353,19730.73255979859,0.0,125.57067373334405,0.0,0.0
5496,46.85094195615353,19730.73255979859,0.0,125.57067373334405,0.0,0.0
5497,46.85094195615353,19730.73255979859,0.0,125.57067373334405,0.0,0.0
5498,46.85094195615353,19730.73255979859,0.0,125.57067373334405,0.0,0.0
5499,46.85094195615353,19730.73255979859,0.0,125.57067373334405,0.0,0.0
5500,46.85094195615353,19730.73255979859,0.0,125.57067373334405,0.0,0.0
5501,46.85094195615353,19730.73255979859,0.0,125.57067373334405,0.0,0.0
5502,46.85094195615353,19730.73255979859,0.0,125.57067373334405,0.0,0.0
5503,46.85094195615353,19730.73255979859,0.0,125.57067373334405,0.0,0.0
5504,46.85094195615353,19730.73255979859,0.0,125.57067373334405,0.0,0.0
5505,46.85094195615353,19730.73255979859,0.0,125.57067373334405,0.0,0.0
5506,46.85094195615353,19730.73255979859,0.0,125.57067373334405,0.0,0.0
5507,46.85094195615353,19730.73255979859,0.0,125.57067373334405,0.0,0.0
5508,46.85094195615353,19730.73255979859,0.0,125.57067373334405,0.0,0.0
5509,46.85094195615353,19730.73255979859,0.0,125.57067373334405,0.0,0.0
5510,46.85094195615353,19730.73255979859,0.0,125.57067373334405,0.0,0.0
5511,46.85094195615353,19730.73255979859,0.0,125.57067373334405,0.0,0.0
5512,46.85094195615353,19730.73255979859,0.0,125.57067373334405,0.0,0.0
5513,46.85094195615353,19730.73255979859,0.0,125.57067373334405,0.0,0.0
5514,46.85094195615353,19730.73255979859,0.0,125.57067373334405,0.0,0.0
5515,46.85094195615353,19730.73255979859,0.0,125.57067373334405,0.0,0.0
5516,46.85094195615353,19730.73255979859,0.0,125.57067373334405,0.0,0.0
5517,46.85094195615353,19730.73255979859,0.0,125.57067373334405,0.0,0.0
5518,46.85094195615353,19730.73255979859,0.0,125.57067373334405,0.0,0.0
5519,46.85094195615353,19730.73255979859,0.0,125.57067373334405,0.0,0.0
5520,46.85094195615353,19730.73255979859,0.0,125.57067373334405,0.0,0.0
5521,46.85094195615353,19730.73255979859,0.0,125.57067373334405,0.0,0.0
5522,46.85094195615353,19730.73255979859,0.0,125.57067373334405,0.0,0.0
5523,46.85094195615353,19730.73255979859,0.0,125.57067373334405,0.0,0.0
5524,46.85094195615353,19730.73255979859,0.0,125.57067373334405,0.0,0.0
5525,46.85094195615353,19730.73255979859,0.0,125.57067373334405,0.0,0.0
5526,46.85094195615353,19730.73255979859,0.0,125.57067373334405,0.0,0.0
5527,46.85094195615353,19730.73255979859,0.0,125.57067373334405,0.0,0.0
5528,46.85094195615353,19730.73255979859,0.0,125.57067373334405,0.0,0.0
5529,46.85094195615353,19730.73255979859,0.0,125.57067373334405,0.0,0.0
5530,46.85094195615353,19730.73255979859,0.0,125.57067373334405,0.0,0.0
5531,46.85094195615353,19730.73255979859,0.0,125.57067373334405,0.0,0.0
5532,46.85094195615353,19730.73255979859,0.0,125.57067373334405,0.0,0.0
5533,46.85094195615353,19730.73255979859,0.0,125.57067373334405,0.0,0.0
5534,46.85094195615353,19730.73255979859,0.0,125.57067373334405,0.0,0.0
5535,46.85094195615353,19730.73255979859,0.0,125.57067373334405,0.0,0.0
5536,46.85094195615353,19730.73255979859,0.0,125.57067373334405,0.0,0.0
5537,46.85094195615353,19730.73255979859,0.0,125.57067373334405,0.0,0.0
5538,46.85094195615353,19730.73255979859,0.0,125.57067373334405,0.0,0.0
5539,46.85094195615353,19730.73255979859,0.0,125.57067373334405,0.0,0.0
5540,46.85094195615353,19730.73255979859,0.0,125.57067373334405,0.0,0.0
5541,46.85094195615353,19730.73255979859,0.0,125.57067373334405,0.0,0.0
5542,46.85094195615353,19730.73255979859,0.0,125.57067373334405,0.0,0.0
5543,46.85094195615353,19730.73255979859,0.0,125.57067373334405,0.0,0.0
5544,45.441655735680236,17576.715856998646,0.0,127.14913165128556,0.0,0.0
5545,45.441655735680236,17576.715856998646,0.0,127.14913165128556,0.0,0.0
5546,45.441655735680236,17576.715856998646,0.0,127.14913165128556,0.0,0.0
5547,45.441655735680236,17576.715856998646,0.0,127.14913165128556,0.0,0.0
5548,45.441655735680236,17576.715856998646,0.0,127.14913165128556,0.0,0.0
5549,45.441655735680236,17576.715856998646,0.0,127.14913165128556,0.0,0.0
5550,45.441655735680236,17576.715856998646,0.0,127.14913165128556,0.0,0.0
5551,45.441655735680236,17576.715856998646,0.0,127.14913165128556,0.0,0.0
5552,45.441655735680236,17576.715856998646,0.0,127.14913165128556,0.0,0.0
5553,45.441655735680236,17576.715856998646,0.0,127.14913165128556,0.0,0.0
5554,45.441655735680236,17576.715856998646,0.0,127.14913165128556,0.0,0.0
5555,45.441655735680236,17576.715856998646,0.0,127.14913165128556,0.0,0.0
5556,45.441655735680236,17576.715856998646,0.0,127.14913165128556,0.0,0.0
5557,45.441655735680236,17576.715856998646,0.0,127.14913165128556,0.0,0.0
5558,45.441655735680236,17576.715856998646,0.0,127.14913165128556,0.0,0.0
5559,45.441655735680236,17576.715856998646,0.0,127.14913165128556,0.0,0.0
5560,45.441655735680236,17576.715856998646,0.0,127.14913165128556,0.0,0.0
5561,45.441655735680236,17576.715856998646,0.0,127.14913165128556,0.0,0.0
5562,45.441655735680236,17576.715856998646,0.0,127.14913165128556,0.0,0.0
5563,45.441655735680236,17576.715856998646,0.0,127.14913165128556,0.0,0.0
5564,45.441655735680236,17576.715856998646,0.0,127.14913165128556,0.0,0.0
5565,45.441655735680236,17576.715856998646,0.0,127.14913165128556,0.0,0.0
5566,45.441655735680236,17576.715856998646,0.0,127.14913165128556,0.0,0.0
5567,45.441655735680236,17576.715856998646,0.0,127.14913165128556,0.0,0.0
5568,45.441655735680236,17576.715856998646,0.0,127.14913165128556,0.0,0.0
5569,45.441655735680236,17576.715856998646,0.0,127.14913165128556,0.0,0.0
5570,45.441655735680236,17576.715856998646,0.0,127.14913165128556,0.0,0.0
5571,45.441655735680236,17576.715856998646,0.0,127.14913165128556,0.0,0.0
5572,45.441655735680236,17576.715856998646,0.0,127.14913165128556,0.0,0.0
5573,45.441655735680236,17576.715856998646,0.0,127.14913165128556,0.0,0.0
5574,45.441655735680236,17576.715856998646,0.0,127.14913165128556,0.0,0.0
5575,45.441655735680236,17576.715856998646,0.0,127.14913165128556,0.0,0.0
5576,45.441655735680236,17576.715856998646,0.0,127.14913165128556,0.0,0.0
5577,45.441655735680236,17576.715856998646,0.0,127.14913165128556,0.0,0.0
5578,45.441655735680236,17576.715856998646,0.0,127.14913165128556,0.0,0.0
5579,45.441655735680236,17576.715856998646,0.0,127.14913165128556,0.0,0.0
5580,45.441655735680236,17576.715856998646,0.0,127.14913165128556,0.0,0.0
5581,45.441655735680236,17576.715856998646,0.0,127.14913165128556,0.0,0.0
5582,45.441655735680236,17576.715856998646,0.0,127.14913165128556,0.0,0.0
5583,45.441655735680236,17576.715856998646,0.0,127.14913165128556,0.0,0.0
5584,45.441655735680236,17576.715856998646,0.0,127.14913165128556,0.0,0.0
5585,45.441655735680236,17576.715856998646,0.0,127.14913165128556,0.0,0.0
5586,45.441655735680236,17576.715856998646,0.0,127.14913165128556,0.0,0.0
5587,45.441655735680236,17576.715856998646,0.0,127.14913165128556,0.0,0.0
5588,45.441655735680236,17576.715856998646,0.0,127.14913165128556,0.0,0.0
5589,45.441655735680236,17576.715856998646,0.0,127.14913165128556,0.0,0.0
5590,45.441655735680236,17576.715856998646,0.0,127.14913165128556,0.0,0.0
5591,45.441655735680236,17576.715856998646,0.0,127.14913165128556,0.0,0.0
5592,45.441655735680236,17576.715856998646,0.0,127.14913165128556,0.0,0.0
5593,45.441655735680236,17576.715856998646,0.0,127.14913165128556,0.0,0.0
5594,45.441655735680236,17576.715856998646,0.0,127.14913165128556,0.0,0.0
5595,45.441655735680236,17576.715856998646,0.0,127.14913165128556,0.0,0.0
5596,45.441655735680236,17576.715856998646,0.0,127.14913165128556,0.0,0.0
5597,45.441655735680236,17576.715856998646,0.0,127.14913165128556,0.0,0.0
5598,45.441655735680236,17576.715856998646,0.0,127.14913165128556,0.0,0.0
5599,45.441655735680236,17576.715856998646,0.0,127.14913165128556,0.0,0.0
5600,45.441655735680236,17576.715856998646,0.0,127.14913165128556,0.0,0.0
5601,45.441655735680236,17576.715856998646,0.0,127.14913165128556,0.0,0.0
5602,45.441655735680236,17576.715856998646,0.0,127.14913165128556,0.0,0.0
5603,45.441655735680236,17576.715856998646,0.0,127.14913165128556,0.0,0.0
5604,45.441655735680236,17576.715856998646,0.0,127.14913165128556,0.0,0.0
5605,45.441655735680236,17576.715856998646,0.0,127.14913165128556,0.0,0.0
5606,45.441655735680236,17576.715856998646,0.0,127.14913165128556,0.0,0.0
5607,45.441655735680236,17576.715856998646,0.0,127.14913165128556,0.0,0.0
5608,45.441655735680236,17576.715856998646,0.0,127.14913165128556,0.0,0.0
5609,45.441655735680236,17576.715856998646,0.0,127.14913165128556,0.0,0.0
5610,45.441655735680236,17576.715856998646,0.0,127.14913165128556,0.0,0.0
5611,45.441655735680236,17576.715856998646,0.0,127.14913165128556,0.0,0.0
5612,45.441655735680236,17576.715856998646,0.0,127.14913165128556,0.0,0.0
5613,45.441655735680236,17576.715856998646,0.0,127.14913165128556,0.0,0.0
5614,45.441655735680236,17576.715856998646,0.0,127.14913165128556,0.0,0.0
5615,45.441655735680236,17576.715856998646,0.0,127.14913165128556,0.0,0.0
5616,45.441655735680236,17576.715856998646,0.0,127.14913165128556,0.0,0.0
5617,45.441655735680236,17576.715856998646,0.0,127.14913165128556,0.0,0.0
5618,45.441655735680236,17576.715856998646,0.0,127.14913165128556,0.0,0.0
5619,45.441655735680236,17576.715856998646,0.0,127.14913165128556,0.0,0.0
5620,45.441655735680236,17576.715856998646,0.0,127.14913165128556,0.0,0.0
5621,45.441655735680236,17576.715856998646,0.0,127.14913165128556,0.0,0.0
5622,45.441655735680236,17576.715856998646,0.0,127.14913165128556,0.0,0.0
5623,45.441655735680236,17576.715856998646,0.0,127.14913165128556,0.0,0.0
5624,45.441655735680236,17576.715856998646,0.0,127.14913165128556,0.0,0.0
5625,45.441655735680236,17576.715856998646,0.0,127.14913165128556,0.0,0.0
5626,45.441655735680236,17576.715856998646,0.0,127.14913165128556,0.0,0.0
5627,45.441655735680236,17576.715856998646,0.0,127.14913165128556,0.0,0.0
5628,45.441655735680236,17576.715856998646,0.0,127.14913165128556,0.0,0.0
5629,45.441655735680236,17576.715856998646,0.0,127.14913165128556,0.0,0.0
5630,45.441655735680236,17576.715856998646,0.0,127.14913165128556,0.0,0.0
5631,45.441655735680236,17576.715856998646,0.0,127.14913165128556,0.0,0.0
5632,45.441655735680236,17576.715856998646,0.0,127.14913165128556,0.0,0.0
5633,45.441655735680236,17576.715856998646,0.0,127.14913165128556,0.0,0.0
5634,45.441655735680236,17576.715856998646,0.0,127.14913165128556,0.0,0.0
5635,45.441655735680236,17576.715856998646,0.0,127.14913165128556,0.0,0.0
5636,45.441655735680236,17576.715856998646,0.0,127.14913165128556,0.0,0.0
5637,45.441655735680236,17576.715856998646,0.0,127.14913165128556,0.0,0.0
5638,45.441655735680236,17576.715856998646,0.0,127.14913165128556,0.0,0.0
5639,45.441655735680236,17576.715856998646,0.0,127.14913165128556,0.0,0.0
5640,45.441655735680236,17576.715856998646,0.0,127.14913165128556,0.0,0.0
5641,45.441655735680236,17576.715856998646,0.0,127.14913165128556,0.0,0.0
5642,45.441655735680236,17576.715856998646,0.0,127.14913165128556,0.0,0.0
5643,45.441655735680236,17576.715856998646,0.0,127.14913165128556,0.0,0.0
5644,45.441655735680236,17576.715856998646,0.0,127.14913165128556,0.0,0.0
5645,45.441655735680236,17576.715856998646,0.0,127.14913165128556,0.0,0.0
5646,45.441655735680236,17576.715856998646,0.0,127.14913165128556,0.0,0.0
5647,45.441655735680236,17576.715856998646,0.0,127.14913165128556,0.0,0.0
5648,45.441655735680236,17576.715856998646,0.0,127.14913165128556,0.0,0.0
5649,45.441655735680236,17576.715856998646,0.0,127.14913165128556,0.0,0.0
5650,45.441655735680236,17576.715856998646,0.0,127.14913165128556,0.0,0.0
5651,45.441655735680236,17576.715856998646,0.0,127.14913165128556,0.0,0.0
5652,45.441655735680236,17576.715856998646,0.0,127.14913165128556,0.0,0.0
5653,45.441655735680236,17576.715856998646,0.0,127.14913165128556,0.0,0.0
5654,45.441655735680236,17576.715856998646,0.0,127.14913165128556,0.0,0.0
5655,45.441655735680236,17576.715856998646,0.0,127.14913165128556,0.0,0.0
5656,45.441655735680236,17576.715856998646,0.0,127.14913165128556,0.0,0.0
5657,45.441655735680236,17576.715856998646,0.0,127.14913165128556,0.0,0.0
5658,45.441655735680236,17576.715856998646,0.0,127.14913165128556,0.0,0.0
5659,45.441655735680236,17576.715856998646,0.0,127.14913165128556,0.0,0.0
5660,45.441655735680236,17576.715856998646,0.0,127.14913165128556,0.0,0.0
5661,45.441655735680236,17576.715856998646,0.0,127.14913165128556,0.0,0.0
5662,45.441655735680236,17576.715856998646,0.0,127.14913165128556,0.0,0.0
5663,45.441655735680236,17576.715856998646,0.0,127.14913165128556,0.0,0.0
5664,45.441655735680236,17576.715856998646,0.0,127.14913165128556,0.0,0.0
5665,45.441655735680236,17576.715856998646,0.0,127.14913165128556,0.0,0.0
5666,45.441655735680236,17576.715856998646,0.0,127.14913165128556,0.0,0.0
5667,45.441655735680236,17576.715856998646,0.0,127.14913165128556,0.0,0.0
5668,45.441655735680236,17576.715856998646,0.0,127.14913165128556,0.0,0.0
5669,45.441655735680236,17576.715856998646,0.0,127.14913165128556,0.0,0.0
5670,45.441655735680236,17576.715856998646,0.0,127.14913165128556,0.0,0.0
5671,45.441655735680236,17576.715856998646,0.0,127.14913165128556,0.0,0.0
5672,45.441655735680236,17576.715856998646,0.0,127.14913165128556,0.0,0.0
5673,45.441655735680236,17576.715856998646,0.0,127.14913165128556,0.0,0.0
5674,45.441655735680236,17576.715856998646,0.0,127.14913165128556,0.0,0.0
5675,45.441655735680236,17576.715856998646,0.0,127.14913165128556,0.0,0.0
5676,45.441655735680236,17576.715856998646,0.0,127.14913165128556,0.0,0.0
5677,45.441655735680236,17576.715856998646,0.0,127.14913165128556,0.0,0.0
5678,45.441655735680236,17576.715856998646,0.0,127.14913165128556,0.0,0.0
5679,45.441655735680236,17576.715856998646,0.0,127.14913165128556,0.0,0.0
5680,45.441655735680236,17576.715856998646,0.0,127.14913165128556,0.0,0.0
5681,45.441655735680236,17576.715856998646,0.0,127.14913165128556,0.0,0.0
5682,45.441655735680236,17576.715856998646,0.0,127.14913165128556,0.0,0.0
5683,45.441655735680236,17576.715856998646,0.0,127.14913165128556,0.0,0.0
5684,45.441655735680236,17576.715856998646,0.0,127.14913165128556,0.0,0.0
5685,45.441655735680236,17576.715856998646,0.0,127.14913165128556,0.0,0.0
5686,45.441655735680236,17576.715856998646,0.0,127.14913165128556,0.0,0.0
5687,45.441655735680236,17576.715856998646,0.0,127.14913165128556,0.0,0.0
5688,45.441655735680236,17576.715856998646,0.0,127.14913165128556,0.0,0.0
5689,45.441655735680236,17576.715856998646,0.0,127.14913165128556,0.0,0.0
5690,45.441655735680236,17576.715856998646,0.0,127.14913165128556,0.0,0.0
5691,45.441655735680236,17576.715856998646,0.0,127.14913165128556,0.0,0.0
5692,45.441655735680236,17576.715856998646,0.0,127.14913165128556,0.0,0.0
5693,45.441655735680236,17576.715856998646,0.0,127.14913165128556,0.0,0.0
5694,45.441655735680236,17576.715856998646,0.0,127.14913165128556,0.0,0.0
5695,45.441655735680236,17576.715856998646,0.0,127.14913165128556,0.0,0.0
5696,45.441655735680236,17576.715856998646,0.0,127.14913165128556,0.0,0.0
5697,45.441655735680236,17576.715856998646,0.0,127.14913165128556,0.0,0.0
5698,45.441655735680236,17576.715856998646,0.0,127.14913165128556,0.0,0.0
5699,45.441655735680236,17576.715856998646,0.0,127.14913165128556,0.0,0.0
5700,45.441655735680236,17576.715856998646,0.0,127.14913165128556,0.0,0.0
5701,45.441655735680236,17576.715856998646,0.0,127.14913165128556,0.0,0.0
5702,45.441655735680236,17576.715856998646,0.0,127.14913165128556,0.0,0.0
5703,45.441655735680236,17576.715856998646,0.0,127.14913165128556,0.0,0.0
5704,45.441655735680236,17576.715856998646,0.0,127.14913165128556,0.0,0.0
5705,45.441655735680236,17576.715856998646,0.0,127.14913165128556,0.0,0.0
5706,45.441655735680236,17576.715856998646,0.0,127.14913165128556,0.0,0.0
5707,45.441655735680236,17576.715856998646,0.0,127.14913165128556,0.0,0.0
5708,45.441655735680236,17576.715856998646,0.0,127.14913165128556,0.0,0.0
5709,45.441655735680236,17576.715856998646,0.0,127.14913165128556,0.0,0.0
5710,45.441655735680236,17576.715856998646,0.0,127.14913165128556,0.0,0.0
5711,45.441655735680236,17576.715856998646,0.0,127.14913165128556,0.0,0.0
5712,48.965981084079985,14270.062775672384,0.0,130.77728163122543,0.0,0.0
5713,48.965981084079985,14270.062775672384,0.0,130.77728163122543,0.0,0.0
5714,48.965981084079985,14270.062775672384,0.0,130.77728163122543,0.0,0.0
5715,48.965981084079985,14270.062775672384,0.0,130.77728163122543,0.0,0.0
5716,48.965981084079985,14270.062775672384,0.0,130.77728163122543,0.0,0.0
5717,48.965981084079985,14270.062775672384,0.0,130.77728163122543,0.0,0.0
5718,48.965981084079985,14270.062775672384,0.0,130.77728163122543,0.0,0.0
5719,48.965981084079985,14270.062775672384,0.0,130.77728163122543,0.0,0.0
5720,48.965981084079985,14270.062775672384,0.0,130.77728163122543,0.0,0.0
5721,48.965981084079985,14270.062775672384,0.0,130.77728163122543,0.0,0.0
5722,48.965981084079985,14270.062775672384,0.0,130.77728163122543,0.0,0.0
5723,48.965981084079985,14270.062775672384,0.0,130.77728163122543,0.0,0.0
5724,48.965981084079985,14270.062775672384,0.0,130.77728163122543,0.0,0.0
5725,48.965981084079985,14270.062775672384,0.0,130.77728163122543,0.0,0.0
5726,48.965981084079985,14270.062775672384,0.0,130.77728163122543,0.0,0.0
5727,48.965981084079985,14270.062775672384,0.0,130.77728163122543,0.0,0.0
5728,48.965981084079985,14270.062775672384,0.0,130.77728163122543,0.0,0.0
5729,48.965981084079985,14270.062775672384,0.0,130.77728163122543,0.0,0.0
5730,48.965981084079985,14270.062775672384,0.0,130.77728163122543,0.0,0.0
5731,48.965981084079985,14270.062775672384,0.0,130.77728163122543,0.0,0.0
5732,48.965981084079985,14270.062775672384,0.0,130.77728163122543,0.0,0.0
5733,48.965981084079985,14270.062775672384,0.0,130.77728163122543,0.0,0.0
5734,48.965981084079985,14270.062775672384,0.0,130.77728163122543,0.0,0.0
5735,48.965981084079985,14270.062775672384,0.0,130.77728163122543,0.0,0.0
5736,48.965981084079985,14270.062775672384,0.0,130.77728163122543,0.0,0.0
5737,48.965981084079985,14270.062775672384,0.0,130.77728163122543,0.0,0.0
5738,48.965981084079985,14270.062775672384,0.0,130.77728163122543,0.0,0.0
5739,48.965981084079985,14270.062775672384,0.0,130.77728163122543,0.0,0.0
5740,48.965981084079985,14270.062775672384,0.0,130.77728163122543,0.0,0.0
5741,48.965981084079985,14270.062775672384,0.0,130.77728163122543,0.0,0.0
5742,48.965981084079985,14270.062775672384,0.0,130.77728163122543,0.0,0.0
5743,48.965981084079985,14270.062775672384,0.0,130.77728163122543,0.0,0.0
5744,48.965981084079985,14270.062775672384,0.0,130.77728163122543,0.0,0.0
5745,48.965981084079985,14270.062775672384,0.0,130.77728163122543,0.0,0.0
5746,48.965981084079985,14270.062775672384,0.0,130.77728163122543,0.0,0.0
5747,48.965981084079985,14270.062775672384,0.0,130.77728163122543,0.0,0.0
5748,48.965981084079985,14270.062775672384,0.0,130.77728163122543,0.0,0.0
5749,48.965981084079985,14270.062775672384,0.0,130.77728163122543,0.0,0.0
5750,48.965981084079985,14270.062775672384,0.0,130.77728163122543,0.0,0.0
5751,48.965981084079985,14270.062775672384,0.0,130.77728163122543,0.0,0.0
5752,48.965981084079985,14270.062775672384,0.0,130.77728163122543,0.0,0.0
5753,48.965981084079985,14270.062775672384,0.0,130.77728163122543,0.0,0.0
5754,48.965981084079985,14270.062775672384,0.0,130.77728163122543,0.0,0.0
5755,48.965981084079985,14270.062775672384,0.0,130.77728163122543,0.0,0.0
5756,48.965981084079985,14270.062775672384,0.0,130.77728163122543,0.0,0.0
5757,48.965981084079985,14270.062775672384,0.0,130.77728163122543,0.0,0.0
5758,48.965981084079985,14270.062775672384,0.0,130.77728163122543,0.0,0.0
5759,48.965981084079985,14270.062775672384,0.0,130.77728163122543,0.0,0.0
5760,48.965981084079985,14270.062775672384,0.0,130.77728163122543,0.0,0.0
5761,48.965981084079985,14270.062775672384,0.0,130.77728163122543,0.0,0.0
5762,48.965981084079985,14270.062775672384,0.0,130.77728163122543,0.0,0.0
5763,48.965981084079985,14270.062775672384,0.0,130.77728163122543,0.0,0.0
5764,48.965981084079985,14270.062775672384,0.0,130.77728163122543,0.0,0.0
5765,48.965981084079985,14270.062775672384,0.0,130.77728163122543,0.0,0.0
5766,48.965981084079985,14270.062775672384,0.0,130.77728163122543,0.0,0.0
5767,48.965981084079985,14270.062775672384,0.0,130.77728163122543,0.0,0.0
5768,48.965981084079985,14270.062775672384,0.0,130.77728163122543,0.0,0.0
5769,48.965981084079985,14270.062775672384,0.0,130.77728163122543,0.0,0.0
5770,48.965981084079985,14270.062775672384,0.0,130.77728163122543,0.0,0.0
5771,48.965981084079985,14270.062775672384,0.0,130.77728163122543,0.0,0.0
5772,48.965981084079985,14270.062775672384,0.0,130.77728163122543,0.0,0.0
5773,48.965981084079985,14270.062775672384,0.0,130.77728163122543,0.0,0.0
5774,48.965981084079985,14270.062775672384,0.0,130.77728163122543,0.0,0.0
5775,48.965981084079985,14270.062775672384,0.0,130.77728163122543,0.0,0.0
5776,48.965981084079985,14270.062775672384,0.0,130.77728163122543,0.0,0.0
5777,48.965981084079985,14270.062775672384,0.0,130.77728163122543,0.0,0.0
5778,48.965981084079985,14270.062775672384,0.0,130.77728163122543,0.0,0.0
5779,48.965981084079985,14270.062775672384,0.0,130.77728163122543,0.0,0.0
5780,48.965981084079985,14270.062775672384,0.0,130.77728163122543,0.0,0.0
5781,48.965981084079985,14270.062775672384,0.0,130.77728163122543,0.0,0.0
5782,48.965981084079985,14270.062775672384,0.0,130.77728163122543,0.0,0.0
5783,48.965981084079985,14270.062775672384,0.0,130.77728163122543,0.0,0.0
5784,48.965981084079985,14270.062775672384,0.0,130.77728163122543,0.0,0.0
5785,48.965981084079985,14270.062775672384,0.0,130.77728163122543,0.0,0.0
5786,48.965981084079985,14270.062775672384,0.0,130.77728163122543,0.0,0.0
5787,48.965981084079985,14270.062775672384,0.0,130.77728163122543,0.0,0.0
5788,48.965981084079985,14270.062775672384,0.0,130.77728163122543,0.0,0.0
5789,48.965981084079985,14270.062775672384,0.0,130.77728163122543,0.0,0.0
5790,48.965981084079985,14270.062775672384,0.0,130.77728163122543,0.0,0.0
5791,48.965981084079985,14270.062775672384,0.0,130.77728163122543,0.0,0.0
5792,48.965981084079985,14270.062775672384,0.0,130.77728163122543,0.0,0.0
5793,48.965981084079985,14270.062775672384,0.0,130.77728163122543,0.0,0.0
5794,48.965981084079985,14270.062775672384,0.0,130.77728163122543,0.0,0.0
5795,48.965981084079985,14270.062775672384,0.0,130.77728163122543,0.0,0.0
5796,48.965981084079985,14270.062775672384,0.0,130.77728163122543,0.0,0.0
5797,48.965981084079985,14270.062775672384,0.0,130.77728163122543,0.0,0.0
5798,48.965981084079985,14270.062775672384,0.0,130.77728163122543,0.0,0.0
5799,48.965981084079985,14270.062775672384,0.0,130.77728163122543,0.0,0.0
5800,48.965981084079985,14270.062775672384,0.0,130.77728163122543,0.0,0.0
5801,48.965981084079985,14270.062775672384,0.0,130.77728163122543,0.0,0.0
5802,48.965981084079985,14270.062775672384,0.0,130.77728163122543,0.0,0.0
5803,48.965981084079985,14270.062775672384,0.0,130.77728163122543,0.0,0.0
5804,48.965981084079985,14270.062775672384,0.0,130.77728163122543,0.0,0.0
5805,48.965981084079985,14270.062775672384,0.0,130.77728163122543,0.0,0.0
5806,48.965981084079985,14270.062775672384,0.0,130.77728163122543,0.0,0.0
5807,48.965981084079985,14270.062775672384,0.0,130.77728163122543,0.0,0.0
5808,48.965981084079985,14270.062775672384,0.0,130.77728163122543,0.0,0.0
5809,48.965981084079985,14270.062775672384,0.0,130.77728163122543,0.0,0.0
5810,48.965981084079985,14270.062775672384,0.0,130.77728163122543,0.0,0.0
5811,48.965981084079985,14270.062775672384,0.0,130.77728163122543,0.0,0.0
5812,48.965981084079985,14270.062775672384,0.0,130.77728163122543,0.0,0.0
5813,48.965981084079985,14270.062775672384,0.0,130.77728163122543,0.0,0.0
5814,48.965981084079985,14270.062775672384,0.0,130.77728163122543,0.0,0.0
5815,48.965981084079985,14270.062775672384,0.0,130.77728163122543,0.0,0.0
5816,48.965981084079985,14270.062775672384,0.0,130.77728163122543,0.0,0.0
5817,48.965981084079985,14270.062775672384,0.0,130.77728163122543,0.0,0.0
5818,48.965981084079985,14270.062775672384,0.0,130.77728163122543,0.0,0.0
5819,48.965981084079985,14270.062775672384,0.0,130.77728163122543,0.0,0.0
5820,48.965981084079985,14270.062775672384,0.0,130.77728163122543,0.0,0.0
5821,48.965981084079985,14270.062775672384,0.0,130.77728163122543,0.0,0.0
5822,48.965981084079985,14270.062775672384,0.0,130.77728163122543,0.0,0.0
5823,48.965981084079985,14270.062775672384,0.0,130.77728163122543,0.0,0.0
5824,48.965981084079985,14270.062775672384,0.0,130.77728163122543,0.0,0.0
5825,48.965981084079985,14270.062775672384,0.0,130.77728163122543,0.0,0.0
5826,48.965981084079985,14270.062775672384,0.0,130.77728163122543,0.0,0.0
5827,48.965981084079985,14270.062775672384,0.0,130.77728163122543,0.0,0.0
5828,48.965981084079985,14270.062775672384,0.0,130.77728163122543,0.0,0.0
5829,48.965981084079985,14270.062775672384,0.0,130.77728163122543,0.0,0.0
5830,48.965981084079985,14270.062775672384,0.0,130.77728163122543,0.0,0.0
5831,48.965981084079985,14270.062775672384,0.0,130.77728163122543,0.0,0.0
5832,48.965981084079985,14270.062775672384,0.0,130.77728163122543,0.0,0.0
5833,48.965981084079985,14270.062775672384,0.0,130.77728163122543,0.0,0.0
5834,48.965981084079985,14270.062775672384,0.0,130.77728163122543,0.0,0.0
5835,48.965981084079985,14270.062775672384,0.0,130.77728163122543,0.0,0.0
5836,48.965981084079985,14270.062775672384,0.0,130.77728163122543,0.0,0.0
5837,48.965981084079985,14270.062775672384,0.0,130.77728163122543,0.0,0.0
5838,48.965981084079985,14270.062775672384,0.0,130.77728163122543,0.0,0.0
5839,48.965981084079985,14270.062775672384,0.0,130.77728163122543,0.0,0.0
5840,48.965981084079985,14270.062775672384,0.0,130.77728163122543,0.0,0.0
5841,48.965981084079985,14270.062775672384,0.0,130.77728163122543,0.0,0.0
5842,48.965981084079985,14270.062775672384,0.0,130.77728163122543,0.0,0.0
5843,48.965981084079985,14270.062775672384,0.0,130.77728163122543,0.0,0.0
5844,48.965981084079985,14270.062775672384,0.0,130.77728163122543,0.0,0.0
5845,48.965981084079985,14270.062775672384,0.0,130.77728163122543,0.0,0.0
5846,48.965981084079985,14270.062775672384,0.0,130.77728163122543,0.0,0.0
5847,48.965981084079985,14270.062775672384,0.0,130.77728163122543,0.0,0.0
5848,48.965981084079985,14270.062775672384,0.0,130.77728163122543,0.0,0.0
5849,48.965981084079985,14270.062775672384,0.0,130.77728163122543,0.0,0.0
5850,48.965981084079985,14270.062775672384,0.0,130.77728163122543,0.0,0.0
5851,48.965981084079985,14270.062775672384,0.0,130.77728163122543,0.0,0.0
5852,48.965981084079985,14270.062775672384,0.0,130.77728163122543,0.0,0.0
5853,48.965981084079985,14270.062775672384,0.0,130.77728163122543,0.0,0.0
5854,48.965981084079985,14270.062775672384,0.0,130.77728163122543,0.0,0.0
5855,48.965981084079985,14270.062775672384,0.0,130.77728163122543,0.0,0.0
5856,48.965981084079985,14270.062775672384,0.0,130.77728163122543,0.0,0.0
5857,48.965981084079985,14270.062775672384,0.0,130.77728163122543,0.0,0.0
5858,48.965981084079985,14270.062775672384,0.0,130.77728163122543,0.0,0.0
5859,48.965981084079985,14270.062775672384,0.0,130.77728163122543,0.0,0.0
5860,48.965981084079985,14270.062775672384,0.0,130.77728163122543,0.0,0.0
5861,48.965981084079985,14270.062775672384,0.0,130.77728163122543,0.0,0.0
5862,48.965981084079985,14270.062775672384,0.0,130.77728163122543,0.0,0.0
5863,48.965981084079985,14270.062775672384,0.0,130.77728163122543,0.0,0.0
5864,48.965981084079985,14270.062775672384,0.0,130.77728163122543,0.0,0.0
5865,48.965981084079985,14270.062775672384,0.0,130.77728163122543,0.0,0.0
5866,48.965981084079985,14270.062775672384,0.0,130.77728163122543,0.0,0.0
5867,48.965981084079985,14270.062775672384,0.0,130.77728163122543,0.0,0.0
5868,48.965981084079985,14270.062775672384,0.0,130.77728163122543,0.0,0.0
5869,48.965981084079985,14270.062775672384,0.0,130.77728163122543,0.0,0.0
5870,48.965981084079985,14270.062775672384,0.0,130.77728163122543,0.0,0.0
5871,48.965981084079985,14270.062775672384,0.0,130.77728163122543,0.0,0.0
5872,48.965981084079985,14270.062775672384,0.0,130.77728163122543,0.0,0.0
5873,48.965981084079985,14270.062775672384,0.0,130.77728163122543,0.0,0.0
5874,48.965981084079985,14270.062775672384,0.0,130.77728163122543,0.0,0.0
5875,48.965981084079985,14270.062775672384,0.0,130.77728163122543,0.0,0.0
5876,48.965981084079985,14270.062775672384,0.0,130.77728163122543,0.0,0.0
5877,48.965981084079985,14270.062775672384,0.0,130.77728163122543,0.0,0.0
5878,48.965981084079985,14270.062775672384,0.0,130.77728163122543,0.0,0.0
5879,48.965981084079985,14270.062775672384,0.0,130.77728163122543,0.0,0.0
5880,67.01876519362625,15672.740458323806,0.0,64.24026493375511,0.0,0.0
5881,67.01876519362625,15672.740458323806,0.0,64.24026493375511,0.0,0.0
5882,67.01876519362625,15672.740458323806,0.0,64.24026493375511,0.0,0.0
5883,67.01876519362625,15672.740458323806,0.0,64.24026493375511,0.0,0.0
5884,67.01876519362625,15672.740458323806,0.0,64.24026493375511,0.0,0.0
5885,67.01876519362625,15672.740458323806,0.0,64.24026493375511,0.0,0.0
5886,67.01876519362625,15672.740458323806,0.0,64.24026493375511,0.0,0.0
5887,67.01876519362625,15672.740458323806,0.0,64.24026493375511,0.0,0.0
5888,67.01876519362625,15672.740458323806,0.0,64.24026493375511,0.0,0.0
5889,67.01876519362625,15672.740458323806,0.0,64.24026493375511,0.0,0.0
5890,67.01876519362625,15672.740458323806,0.0,64.24026493375511,0.0,0.0
5891,67.01876519362625,15672.740458323806,0.0,64.24026493375511,0.0,0.0
5892,67.01876519362625,15672.740458323806,0.0,64.24026493375511,0.0,0.0
5893,67.01876519362625,15672.740458323806,0.0,64.24026493375511,0.0,0.0
5894,67.01876519362625,15672.740458323806,0.0,64.24026493375511,0.0,0.0
5895,67.01876519362625,15672.740458323806,0.0,64.24026493375511,0.0,0.0
5896,67.01876519362625,15672.740458323806,0.0,64.24026493375511,0.0,0.0
5897,67.01876519362625,15672.740458323806,0.0,64.24026493375511,0.0,0.0
5898,67.01876519362625,15672.740458323806,0.0,64.24026493375511,0.0,0.0
5899,67.01876519362625,15672.740458323806,0.0,64.24026493375511,0.0,0.0
5900,67.01876519362625,15672.740458323806,0.0,64.24026493375511,0.0,0.0
5901,67.01876519362625,15672.740458323806,0.0,64.24026493375511,0.0,0.0
5902,67.01876519362625,15672.740458323806,0.0,64.24026493375511,0.0,0.0
5903,67.01876519362625,15672.740458323806,0.0,64.24026493375511,0.0,0.0
5904,67.01876519362625,15672.740458323806,0.0,64.24026493375511,0.0,0.0
5905,67.01876519362625,15672.740458323806,0.0,64.24026493375511,0.0,0.0
5906,67.01876519362625,15672.740458323806,0.0,64.24026493375511,0.0,0.0
5907,67.01876519362625,15672.740458323806,0.0,64.24026493375511,0.0,0.0
5908,67.01876519362625,15672.740458323806,0.0,64.24026493375511,0.0,0.0
5909,67.01876519362625,15672.740458323806,0.0,64.24026493375511,0.0,0.0
5910,67.01876519362625,15672.740458323806,0.0,64.24026493375511,0.0,0.0
5911,67.01876519362625,15672.740458323806,0.0,64.24026493375511,0.0,0.0
5912,67.01876519362625,15672.740458323806,0.0,64.24026493375511,0.0,0.0
5913,67.01876519362625,15672.740458323806,0.0,64.24026493375511,0.0,0.0
5914,67.01876519362625,15672.740458323806,0.0,64.24026493375511,0.0,0.0
5915,67.01876519362625,15672.740458323806,0.0,64.24026493375511,0.0,0.0
5916,67.01876519362625,15672.740458323806,0.0,64.24026493375511,0.0,0.0
5917,67.01876519362625,15672.740458323806,0.0,64.24026493375511,0.0,0.0
5918,67.01876519362625,15672.740458323806,0.0,64.24026493375511,0.0,0.0
5919,67.01876519362625,15672.740458323806,0.0,64.24026493375511,0.0,0.0
5920,67.01876519362625,15672.740458323806,0.0,64.24026493375511,0.0,0.0
5921,67.01876519362625,15672.740458323806,0.0,64.24026493375511,0.0,0.0
5922,67.01876519362625,15672.740458323806,0.0,64.24026493375511,0.0,0.0
5923,67.01876519362625,15672.740458323806,0.0,64.24026493375511,0.0,0.0
5924,67.01876519362625,15672.740458323806,0.0,64.24026493375511,0.0,0.0
5925,67.01876519362625,15672.740458323806,0.0,64.24026493375511,0.0,0.0
5926,67.01876519362625,15672.740458323806,0.0,64.24026493375511,0.0,0.0
5927,67.01876519362625,15672.740458323806,0.0,64.24026493375511,0.0,0.0
5928,67.01876519362625,15672.740458323806,0.0,64.24026493375511,0.0,0.0
5929,67.01876519362625,15672.740458323806,0.0,64.24026493375511,0.0,0.0
5930,67.01876519362625,15672.740458323806,0.0,64.24026493375511,0.0,0.0
5931,67.01876519362625,15672.740458323806,0.0,64.24026493375511,0.0,0.0
5932,67.01876519362625,15672.740458323806,0.0,64.24026493375511,0.0,0.0
5933,67.01876519362625,15672.740458323806,0.0,64.24026493375511,0.0,0.0
5934,67.01876519362625,15672.740458323806,0.0,64.24026493375511,0.0,0.0
5935,67.01876519362625,15672.740458323806,0.0,64.24026493375511,0.0,0.0
5936,67.01876519362625,15672.740458323806,0.0,64.24026493375511,0.0,0.0
5937,67.01876519362625,15672.740458323806,0.0,64.24026493375511,0.0,0.0
5938,67.01876519362625,15672.740458323806,0.0,64.24026493375511,0.0,0.0
5939,67.01876519362625,15672.740458323806,0.0,64.24026493375511,0.0,0.0
5940,67.01876519362625,15672.740458323806,0.0,64.24026493375511,0.0,0.0
5941,67.01876519362625,15672.740458323806,0.0,64.24026493375511,0.0,0.0
5942,67.01876519362625,15672.740458323806,0.0,64.24026493375511,0.0,0.0
5943,67.01876519362625,15672.740458323806,0.0,64.24026493375511,0.0,0.0
5944,67.01876519362625,15672.740458323806,0.0,64.24026493375511,0.0,0.0
5945,67.01876519362625,15672.740458323806,0.0,64.24026493375511,0.0,0.0
5946,67.01876519362625,15672.740458323806,0.0,64.24026493375511,0.0,0.0
5947,67.01876519362625,15672.740458323806,0.0,64.24026493375511,0.0,0.0
5948,67.01876519362625,15672.740458323806,0.0,64.24026493375511,0.0,0.0
5949,67.01876519362625,15672.740458323806,0.0,64.24026493375511,0.0,0.0
5950,67.01876519362625,15672.740458323806,0.0,64.24026493375511,0.0,0.0
5951,67.01876519362625,15672.740458323806,0.0,64.24026493375511,0.0,0.0
5952,67.01876519362625,15672.740458323806,0.0,64.24026493375511,0.0,0.0
5953,67.01876519362625,15672.740458323806,0.0,64.24026493375511,0.0,0.0
5954,67.01876519362625,15672.740458323806,0.0,64.24026493375511,0.0,0.0
5955,67.01876519362625,15672.740458323806,0.0,64.24026493375511,0.0,0.0
5956,67.01876519362625,15672.740458323806,0.0,64.24026493375511,0.0,0.0
5957,67.01876519362625,15672.740458323806,0.0,64.24026493375511,0.0,0.0
5958,67.01876519362625,15672.740458323806,0.0,64.24026493375511,0.0,0.0
5959,67.01876519362625,15672.740458323806,0.0,64.24026493375511,0.0,0.0
5960,67.01876519362625,15672.740458323806,0.0,64.24026493375511,0.0,0.0
5961,67.01876519362625,15672.740458323806,0.0,64.24026493375511,0.0,0.0
5962,67.01876519362625,15672.740458323806,0.0,64.24026493375511,0.0,0.0
5963,67.01876519362625,15672.740458323806,0.0,64.24026493375511,0.0,0.0
5964,67.01876519362625,15672.740458323806,0.0,64.24026493375511,0.0,0.0
5965,67.01876519362625,15672.740458323806,0.0,64.24026493375511,0.0,0.0
5966,67.01876519362625,15672.740458323806,0.0,64.24026493375511,0.0,0.0
5967,67.01876519362625,15672.740458323806,0.0,64.24026493375511,0.0,0.0
5968,67.01876519362625,15672.740458323806,0.0,64.24026493375511,0.0,0.0
5969,67.01876519362625,15672.740458323806,0.0,64.24026493375511,0.0,0.0
5970,67.01876519362625,15672.740458323806,0.0,64.24026493375511,0.0,0.0
5971,67.01876519362625,15672.740458323806,0.0,64.24026493375511,0.0,0.0
5972,67.01876519362625,15672.740458323806,0.0,64.24026493375511,0.0,0.0
5973,67.01876519362625,15672.740458323806,0.0,64.24026493375511,0.0,0.0
5974,67.01876519362625,15672.740458323806,0.0,64.24026493375511,0.0,0.0
5975,67.01876519362625,15672.740458323806,0.0,64.24026493375511,0.0,0.0
5976,67.01876519362625,15672.740458323806,0.0,64.24026493375511,0.0,0.0
5977,67.01876519362625,15672.740458323806,0.0,64.24026493375511,0.0,0.0
5978,67.01876519362625,15672.740458323806,0.0,64.24026493375511,0.0,0.0
5979,67.01876519362625,15672.740458323806,0.0,64.24026493375511,0.0,0.0
5980,67.01876519362625,15672.740458323806,0.0,64.24026493375511,0.0,0.0
5981,67.01876519362625,15672.740458323806,0.0,64.24026493375511,0.0,0.0
5982,67.01876519362625,15672.740458323806,0.0,64.24026493375511,0.0,0.0
5983,67.01876519362625,15672.740458323806,0.0,64.24026493375511,0.0,0.0
5984,67.01876519362625,15672.740458323806,0.0,64.24026493375511,0.0,0.0
5985,67.01876519362625,15672.740458323806,0.0,64.24026493375511,0.0,0.0
5986,67.01876519362625,15672.740458323806,0.0,64.24026493375511,0.0,0.0
5987,67.01876519362625,15672.740458323806,0.0,64.24026493375511,0.0,0.0
5988,67.01876519362625,15672.740458323806,0.0,64.24026493375511,0.0,0.0
5989,67.01876519362625,15672.740458323806,0.0,64.24026493375511,0.0,0.0
5990,67.01876519362625,15672.740458323806,0.0,64.24026493375511,0.0,0.0
5991,67.01876519362625,15672.740458323806,0.0,64.24026493375511,0.0,0.0
5992,67.01876519362625,15672.740458323806,0.0,64.24026493375511,0.0,0.0
5993,67.01876519362625,15672.740458323806,0.0,64.24026493375511,0.0,0.0
5994,67.01876519362625,15672.740458323806,0.0,64.24026493375511,0.0,0.0
5995,67.01876519362625,15672.740458323806,0.0,64.24026493375511,0.0,0.0
5996,67.01876519362625,15672.740458323806,0.0,64.24026493375511,0.0,0.0
5997,67.01876519362625,15672.740458323806,0.0,64.24026493375511,0.0,0.0
5998,67.01876519362625,15672.740458323806,0.0,64.24026493375511,0.0,0.0
5999,67.01876519362625,15672.740458323806,0.0,64.24026493375511,0.0,0.0
6000,67.01876519362625,15672.740458323806,0.0,64.24026493375511,0.0,0.0
6001,67.01876519362625,15672.740458323806,0.0,64.24026493375511,0.0,0.0
6002,67.01876519362625,15672.740458323806,0.0,64.24026493375511,0.0,0.0
6003,67.01876519362625,15672.740458323806,0.0,64.24026493375511,0.0,0.0
6004,67.01876519362625,15672.740458323806,0.0,64.24026493375511,0.0,0.0
6005,67.01876519362625,15672.740458323806,0.0,64.24026493375511,0.0,0.0
6006,67.01876519362625,15672.740458323806,0.0,64.24026493375511,0.0,0.0
6007,67.01876519362625,15672.740458323806,0.0,64.24026493375511,0.0,0.0
6008,67.01876519362625,15672.740458323806,0.0,64.24026493375511,0.0,0.0
6009,67.01876519362625,15672.740458323806,0.0,64.24026493375511,0.0,0.0
6010,67.01876519362625,15672.740458323806,0.0,64.24026493375511,0.0,0.0
6011,67.01876519362625,15672.740458323806,0.0,64.24026493375511,0.0,0.0
6012,67.01876519362625,15672.740458323806,0.0,64.24026493375511,0.0,0.0
6013,67.01876519362625,15672.740458323806,0.0,64.24026493375511,0.0,0.0
6014,67.01876519362625,15672.740458323806,0.0,64.24026493375511,0.0,0.0
6015,67.01876519362625,15672.740458323806,0.0,64.24026493375511,0.0,0.0
6016,67.01876519362625,15672.740458323806,0.0,64.24026493375511,0.0,0.0
6017,67.01876519362625,15672.740458323806,0.0,64.24026493375511,0.0,0.0
6018,67.01876519362625,15672.740458323806,0.0,64.24026493375511,0.0,0.0
6019,67.01876519362625,15672.740458323806,0.0,64.24026493375511,0.0,0.0
6020,67.01876519362625,15672.740458323806,0.0,64.24026493375511,0.0,0.0
6021,67.01876519362625,15672.740458323806,0.0,64.24026493375511,0.0,0.0
6022,67.01876519362625,15672.740458323806,0.0,64.24026493375511,0.0,0.0
6023,67.01876519362625,15672.740458323806,0.0,64.24026493375511,0.0,0.0
6024,67.01876519362625,15672.740458323806,0.0,64.24026493375511,0.0,0.0
6025,67.01876519362625,15672.740458323806,0.0,64.24026493375511,0.0,0.0
6026,67.01876519362625,15672.740458323806,0.0,64.24026493375511,0.0,0.0
6027,67.01876519362625,15672.740458323806,0.0,64.24026493375511,0.0,0.0
6028,67.01876519362625,15672.740458323806,0.0,64.24026493375511,0.0,0.0
6029,67.01876519362625,15672.740458323806,0.0,64.24026493375511,0.0,0.0
6030,67.01876519362625,15672.740458323806,0.0,64.24026493375511,0.0,0.0
6031,67.01876519362625,15672.740458323806,0.0,64.24026493375511,0.0,0.0
6032,67.01876519362625,15672.740458323806,0.0,64.24026493375511,0.0,0.0
6033,67.01876519362625,15672.740458323806,0.0,64.24026493375511,0.0,0.0
6034,67.01876519362625,15672.740458323806,0.0,64.24026493375511,0.0,0.0
6035,67.01876519362625,15672.740458323806,0.0,64.24026493375511,0.0,0.0
6036,67.01876519362625,15672.740458323806,0.0,64.24026493375511,0.0,0.0
6037,67.01876519362625,15672.740458323806,0.0,64.24026493375511,0.0,0.0
6038,67.01876519362625,15672.740458323806,0.0,64.24026493375511,0.0,0.0
6039,67.01876519362625,15672.740458323806,0.0,64.24026493375511,0.0,0.0
6040,67.01876519362625,15672.740458323806,0.0,64.24026493375511,0.0,0.0
6041,67.01876519362625,15672.740458323806,0.0,64.24026493375511,0.0,0.0
6042,67.01876519362625,15672.740458323806,0.0,64.24026493375511,0.0,0.0
6043,67.01876519362625,15672.740458323806,0.0,64.24026493375511,0.0,0.0
6044,67.01876519362625,15672.740458323806,0.0,64.24026493375511,0.0,0.0
6045,67.01876519362625,15672.740458323806,0.0,64.24026493375511,0.0,0.0
6046,67.01876519362625,15672.740458323806,0.0,64.24026493375511,0.0,0.0
6047,67.01876519362625,15672.740458323806,0.0,64.24026493375511,0.0,0.0
6048,64.80306309248263,14718.154527703282,0.0,101.05088295895887,0.0,0.0
6049,64.80306309248263,14718.154527703282,0.0,101.05088295895887,0.0,0.0
6050,64.80306309248263,14718.154527703282,0.0,101.05088295895887,0.0,0.0
6051,64.80306309248263,14718.154527703282,0.0,101.05088295895887,0.0,0.0
6052,64.80306309248263,14718.154527703282,0.0,101.05088295895887,0.0,0.0
6053,64.80306309248263,14718.154527703282,0.0,101.05088295895887,0.0,0.0
6054,64.80306309248263,14718.154527703282,0.0,101.05088295895887,0.0,0.0
6055,64.80306309248263,14718.154527703282,0.0,101.05088295895887,0.0,0.0
6056,64.80306309248263,14718.154527703282,0.0,101.05088295895887,0.0,0.0
6057,64.80306309248263,14718.154527703282,0.0,101.05088295895887,0.0,0.0
6058,64.80306309248263,14718.154527703282,0.0,101.05088295895887,0.0,0.0
6059,64.80306309248263,14718.154527703282,0.0,101.05088295895887,0.0,0.0
6060,64.80306309248263,14718.154527703282,0.0,101.05088295895887,0.0,0.0
6061,64.80306309248263,14718.154527703282,0.0,101.05088295895887,0.0,0.0
6062,64.80306309248263,14718.154527703282,0.0,101.05088295895887,0.0,0.0
6063,64.80306309248263,14718.154527703282,0.0,101.05088295895887,0.0,0.0
6064,64.80306309248263,14718.154527703282,0.0,101.05088295895887,0.0,0.0
6065,64.80306309248263,14718.154527703282,0.0,101.05088295895887,0.0,0.0
6066,64.80306309248263,14718.154527703282,0.0,101.05088295895887,0.0,0.0
6067,64.80306309248263,14718.154527703282,0.0,101.05088295895887,0.0,0.0
6068,64.80306309248263,14718.154527703282,0.0,101.05088295895887,0.0,0.0
6069,64.80306309248263,14718.154527703282,0.0,101.05088295895887,0.0,0.0
6070,64.80306309248263,14718.154527703282,0.0,101.05088295895887,0.0,0.0
6071,64.80306309248263,14718.154527703282,0.0,101.05088295895887,0.0,0.0
6072,64.80306309248263,14718.154527703282,0.0,101.05088295895887,0.0,0.0
6073,64.80306309248263,14718.154527703282,0.0,101.05088295895887,0.0,0.0
6074,64.80306309248263,14718.154527703282,0.0,101.05088295895887,0.0,0.0
6075,64.80306309248263,14718.154527703282,0.0,101.05088295895887,0.0,0.0
6076,64.80306309248263,14718.154527703282,0.0,101.05088295895887,0.0,0.0
6077,64.80306309248263,14718.154527703282,0.0,101.05088295895887,0.0,0.0
6078,64.80306309248263,14718.154527703282,0.0,101.05088295895887,0.0,0.0
6079,64.80306309248263,14718.154527703282,0.0,101.05088295895887,0.0,0.0
6080,64.80306309248263,14718.154527703282,0.0,101.05088295895887,0.0,0.0
6081,64.80306309248263,14718.154527703282,0.0,101.05088295895887,0.0,0.0
6082,64.80306309248263,14718.154527703282,0.0,101.05088295895887,0.0,0.0
6083,64.80306309248263,14718.154527703282,0.0,101.05088295895887,0.0,0.0
6084,64.80306309248263,14718.154527703282,0.0,101.05088295895887,0.0,0.0
6085,64.80306309248263,14718.154527703282,0.0,101.05088295895887,0.0,0.0
6086,64.80306309248263,14718.154527703282,0.0,101.05088295895887,0.0,0.0
6087,64.80306309248263,14718.154527703282,0.0,101.05088295895887,0.0,0.0
6088,64.80306309248263,14718.154527703282,0.0,101.05088295895887,0.0,0.0
6089,64.80306309248263,14718.154527703282,0.0,101.05088295895887,0.0,0.0
6090,64.80306309248263,14718.154527703282,0.0,101.05088295895887,0.0,0.0
6091,64.80306309248263,14718.154527703282,0.0,101.05088295895887,0.0,0.0
6092,64.80306309248263,14718.154527703282,0.0,101.05088295895887,0.0,0.0
6093,64.80306309248263,14718.154527703282,0.0,101.05088295895887,0.0,0.0
6094,64.80306309248263,14718.154527703282,0.0,101.05088295895887,0.0,0.0
6095,64.80306309248263,14718.154527703282,0.0,101.05088295895887,0.0,0.0
6096,64.80306309248263,14718.154527703282,0.0,101.05088295895887,0.0,0.0
6097,64.80306309248263,14718.154527703282,0.0,101.05088295895887,0.0,0.0
6098,64.80306309248263,14718.154527703282,0.0,101.05088295895887,0.0,0.0
6099,64.80306309248263,14718.154527703282,0.0,101.05088295895887,0.0,0.0
6100,64.80306309248263,14718.154527703282,0.0,101.05088295895887,0.0,0.0
6101,64.80306309248263,14718.154527703282,0.0,101.05088295895887,0.0,0.0
6102,64.80306309248263,14718.154527703282,0.0,101.05088295895887,0.0,0.0
6103,64.80306309248263,14718.154527703282,0.0,101.05088295895887,0.0,0.0
6104,64.80306309248263,14718.154527703282,0.0,101.05088295895887,0.0,0.0
6105,64.80306309248263,14718.154527703282,0.0,101.05088295895887,0.0,0.0
6106,64.80306309248263,14718.154527703282,0.0,101.05088295895887,0.0,0.0
6107,64.80306309248263,14718.154527703282,0.0,101.05088295895887,0.0,0.0
6108,64.80306309248263,14718.154527703282,0.0,101.05088295895887,0.0,0.0
6109,64.80306309248263,14718.154527703282,0.0,101.05088295895887,0.0,0.0
6110,64.80306309248263,14718.154527703282,0.0,101.05088295895887,0.0,0.0
6111,64.80306309248263,14718.154527703282,0.0,101.05088295895887,0.0,0.0
6112,64.80306309248263,14718.154527703282,0.0,101.05088295895887,0.0,0.0
6113,64.80306309248263,14718.154527703282,0.0,101.05088295895887,0.0,0.0
6114,64.80306309248263,14718.154527703282,0.0,101.05088295895887,0.0,0.0
6115,64.80306309248263,14718.154527703282,0.0,101.05088295895887,0.0,0.0
6116,64.80306309248263,14718.154527703282,0.0,101.05088295895887,0.0,0.0
6117,64.80306309248263,14718.154527703282,0.0,101.05088295895887,0.0,0.0
6118,64.80306309248263,14718.154527703282,0.0,101.05088295895887,0.0,0.0
6119,64.80306309248263,14718.154527703282,0.0,101.05088295895887,0.0,0.0
6120,64.80306309248263,14718.154527703282,0.0,101.05088295895887,0.0,0.0
6121,64.80306309248263,14718.154527703282,0.0,101.05088295895887,0.0,0.0
6122,64.80306309248263,14718.154527703282,0.0,101.05088295895887,0.0,0.0
6123,64.80306309248263,14718.154527703282,0.0,101.05088295895887,0.0,0.0
6124,64.80306309248263,14718.154527703282,0.0,101.05088295895887,0.0,0.0
6125,64.80306309248263,14718.154527703282,0.0,101.05088295895887,0.0,0.0
6126,64.80306309248263,14718.154527703282,0.0,101.05088295895887,0.0,0.0
6127,64.80306309248263,14718.154527703282,0.0,101.05088295895887,0.0,0.0
6128,64.80306309248263,14718.154527703282,0.0,101.05088295895887,0.0,0.0
6129,64.80306309248263,14718.154527703282,0.0,101.05088295895887,0.0,0.0
6130,64.80306309248263,14718.154527703282,0.0,101.05088295895887,0.0,0.0
6131,64.80306309248263,14718.154527703282,0.0,101.05088295895887,0.0,0.0
6132,64.80306309248263,14718.154527703282,0.0,101.05088295895887,0.0,0.0
6133,64.80306309248263,14718.154527703282,0.0,101.05088295895887,0.0,0.0
6134,64.80306309248263,14718.154527703282,0.0,101.05088295895887,0.0,0.0
6135,64.80306309248263,14718.154527703282,0.0,101.05088295895887,0.0,0.0
6136,64.80306309248263,14718.154527703282,0.0,101.05088295895887,0.0,0.0
6137,64.80306309248263,14718.154527703282,0.0,101.05088295895887,0.0,0.0
6138,64.80306309248263,14718.154527703282,0.0,101.05088295895887,0.0,0.0
6139,64.80306309248263,14718.154527703282,0.0,101.05088295895887,0.0,0.0
6140,64.80306309248263,14718.154527703282,0.0,101.05088295895887,0.0,0.0
6141,64.80306309248263,14718.154527703282,0.0,101.05088295895887,0.0,0.0
6142,64.80306309248263,14718.154527703282,0.0,101.05088295895887,0.0,0.0
6143,64.80306309248263,14718.154527703282,0.0,101.05088295895887,0.0,0.0
6144,64.80306309248263,14718.154527703282,0.0,101.05088295895887,0.0,0.0
6145,64.80306309248263,14718.154527703282,0.0,101.05088295895887,0.0,0.0
6146,64.80306309248263,14718.154527703282,0.0,101.05088295895887,0.0,0.0
6147,64.80306309248263,14718.154527703282,0.0,101.05088295895887,0.0,0.0
6148,64.80306309248263,14718.154527703282,0.0,101.05088295895887,0.0,0.0
6149,64.80306309248263,14718.154527703282,0.0,101.05088295895887,0.0,0.0
6150,64.80306309248263,14718.154527703282,0.0,101.05088295895887,0.0,0.0
6151,64.80306309248263,14718.154527703282,0.0,101.05088295895887,0.0,0.0
6152,64.80306309248263,14718.154527703282,0.0,101.05088295895887,0.0,0.0
6153,64.80306309248263,14718.154527703282,0.0,101.05088295895887,0.0,0.0
6154,64.80306309248263,14718.154527703282,0.0,101.05088295895887,0.0,0.0
6155,64.80306309248263,14718.154527703282,0.0,101.05088295895887,0.0,0.0
6156,64.80306309248263,14718.154527703282,0.0,101.05088295895887,0.0,0.0
6157,64.80306309248263,14718.154527703282,0.0,101.05088295895887,0.0,0.0
6158,64.80306309248263,14718.154527703282,0.0,101.05088295895887,0.0,0.0
6159,64.80306309248263,14718.154527703282,0.0,101.05088295895887,0.0,0.0
6160,64.80306309248263,14718.154527703282,0.0,101.05088295895887,0.0,0.0
6161,64.80306309248263,14718.154527703282,0.0,101.05088295895887,0.0,0.0
6162,64.80306309248263,14718.154527703282,0.0,101.05088295895887,0.0,0.0
6163,64.80306309248263,14718.154527703282,0.0,101.05088295895887,0.0,0.0
6164,64.80306309248263,14718.154527703282,0.0,101.05088295895887,0.0,0.0
6165,64.80306309248263,14718.154527703282,0.0,101.05088295895887,0.0,0.0
6166,64.80306309248263,14718.154527703282,0.0,101.05088295895887,0.0,0.0
6167,64.80306309248263,14718.154527703282,0.0,101.05088295895887,0.0,0.0
6168,64.80306309248263,14718.154527703282,0.0,101.05088295895887,0.0,0.0
6169,64.80306309248263,14718.154527703282,0.0,101.05088295895887,0.0,0.0
6170,64.80306309248263,14718.154527703282,0.0,101.05088295895887,0.0,0.0
6171,64.80306309248263,14718.154527703282,0.0,101.05088295895887,0.0,0.0
6172,64.80306309248263,14718.154527703282,0.0,101.05088295895887,0.0,0.0
6173,64.80306309248263,14718.154527703282,0.0,101.05088295895887,0.0,0.0
6174,64.80306309248263,14718.154527703282,0.0,101.05088295895887,0.0,0.0
6175,64.80306309248263,14718.154527703282,0.0,101.05088295895887,0.0,0.0
6176,64.80306309248263,14718.154527703282,0.0,101.05088295895887,0.0,0.0
6177,64.80306309248263,14718.154527703282,0.0,101.05088295895887,0.0,0.0
6178,64.80306309248263,14718.154527703282,0.0,101.05088295895887,0.0,0.0
6179,64.80306309248263,14718.154527703282,0.0,101.05088295895887,0.0,0.0
6180,64.80306309248263,14718.154527703282,0.0,101.05088295895887,0.0,0.0
6181,64.80306309248263,14718.154527703282,0.0,101.05088295895887,0.0,0.0
6182,64.80306309248263,14718.154527703282,0.0,101.05088295895887,0.0,0.0
6183,64.80306309248263,14718.154527703282,0.0,101.05088295895887,0.0,0.0
6184,64.80306309248263,14718.154527703282,0.0,101.05088295895887,0.0,0.0
6185,64.80306309248263,14718.154527703282,0.0,101.05088295895887,0.0,0.0
6186,64.80306309248263,14718.154527703282,0.0,101.05088295895887,0.0,0.0
6187,64.80306309248263,14718.154527703282,0.0,101.05088295895887,0.0,0.0
6188,64.80306309248263,14718.154527703282,0.0,101.05088295895887,0.0,0.0
6189,64.80306309248263,14718.154527703282,0.0,101.05088295895887,0.0,0.0
6190,64.80306309248263,14718.154527703282,0.0,101.05088295895887,0.0,0.0
6191,64.80306309248263,14718.154527703282,0.0,101.05088295895887,0.0,0.0
6192,64.80306309248263,14718.154527703282,0.0,101.05088295895887,0.0,0.0
6193,64.80306309248263,14718.154527703282,0.0,101.05088295895887,0.0,0.0
6194,64.80306309248263,14718.154527703282,0.0,101.05088295895887,0.0,0.0
6195,64.80306309248263,14718.154527703282,0.0,101.05088295895887,0.0,0.0
6196,64.80306309248263,14718.154527703282,0.0,101.05088295895887,0.0,0.0
6197,64.80306309248263,14718.154527703282,0.0,101.05088295895887,0.0,0.0
6198,64.80306309248263,14718.154527703282,0.0,101.05088295895887,0.0,0.0
6199,64.80306309248263,14718.154527703282,0.0,101.05088295895887,0.0,0.0
6200,64.80306309248263,14718.154527703282,0.0,101.05088295895887,0.0,0.0
6201,64.80306309248263,14718.154527703282,0.0,101.05088295895887,0.0,0.0
6202,64.80306309248263,14718.154527703282,0.0,101.05088295895887,0.0,0.0
6203,64.80306309248263,14718.154527703282,0.0,101.05088295895887,0.0,0.0
6204,64.80306309248263,14718.154527703282,0.0,101.05088295895887,0.0,0.0
6205,64.80306309248263,14718.154527703282,0.0,101.05088295895887,0.0,0.0
6206,64.80306309248263,14718.154527703282,0.0,101.05088295895887,0.0,0.0
6207,64.80306309248263,14718.154527703282,0.0,101.05088295895887,0.0,0.0
6208,64.80306309248263,14718.154527703282,0.0,101.05088295895887,0.0,0.0
6209,64.80306309248263,14718.154527703282,0.0,101.05088295895887,0.0,0.0
6210,64.80306309248263,14718.154527703282,0.0,101.05088295895887,0.0,0.0
6211,64.80306309248263,14718.154527703282,0.0,101.05088295895887,0.0,0.0
6212,64.80306309248263,14718.154527703282,0.0,101.05088295895887,0.0,0.0
6213,64.80306309248263,14718.154527703282,0.0,101.05088295895887,0.0,0.0
6214,64.80306309248263,14718.154527703282,0.0,101.05088295895887,0.0,0.0
6215,64.80306309248263,14718.154527703282,0.0,101.05088295895887,0.0,0.0
6216,61.1241151894228,11169.434515676749,0.0,122.07459651534245,0.0,0.0
6217,61.1241151894228,11169.434515676749,0.0,122.07459651534245,0.0,0.0
6218,61.1241151894228,11169.434515676749,0.0,122.07459651534245,0.0,0.0
6219,61.1241151894228,11169.434515676749,0.0,122.07459651534245,0.0,0.0
6220,61.1241151894228,11169.434515676749,0.0,122.07459651534245,0.0,0.0
6221,61.1241151894228,11169.434515676749,0.0,122.07459651534245,0.0,0.0
6222,61.1241151894228,11169.434515676749,0.0,122.07459651534245,0.0,0.0
6223,61.1241151894228,11169.434515676749,0.0,122.07459651534245,0.0,0.0
6224,61.1241151894228,11169.434515676749,0.0,122.07459651534245,0.0,0.0
6225,61.1241151894228,11169.434515676749,0.0,122.07459651534245,0.0,0.0
6226,61.1241151894228,11169.434515676749,0.0,122.07459651534245,0.0,0.0
6227,61.1241151894228,11169.434515676749,0.0,122.07459651534245,0.0,0.0
6228,61.1241151894228,11169.434515676749,0.0,122.07459651534245,0.0,0.0
6229,61.1241151894228,11169.434515676749,0.0,122.07459651534245,0.0,0.0
6230,61.1241151894228,11169.434515676749,0.0,122.07459651534245,0.0,0.0
6231,61.1241151894228,11169.434515676749,0.0,122.07459651534245,0.0,0.0
6232,61.1241151894228,11169.434515676749,0.0,122.07459651534245,0.0,0.0
6233,61.1241151894228,11169.434515676749,0.0,122.07459651534245,0.0,0.0
6234,61.1241151894228,11169.434515676749,0.0,122.07459651534245,0.0,0.0
6235,61.1241151894228,11169.434515676749,0.0,122.07459651534245,0.0,0.0
6236,61.1241151894228,11169.434515676749,0.0,122.07459651534245,0.0,0.0
6237,61.1241151894228,11169.434515676749,0.0,122.07459651534245,0.0,0.0
6238,61.1241151894228,11169.434515676749,0.0,122.07459651534245,0.0,0.0
6239,61.1241151894228,11169.434515676749,0.0,122.07459651534245,0.0,0.0
6240,61.1241151894228,11169.434515676749,0.0,122.07459651534245,0.0,0.0
6241,61.1241151894228,11169.434515676749,0.0,122.07459651534245,0.0,0.0
6242,61.1241151894228,11169.434515676749,0.0,122.07459651534245,0.0,0.0
6243,61.1241151894228,11169.434515676749,0.0,122.07459651534245,0.0,0.0
6244,61.1241151894228,11169.434515676749,0.0,122.07459651534245,0.0,0.0
6245,61.1241151894228,11169.434515676749,0.0,122.07459651534245,0.0,0.0
6246,61.1241151894228,11169.434515676749,0.0,122.07459651534245,0.0,0.0
6247,61.1241151894228,11169.434515676749,0.0,122.07459651534245,0.0,0.0
6248,61.1241151894228,11169.434515676749,0.0,122.07459651534245,0.0,0.0
6249,61.1241151894228,11169.434515676749,0.0,122.07459651534245,0.0,0.0
6250,61.1241151894228,11169.434515676749,0.0,122.07459651534245,0.0,0.0
6251,61.1241151894228,11169.434515676749,0.0,122.07459651534245,0.0,0.0
6252,61.1241151894228,11169.434515676749,0.0,122.07459651534245,0.0,0.0
6253,61.1241151894228,11169.434515676749,0.0,122.07459651534245,0.0,0.0
6254,61.1241151894228,11169.434515676749,0.0,122.07459651534245,0.0,0.0
6255,61.1241151894228,11169.434515676749,0.0,122.07459651534245,0.0,0.0
6256,61.1241151894228,11169.434515676749,0.0,122.07459651534245,0.0,0.0
6257,61.1241151894228,11169.434515676749,0.0,122.07459651534245,0.0,0.0
6258,61.1241151894228,11169.434515676749,0.0,122.07459651534245,0.0,0.0
6259,61.1241151894228,11169.434515676749,0.0,122.07459651534245,0.0,0.0
6260,61.1241151894228,11169.434515676749,0.0,122.07459651534245,0.0,0.0
6261,61.1241151894228,11169.434515676749,0.0,122.07459651534245,0.0,0.0
6262,61.1241151894228,11169.434515676749,0.0,122.07459651534245,0.0,0.0
6263,61.1241151894228,11169.434515676749,0.0,122.07459651534245,0.0,0.0
6264,61.1241151894228,11169.434515676749,0.0,122.07459651534245,0.0,0.0
6265,61.1241151894228,11169.434515676749,0.0,122.07459651534245,0.0,0.0
6266,61.1241151894228,11169.434515676749,0.0,122.07459651534245,0.0,0.0
6267,61.1241151894228,11169.434515676749,0.0,122.07459651534245,0.0,0.0
6268,61.1241151894228,11169.434515676749,0.0,122.07459651534245,0.0,0.0
6269,61.1241151894228,11169.434515676749,0.0,122.07459651534245,0.0,0.0
6270,61.1241151894228,11169.434515676749,0.0,122.07459651534245,0.0,0.0
6271,61.1241151894228,11169.434515676749,0.0,122.07459651534245,0.0,0.0
6272,61.1241151894228,11169.434515676749,0.0,122.07459651534245,0.0,0.0
6273,61.1241151894228,11169.434515676749,0.0,122.07459651534245,0.0,0.0
6274,61.1241151894228,11169.434515676749,0.0,122.07459651534245,0.0,0.0
6275,61.1241151894228,11169.434515676749,0.0,122.07459651534245,0.0,0.0
6276,61.1241151894228,11169.434515676749,0.0,122.07459651534245,0.0,0.0
6277,61.1241151894228,11169.434515676749,0.0,122.07459651534245,0.0,0.0
6278,61.1241151894228,11169.434515676749,0.0,122.07459651534245,0.0,0.0
6279,61.1241151894228,11169.434515676749,0.0,122.07459651534245,0.0,0.0
6280,61.1241151894228,11169.434515676749,0.0,122.07459651534245,0.0,0.0
6281,61.1241151894228,11169.434515676749,0.0,122.07459651534245,0.0,0.0
6282,61.1241151894228,11169.434515676749,0.0,122.07459651534245,0.0,0.0
6283,61.1241151894228,11169.434515676749,0.0,122.07459651534245,0.0,0.0
6284,61.1241151894228,11169.434515676749,0.0,122.07459651534245,0.0,0.0
6285,61.1241151894228,11169.434515676749,0.0,122.07459651534245,0.0,0.0
6286,61.1241151894228,11169.434515676749,0.0,122.07459651534245,0.0,0.0
6287,61.1241151894228,11169.434515676749,0.0,122.07459651534245,0.0,0.0
6288,61.1241151894228,11169.434515676749,0.0,122.07459651534245,0.0,0.0
6289,61.1241151894228,11169.434515676749,0.0,122.07459651534245,0.0,0.0
6290,61.1241151894228,11169.434515676749,0.0,122.07459651534245,0.0,0.0
6291,61.1241151894228,11169.434515676749,0.0,122.07459651534245,0.0,0.0
6292,61.1241151894228,11169.434515676749,0.0,122.07459651534245,0.0,0.0
6293,61.1241151894228,11169.434515676749,0.0,122.07459651534245,0.0,0.0
6294,61.1241151894228,11169.434515676749,0.0,122.07459651534245,0.0,0.0
6295,61.1241151894228,11169.434515676749,0.0,122.07459651534245,0.0,0.0
6296,61.1241151894228,11169.434515676749,0.0,122.07459651534245,0.0,0.0
6297,61.1241151894228,11169.434515676749,0.0,122.07459651534245,0.0,0.0
6298,61.1241151894228,11169.434515676749,0.0,122.07459651534245,0.0,0.0
6299,61.1241151894228,11169.434515676749,0.0,122.07459651534245,0.0,0.0
6300,61.1241151894228,11169.434515676749,0.0,122.07459651534245,0.0,0.0
6301,61.1241151894228,11169.434515676749,0.0,122.07459651534245,0.0,0.0
6302,61.1241151894228,11169.434515676749,0.0,122.07459651534245,0.0,0.0
6303,61.1241151894228,11169.434515676749,0.0,122.07459651534245,0.0,0.0
6304,61.1241151894228,11169.434515676749,0.0,122.07459651534245,0.0,0.0
6305,61.1241151894228,11169.434515676749,0.0,122.07459651534245,0.0,0.0
6306,61.1241151894228,11169.434515676749,0.0,122.07459651534245,0.0,0.0
6307,61.1241151894228,11169.434515676749,0.0,122.07459651534245,0.0,0.0
6308,61.1241151894228,11169.434515676749,0.0,122.07459651534245,0.0,0.0
6309,61.1241151894228,11169.434515676749,0.0,122.07459651534245,0.0,0.0
6310,61.1241151894228,11169.434515676749,0.0,122.07459651534245,0.0,0.0
6311,61.1241151894228,11169.434515676749,0.0,122.07459651534245,0.0,0.0
6312,61.1241151894228,11169.434515676749,0.0,122.07459651534245,0.0,0.0
6313,61.1241151894228,11169.434515676749,0.0,122.07459651534245,0.0,0.0
6314,61.1241151894228,11169.434515676749,0.0,122.07459651534245,0.0,0.0
6315,61.1241151894228,11169.434515676749,0.0,122.07459651534245,0.0,0.0
6316,61.1241151894228,11169.434515676749,0.0,122.07459651534245,0.0,0.0
6317,61.1241151894228,11169.434515676749,0.0,122.07459651534245,0.0,0.0
6318,61.1241151894228,11169.434515676749,0.0,122.07459651534245,0.0,0.0
6319,61.1241151894228,11169.434515676749,0.0,122.07459651534245,0.0,0.0
6320,61.1241151894228,11169.434515676749,0.0,122.07459651534245,0.0,0.0
6321,61.1241151894228,11169.434515676749,0.0,122.07459651534245,0.0,0.0
6322,61.1241151894228,11169.434515676749,0.0,122.07459651534245,0.0,0.0
6323,61.1241151894228,11169.434515676749,0.0,122.07459651534245,0.0,0.0
6324,61.1241151894228,11169.434515676749,0.0,122.07459651534245,0.0,0.0
6325,61.1241151894228,11169.434515676749,0.0,122.07459651534245,0.0,0.0
6326,61.1241151894228,11169.434515676749,0.0,122.07459651534245,0.0,0.0
6327,61.1241151894228,11169.434515676749,0.0,122.07459651534245,0.0,0.0
6328,61.1241151894228,11169.434515676749,0.0,122.07459651534245,0.0,0.0
6329,61.1241151894228,11169.434515676749,0.0,122.07459651534245,0.0,0.0
6330,61.1241151894228,11169.434515676749,0.0,122.07459651534245,0.0,0.0
6331,61.1241151894228,11169.434515676749,0.0,122.07459651534245,0.0,0.0
6332,61.1241151894228,11169.434515676749,0.0,122.07459651534245,0.0,0.0
6333,61.1241151894228,11169.434515676749,0.0,122.07459651534245,0.0,0.0
6334,61.1241151894228,11169.434515676749,0.0,122.07459651534245,0.0,0.0
6335,61.1241151894228,11169.434515676749,0.0,122.07459651534245,0.0,0.0
6336,61.1241151894228,11169.434515676749,0.0,122.07459651534245,0.0,0.0
6337,61.1241151894228,11169.434515676749,0.0,122.07459651534245,0.0,0.0
6338,61.1241151894228,11169.434515676749,0.0,122.07459651534245,0.0,0.0
6339,61.1241151894228,11169.434515676749,0.0,122.07459651534245,0.0,0.0
6340,61.1241151894228,11169.434515676749,0.0,122.07459651534245,0.0,0.0
6341,61.1241151894228,11169.434515676749,0.0,122.07459651534245,0.0,0.0
6342,61.1241151894228,11169.434515676749,0.0,122.07459651534245,0.0,0.0
6343,61.1241151894228,11169.434515676749,0.0,122.07459651534245,0.0,0.0
6344,61.1241151894228,11169.434515676749,0.0,122.07459651534245,0.0,0.0
6345,61.1241151894228,11169.434515676749,0.0,122.07459651534245,0.0,0.0
6346,61.1241151894228,11169.434515676749,0.0,122.07459651534245,0.0,0.0
6347,61.1241151894228,11169.434515676749,0.0,122.07459651534245,0.0,0.0
6348,61.1241151894228,11169.434515676749,0.0,122.07459651534245,0.0,0.0
6349,61.1241151894228,11169.434515676749,0.0,122.07459651534245,0.0,0.0
6350,61.1241151894228,11169.434515676749,0.0,122.07459651534245,0.0,0.0
6351,61.1241151894228,11169.434515676749,0.0,122.07459651534245,0.0,0.0
6352,61.1241151894228,11169.434515676749,0.0,122.07459651534245,0.0,0.0
6353,61.1241151894228,11169.434515676749,0.0,122.07459651534245,0.0,0.0
6354,61.1241151894228,11169.434515676749,0.0,122.07459651534245,0.0,0.0
6355,61.1241151894228,11169.434515676749,0.0,122.07459651534245,0.0,0.0
6356,61.1241151894228,11169.434515676749,0.0,122.07459651534245,0.0,0.0
6357,61.1241151894228,11169.434515676749,0.0,122.07459651534245,0.0,0.0
6358,61.1241151894228,11169.434515676749,0.0,122.07459651534245,0.0,0.0
6359,61.1241151894228,11169.434515676749,0.0,122.07459651534245,0.0,0.0
6360,61.1241151894228,11169.434515676749,0.0,122.07459651534245,0.0,0.0
6361,61.1241151894228,11169.434515676749,0.0,122.07459651534245,0.0,0.0
6362,61.1241151894228,11169.434515676749,0.0,122.07459651534245,0.0,0.0
6363,61.1241151894228,11169.434515676749,0.0,122.07459651534245,0.0,0.0
6364,61.1241151894228,11169.434515676749,0.0,122.07459651534245,0.0,0.0
6365,61.1241151894228,11169.434515676749,0.0,122.07459651534245,0.0,0.0
6366,61.1241151894228,11169.434515676749,0.0,122.07459651534245,0.0,0.0
6367,61.1241151894228,11169.434515676749,0.0,122.07459651534245,0.0,0.0
6368,61.1241151894228,11169.434515676749,0.0,122.07459651534245,0.0,0.0
6369,61.1241151894228,11169.434515676749,0.0,122.07459651534245,0.0,0.0
6370,61.1241151894228,11169.434515676749,0.0,122.07459651534245,0.0,0.0
6371,61.1241151894228,11169.434515676749,0.0,122.07459651534245,0.0,0.0
6372,61.1241151894228,11169.434515676749,0.0,122.07459651534245,0.0,0.0
6373,61.1241151894228,11169.434515676749,0.0,122.07459651534245,0.0,0.0
6374,61.1241151894228,11169.434515676749,0.0,122.07459651534245,0.0,0.0
6375,61.1241151894228,11169.434515676749,0.0,122.07459651534245,0.0,0.0
6376,61.1241151894228,11169.434515676749,0.0,122.07459651534245,0.0,0.0
6377,61.1241151894228,11169.434515676749,0.0,122.07459651534245,0.0,0.0
6378,61.1241151894228,11169.434515676749,0.0,122.07459651534245,0.0,0.0
6379,61.1241151894228,11169.434515676749,0.0,122.07459651534245,0.0,0.0
6380,61.1241151894228,11169.434515676749,0.0,122.07459651534245,0.0,0.0
6381,61.1241151894228,11169.434515676749,0.0,122.07459651534245,0.0,0.0
6382,61.1241151894228,11169.434515676749,0.0,122.07459651534245,0.0,0.0
6383,61.1241151894228,11169.434515676749,0.0,122.07459651534245,0.0,0.0
6384,59.861533591500645,20320.923476144162,0.0,117.15349371675482,0.0,0.0
6385,59.861533591500645,20320.923476144162,0.0,117.15349371675482,0.0,0.0
6386,59.861533591500645,20320.923476144162,0.0,117.15349371675482,0.0,0.0
6387,59.861533591500645,20320.923476144162,0.0,117.15349371675482,0.0,0.0
6388,59.861533591500645,20320.923476144162,0.0,117.15349371675482,0.0,0.0
6389,59.861533591500645,20320.923476144162,0.0,117.15349371675482,0.0,0.0
6390,59.861533591500645,20320.923476144162,0.0,117.15349371675482,0.0,0.0
6391,59.861533591500645,20320.923476144162,0.0,117.15349371675482,0.0,0.0
6392,59.861533591500645,20320.923476144162,0.0,117.15349371675482,0.0,0.0
6393,59.861533591500645,20320.923476144162,0.0,117.15349371675482,0.0,0.0
6394,59.861533591500645,20320.923476144162,0.0,117.15349371675482,0.0,0.0
6395,59.861533591500645,20320.923476144162,0.0,117.15349371675482,0.0,0.0
6396,59.861533591500645,20320.923476144162,0.0,117.15349371675482,0.0,0.0
6397,59.861533591500645,20320.923476144162,0.0,117.15349371675482,0.0,0.0
6398,59.861533591500645,20320.923476144162,0.0,117.15349371675482,0.0,0.0
6399,59.861533591500645,20320.923476144162,0.0,117.15349371675482,0.0,0.0
6400,59.861533591500645,20320.923476144162,0.0,117.15349371675482,0.0,0.0
6401,59.861533591500645,20320.923476144162,0.0,117.15349371675482,0.0,0.0
6402,59.861533591500645,20320.923476144162,0.0,117.15349371675482,0.0,0.0
6403,59.861533591500645,20320.923476144162,0.0,117.15349371675482,0.0,0.0
6404,59.861533591500645,20320.923476144162,0.0,117.15349371675482,0.0,0.0
6405,59.861533591500645,20320.923476144162,0.0,117.15349371675482,0.0,0.0
6406,59.861533591500645,20320.923476144162,0.0,117.15349371675482,0.0,0.0
6407,59.861533591500645,20320.923476144162,0.0,117.15349371675482,0.0,0.0
6408,59.861533591500645,20320.923476144162,0.0,117.15349371675482,0.0,0.0
6409,59.861533591500645,20320.923476144162,0.0,117.15349371675482,0.0,0.0
6410,59.861533591500645,20320.923476144162,0.0,117.15349371675482,0.0,0.0
6411,59.861533591500645,20320.923476144162,0.0,117.15349371675482,0.0,0.0
6412,59.861533591500645,20320.923476144162,0.0,117.15349371675482,0.0,0.0
6413,59.861533591500645,20320.923476144162,0.0,117.15349371675482,0.0,0.0
6414,59.861533591500645,20320.923476144162,0.0,117.15349371675482,0.0,0.0
6415,59.861533591500645,20320.923476144162,0.0,117.15349371675482,0.0,0.0
6416,59.861533591500645,20320.923476144162,0.0,117.15349371675482,0.0,0.0
6417,59.861533591500645,20320.923476144162,0.0,117.15349371675482,0.0,0.0
6418,59.861533591500645,20320.923476144162,0.0,117.15349371675482,0.0,0.0
6419,59.861533591500645,20320.923476144162,0.0,117.15349371675482,0.0,0.0
6420,59.861533591500645,20320.923476144162,0.0,117.15349371675482,0.0,0.0
6421,59.861533591500645,20320.923476144162,0.0,117.15349371675482,0.0,0.0
6422,59.861533591500645,20320.923476144162,0.0,117.15349371675482,0.0,0.0
6423,59.861533591500645,20320.923476144162,0.0,117.15349371675482,0.0,0.0
6424,59.861533591500645,20320.923476144162,0.0,117.15349371675482,0.0,0.0
6425,59.861533591500645,20320.923476144162,0.0,117.15349371675482,0.0,0.0
6426,59.861533591500645,20320.923476144162,0.0,117.15349371675482,0.0,0.0
6427,59.861533591500645,20320.923476144162,0.0,117.15349371675482,0.0,0.0
6428,59.861533591500645,20320.923476144162,0.0,117.15349371675482,0.0,0.0
6429,59.861533591500645,20320.923476144162,0.0,117.15349371675482,0.0,0.0
6430,59.861533591500645,20320.923476144162,0.0,117.15349371675482,0.0,0.0
6431,59.861533591500645,20320.923476144162,0.0,117.15349371675482,0.0,0.0
6432,59.861533591500645,20320.923476144162,0.0,117.15349371675482,0.0,0.0
6433,59.861533591500645,20320.923476144162,0.0,117.15349371675482,0.0,0.0
6434,59.861533591500645,20320.923476144162,0.0,117.15349371675482,0.0,0.0
6435,59.861533591500645,20320.923476144162,0.0,117.15349371675482,0.0,0.0
6436,59.861533591500645,20320.923476144162,0.0,117.15349371675482,0.0,0.0
6437,59.861533591500645,20320.923476144162,0.0,117.15349371675482,0.0,0.0
6438,59.861533591500645,20320.923476144162,0.0,117.15349371675482,0.0,0.0
6439,59.861533591500645,20320.923476144162,0.0,117.15349371675482,0.0,0.0
6440,59.861533591500645,20320.923476144162,0.0,117.15349371675482,0.0,0.0
6441,59.861533591500645,20320.923476144162,0.0,117.15349371675482,0.0,0.0
6442,59.861533591500645,20320.923476144162,0.0,117.15349371675482,0.0,0.0
6443,59.861533591500645,20320.923476144162,0.0,117.15349371675482,0.0,0.0
6444,59.861533591500645,20320.923476144162,0.0,117.15349371675482,0.0,0.0
6445,59.861533591500645,20320.923476144162,0.0,117.15349371675482,0.0,0.0
6446,59.861533591500645,20320.923476144162,0.0,117.15349371675482,0.0,0.0
6447,59.861533591500645,20320.923476144162,0.0,117.15349371675482,0.0,0.0
6448,59.861533591500645,20320.923476144162,0.0,117.15349371675482,0.0,0.0
6449,59.861533591500645,20320.923476144162,0.0,117.15349371675482,0.0,0.0
6450,59.861533591500645,20320.923476144162,0.0,117.15349371675482,0.0,0.0
6451,59.861533591500645,20320.923476144162,0.0,117.15349371675482,0.0,0.0
6452,59.861533591500645,20320.923476144162,0.0,117.15349371675482,0.0,0.0
6453,59.861533591500645,20320.923476144162,0.0,117.15349371675482,0.0,0.0
6454,59.861533591500645,20320.923476144162,0.0,117.15349371675482,0.0,0.0
6455,59.861533591500645,20320.923476144162,0.0,117.15349371675482,0.0,0.0
6456,59.861533591500645,20320.923476144162,0.0,117.15349371675482,0.0,0.0
6457,59.861533591500645,20320.923476144162,0.0,117.15349371675482,0.0,0.0
6458,59.861533591500645,20320.923476144162,0.0,117.15349371675482,0.0,0.0
6459,59.861533591500645,20320.923476144162,0.0,117.15349371675482,0.0,0.0
6460,59.861533591500645,20320.923476144162,0.0,117.15349371675482,0.0,0.0
6461,59.861533591500645,20320.923476144162,0.0,117.15349371675482,0.0,0.0
6462,59.861533591500645,20320.923476144162,0.0,117.15349371675482,0.0,0.0
6463,59.861533591500645,20320.923476144162,0.0,117.15349371675482,0.0,0.0
6464,59.861533591500645,20320.923476144162,0.0,117.15349371675482,0.0,0.0
6465,59.861533591500645,20320.923476144162,0.0,117.15349371675482,0.0,0.0
6466,59.861533591500645,20320.923476144162,0.0,117.15349371675482,0.0,0.0
6467,59.861533591500645,20320.923476144162,0.0,117.15349371675482,0.0,0.0
6468,59.861533591500645,20320.923476144162,0.0,117.15349371675482,0.0,0.0
6469,59.861533591500645,20320.923476144162,0.0,117.15349371675482,0.0,0.0
6470,59.861533591500645,20320.923476144162,0.0,117.15349371675482,0.0,0.0
6471,59.861533591500645,20320.923476144162,0.0,117.15349371675482,0.0,0.0
6472,59.861533591500645,20320.923476144162,0.0,117.15349371675482,0.0,0.0
6473,59.861533591500645,20320.923476144162,0.0,117.15349371675482,0.0,0.0
6474,59.861533591500645,20320.923476144162,0.0,117.15349371675482,0.0,0.0
6475,59.861533591500645,20320.923476144162,0.0,117.15349371675482,0.0,0.0
6476,59.861533591500645,20320.923476144162,0.0,117.15349371675482,0.0,0.0
6477,59.861533591500645,20320.923476144162,0.0,117.15349371675482,0.0,0.0
6478,59.861533591500645,20320.923476144162,0.0,117.15349371675482,0.0,0.0
6479,59.861533591500645,20320.923476144162,0.0,117.15349371675482,0.0,0.0
6480,59.861533591500645,20320.923476144162,0.0,117.15349371675482,0.0,0.0
6481,59.861533591500645,20320.923476144162,0.0,117.15349371675482,0.0,0.0
6482,59.861533591500645,20320.923476144162,0.0,117.15349371675482,0.0,0.0
6483,59.861533591500645,20320.923476144162,0.0,117.15349371675482,0.0,0.0
6484,59.861533591500645,20320.923476144162,0.0,117.15349371675482,0.0,0.0
6485,59.861533591500645,20320.923476144162,0.0,117.15349371675482,0.0,0.0
6486,59.861533591500645,20320.923476144162,0.0,117.15349371675482,0.0,0.0
6487,59.861533591500645,20320.923476144162,0.0,117.15349371675482,0.0,0.0
6488,59.861533591500645,20320.923476144162,0.0,117.15349371675482,0.0,0.0
6489,59.861533591500645,20320.923476144162,0.0,117.15349371675482,0.0,0.0
6490,59.861533591500645,20320.923476144162,0.0,117.15349371675482,0.0,0.0
6491,59.861533591500645,20320.923476144162,0.0,117.15349371675482,0.0,0.0
6492,59.861533591500645,20320.923476144162,0.0,117.15349371675482,0.0,0.0
6493,59.861533591500645,20320.923476144162,0.0,117.15349371675482,0.0,0.0
6494,59.861533591500645,20320.923476144162,0.0,117.15349371675482,0.0,0.0
6495,59.861533591500645,20320.923476144162,0.0,117.15349371675482,0.0,0.0
6496,59.861533591500645,20320.923476144162,0.0,117.15349371675482,0.0,0.0
6497,59.861533591500645,20320.923476144162,0.0,117.15349371675482,0.0,0.0
6498,59.861533591500645,20320.923476144162,0.0,117.15349371675482,0.0,0.0
6499,59.861533591500645,20320.923476144162,0.0,117.15349371675482,0.0,0.0
6500,59.861533591500645,20320.923476144162,0.0,117.15349371675482,0.0,0.0
6501,59.861533591500645,20320.923476144162,0.0,117.15349371675482,0.0,0.0
6502,59.861533591500645,20320.923476144162,0.0,117.15349371675482,0.0,0.0
6503,59.861533591500645,20320.923476144162,0.0,117.15349371675482,0.0,0.0
6504,59.861533591500645,20320.923476144162,0.0,117.15349371675482,0.0,0.0
6505,59.861533591500645,20320.923476144162,0.0,117.15349371675482,0.0,0.0
6506,59.861533591500645,20320.923476144162,0.0,117.15349371675482,0.0,0.0
6507,59.861533591500645,20320.923476144162,0.0,117.15349371675482,0.0,0.0
6508,59.861533591500645,20320.923476144162,0.0,117.15349371675482,0.0,0.0
6509,59.861533591500645,20320.923476144162,0.0,117.15349371675482,0.0,0.0
6510,59.861533591500645,20320.923476144162,0.0,117.15349371675482,0.0,0.0
6511,59.861533591500645,20320.923476144162,0.0,117.15349371675482,0.0,0.0
6512,59.861533591500645,20320.923476144162,0.0,117.15349371675482,0.0,0.0
6513,59.861533591500645,20320.923476144162,0.0,117.15349371675482,0.0,0.0
6514,59.861533591500645,20320.923476144162,0.0,117.15349371675482,0.0,0.0
6515,59.861533591500645,20320.923476144162,0.0,117.15349371675482,0.0,0.0
6516,59.861533591500645,20320.923476144162,0.0,117.15349371675482,0.0,0.0
6517,59.861533591500645,20320.923476144162,0.0,117.15349371675482,0.0,0.0
6518,59.861533591500645,20320.923476144162,0.0,117.15349371675482,0.0,0.0
6519,59.861533591500645,20320.923476144162,0.0,117.15349371675482,0.0,0.0
6520,59.861533591500645,20320.923476144162,0.0,117.15349371675482,0.0,0.0
6521,59.861533591500645,20320.923476144162,0.0,117.15349371675482,0.0,0.0
6522,59.861533591500645,20320.923476144162,0.0,117.15349371675482,0.0,0.0
6523,59.861533591500645,20320.923476144162,0.0,117.15349371675482,0.0,0.0
6524,59.861533591500645,20320.923476144162,0.0,117.15349371675482,0.0,0.0
6525,59.861533591500645,20320.923476144162,0.0,117.15349371675482,0.0,0.0
6526,59.861533591500645,20320.923476144162,0.0,117.15349371675482,0.0,0.0
6527,59.861533591500645,20320.923476144162,0.0,117.15349371675482,0.0,0.0
6528,59.861533591500645,20320.923476144162,0.0,117.15349371675482,0.0,0.0
6529,59.861533591500645,20320.923476144162,0.0,117.15349371675482,0.0,0.0
6530,59.861533591500645,20320.923476144162,0.0,117.15349371675482,0.0,0.0
6531,59.861533591500645,20320.923476144162,0.0,117.15349371675482,0.0,0.0
6532,59.861533591500645,20320.923476144162,0.0,117.15349371675482,0.0,0.0
6533,59.861533591500645,20320.923476144162,0.0,117.15349371675482,0.0,0.0
6534,59.861533591500645,20320.923476144162,0.0,117.15349371675482,0.0,0.0
6535,59.861533591500645,20320.923476144162,0.0,117.15349371675482,0.0,0.0
6536,59.861533591500645,20320.923476144162,0.0,117.15349371675482,0.0,0.0
6537,59.861533591500645,20320.923476144162,0.0,117.15349371675482,0.0,0.0
6538,59.861533591500645,20320.923476144162,0.0,117.15349371675482,0.0,0.0
6539,59.861533591500645,20320.923476144162,0.0,117.15349371675482,0.0,0.0
6540,59.861533591500645,20320.923476144162,0.0,117.15349371675482,0.0,0.0
6541,59.861533591500645,20320.923476144162,0.0,117.15349371675482,0.0,0.0
6542,59.861533591500645,20320.923476144162,0.0,117.15349371675482,0.0,0.0
6543,59.861533591500645,20320.923476144162,0.0,117.15349371675482,0.0,0.0
6544,59.861533591500645,20320.923476144162,0.0,117.15349371675482,0.0,0.0
6545,59.861533591500645,20320.923476144162,0.0,117.15349371675482,0.0,0.0
6546,59.861533591500645,20320.923476144162,0.0,117.15349371675482,0.0,0.0
6547,59.861533591500645,20320.923476144162,0.0,117.15349371675482,0.0,0.0
6548,59.861533591500645,20320.923476144162,0.0,117.15349371675482,0.0,0.0
6549,59.861533591500645,20320.923476144162,0.0,117.15349371675482,0.0,0.0
6550,59.861533591500645,20320.923476144162,0.0,117.15349371675482,0.0,0.0
6551,59.861533591500645,20320.923476144162,0.0,117.15349371675482,0.0,0.0
6552,51.43050293801221,28721.679004662717,0.0,81.29187868625846,0.0,0.0
6553,51.43050293801221,28721.679004662717,0.0,81.29187868625846,0.0,0.0
6554,51.43050293801221,28721.679004662717,0.0,81.29187868625846,0.0,0.0
6555,51.43050293801221,28721.679004662717,0.0,81.29187868625846,0.0,0.0
6556,51.43050293801221,28721.679004662717,0.0,81.29187868625846,0.0,0.0
6557,51.43050293801221,28721.679004662717,0.0,81.29187868625846,0.0,0.0
6558,51.43050293801221,28721.679004662717,0.0,81.29187868625846,0.0,0.0
6559,51.43050293801221,28721.679004662717,0.0,81.29187868625846,0.0,0.0
6560,51.43050293801221,28721.679004662717,0.0,81.29187868625846,0.0,0.0
6561,51.43050293801221,28721.679004662717,0.0,81.29187868625846,0.0,0.0
6562,51.43050293801221,28721.679004662717,0.0,81.29187868625846,0.0,0.0
6563,51.43050293801221,28721.679004662717,0.0,81.29187868625846,0.0,0.0
6564,51.43050293801221,28721.679004662717,0.0,81.29187868625846,0.0,0.0
6565,51.43050293801221,28721.679004662717,0.0,81.29187868625846,0.0,0.0
6566,51.43050293801221,28721.679004662717,0.0,81.29187868625846,0.0,0.0
6567,51.43050293801221,28721.679004662717,0.0,81.29187868625846,0.0,0.0
6568,51.43050293801221,28721.679004662717,0.0,81.29187868625846,0.0,0.0
6569,51.43050293801221,28721.679004662717,0.0,81.29187868625846,0.0,0.0
6570,51.43050293801221,28721.679004662717,0.0,81.29187868625846,0.0,0.0
6571,51.43050293801221,28721.679004662717,0.0,81.29187868625846,0.0,0.0
6572,51.43050293801221,28721.679004662717,0.0,81.29187868625846,0.0,0.0
6573,51.43050293801221,28721.679004662717,0.0,81.29187868625846,0.0,0.0
6574,51.43050293801221,28721.679004662717,0.0,81.29187868625846,0.0,0.0
6575,51.43050293801221,28721.679004662717,0.0,81.29187868625846,0.0,0.0
6576,51.43050293801221,28721.679004662717,0.0,81.29187868625846,0.0,0.0
6577,51.43050293801221,28721.679004662717,0.0,81.29187868625846,0.0,0.0
6578,51.43050293801221,28721.679004662717,0.0,81.29187868625846,0.0,0.0
6579,51.43050293801221,28721.679004662717,0.0,81.29187868625846,0.0,0.0
6580,51.43050293801221,28721.679004662717,0.0,81.29187868625846,0.0,0.0
6581,51.43050293801221,28721.679004662717,0.0,81.29187868625846,0.0,0.0
6582,51.43050293801221,28721.679004662717,0.0,81.29187868625846,0.0,0.0
6583,51.43050293801221,28721.679004662717,0.0,81.29187868625846,0.0,0.0
6584,51.43050293801221,28721.679004662717,0.0,81.29187868625846,0.0,0.0
6585,51.43050293801221,28721.679004662717,0.0,81.29187868625846,0.0,0.0
6586,51.43050293801221,28721.679004662717,0.0,81.29187868625846,0.0,0.0
6587,51.43050293801221,28721.679004662717,0.0,81.29187868625846,0.0,0.0
6588,51.43050293801221,28721.679004662717,0.0,81.29187868625846,0.0,0.0
6589,51.43050293801221,28721.679004662717,0.0,81.29187868625846,0.0,0.0
6590,51.43050293801221,28721.679004662717,0.0,81.29187868625846,0.0,0.0
6591,51.43050293801221,28721.679004662717,0.0,81.29187868625846,0.0,0.0
6592,51.43050293801221,28721.679004662717,0.0,81.29187868625846,0.0,0.0
6593,51.43050293801221,28721.679004662717,0.0,81.29187868625846,0.0,0.0
6594,51.43050293801221,28721.679004662717,0.0,81.29187868625846,0.0,0.0
6595,51.43050293801221,28721.679004662717,0.0,81.29187868625846,0.0,0.0
6596,51.43050293801221,28721.679004662717,0.0,81.29187868625846,0.0,0.0
6597,51.43050293801221,28721.679004662717,0.0,81.29187868625846,0.0,0.0
6598,51.43050293801221,28721.679004662717,0.0,81.29187868625846,0.0,0.0
6599,51.43050293801221,28721.679004662717,0.0,81.29187868625846,0.0,0.0
6600,51.43050293801221,28721.679004662717,0.0,81.29187868625846,0.0,0.0
6601,51.43050293801221,28721.679004662717,0.0,81.29187868625846,0.0,0.0
6602,51.43050293801221,28721.679004662717,0.0,81.29187868625846,0.0,0.0
6603,51.43050293801221,28721.679004662717,0.0,81.29187868625846,0.0,0.0
6604,51.43050293801221,28721.679004662717,0.0,81.29187868625846,0.0,0.0
6605,51.43050293801221,28721.679004662717,0.0,81.29187868625846,0.0,0.0
6606,51.43050293801221,28721.679004662717,0.0,81.29187868625846,0.0,0.0
6607,51.43050293801221,28721.679004662717,0.0,81.29187868625846,0.0,0.0
6608,51.43050293801221,28721.679004662717,0.0,81.29187868625846,0.0,0.0
6609,51.43050293801221,28721.679004662717,0.0,81.29187868625846,0.0,0.0
6610,51.43050293801221,28721.679004662717,0.0,81.29187868625846,0.0,0.0
6611,51.43050293801221,28721.679004662717,0.0,81.29187868625846,0.0,0.0
6612,51.43050293801221,28721.679004662717,0.0,81.29187868625846,0.0,0.0
6613,51.43050293801221,28721.679004662717,0.0,81.29187868625846,0.0,0.0
6614,51.43050293801221,28721.679004662717,0.0,81.29187868625846,0.0,0.0
6615,51.43050293801221,28721.679004662717,0.0,81.29187868625846,0.0,0.0
6616,51.43050293801221,28721.679004662717,0.0,81.29187868625846,0.0,0.0
6617,51.43050293801221,28721.679004662717,0.0,81.29187868625846,0.0,0.0
6618,51.43050293801221,28721.679004662717,0.0,81.29187868625846,0.0,0.0
6619,51.43050293801221,28721.679004662717,0.0,81.29187868625846,0.0,0.0
6620,51.43050293801221,28721.679004662717,0.0,81.29187868625846,0.0,0.0
6621,51.43050293801221,28721.679004662717,0.0,81.29187868625846,0.0,0.0
6622,51.43050293801221,28721.679004662717,0.0,81.29187868625846,0.0,0.0
6623,51.43050293801221,28721.679004662717,0.0,81.29187868625846,0.0,0.0
6624,51.43050293801221,28721.679004662717,0.0,81.29187868625846,0.0,0.0
6625,51.43050293801221,28721.679004662717,0.0,81.29187868625846,0.0,0.0
6626,51.43050293801221,28721.679004662717,0.0,81.29187868625846,0.0,0.0
6627,51.43050293801221,28721.679004662717,0.0,81.29187868625846,0.0,0.0
6628,51.43050293801221,28721.679004662717,0.0,81.29187868625846,0.0,0.0
6629,51.43050293801221,28721.679004662717,0.0,81.29187868625846,0.0,0.0
6630,51.43050293801221,28721.679004662717,0.0,81.29187868625846,0.0,0.0
6631,51.43050293801221,28721.679004662717,0.0,81.29187868625846,0.0,0.0
6632,51.43050293801221,28721.679004662717,0.0,81.29187868625846,0.0,0.0
6633,51.43050293801221,28721.679004662717,0.0,81.29187868625846,0.0,0.0
6634,51.43050293801221,28721.679004662717,0.0,81.29187868625846,0.0,0.0
6635,51.43050293801221,28721.679004662717,0.0,81.29187868625846,0.0,0.0
6636,51.43050293801221,28721.679004662717,0.0,81.29187868625846,0.0,0.0
6637,51.43050293801221,28721.679004662717,0.0,81.29187868625846,0.0,0.0
6638,51.43050293801221,28721.679004662717,0.0,81.29187868625846,0.0,0.0
6639,51.43050293801221,28721.679004662717,0.0,81.29187868625846,0.0,0.0
6640,51.43050293801221,28721.679004662717,0.0,81.29187868625846,0.0,0.0
6641,51.43050293801221,28721.679004662717,0.0,81.29187868625846,0.0,0.0
6642,51.43050293801221,28721.679004662717,0.0,81.29187868625846,0.0,0.0
6643,51.43050293801221,28721.679004662717,0.0,81.29187868625846,0.0,0.0
6644,51.43050293801221,28721.679004662717,0.0,81.29187868625846,0.0,0.0
6645,51.43050293801221,28721.679004662717,0.0,81.29187868625846,0.0,0.0
6646,51.43050293801221,28721.679004662717,0.0,81.29187868625846,0.0,0.0
6647,51.43050293801221,28721.679004662717,0.0,81.29187868625846,0.0,0.0
6648,51.43050293801221,28721.679004662717,0.0,81.29187868625846,0.0,0.0
6649,51.43050293801221,28721.679004662717,0.0,81.29187868625846,0.0,0.0
6650,51.43050293801221,28721.679004662717,0.0,81.29187868625846,0.0,0.0
6651,51.43050293801221,28721.679004662717,0.0,81.29187868625846,0.0,0.0
6652,51.43050293801221,28721.679004662717,0.0,81.29187868625846,0.0,0.0
6653,51.43050293801221,28721.679004662717,0.0,81.29187868625846,0.0,0.0
6654,51.43050293801221,28721.679004662717,0.0,81.29187868625846,0.0,0.0
6655,51.43050293801221,28721.679004662717,0.0,81.29187868625846,0.0,0.0
6656,51.43050293801221,28721.679004662717,0.0,81.29187868625846,0.0,0.0
6657,51.43050293801221,28721.679004662717,0.0,81.29187868625846,0.0,0.0
6658,51.43050293801221,28721.679004662717,0.0,81.29187868625846,0.0,0.0
6659,51.43050293801221,28721.679004662717,0.0,81.29187868625846,0.0,0.0
6660,51.43050293801221,28721.679004662717,0.0,81.29187868625846,0.0,0.0
6661,51.43050293801221,28721.679004662717,0.0,81.29187868625846,0.0,0.0
6662,51.43050293801221,28721.679004662717,0.0,81.29187868625846,0.0,0.0
6663,51.43050293801221,28721.679004662717,0.0,81.29187868625846,0.0,0.0
6664,51.43050293801221,28721.679004662717,0.0,81.29187868625846,0.0,0.0
6665,51.43050293801221,28721.679004662717,0.0,81.29187868625846,0.0,0.0
6666,51.43050293801221,28721.679004662717,0.0,81.29187868625846,0.0,0.0
6667,51.43050293801221,28721.679004662717,0.0,81.29187868625846,0.0,0.0
6668,51.43050293801221,28721.679004662717,0.0,81.29187868625846,0.0,0.0
6669,51.43050293801221,28721.679004662717,0.0,81.29187868625846,0.0,0.0
6670,51.43050293801221,28721.679004662717,0.0,81.29187868625846,0.0,0.0
6671,51.43050293801221,28721.679004662717,0.0,81.29187868625846,0.0,0.0
6672,51.43050293801221,28721.679004662717,0.0,81.29187868625846,0.0,0.0
6673,51.43050293801221,28721.679004662717,0.0,81.29187868625846,0.0,0.0
6674,51.43050293801221,28721.679004662717,0.0,81.29187868625846,0.0,0.0
6675,51.43050293801221,28721.679004662717,0.0,81.29187868625846,0.0,0.0
6676,51.43050293801221,28721.679004662717,0.0,81.29187868625846,0.0,0.0
6677,51.43050293801221,28721.679004662717,0.0,81.29187868625846,0.0,0.0
6678,51.43050293801221,28721.679004662717,0.0,81.29187868625846,0.0,0.0
6679,51.43050293801221,28721.679004662717,0.0,81.29187868625846,0.0,0.0
6680,51.43050293801221,28721.679004662717,0.0,81.29187868625846,0.0,0.0
6681,51.43050293801221,28721.679004662717,0.0,81.29187868625846,0.0,0.0
6682,51.43050293801221,28721.679004662717,0.0,81.29187868625846,0.0,0.0
6683,51.43050293801221,28721.679004662717,0.0,81.29187868625846,0.0,0.0
6684,51.43050293801221,28721.679004662717,0.0,81.29187868625846,0.0,0.0
6685,51.43050293801221,28721.679004662717,0.0,81.29187868625846,0.0,0.0
6686,51.43050293801221,28721.679004662717,0.0,81.29187868625846,0.0,0.0
6687,51.43050293801221,28721.679004662717,0.0,81.29187868625846,0.0,0.0
6688,51.43050293801221,28721.679004662717,0.0,81.29187868625846,0.0,0.0
6689,51.43050293801221,28721.679004662717,0.0,81.29187868625846,0.0,0.0
6690,51.43050293801221,28721.679004662717,0.0,81.29187868625846,0.0,0.0
6691,51.43050293801221,28721.679004662717,0.0,81.29187868625846,0.0,0.0
6692,51.43050293801221,28721.679004662717,0.0,81.29187868625846,0.0,0.0
6693,51.43050293801221,28721.679004662717,0.0,81.29187868625846,0.0,0.0
6694,51.43050293801221,28721.679004662717,0.0,81.29187868625846,0.0,0.0
6695,51.43050293801221,28721.679004662717,0.0,81.29187868625846,0.0,0.0
6696,51.43050293801221,28721.679004662717,0.0,81.29187868625846,0.0,0.0
6697,51.43050293801221,28721.679004662717,0.0,81.29187868625846,0.0,0.0
6698,51.43050293801221,28721.679004662717,0.0,81.29187868625846,0.0,0.0
6699,51.43050293801221,28721.679004662717,0.0,81.29187868625846,0.0,0.0
6700,51.43050293801221,28721.679004662717,0.0,81.29187868625846,0.0,0.0
6701,51.43050293801221,28721.679004662717,0.0,81.29187868625846,0.0,0.0
6702,51.43050293801221,28721.679004662717,0.0,81.29187868625846,0.0,0.0
6703,51.43050293801221,28721.679004662717,0.0,81.29187868625846,0.0,0.0
6704,51.43050293801221,28721.679004662717,0.0,81.29187868625846,0.0,0.0
6705,51.43050293801221,28721.679004662717,0.0,81.29187868625846,0.0,0.0
6706,51.43050293801221,28721.679004662717,0.0,81.29187868625846,0.0,0.0
6707,51.43050293801221,28721.679004662717,0.0,81.29187868625846,0.0,0.0
6708,51.43050293801221,28721.679004662717,0.0,81.29187868625846,0.0,0.0
6709,51.43050293801221,28721.679004662717,0.0,81.29187868625846,0.0,0.0
6710,51.43050293801221,28721.679004662717,0.0,81.29187868625846,0.0,0.0
6711,51.43050293801221,28721.679004662717,0.0,81.29187868625846,0.0,0.0
6712,51.43050293801221,28721.679004662717,0.0,81.29187868625846,0.0,0.0
6713,51.43050293801221,28721.679004662717,0.0,81.29187868625846,0.0,0.0
6714,51.43050293801221,28721.679004662717,0.0,81.29187868625846,0.0,0.0
6715,51.43050293801221,28721.679004662717,0.0,81.29187868625846,0.0,0.0
6716,51.43050293801221,28721.679004662717,0.0,81.29187868625846,0.0,0.0
6717,51.43050293801221,28721.679004662717,0.0,81.29187868625846,0.0,0.0
6718,51.43050293801221,28721.679004662717,0.0,81.29187868625846,0.0,0.0
6719,51.43050293801221,28721.679004662717,0.0,81.29187868625846,0.0,0.0
6720,52.47240262313678,29480.548766037915,0.0,69.0031469531659,0.0,0.0
6721,52.47240262313678,29480.548766037915,0.0,69.0031469531659,0.0,0.0
6722,52.47240262313678,29480.548766037915,0.0,69.0031469531659,0.0,0.0
6723,52.47240262313678,29480.548766037915,0.0,69.0031469531659,0.0,0.0
6724,52.47240262313678,29480.548766037915,0.0,69.0031469531659,0.0,0.0
6725,52.47240262313678,29480.548766037915,0.0,69.0031469531659,0.0,0.0
6726,52.47240262313678,29480.548766037915,0.0,69.0031469531659,0.0,0.0
6727,52.47240262313678,29480.548766037915,0.0,69.0031469531659,0.0,0.0
6728,52.47240262313678,29480.548766037915,0.0,69.0031469531659,0.0,0.0
6729,52.47240262313678,29480.548766037915,0.0,69.0031469531659,0.0,0.0
6730,52.47240262313678,29480.548766037915,0.0,69.0031469531659,0.0,0.0
6731,52.47240262313678,29480.548766037915,0.0,69.0031469531659,0.0,0.0
6732,52.47240262313678,29480.548766037915,0.0,69.0031469531659,0.0,0.0
6733,52.47240262313678,29480.548766037915,0.0,69.0031469531659,0.0,0.0
6734,52.47240262313678,29480.548766037915,0.0,69.0031469531659,0.0,0.0
6735,52.47240262313678,29480.548766037915,0.0,69.0031469531659,0.0,0.0
6736,52.47240262313678,29480.548766037915,0.0,69.0031469531659,0.0,0.0
6737,52.47240262313678,29480.548766037915,0.0,69.0031469531659,0.0,0.0
6738,52.47240262313678,29480.548766037915,0.0,69.0031469531659,0.0,0.0
6739,52.47240262313678,29480.548766037915,0.0,69.0031469531659,0.0,0.0
6740,52.47240262313678,29480.548766037915,0.0,69.0031469531659,0.0,0.0
6741,52.47240262313678,29480.548766037915,0.0,69.0031469531659,0.0,0.0
6742,52.47240262313678,29480.548766037915,0.0,69.0031469531659,0.0,0.0
6743,52.47240262313678,29480.548766037915,0.0,69.0031469531659,0.0,0.0
6744,52.47240262313678,29480.548766037915,0.0,69.0031469531659,0.0,0.0
6745,52.47240262313678,29480.548766037915,0.0,69.0031469531659,0.0,0.0
6746,52.47240262313678,29480.548766037915,0.0,69.0031469531659,0.0,0.0
6747,52.47240262313678,29480.548766037915,0.0,69.0031469531659,0.0,0.0
6748,52.47240262313678,29480.548766037915,0.0,69.0031469531659,0.0,0.0
6749,52.47240262313678,29480.548766037915,0.0,69.0031469531659,0.0,0.0
6750,52.47240262313678,29480.548766037915,0.0,69.0031469531659,0.0,0.0
6751,52.47240262313678,29480.548766037915,0.0,69.0031469531659,0.0,0.0
6752,52.47240262313678,29480.548766037915,0.0,69.0031469531659,0.0,0.0
6753,52.47240262313678,29480.548766037915,0.0,69.0031469531659,0.0,0.0
6754,52.47240262313678,29480.548766037915,0.0,69.0031469531659,0.0,0.0
6755,52.47240262313678,29480.548766037915,0.0,69.0031469531659,0.0,0.0
6756,52.47240262313678,29480.548766037915,0.0,69.0031469531659,0.0,0.0
6757,52.47240262313678,29480.548766037915,0.0,69.0031469531659,0.0,0.0
6758,52.47240262313678,29480.548766037915,0.0,69.0031469531659,0.0,0.0
6759,52.47240262313678,29480.548766037915,0.0,69.0031469531659,0.0,0.0
6760,52.47240262313678,29480.548766037915,0.0,69.0031469531659,0.0,0.0
6761,52.47240262313678,29480.548766037915,0.0,69.0031469531659,0.0,0.0
6762,52.47240262313678,29480.548766037915,0.0,69.0031469531659,0.0,0.0
6763,52.47240262313678,29480.548766037915,0.0,69.0031469531659,0.0,0.0
6764,52.47240262313678,29480.548766037915,0.0,69.0031469531659,0.0,0.0
6765,52.47240262313678,29480.548766037915,0.0,69.0031469531659,0.0,0.0
6766,52.47240262313678,29480.548766037915,0.0,69.0031469531659,0.0,0.0
6767,52.47240262313678,29480.548766037915,0.0,69.0031469531659,0.0,0.0
6768,52.47240262313678,29480.548766037915,0.0,69.0031469531659,0.0,0.0
6769,52.47240262313678,29480.548766037915,0.0,69.0031469531659,0.0,0.0
6770,52.47240262313678,29480.548766037915,0.0,69.0031469531659,0.0,0.0
6771,52.47240262313678,29480.548766037915,0.0,69.0031469531659,0.0,0.0
6772,52.47240262313678,29480.548766037915,0.0,69.0031469531659,0.0,0.0
6773,52.47240262313678,29480.548766037915,0.0,69.0031469531659,0.0,0.0
6774,52.47240262313678,29480.548766037915,0.0,69.0031469531659,0.0,0.0
6775,52.47240262313678,29480.548766037915,0.0,69.0031469531659,0.0,0.0
6776,52.47240262313678,29480.548766037915,0.0,69.0031469531659,0.0,0.0
6777,52.47240262313678,29480.548766037915,0.0,69.0031469531659,0.0,0.0
6778,52.47240262313678,29480.548766037915,0.0,69.0031469531659,0.0,0.0
6779,52.47240262313678,29480.548766037915,0.0,69.0031469531659,0.0,0.0
6780,52.47240262313678,29480.548766037915,0.0,69.0031469531659,0.0,0.0
6781,52.47240262313678,29480.548766037915,0.0,69.0031469531659,0.0,0.0
6782,52.47240262313678,29480.548766037915,0.0,69.0031469531659,0.0,0.0
6783,52.47240262313678,29480.548766037915,0.0,69.0031469531659,0.0,0.0
6784,52.47240262313678,29480.548766037915,0.0,69.0031469531659,0.0,0.0
6785,52.47240262313678,29480.548766037915,0.0,69.0031469531659,0.0,0.0
6786,52.47240262313678,29480.548766037915,0.0,69.0031469531659,0.0,0.0
6787,52.47240262313678,29480.548766037915,0.0,69.0031469531659,0.0,0.0
6788,52.47240262313678,29480.548766037915,0.0,69.0031469531659,0.0,0.0
6789,52.47240262313678,29480.548766037915,0.0,69.0031469531659,0.0,0.0
6790,52.47240262313678,29480.548766037915,0.0,69.0031469531659,0.0,0.0
6791,52.47240262313678,29480.548766037915,0.0,69.0031469531659,0.0,0.0
6792,52.47240262313678,29480.548766037915,0.0,69.0031469531659,0.0,0.0
6793,52.47240262313678,29480.548766037915,0.0,69.0031469531659,0.0,0.0
6794,52.47240262313678,29480.548766037915,0.0,69.0031469531659,0.0,0.0
6795,52.47240262313678,29480.548766037915,0.0,69.0031469531659,0.0,0.0
6796,52.47240262313678,29480.548766037915,0.0,69.0031469531659,0.0,0.0
6797,52.47240262313678,29480.548766037915,0.0,69.0031469531659,0.0,0.0
6798,52.47240262313678,29480.548766037915,0.0,69.0031469531659,0.0,0.0
6799,52.47240262313678,29480.548766037915,0.0,69.0031469531659,0.0,0.0
6800,52.47240262313678,29480.548766037915,0.0,69.0031469531659,0.0,0.0
6801,52.47240262313678,29480.548766037915,0.0,69.0031469531659,0.0,0.0
6802,52.47240262313678,29480.548766037915,0.0,69.0031469531659,0.0,0.0
6803,52.47240262313678,29480.548766037915,0.0,69.0031469531659,0.0,0.0
6804,52.47240262313678,29480.548766037915,0.0,69.0031469531659,0.0,0.0
6805,52.47240262313678,29480.548766037915,0.0,69.0031469531659,0.0,0.0
6806,52.47240262313678,29480.548766037915,0.0,69.0031469531659,0.0,0.0
6807,52.47240262313678,29480.548766037915,0.0,69.0031469531659,0.0,0.0
6808,52.47240262313678,29480.548766037915,0.0,69.0031469531659,0.0,0.0
6809,52.47240262313678,29480.548766037915,0.0,69.0031469531659,0.0,0.0
6810,52.47240262313678,29480.548766037915,0.0,69.0031469531659,0.0,0.0
6811,52.47240262313678,29480.548766037915,0.0,69.0031469531659,0.0,0.0
6812,52.47240262313678,29480.548766037915,0.0,69.0031469531659,0.0,0.0
6813,52.47240262313678,29480.548766037915,0.0,69.0031469531659,0.0,0.0
6814,52.47240262313678,29480.548766037915,0.0,69.0031469531659,0.0,0.0
6815,52.47240262313678,29480.548766037915,0.0,69.0031469531659,0.0,0.0
6816,52.47240262313678,29480.548766037915,0.0,69.0031469531659,0.0,0.0
6817,52.47240262313678,29480.548766037915,0.0,69.0031469531659,0.0,0.0
6818,52.47240262313678,29480.548766037915,0.0,69.0031469531659,0.0,0.0
6819,52.47240262313678,29480.548766037915,0.0,69.0031469531659,0.0,0.0
6820,52.47240262313678,29480.548766037915,0.0,69.0031469531659,0.0,0.0
6821,52.47240262313678,29480.548766037915,0.0,69.0031469531659,0.0,0.0
6822,52.47240262313678,29480.548766037915,0.0,69.0031469531659,0.0,0.0
6823,52.47240262313678,29480.548766037915,0.0,69.0031469531659,0.0,0.0
6824,52.47240262313678,29480.548766037915,0.0,69.0031469531659,0.0,0.0
6825,52.47240262313678,29480.548766037915,0.0,69.0031469531659,0.0,0.0
6826,52.47240262313678,29480.548766037915,0.0,69.0031469531659,0.0,0.0
6827,52.47240262313678,29480.548766037915,0.0,69.0031469531659,0.0,0.0
6828,52.47240262313678,29480.548766037915,0.0,69.0031469531659,0.0,0.0
6829,52.47240262313678,29480.548766037915,0.0,69.0031469531659,0.0,0.0
6830,52.47240262313678,29480.548766037915,0.0,69.0031469531659,0.0,0.0
6831,52.47240262313678,29480.548766037915,0.0,69.0031469531659,0.0,0.0
6832,52.47240262313678,29480.548766037915,0.0,69.0031469531659,0.0,0.0
6833,52.47240262313678,29480.548766037915,0.0,69.0031469531659,0.0,0.0
6834,52.47240262313678,29480.548766037915,0.0,69.0031469531659,0.0,0.0
6835,52.47240262313678,29480.548766037915,0.0,69.0031469531659,0.0,0.0
6836,52.47240262313678,29480.548766037915,0.0,69.0031469531659,0.0,0.0
6837,52.47240262313678,29480.548766037915,0.0,69.0031469531659,0.0,0.0
6838,52.47240262313678,29480.548766037915,0.0,69.0031469531659,0.0,0.0
6839,52.47240262313678,29480.548766037915,0.0,69.0031469531659,0.0,0.0
6840,52.47240262313678,29480.548766037915,0.0,69.0031469531659,0.0,0.0
6841,52.47240262313678,29480.548766037915,0.0,69.0031469531659,0.0,0.0
6842,52.47240262313678,29480.548766037915,0.0,69.0031469531659,0.0,0.0
6843,52.47240262313678,29480.548766037915,0.0,69.0031469531659,0.0,0.0
6844,52.47240262313678,29480.548766037915,0.0,69.0031469531659,0.0,0.0
6845,52.47240262313678,29480.548766037915,0.0,69.0031469531659,0.0,0.0
6846,52.47240262313678,29480.548766037915,0.0,69.0031469531659,0.0,0.0
6847,52.47240262313678,29480.548766037915,0.0,69.0031469531659,0.0,0.0
6848,52.47240262313678,29480.548766037915,0.0,69.0031469531659,0.0,0.0
6849,52.47240262313678,29480.548766037915,0.0,69.0031469531659,0.0,0.0
6850,52.47240262313678,29480.548766037915,0.0,69.0031469531659,0.0,0.0
6851,52.47240262313678,29480.548766037915,0.0,69.0031469531659,0.0,0.0
6852,52.47240262313678,29480.548766037915,0.0,69.0031469531659,0.0,0.0
6853,52.47240262313678,29480.548766037915,0.0,69.0031469531659,0.0,0.0
6854,52.47240262313678,29480.548766037915,0.0,69.0031469531659,0.0,0.0
6855,52.47240262313678,29480.548766037915,0.0,69.0031469531659,0.0,0.0
6856,52.47240262313678,29480.548766037915,0.0,69.0031469531659,0.0,0.0
6857,52.47240262313678,29480.548766037915,0.0,69.0031469531659,0.0,0.0
6858,52.47240262313678,29480.548766037915,0.0,69.0031469531659,0.0,0.0
6859,52.47240262313678,29480.548766037915,0.0,69.0031469531659,0.0,0.0
6860,52.47240262313678,29480.548766037915,0.0,69.0031469531659,0.0,0.0
6861,52.47240262313678,29480.548766037915,0.0,69.0031469531659,0.0,0.0
6862,52.47240262313678,29480.548766037915,0.0,69.0031469531659,0.0,0.0
6863,52.47240262313678,29480.548766037915,0.0,69.0031469531659,0.0,0.0
6864,52.47240262313678,29480.548766037915,0.0,69.0031469531659,0.0,0.0
6865,52.47240262313678,29480.548766037915,0.0,69.0031469531659,0.0,0.0
6866,52.47240262313678,29480.548766037915,0.0,69.0031469531659,0.0,0.0
6867,52.47240262313678,29480.548766037915,0.0,69.0031469531659,0.0,0.0
6868,52.47240262313678,29480.548766037915,0.0,69.0031469531659,0.0,0.0
6869,52.47240262313678,29480.548766037915,0.0,69.0031469531659,0.0,0.0
6870,52.47240262313678,29480.548766037915,0.0,69.0031469531659,0.0,0.0
6871,52.47240262313678,29480.548766037915,0.0,69.0031469531659,0.0,0.0
6872,52.47240262313678,29480.548766037915,0.0,69.0031469531659,0.0,0.0
6873,52.47240262313678,29480.548766037915,0.0,69.0031469531659,0.0,0.0
6874,52.47240262313678,29480.548766037915,0.0,69.0031469531659,0.0,0.0
6875,52.47240262313678,29480.548766037915,0.0,69.0031469531659,0.0,0.0
6876,52.47240262313678,29480.548766037915,0.0,69.0031469531659,0.0,0.0
6877,52.47240262313678,29480.548766037915,0.0,69.0031469531659,0.0,0.0
6878,52.47240262313678,29480.548766037915,0.0,69.0031469531659,0.0,0.0
6879,52.47240262313678,29480.548766037915,0.0,69.0031469531659,0.0,0.0
6880,52.47240262313678,29480.548766037915,0.0,69.0031469531659,0.0,0.0
6881,52.47240262313678,29480.548766037915,0.0,69.0031469531659,0.0,0.0
6882,52.47240262313678,29480.548766037915,0.0,69.0031469531659,0.0,0.0
6883,52.47240262313678,29480.548766037915,0.0,69.0031469531659,0.0,0.0
6884,52.47240262313678,29480.548766037915,0.0,69.0031469531659,0.0,0.0
6885,52.47240262313678,29480.548766037915,0.0,69.0031469531659,0.0,0.0
6886,52.47240262313678,29480.548766037915,0.0,69.0031469531659,0.0,0.0
6887,52.47240262313678,29480.548766037915,0.0,69.0031469531659,0.0,0.0
6888,58.909231075461776,32127.7379563789,0.0,91.36254166989858,0.0,0.0
6889,58.909231075461776,32127.7379563789,0.0,91.36254166989858,0.0,0.0
6890,58.909231075461776,32127.7379563789,0.0,91.36254166989858,0.0,0.0
6891,58.909231075461776,32127.7379563789,0.0,91.36254166989858,0.0,0.0
6892,58.909231075461776,32127.7379563789,0.0,91.36254166989858,0.0,0.0
6893,58.909231075461776,32127.7379563789,0.0,91.36254166989858,0.0,0.0
6894,58.909231075461776,32127.7379563789,0.0,91.36254166989858,0.0,0.0
6895,58.909231075461776,32127.7379563789,0.0,91.36254166989858,0.0,0.0
6896,58.909231075461776,32127.7379563789,0.0,91.36254166989858,0.0,0.0
6897,58.909231075461776,32127.7379563789,0.0,91.36254166989858,0.0,0.0
6898,58.909231075461776,32127.7379563789,0.0,91.36254166989858,0.0,0.0
6899,58.909231075461776,32127.7379563789,0.0,91.36254166989858,0.0,0.0
6900,58.909231075461776,32127.7379563789,0.0,91.36254166989858,0.0,0.0
6901,58.909231075461776,32127.7379563789,0.0,91.36254166989858,0.0,0.0
6902,58.909231075461776,32127.7379563789,0.0,91.36254166989858,0.0,0.0
6903,58.909231075461776,32127.7379563789,0.0,91.36254166989858,0.0,0.0
6904,58.909231075461776,32127.7379563789,0.0,91.36254166989858,0.0,0.0
6905,58.909231075461776,32127.7379563789,0.0,91.36254166989858,0.0,0.0
6906,58.909231075461776,32127.7379563789,0.0,91.36254166989858,0.0,0.0
6907,58.909231075461776,32127.7379563789,0.0,91.36254166989858,0.0,0.0
6908,58.909231075461776,32127.7379563789,0.0,91.36254166989858,0.0,0.0
6909,58.909231075461776,32127.7379563789,0.0,91.36254166989858,0.0,0.0
6910,58.909231075461776,32127.7379563789,0.0,91.36254166989858,0.0,0.0
6911,58.909231075461776,32127.7379563789,0.0,91.36254166989858,0.0,0.0
6912,58.909231075461776,32127.7379563789,0.0,91.36254166989858,0.0,0.0
6913,58.909231075461776,32127.7379563789,0.0,91.36254166989858,0.0,0.0
6914,58.909231075461776,32127.7379563789,0.0,91.36254166989858,0.0,0.0
6915,58.909231075461776,32127.7379563789,0.0,91.36254166989858,0.0,0.0
6916,58.909231075461776,32127.7379563789,0.0,91.36254166989858,0.0,0.0
6917,58.909231075461776,32127.7379563789,0.0,91.36254166989858,0.0,0.0
6918,58.909231075461776,32127.7379563789,0.0,91.36254166989858,0.0,0.0
6919,58.909231075461776,32127.7379563789,0.0,91.36254166989858,0.0,0.0
6920,58.909231075461776,32127.7379563789,0.0,91.36254166989858,0.0,0.0
6921,58.909231075461776,32127.7379563789,0.0,91.36254166989858,0.0,0.0
6922,58.909231075461776,32127.7379563789,0.0,91.36254166989858,0.0,0.0
6923,58.909231075461776,32127.7379563789,0.0,91.36254166989858,0.0,0.0
6924,58.909231075461776,32127.7379563789,0.0,91.36254166989858,0.0,0.0
6925,58.909231075461776,32127.7379563789,0.0,91.36254166989858,0.0,0.0
6926,58.909231075461776,32127.7379563789,0.0,91.36254166989858,0.0,0.0
6927,58.909231075461776,32127.7379563789,0.0,91.36254166989858,0.0,0.0
6928,58.909231075461776,32127.7379563789,0.0,91.36254166989858,0.0,0.0
6929,58.909231075461776,32127.7379563789,0.0,91.36254166989858,0.0,0.0
6930,58.909231075461776,32127.7379563789,0.0,91.36254166989858,0.0,0.0
6931,58.909231075461776,32127.7379563789,0.0,91.36254166989858,0.0,0.0
6932,58.909231075461776,32127.7379563789,0.0,91.36254166989858,0.0,0.0
6933,58.909231075461776,32127.7379563789,0.0,91.36254166989858,0.0,0.0
6934,58.909231075461776,32127.7379563789,0.0,91.36254166989858,0.0,0.0
6935,58.909231075461776,32127.7379563789,0.0,91.36254166989858,0.0,0.0
6936,58.909231075461776,32127.7379563789,0.0,91.36254166989858,0.0,0.0
6937,58.909231075461776,32127.7379563789,0.0,91.36254166989858,0.0,0.0
6938,58.909231075461776,32127.7379563789,0.0,91.36254166989858,0.0,0.0
6939,58.909231075461776,32127.7379563789,0.0,91.36254166989858,0.0,0.0
6940,58.909231075461776,32127.7379563789,0.0,91.36254166989858,0.0,0.0
6941,58.909231075461776,32127.7379563789,0.0,91.36254166989858,0.0,0.0
6942,58.909231075461776,32127.7379563789,0.0,91.36254166989858,0.0,0.0
6943,58.909231075461776,32127.7379563789,0.0,91.36254166989858,0.0,0.0
6944,58.909231075461776,32127.7379563789,0.0,91.36254166989858,0.0,0.0
6945,58.909231075461776,32127.7379563789,0.0,91.36254166989858,0.0,0.0
6946,58.909231075461776,32127.7379563789,0.0,91.36254166989858,0.0,0.0
6947,58.909231075461776,32127.7379563789,0.0,91.36254166989858,0.0,0.0
6948,58.909231075461776,32127.7379563789,0.0,91.36254166989858,0.0,0.0
6949,58.909231075461776,32127.7379563789,0.0,91.36254166989858,0.0,0.0
6950,58.909231075461776,32127.7379563789,0.0,91.36254166989858,0.0,0.0
6951,58.909231075461776,32127.7379563789,0.0,91.36254166989858,0.0,0.0
6952,58.909231075461776,32127.7379563789,0.0,91.36254166989858,0.0,0.0
6953,58.909231075461776,32127.7379563789,0.0,91.36254166989858,0.0,0.0
6954,58.909231075461776,32127.7379563789,0.0,91.36254166989858,0.0,0.0
6955,58.909231075461776,32127.7379563789,0.0,91.36254166989858,0.0,0.0
6956,58.909231075461776,32127.7379563789,0.0,91.36254166989858,0.0,0.0
6957,58.909231075461776,32127.7379563789,0.0,91.36254166989858,0.0,0.0
6958,58.909231075461776,32127.7379563789,0.0,91.36254166989858,0.0,0.0
6959,58.909231075461776,32127.7379563789,0.0,91.36254166989858,0.0,0.0
6960,58.909231075461776,32127.7379563789,0.0,91.36254166989858,0.0,0.0
6961,58.909231075461776,32127.7379563789,0.0,91.36254166989858,0.0,0.0
6962,58.909231075461776,32127.7379563789,0.0,91.36254166989858,0.0,0.0
6963,58.909231075461776,32127.7379563789,0.0,91.36254166989858,0.0,0.0
6964,58.909231075461776,32127.7379563789,0.0,91.36254166989858,0.0,0.0
6965,58.909231075461776,32127.7379563789,0.0,91.36254166989858,0.0,0.0
6966,58.909231075461776,32127.7379563789,0.0,91.36254166989858,0.0,0.0
6967,58.909231075461776,32127.7379563789,0.0,91.36254166989858,0.0,0.0
6968,58.909231075461776,32127.7379563789,0.0,91.36254166989858,0.0,0.0
6969,58.909231075461776,32127.7379563789,0.0,91.36254166989858,0.0,0.0
6970,58.909231075461776,32127.7379563789,0.0,91.36254166989858,0.0,0.0
6971,58.909231075461776,32127.7379563789,0.0,91.36254166989858,0.0,0.0
6972,58.909231075461776,32127.7379563789,0.0,91.36254166989858,0.0,0.0
6973,58.909231075461776,32127.7379563789,0.0,91.36254166989858,0.0,0.0
6974,58.909231075461776,32127.7379563789,0.0,91.36254166989858,0.0,0.0
6975,58.909231075461776,32127.7379563789,0.0,91.36254166989858,0.0,0.0
6976,58.909231075461776,32127.7379563789,0.0,91.36254166989858,0.0,0.0
6977,58.909231075461776,32127.7379563789,0.0,91.36254166989858,0.0,0.0
6978,58.909231075461776,32127.7379563789,0.0,91.36254166989858,0.0,0.0
6979,58.909231075461776,32127.7379563789,0.0,91.36254166989858,0.0,0.0
6980,58.909231075461776,32127.7379563789,0.0,91.36254166989858,0.0,0.0
6981,58.909231075461776,32127.7379563789,0.0,91.36254166989858,0.0,0.0
6982,58.909231075461776,32127.7379563789,0.0,91.36254166989858,0.0,0.0
6983,58.909231075461776,32127.7379563789,0.0,91.36254166989858,0.0,0.0
6984,58.909231075461776,32127.7379563789,0.0,91.36254166989858,0.0,0.0
6985,58.909231075461776,32127.7379563789,0.0,91.36254166989858,0.0,0.0
6986,58.909231075461776,32127.7379563789,0.0,91.36254166989858,0.0,0.0
6987,58.909231075461776,32127.7379563789,0.0,91.36254166989858,0.0,0.0
6988,58.909231075461776,32127.7379563789,0.0,91.36254166989858,0.0,0.0
6989,58.909231075461776,32127.7379563789,0.0,91.36254166989858,0.0,0.0
6990,58.909231075461776,32127.7379563789,0.0,91.36254166989858,0.0,0.0
6991,58.909231075461776,32127.7379563789,0.0,91.36254166989858,0.0,0.0
6992,58.909231075461776,32127.7379563789,0.0,91.36254166989858,0.0,0.0
6993,58.909231075461776,32127.7379563789,0.0,91.36254166989858,0.0,0.0
6994,58.909231075461776,32127.7379563789,0.0,91.36254166989858,0.0,0.0
6995,58.909231075461776,32127.7379563789,0.0,91.36254166989858,0.0,0.0
6996,58.909231075461776,32127.7379563789,0.0,91.36254166989858,0.0,0.0
6997,58.909231075461776,32127.7379563789,0.0,91.36254166989858,0.0,0.0
6998,58.909231075461776,32127.7379563789,0.0,91.36254166989858,0.0,0.0
6999,58.909231075461776,32127.7379563789,0.0,91.36254166989858,0.0,0.0
7000,58.909231075461776,32127.7379563789,0.0,91.36254166989858,0.0,0.0
7001,58.909231075461776,32127.7379563789,0.0,91.36254166989858,0.0,0.0
7002,58.909231075461776,32127.7379563789,0.0,91.36254166989858,0.0,0.0
7003,58.909231075461776,32127.7379563789,0.0,91.36254166989858,0.0,0.0
7004,58.909231075461776,32127.7379563789,0.0,91.36254166989858,0.0,0.0
7005,58.909231075461776,32127.7379563789,0.0,91.36254166989858,0.0,0.0
7006,58.909231075461776,32127.7379563789,0.0,91.36254166989858,0.0,0.0
7007,58.909231075461776,32127.7379563789,0.0,91.36254166989858,0.0,0.0
7008,58.909231075461776,32127.7379563789,0.0,91.36254166989858,0.0,0.0
7009,58.909231075461776,32127.7379563789,0.0,91.36254166989858,0.0,0.0
7010,58.909231075461776,32127.7379563789,0.0,91.36254166989858,0.0,0.0
7011,58.909231075461776,32127.7379563789,0.0,91.36254166989858,0.0,0.0
7012,58.909231075461776,32127.7379563789,0.0,91.36254166989858,0.0,0.0
7013,58.909231075461776,32127.7379563789,0.0,91.36254166989858,0.0,0.0
7014,58.909231075461776,32127.7379563789,0.0,91.36254166989858,0.0,0.0
7015,58.909231075461776,32127.7379563789,0.0,91.36254166989858,0.0,0.0
7016,58.909231075461776,32127.7379563789,0.0,91.36254166989858,0.0,0.0
7017,58.909231075461776,32127.7379563789,0.0,91.36254166989858,0.0,0.0
7018,58.909231075461776,32127.7379563789,0.0,91.36254166989858,0.0,0.0
7019,58.909231075461776,32127.7379563789,0.0,91.36254166989858,0.0,0.0
7020,58.909231075461776,32127.7379563789,0.0,91.36254166989858,0.0,0.0
7021,58.909231075461776,32127.7379563789,0.0,91.36254166989858,0.0,0.0
7022,58.909231075461776,32127.7379563789,0.0,91.36254166989858,0.0,0.0
7023,58.909231075461776,32127.7379563789,0.0,91.36254166989858,0.0,0.0
7024,58.909231075461776,32127.7379563789,0.0,91.36254166989858,0.0,0.0
7025,58.909231075461776,32127.7379563789,0.0,91.36254166989858,0.0,0.0
7026,58.909231075461776,32127.7379563789,0.0,91.36254166989858,0.0,0.0
7027,58.909231075461776,32127.7379563789,0.0,91.36254166989858,0.0,0.0
7028,58.909231075461776,32127.7379563789,0.0,91.36254166989858,0.0,0.0
7029,58.909231075461776,32127.7379563789,0.0,91.36254166989858,0.0,0.0
7030,58.909231075461776,32127.7379563789,0.0,91.36254166989858,0.0,0.0
7031,58.909231075461776,32127.7379563789,0.0,91.36254166989858,0.0,0.0
7032,58.909231075461776,32127.7379563789,0.0,91.36254166989858,0.0,0.0
7033,58.909231075461776,32127.7379563789,0.0,91.36254166989858,0.0,0.0
7034,58.909231075461776,32127.7379563789,0.0,91.36254166989858,0.0,0.0
7035,58.909231075461776,32127.7379563789,0.0,91.36254166989858,0.0,0.0
7036,58.909231075461776,32127.7379563789,0.0,91.36254166989858,0.0,0.0
7037,58.909231075461776,32127.7379563789,0.0,91.36254166989858,0.0,0.0
7038,58.909231075461776,32127.7379563789,0.0,91.36254166989858,0.0,0.0
7039,58.909231075461776,32127.7379563789,0.0,91.36254166989858,0.0,0.0
7040,58.909231075461776,32127.7379563789,0.0,91.36254166989858,0.0,0.0
7041,58.909231075461776,32127.7379563789,0.0,91.36254166989858,0.0,0.0
7042,58.909231075461776,32127.7379563789,0.0,91.36254166989858,0.0,0.0
7043,58.909231075461776,32127.7379563789,0.0,91.36254166989858,0.0,0.0
7044,58.909231075461776,32127.7379563789,0.0,91.36254166989858,0.0,0.0
7045,58.909231075461776,32127.7379563789,0.0,91.36254166989858,0.0,0.0
7046,58.909231075461776,32127.7379563789,0.0,91.36254166989858,0.0,0.0
7047,58.909231075461776,32127.7379563789,0.0,91.36254166989858,0.0,0.0
7048,58.909231075461776,32127.7379563789,0.0,91.36254166989858,0.0,0.0
7049,58.909231075461776,32127.7379563789,0.0,91.36254166989858,0.0,0.0
7050,58.909231075461776,32127.7379563789,0.0,91.36254166989858,0.0,0.0
7051,58.909231075461776,32127.7379563789,0.0,91.36254166989858,0.0,0.0
7052,58.909231075461776,32127.7379563789,0.0,91.36254166989858,0.0,0.0
7053,58.909231075461776,32127.7379563789,0.0,91.36254166989858,0.0,0.0
7054,58.909231075461776,32127.7379563789,0.0,91.36254166989858,0.0,0.0
7055,58.909231075461776,32127.7379563789,0.0,91.36254166989858,0.0,0.0
7056,58.882936004347826,37615.74533975917,0.0,87.69750873980838,0.0,0.0
7057,58.882936004347826,37615.74533975917,0.0,87.69750873980838,0.0,0.0
7058,58.882936004347826,37615.74533975917,0.0,87.69750873980838,0.0,0.0
7059,58.882936004347826,37615.74533975917,0.0,87.69750873980838,0.0,0.0
7060,58.882936004347826,37615.74533975917,0.0,87.69750873980838,0.0,0.0
7061,58.882936004347826,37615.74533975917,0.0,87.69750873980838,0.0,0.0
7062,58.882936004347826,37615.74533975917,0.0,87.69750873980838,0.0,0.0
7063,58.882936004347826,37615.74533975917,0.0,87.69750873980838,0.0,0.0
7064,58.882936004347826,37615.74533975917,0.0,87.69750873980838,0.0,0.0
7065,58.882936004347826,37615.74533975917,0.0,87.69750873980838,0.0,0.0
7066,58.882936004347826,37615.74533975917,0.0,87.69750873980838,0.0,0.0
7067,58.882936004347826,37615.74533975917,0.0,87.69750873980838,0.0,0.0
7068,58.882936004347826,37615.74533975917,0.0,87.69750873980838,0.0,0.0
7069,58.882936004347826,37615.74533975917,0.0,87.69750873980838,0.0,0.0
7070,58.882936004347826,37615.74533975917,0.0,87.69750873980838,0.0,0.0
7071,58.882936004347826,37615.74533975917,0.0,87.69750873980838,0.0,0.0
7072,58.882936004347826,37615.74533975917,0.0,87.69750873980838,0.0,0.0
7073,58.882936004347826,37615.74533975917,0.0,87.69750873980838,0.0,0.0
7074,58.882936004347826,37615.74533975917,0.0,87.69750873980838,0.0,0.0
7075,58.882936004347826,37615.74533975917,0.0,87.69750873980838,0.0,0.0
7076,58.882936004347826,37615.74533975917,0.0,87.69750873980838,0.0,0.0
7077,58.882936004347826,37615.74533975917,0.0,87.69750873980838,0.0,0.0
7078,58.882936004347826,37615.74533975917,0.0,87.69750873980838,0.0,0.0
7079,58.882936004347826,37615.74533975917,0.0,87.69750873980838,0.0,0.0
7080,58.882936004347826,37615.74533975917,0.0,87.69750873980838,0.0,0.0
7081,58.882936004347826,37615.74533975917,0.0,87.69750873980838,0.0,0.0
7082,58.882936004347826,37615.74533975917,0.0,87.69750873980838,0.0,0.0
7083,58.882936004347826,37615.74533975917,0.0,87.69750873980838,0.0,0.0
7084,58.882936004347826,37615.74533975917,0.0,87.69750873980838,0.0,0.0
7085,58.882936004347826,37615.74533975917,0.0,87.69750873980838,0.0,0.0
7086,58.882936004347826,37615.74533975917,0.0,87.69750873980838,0.0,0.0
7087,58.882936004347826,37615.74533975917,0.0,87.69750873980838,0.0,0.0
7088,58.882936004347826,37615.74533975917,0.0,87.69750873980838,0.0,0.0
7089,58.882936004347826,37615.74533975917,0.0,87.69750873980838,0.0,0.0
7090,58.882936004347826,37615.74533975917,0.0,87.69750873980838,0.0,0.0
7091,58.882936004347826,37615.74533975917,0.0,87.69750873980838,0.0,0.0
7092,58.882936004347826,37615.74533975917,0.0,87.69750873980838,0.0,0.0
7093,58.882936004347826,37615.74533975917,0.0,87.69750873980838,0.0,0.0
7094,58.882936004347826,37615.74533975917,0.0,87.69750873980838,0.0,0.0
7095,58.882936004347826,37615.74533975917,0.0,87.69750873980838,0.0,0.0
7096,58.882936004347826,37615.74533975917,0.0,87.69750873980838,0.0,0.0
7097,58.882936004347826,37615.74533975917,0.0,87.69750873980838,0.0,0.0
7098,58.882936004347826,37615.74533975917,0.0,87.69750873980838,0.0,0.0
7099,58.882936004347826,37615.74533975917,0.0,87.69750873980838,0.0,0.0
7100,58.882936004347826,37615.74533975917,0.0,87.69750873980838,0.0,0.0
7101,58.882936004347826,37615.74533975917,0.0,87.69750873980838,0.0,0.0
7102,58.882936004347826,37615.74533975917,0.0,87.69750873980838,0.0,0.0
7103,58.882936004347826,37615.74533975917,0.0,87.69750873980838,0.0,0.0
7104,58.882936004347826,37615.74533975917,0.0,87.69750873980838,0.0,0.0
7105,58.882936004347826,37615.74533975917,0.0,87.69750873980838,0.0,0.0
7106,58.882936004347826,37615.74533975917,0.0,87.69750873980838,0.0,0.0
7107,58.882936004347826,37615.74533975917,0.0,87.69750873980838,0.0,0.0
7108,58.882936004347826,37615.74533975917,0.0,87.69750873980838,0.0,0.0
7109,58.882936004347826,37615.74533975917,0.0,87.69750873980838,0.0,0.0
7110,58.882936004347826,37615.74533975917,0.0,87.69750873980838,0.0,0.0
7111,58.882936004347826,37615.74533975917,0.0,87.69750873980838,0.0,0.0
7112,58.882936004347826,37615.74533975917,0.0,87.69750873980838,0.0,0.0
7113,58.882936004347826,37615.74533975917,0.0,87.69750873980838,0.0,0.0
7114,58.882936004347826,37615.74533975917,0.0,87.69750873980838,0.0,0.0
7115,58.882936004347826,37615.74533975917,0.0,87.69750873980838,0.0,0.0
7116,58.882936004347826,37615.74533975917,0.0,87.69750873980838,0.0,0.0
7117,58.882936004347826,37615.74533975917,0.0,87.69750873980838,0.0,0.0
7118,58.882936004347826,37615.74533975917,0.0,87.69750873980838,0.0,0.0
7119,58.882936004347826,37615.74533975917,0.0,87.69750873980838,0.0,0.0
7120,58.882936004347826,37615.74533975917,0.0,87.69750873980838,0.0,0.0
7121,58.882936004347826,37615.74533975917,0.0,87.69750873980838,0.0,0.0
7122,58.882936004347826,37615.74533975917,0.0,87.69750873980838,0.0,0.0
7123,58.882936004347826,37615.74533975917,0.0,87.69750873980838,0.0,0.0
7124,58.882936004347826,37615.74533975917,0.0,87.69750873980838,0.0,0.0
7125,58.882936004347826,37615.74533975917,0.0,87.69750873980838,0.0,0.0
7126,58.882936004347826,37615.74533975917,0.0,87.69750873980838,0.0,0.0
7127,58.882936004347826,37615.74533975917,0.0,87.69750873980838,0.0,0.0
7128,58.882936004347826,37615.74533975917,0.0,87.69750873980838,0.0,0.0
7129,58.882936004347826,37615.74533975917,0.0,87.69750873980838,0.0,0.0
7130,58.882936004347826,37615.74533975917,0.0,87.69750873980838,0.0,0.0
7131,58.882936004347826,37615.74533975917,0.0,87.69750873980838,0.0,0.0
7132,58.882936004347826,37615.74533975917,0.0,87.69750873980838,0.0,0.0
7133,58.882936004347826,37615.74533975917,0.0,87.69750873980838,0.0,0.0
7134,58.882936004347826,37615.74533975917,0.0,87.69750873980838,0.0,0.0
7135,58.882936004347826,37615.74533975917,0.0,87.69750873980838,0.0,0.0
7136,58.882936004347826,37615.74533975917,0.0,87.69750873980838,0.0,0.0
7137,58.882936004347826,37615.74533975917,0.0,87.69750873980838,0.0,0.0
7138,58.882936004347826,37615.74533975917,0.0,87.69750873980838,0.0,0.0
7139,58.882936004347826,37615.74533975917,0.0,87.69750873980838,0.0,0.0
7140,58.882936004347826,37615.74533975917,0.0,87.69750873980838,0.0,0.0
7141,58.882936004347826,37615.74533975917,0.0,87.69750873980838,0.0,0.0
7142,58.882936004347826,37615.74533975917,0.0,87.69750873980838,0.0,0.0
7143,58.882936004347826,37615.74533975917,0.0,87.69750873980838,0.0,0.0
7144,58.882936004347826,37615.74533975917,0.0,87.69750873980838,0.0,0.0
7145,58.882936004347826,37615.74533975917,0.0,87.69750873980838,0.0,0.0
7146,58.882936004347826,37615.74533975917,0.0,87.69750873980838,0.0,0.0
7147,58.882936004347826,37615.74533975917,0.0,87.69750873980838,0.0,0.0
7148,58.882936004347826,37615.74533975917,0.0,87.69750873980838,0.0,0.0
7149,58.882936004347826,37615.74533975917,0.0,87.69750873980838,0.0,0.0
7150,58.882936004347826,37615.74533975917,0.0,87.69750873980838,0.0,0.0
7151,58.882936004347826,37615.74533975917,0.0,87.69750873980838,0.0,0.0
7152,58.882936004347826,37615.74533975917,0.0,87.69750873980838,0.0,0.0
7153,58.882936004347826,37615.74533975917,0.0,87.69750873980838,0.0,0.0
7154,58.882936004347826,37615.74533975917,0.0,87.69750873980838,0.0,0.0
7155,58.882936004347826,37615.74533975917,0.0,87.69750873980838,0.0,0.0
7156,58.882936004347826,37615.74533975917,0.0,87.69750873980838,0.0,0.0
7157,58.882936004347826,37615.74533975917,0.0,87.69750873980838,0.0,0.0
7158,58.882936004347826,37615.74533975917,0.0,87.69750873980838,0.0,0.0
7159,58.882936004347826,37615.74533975917,0.0,87.69750873980838,0.0,0.0
7160,58.882936004347826,37615.74533975917,0.0,87.69750873980838,0.0,0.0
7161,58.882936004347826,37615.74533975917,0.0,87.69750873980838,0.0,0.0
7162,58.882936004347826,37615.74533975917,0.0,87.69750873980838,0.0,0.0
7163,58.882936004347826,37615.74533975917,0.0,87.69750873980838,0.0,0.0
7164,58.882936004347826,37615.74533975917,0.0,87.69750873980838,0.0,0.0
7165,58.882936004347826,37615.74533975917,0.0,87.69750873980838,0.0,0.0
7166,58.882936004347826,37615.74533975917,0.0,87.69750873980838,0.0,0.0
7167,58.882936004347826,37615.74533975917,0.0,87.69750873980838,0.0,0.0
7168,58.882936004347826,37615.74533975917,0.0,87.69750873980838,0.0,0.0
7169,58.882936004347826,37615.74533975917,0.0,87.69750873980838,0.0,0.0
7170,58.882936004347826,37615.74533975917,0.0,87.69750873980838,0.0,0.0
7171,58.882936004347826,37615.74533975917,0.0,87.69750873980838,0.0,0.0
7172,58.882936004347826,37615.74533975917,0.0,87.69750873980838,0.0,0.0
7173,58.882936004347826,37615.74533975917,0.0,87.69750873980838,0.0,0.0
7174,58.882936004347826,37615.74533975917,0.0,87.69750873980838,0.0,0.0
7175,58.882936004347826,37615.74533975917,0.0,87.69750873980838,0.0,0.0
7176,58.882936004347826,37615.74533975917,0.0,87.69750873980838,0.0,0.0
7177,58.882936004347826,37615.74533975917,0.0,87.69750873980838,0.0,0.0
7178,58.882936004347826,37615.74533975917,0.0,87.69750873980838,0.0,0.0
7179,58.882936004347826,37615.74533975917,0.0,87.69750873980838,0.0,0.0
7180,58.882936004347826,37615.74533975917,0.0,87.69750873980838,0.0,0.0
7181,58.882936004347826,37615.74533975917,0.0,87.69750873980838,0.0,0.0
7182,58.882936004347826,37615.74533975917,0.0,87.69750873980838,0.0,0.0
7183,58.882936004347826,37615.74533975917,0.0,87.69750873980838,0.0,0.0
7184,58.882936004347826,37615.74533975917,0.0,87.69750873980838,0.0,0.0
7185,58.882936004347826,37615.74533975917,0.0,87.69750873980838,0.0,0.0
7186,58.882936004347826,37615.74533975917,0.0,87.69750873980838,0.0,0.0
7187,58.882936004347826,37615.74533975917,0.0,87.69750873980838,0.0,0.0
7188,58.882936004347826,37615.74533975917,0.0,87.69750873980838,0.0,0.0
7189,58.882936004347826,37615.74533975917,0.0,87.69750873980838,0.0,0.0
7190,58.882936004347826,37615.74533975917,0.0,87.69750873980838,0.0,0.0
7191,58.882936004347826,37615.74533975917,0.0,87.69750873980838,0.0,0.0
7192,58.882936004347826,37615.74533975917,0.0,87.69750873980838,0.0,0.0
7193,58.882936004347826,37615.74533975917,0.0,87.69750873980838,0.0,0.0
7194,58.882936004347826,37615.74533975917,0.0,87.69750873980838,0.0,0.0
7195,58.882936004347826,37615.74533975917,0.0,87.69750873980838,0.0,0.0
7196,58.882936004347826,37615.74533975917,0.0,87.69750873980838,0.0,0.0
7197,58.882936004347826,37615.74533975917,0.0,87.69750873980838,0.0,0.0
7198,58.882936004347826,37615.74533975917,0.0,87.69750873980838,0.0,0.0
7199,58.882936004347826,37615.74533975917,0.0,87.69750873980838,0.0,0.0
7200,58.882936004347826,37615.74533975917,0.0,87.69750873980838,0.0,0.0
7201,58.882936004347826,37615.74533975917,0.0,87.69750873980838,0.0,0.0
7202,58.882936004347826,37615.74533975917,0.0,87.69750873980838,0.0,0.0
7203,58.882936004347826,37615.74533975917,0.0,87.69750873980838,0.0,0.0
7204,58.882936004347826,37615.74533975917,0.0,87.69750873980838,0.0,0.0
7205,58.882936004347826,37615.74533975917,0.0,87.69750873980838,0.0,0.0
7206,58.882936004347826,37615.74533975917,0.0,87.69750873980838,0.0,0.0
7207,58.882936004347826,37615.74533975917,0.0,87.69750873980838,0.0,0.0
7208,58.882936004347826,37615.74533975917,0.0,87.69750873980838,0.0,0.0
7209,58.882936004347826,37615.74533975917,0.0,87.69750873980838,0.0,0.0
7210,58.882936004347826,37615.74533975917,0.0,87.69750873980838,0.0,0.0
7211,58.882936004347826,37615.74533975917,0.0,87.69750873980838,0.0,0.0
7212,58.882936004347826,37615.74533975917,0.0,87.69750873980838,0.0,0.0
7213,58.882936004347826,37615.74533975917,0.0,87.69750873980838,0.0,0.0
7214,58.882936004347826,37615.74533975917,0.0,87.69750873980838,0.0,0.0
7215,58.882936004347826,37615.74533975917,0.0,87.69750873980838,0.0,0.0
7216,58.882936004347826,37615.74533975917,0.0,87.69750873980838,0.0,0.0
7217,58.882936004347826,37615.74533975917,0.0,87.69750873980838,0.0,0.0
7218,58.882936004347826,37615.74533975917,0.0,87.69750873980838,0.0,0.0
7219,58.882936004347826,37615.74533975917,0.0,87.69750873980838,0.0,0.0
7220,58.882936004347826,37615.74533975917,0.0,87.69750873980838,0.0,0.0
7221,58.882936004347826,37615.74533975917,0.0,87.69750873980838,0.0,0.0
7222,58.882936004347826,37615.74533975917,0.0,87.69750873980838,0.0,0.0
7223,58.882936004347826,37615.74533975917,0.0,87.69750873980838,0.0,0.0
7224,57.53726437133168,15584.856731787677,0.0,80.32396088681429,0.0,0.0
7225,57.53726437133168,15584.856731787677,0.0,80.32396088681429,0.0,0.0
7226,57.53726437133168,15584.856731787677,0.0,80.32396088681429,0.0,0.0
7227,57.53726437133168,15584.856731787677,0.0,80.32396088681429,0.0,0.0
7228,57.53726437133168,15584.856731787677,0.0,80.32396088681429,0.0,0.0
7229,57.53726437133168,15584.856731787677,0.0,80.32396088681429,0.0,0.0
7230,57.53726437133168,15584.856731787677,0.0,80.32396088681429,0.0,0.0
7231,57.53726437133168,15584.856731787677,0.0,80.32396088681429,0.0,0.0
7232,57.53726437133168,15584.856731787677,0.0,80.32396088681429,0.0,0.0
7233,57.53726437133168,15584.856731787677,0.0,80.32396088681429,0.0,0.0
7234,57.53726437133168,15584.856731787677,0.0,80.32396088681429,0.0,0.0
7235,57.53726437133168,15584.856731787677,0.0,80.32396088681429,0.0,0.0
7236,57.53726437133168,15584.856731787677,0.0,80.32396088681429,0.0,0.0
7237,57.53726437133168,15584.856731787677,0.0,80.32396088681429,0.0,0.0
7238,57.53726437133168,15584.856731787677,0.0,80.32396088681429,0.0,0.0
7239,57.53726437133168,15584.856731787677,0.0,80.32396088681429,0.0,0.0
7240,57.53726437133168,15584.856731787677,0.0,80.32396088681429,0.0,0.0
7241,57.53726437133168,15584.856731787677,0.0,80.32396088681429,0.0,0.0
7242,57.53726437133168,15584.856731787677,0.0,80.32396088681429,0.0,0.0
7243,57.53726437133168,15584.856731787677,0.0,80.32396088681429,0.0,0.0
7244,57.53726437133168,15584.856731787677,0.0,80.32396088681429,0.0,0.0
7245,57.53726437133168,15584.856731787677,0.0,80.32396088681429,0.0,0.0
7246,57.53726437133168,15584.856731787677,0.0,80.32396088681429,0.0,0.0
7247,57.53726437133168,15584.856731787677,0.0,80.32396088681429,0.0,0.0
7248,57.53726437133168,15584.856731787677,0.0,80.32396088681429,0.0,0.0
7249,57.53726437133168,15584.856731787677,0.0,80.32396088681429,0.0,0.0
7250,57.53726437133168,15584.856731787677,0.0,80.32396088681429,0.0,0.0
7251,57.53726437133168,15584.856731787677,0.0,80.32396088681429,0.0,0.0
7252,57.53726437133168,15584.856731787677,0.0,80.32396088681429,0.0,0.0
7253,57.53726437133168,15584.856731787677,0.0,80.32396088681429,0.0,0.0
7254,57.53726437133168,15584.856731787677,0.0,80.32396088681429,0.0,0.0
7255,57.53726437133168,15584.856731787677,0.0,80.32396088681429,0.0,0.0
7256,57.53726437133168,15584.856731787677,0.0,80.32396088681429,0.0,0.0
7257,57.53726437133168,15584.856731787677,0.0,80.32396088681429,0.0,0.0
7258,57.53726437133168,15584.856731787677,0.0,80.32396088681429,0.0,0.0
7259,57.53726437133168,15584.856731787677,0.0,80.32396088681429,0.0,0.0
7260,57.53726437133168,15584.856731787677,0.0,80.32396088681429,0.0,0.0
7261,57.53726437133168,15584.856731787677,0.0,80.32396088681429,0.0,0.0
7262,57.53726437133168,15584.856731787677,0.0,80.32396088681429,0.0,0.0
7263,57.53726437133168,15584.856731787677,0.0,80.32396088681429,0.0,0.0
7264,57.53726437133168,15584.856731787677,0.0,80.32396088681429,0.0,0.0
7265,57.53726437133168,15584.856731787677,0.0,80.32396088681429,0.0,0.0
7266,57.53726437133168,15584.856731787677,0.0,80.32396088681429,0.0,0.0
7267,57.53726437133168,15584.856731787677,0.0,80.32396088681429,0.0,0.0
7268,57.53726437133168,15584.856731787677,0.0,80.32396088681429,0.0,0.0
7269,57.53726437133168,15584.856731787677,0.0,80.32396088681429,0.0,0.0
7270,57.53726437133168,15584.856731787677,0.0,80.32396088681429,0.0,0.0
7271,57.53726437133168,15584.856731787677,0.0,80.32396088681429,0.0,0.0
7272,57.53726437133168,15584.856731787677,0.0,80.32396088681429,0.0,0.0
7273,57.53726437133168,15584.856731787677,0.0,80.32396088681429,0.0,0.0
7274,57.53726437133168,15584.856731787677,0.0,80.32396088681429,0.0,0.0
7275,57.53726437133168,15584.856731787677,0.0,80.32396088681429,0.0,0.0
7276,57.53726437133168,15584.856731787677,0.0,80.32396088681429,0.0,0.0
7277,57.53726437133168,15584.856731787677,0.0,80.32396088681429,0.0,0.0
7278,57.53726437133168,15584.856731787677,0.0,80.32396088681429,0.0,0.0
7279,57.53726437133168,15584.856731787677,0.0,80.32396088681429,0.0,0.0
7280,57.53726437133168,15584.856731787677,0.0,80.32396088681429,0.0,0.0
7281,57.53726437133168,15584.856731787677,0.0,80.32396088681429,0.0,0.0
7282,57.53726437133168,15584.856731787677,0.0,80.32396088681429,0.0,0.0
7283,57.53726437133168,15584.856731787677,0.0,80.32396088681429,0.0,0.0
7284,57.53726437133168,15584.856731787677,0.0,80.32396088681429,0.0,0.0
7285,57.53726437133168,15584.856731787677,0.0,80.32396088681429,0.0,0.0
7286,57.53726437133168,15584.856731787677,0.0,80.32396088681429,0.0,0.0
7287,57.53726437133168,15584.856731787677,0.0,80.32396088681429,0.0,0.0
7288,57.53726437133168,15584.856731787677,0.0,80.32396088681429,0.0,0.0
7289,57.53726437133168,15584.856731787677,0.0,80.32396088681429,0.0,0.0
7290,57.53726437133168,15584.856731787677,0.0,80.32396088681429,0.0,0.0
7291,57.53726437133168,15584.856731787677,0.0,80.32396088681429,0.0,0.0
7292,57.53726437133168,15584.856731787677,0.0,80.32396088681429,0.0,0.0
7293,57.53726437133168,15584.856731787677,0.0,80.32396088681429,0.0,0.0
7294,57.53726437133168,15584.856731787677,0.0,80.32396088681429,0.0,0.0
7295,57.53726437133168,15584.856731787677,0.0,80.32396088681429,0.0,0.0
7296,57.53726437133168,15584.856731787677,0.0,80.32396088681429,0.0,0.0
7297,57.53726437133168,15584.856731787677,0.0,80.32396088681429,0.0,0.0
7298,57.53726437133168,15584.856731787677,0.0,80.32396088681429,0.0,0.0
7299,57.53726437133168,15584.856731787677,0.0,80.32396088681429,0.0,0.0
7300,57.53726437133168,15584.856731787677,0.0,80.32396088681429,0.0,0.0
7301,57.53726437133168,15584.856731787677,0.0,80.32396088681429,0.0,0.0
7302,57.53726437133168,15584.856731787677,0.0,80.32396088681429,0.0,0.0
7303,57.53726437133168,15584.856731787677,0.0,80.32396088681429,0.0,0.0
7304,57.53726437133168,15584.856731787677,0.0,80.32396088681429,0.0,0.0
7305,57.53726437133168,15584.856731787677,0.0,80.32396088681429,0.0,0.0
7306,57.53726437133168,15584.856731787677,0.0,80.32396088681429,0.0,0.0
7307,57.53726437133168,15584.856731787677,0.0,80.32396088681429,0.0,0.0
7308,57.53726437133168,15584.856731787677,0.0,80.32396088681429,0.0,0.0
7309,57.53726437133168,15584.856731787677,0.0,80.32396088681429,0.0,0.0
7310,57.53726437133168,15584.856731787677,0.0,80.32396088681429,0.0,0.0
7311,57.53726437133168,15584.856731787677,0.0,80.32396088681429,0.0,0.0
7312,57.53726437133168,15584.856731787677,0.0,80.32396088681429,0.0,0.0
7313,57.53726437133168,15584.856731787677,0.0,80.32396088681429,0.0,0.0
7314,57.53726437133168,15584.856731787677,0.0,80.32396088681429,0.0,0.0
7315,57.53726437133168,15584.856731787677,0.0,80.32396088681429,0.0,0.0
7316,57.53726437133168,15584.856731787677,0.0,80.32396088681429,0.0,0.0
7317,57.53726437133168,15584.856731787677,0.0,80.32396088681429,0.0,0.0
7318,57.53726437133168,15584.856731787677,0.0,80.32396088681429,0.0,0.0
7319,57.53726437133168,15584.856731787677,0.0,80.32396088681429,0.0,0.0
7320,57.53726437133168,15584.856731787677,0.0,80.32396088681429,0.0,0.0
7321,57.53726437133168,15584.856731787677,0.0,80.32396088681429,0.0,0.0
7322,57.53726437133168,15584.856731787677,0.0,80.32396088681429,0.0,0.0
7323,57.53726437133168,15584.856731787677,0.0,80.32396088681429,0.0,0.0
7324,57.53726437133168,15584.856731787677,0.0,80.32396088681429,0.0,0.0
7325,57.53726437133168,15584.856731787677,0.0,80.32396088681429,0.0,0.0
7326,57.53726437133168,15584.856731787677,0.0,80.32396088681429,0.0,0.0
7327,57.53726437133168,15584.856731787677,0.0,80.32396088681429,0.0,0.0
7328,57.53726437133168,15584.856731787677,0.0,80.32396088681429,0.0,0.0
7329,57.53726437133168,15584.856731787677,0.0,80.32396088681429,0.0,0.0
7330,57.53726437133168,15584.856731787677,0.0,80.32396088681429,0.0,0.0
7331,57.53726437133168,15584.856731787677,0.0,80.32396088681429,0.0,0.0
7332,57.53726437133168,15584.856731787677,0.0,80.32396088681429,0.0,0.0
7333,57.53726437133168,15584.856731787677,0.0,80.32396088681429,0.0,0.0
7334,57.53726437133168,15584.856731787677,0.0,80.32396088681429,0.0,0.0
7335,57.53726437133168,15584.856731787677,0.0,80.32396088681429,0.0,0.0
7336,57.53726437133168,15584.856731787677,0.0,80.32396088681429,0.0,0.0
7337,57.53726437133168,15584.856731787677,0.0,80.32396088681429,0.0,0.0
7338,57.53726437133168,15584.856731787677,0.0,80.32396088681429,0.0,0.0
7339,57.53726437133168,15584.856731787677,0.0,80.32396088681429,0.0,0.0
7340,57.53726437133168,15584.856731787677,0.0,80.32396088681429,0.0,0.0
7341,57.53726437133168,15584.856731787677,0.0,80.32396088681429,0.0,0.0
7342,57.53726437133168,15584.856731787677,0.0,80.32396088681429,0.0,0.0
7343,57.53726437133168,15584.856731787677,0.0,80.32396088681429,0.0,0.0
7344,57.53726437133168,15584.856731787677,0.0,80.32396088681429,0.0,0.0
7345,57.53726437133168,15584.856731787677,0.0,80.32396088681429,0.0,0.0
7346,57.53726437133168,15584.856731787677,0.0,80.32396088681429,0.0,0.0
7347,57.53726437133168,15584.856731787677,0.0,80.32396088681429,0.0,0.0
7348,57.53726437133168,15584.856731787677,0.0,80.32396088681429,0.0,0.0
7349,57.53726437133168,15584.856731787677,0.0,80.32396088681429,0.0,0.0
7350,57.53726437133168,15584.856731787677,0.0,80.32396088681429,0.0,0.0
7351,57.53726437133168,15584.856731787677,0.0,80.32396088681429,0.0,0.0
7352,57.53726437133168,15584.856731787677,0.0,80.32396088681429,0.0,0.0
7353,57.53726437133168,15584.856731787677,0.0,80.32396088681429,0.0,0.0
7354,57.53726437133168,15584.856731787677,0.0,80.32396088681429,0.0,0.0
7355,57.53726437133168,15584.856731787677,0.0,80.32396088681429,0.0,0.0
7356,57.53726437133168,15584.856731787677,0.0,80.32396088681429,0.0,0.0
7357,57.53726437133168,15584.856731787677,0.0,80.32396088681429,0.0,0.0
7358,57.53726437133168,15584.856731787677,0.0,80.32396088681429,0.0,0.0
7359,57.53726437133168,15584.856731787677,0.0,80.32396088681429,0.0,0.0
7360,57.53726437133168,15584.856731787677,0.0,80.32396088681429,0.0,0.0
7361,57.53726437133168,15584.856731787677,0.0,80.32396088681429,0.0,0.0
7362,57.53726437133168,15584.856731787677,0.0,80.32396088681429,0.0,0.0
7363,57.53726437133168,15584.856731787677,0.0,80.32396088681429,0.0,0.0
7364,57.53726437133168,15584.856731787677,0.0,80.32396088681429,0.0,0.0
7365,57.53726437133168,15584.856731787677,0.0,80.32396088681429,0.0,0.0
7366,57.53726437133168,15584.856731787677,0.0,80.32396088681429,0.0,0.0
7367,57.53726437133168,15584.856731787677,0.0,80.32396088681429,0.0,0.0
7368,57.53726437133168,15584.856731787677,0.0,80.32396088681429,0.0,0.0
7369,57.53726437133168,15584.856731787677,0.0,80.32396088681429,0.0,0.0
7370,57.53726437133168,15584.856731787677,0.0,80.32396088681429,0.0,0.0
7371,57.53726437133168,15584.856731787677,0.0,80.32396088681429,0.0,0.0
7372,57.53726437133168,15584.856731787677,0.0,80.32396088681429,0.0,0.0
7373,57.53726437133168,15584.856731787677,0.0,80.32396088681429,0.0,0.0
7374,57.53726437133168,15584.856731787677,0.0,80.32396088681429,0.0,0.0
7375,57.53726437133168,15584.856731787677,0.0,80.32396088681429,0.0,0.0
7376,57.53726437133168,15584.856731787677,0.0,80.32396088681429,0.0,0.0
7377,57.53726437133168,15584.856731787677,0.0,80.32396088681429,0.0,0.0
7378,57.53726437133168,15584.856731787677,0.0,80.32396088681429,0.0,0.0
7379,57.53726437133168,15584.856731787677,0.0,80.32396088681429,0.0,0.0
7380,57.53726437133168,15584.856731787677,0.0,80.32396088681429,0.0,0.0
7381,57.53726437133168,15584.856731787677,0.0,80.32396088681429,0.0,0.0
7382,57.53726437133168,15584.856731787677,0.0,80.32396088681429,0.0,0.0
7383,57.53726437133168,15584.856731787677,0.0,80.32396088681429,0.0,0.0
7384,57.53726437133168,15584.856731787677,0.0,80.32396088681429,0.0,0.0
7385,57.53726437133168,15584.856731787677,0.0,80.32396088681429,0.0,0.0
7386,57.53726437133168,15584.856731787677,0.0,80.32396088681429,0.0,0.0
7387,57.53726437133168,15584.856731787677,0.0,80.32396088681429,0.0,0.0
7388,57.53726437133168,15584.856731787677,0.0,80.32396088681429,0.0,0.0
7389,57.53726437133168,15584.856731787677,0.0,80.32396088681429,0.0,0.0
7390,57.53726437133168,15584.856731787677,0.0,80.32396088681429,0.0,0.0
7391,57.53726437133168,15584.856731787677,0.0,80.32396088681429,0.0,0.0
7392,51.497467596570644,10660.039957736244,0.0,31.164456902569114,0.0,0.0
7393,51.497467596570644,10660.039957736244,0.0,31.164456902569114,0.0,0.0
7394,51.497467596570644,10660.039957736244,0.0,31.164456902569114,0.0,0.0
7395,51.497467596570644,10660.039957736244,0.0,31.164456902569114,0.0,0.0
7396,51.497467596570644,10660.039957736244,0.0,31.164456902569114,0.0,0.0
7397,51.497467596570644,10660.039957736244,0.0,31.164456902569114,0.0,0.0
7398,51.497467596570644,10660.039957736244,0.0,31.164456902569114,0.0,0.0
7399,51.497467596570644,10660.039957736244,0.0,31.164456902569114,0.0,0.0
7400,51.497467596570644,10660.039957736244,0.0,31.164456902569114,0.0,0.0
7401,51.497467596570644,10660.039957736244,0.0,31.164456902569114,0.0,0.0
7402,51.497467596570644,10660.039957736244,0.0,31.164456902569114,0.0,0.0
7403,51.497467596570644,10660.039957736244,0.0,31.164456902569114,0.0,0.0
7404,51.497467596570644,10660.039957736244,0.0,31.164456902569114,0.0,0.0
7405,51.497467596570644,10660.039957736244,0.0,31.164456902569114,0.0,0.0
7406,51.497467596570644,10660.039957736244,0.0,31.164456902569114,0.0,0.0
7407,51.497467596570644,10660.039957736244,0.0,31.164456902569114,0.0,0.0
7408,51.497467596570644,10660.039957736244,0.0,31.164456902569114,0.0,0.0
7409,51.497467596570644,10660.039957736244,0.0,31.164456902569114,0.0,0.0
7410,51.497467596570644,10660.039957736244,0.0,31.164456902569114,0.0,0.0
7411,51.497467596570644,10660.039957736244,0.0,31.164456902569114,0.0,0.0
7412,51.497467596570644,10660.039957736244,0.0,31.164456902569114,0.0,0.0
7413,51.497467596570644,10660.039957736244,0.0,31.164456902569114,0.0,0.0
7414,51.497467596570644,10660.039957736244,0.0,31.164456902569114,0.0,0.0
7415,51.497467596570644,10660.039957736244,0.0,31.164456902569114,0.0,0.0
7416,51.497467596570644,10660.039957736244,0.0,31.164456902569114,0.0,0.0
7417,51.497467596570644,10660.039957736244,0.0,31.164456902569114,0.0,0.0
7418,51.497467596570644,10660.039957736244,0.0,31.164456902569114,0.0,0.0
7419,51.497467596570644,10660.039957736244,0.0,31.164456902569114,0.0,0.0
7420,51.497467596570644,10660.039957736244,0.0,31.164456902569114,0.0,0.0
7421,51.497467596570644,10660.039957736244,0.0,31.164456902569114,0.0,0.0
7422,51.497467596570644,10660.039957736244,0.0,31.164456902569114,0.0,0.0
7423,51.497467596570644,10660.039957736244,0.0,31.164456902569114,0.0,0.0
7424,51.497467596570644,10660.039957736244,0.0,31.164456902569114,0.0,0.0
7425,51.497467596570644,10660.039957736244,0.0,31.164456902569114,0.0,0.0
7426,51.497467596570644,10660.039957736244,0.0,31.164456902569114,0.0,0.0
7427,51.497467596570644,10660.039957736244,0.0,31.164456902569114,0.0,0.0
7428,51.497467596570644,10660.039957736244,0.0,31.164456902569114,0.0,0.0
7429,51.497467596570644,10660.039957736244,0.0,31.164456902569114,0.0,0.0
7430,51.497467596570644,10660.039957736244,0.0,31.164456902569114,0.0,0.0
7431,51.497467596570644,10660.039957736244,0.0,31.164456902569114,0.0,0.0
7432,51.497467596570644,10660.039957736244,0.0,31.164456902569114,0.0,0.0
7433,51.497467596570644,10660.039957736244,0.0,31.164456902569114,0.0,0.0
7434,51.497467596570644,10660.039957736244,0.0,31.164456902569114,0.0,0.0
7435,51.497467596570644,10660.039957736244,0.0,31.164456902569114,0.0,0.0
7436,51.497467596570644,10660.039957736244,0.0,31.164456902569114,0.0,0.0
7437,51.497467596570644,10660.039957736244,0.0,31.164456902569114,0.0,0.0
7438,51.497467596570644,10660.039957736244,0.0,31.164456902569114,0.0,0.0
7439,51.497467596570644,10660.039957736244,0.0,31.164456902569114,0.0,0.0
7440,51.497467596570644,10660.039957736244,0.0,31.164456902569114,0.0,0.0
7441,51.497467596570644,10660.039957736244,0.0,31.164456902569114,0.0,0.0
7442,51.497467596570644,10660.039957736244,0.0,31.164456902569114,0.0,0.0
7443,51.497467596570644,10660.039957736244,0.0,31.164456902569114,0.0,0.0
7444,51.497467596570644,10660.039957736244,0.0,31.164456902569114,0.0,0.0
7445,51.497467596570644,10660.039957736244,0.0,31.164456902569114,0.0,0.0
7446,51.497467596570644,10660.039957736244,0.0,31.164456902569114,0.0,0.0
7447,51.497467596570644,10660.039957736244,0.0,31.164456902569114,0.0,0.0
7448,51.497467596570644,10660.039957736244,0.0,31.164456902569114,0.0,0.0
7449,51.497467596570644,10660.039957736244,0.0,31.164456902569114,0.0,0.0
7450,51.497467596570644,10660.039957736244,0.0,31.164456902569114,0.0,0.0
7451,51.497467596570644,10660.039957736244,0.0,31.164456902569114,0.0,0.0
7452,51.497467596570644,10660.039957736244,0.0,31.164456902569114,0.0,0.0
7453,51.497467596570644,10660.039957736244,0.0,31.164456902569114,0.0,0.0
7454,51.497467596570644,10660.039957736244,0.0,31.164456902569114,0.0,0.0
7455,51.497467596570644,10660.039957736244,0.0,31.164456902569114,0.0,0.0
7456,51.497467596570644,10660.039957736244,0.0,31.164456902569114,0.0,0.0
7457,51.497467596570644,10660.039957736244,0.0,31.164456902569114,0.0,0.0
7458,51.497467596570644,10660.039957736244,0.0,31.164456902569114,0.0,0.0
7459,51.497467596570644,10660.039957736244,0.0,31.164456902569114,0.0,0.0
7460,51.497467596570644,10660.039957736244,0.0,31.164456902569114,0.0,0.0
7461,51.497467596570644,10660.039957736244,0.0,31.164456902569114,0.0,0.0
7462,51.497467596570644,10660.039957736244,0.0,31.164456902569114,0.0,0.0
7463,51.497467596570644,10660.039957736244,0.0,31.164456902569114,0.0,0.0
7464,51.497467596570644,10660.039957736244,0.0,31.164456902569114,0.0,0.0
7465,51.497467596570644,10660.039957736244,0.0,31.164456902569114,0.0,0.0
7466,51.497467596570644,10660.039957736244,0.0,31.164456902569114,0.0,0.0
7467,51.497467596570644,10660.039957736244,0.0,31.164456902569114,0.0,0.0
7468,51.497467596570644,10660.039957736244,0.0,31.164456902569114,0.0,0.0
7469,51.497467596570644,10660.039957736244,0.0,31.164456902569114,0.0,0.0
7470,51.497467596570644,10660.039957736244,0.0,31.164456902569114,0.0,0.0
7471,51.497467596570644,10660.039957736244,0.0,31.164456902569114,0.0,0.0
7472,51.497467596570644,10660.039957736244,0.0,31.164456902569114,0.0,0.0
7473,51.497467596570644,10660.039957736244,0.0,31.164456902569114,0.0,0.0
7474,51.497467596570644,10660.039957736244,0.0,31.164456902569114,0.0,0.0
7475,51.497467596570644,10660.039957736244,0.0,31.164456902569114,0.0,0.0
7476,51.497467596570644,10660.039957736244,0.0,31.164456902569114,0.0,0.0
7477,51.497467596570644,10660.039957736244,0.0,31.164456902569114,0.0,0.0
7478,51.497467596570644,10660.039957736244,0.0,31.164456902569114,0.0,0.0
7479,51.497467596570644,10660.039957736244,0.0,31.164456902569114,0.0,0.0
7480,51.497467596570644,10660.039957736244,0.0,31.164456902569114,0.0,0.0
7481,51.497467596570644,10660.039957736244,0.0,31.164456902569114,0.0,0.0
7482,51.497467596570644,10660.039957736244,0.0,31.164456902569114,0.0,0.0
7483,51.497467596570644,10660.039957736244,0.0,31.164456902569114,0.0,0.0
7484,51.497467596570644,10660.039957736244,0.0,31.164456902569114,0.0,0.0
7485,51.497467596570644,10660.039957736244,0.0,31.164456902569114,0.0,0.0
7486,51.497467596570644,10660.039957736244,0.0,31.164456902569114,0.0,0.0
7487,51.497467596570644,10660.039957736244,0.0,31.164456902569114,0.0,0.0
7488,51.497467596570644,10660.039957736244,0.0,31.164456902569114,0.0,0.0
7489,51.497467596570644,10660.039957736244,0.0,31.164456902569114,0.0,0.0
7490,51.497467596570644,10660.039957736244,0.0,31.164456902569114,0.0,0.0
7491,51.497467596570644,10660.039957736244,0.0,31.164456902569114,0.0,0.0
7492,51.497467596570644,10660.039957736244,0.0,31.164456902569114,0.0,0.0
7493,51.497467596570644,10660.039957736244,0.0,31.164456902569114,0.0,0.0
7494,51.497467596570644,10660.039957736244,0.0,31.164456902569114,0.0,0.0
7495,51.497467596570644,10660.039957736244,0.0,31.164456902569114,0.0,0.0
7496,51.497467596570644,10660.039957736244,0.0,31.164456902569114,0.0,0.0
7497,51.497467596570644,10660.039957736244,0.0,31.164456902569114,0.0,0.0
7498,51.497467596570644,10660.039957736244,0.0,31.164456902569114,0.0,0.0
7499,51.497467596570644,10660.039957736244,0.0,31.164456902569114,0.0,0.0
7500,51.497467596570644,10660.039957736244,0.0,31.164456902569114,0.0,0.0
7501,51.497467596570644,10660.039957736244,0.0,31.164456902569114,0.0,0.0
7502,51.497467596570644,10660.039957736244,0.0,31.164456902569114,0.0,0.0
7503,51.497467596570644,10660.039957736244,0.0,31.164456902569114,0.0,0.0
7504,51.497467596570644,10660.039957736244,0.0,31.164456902569114,0.0,0.0
7505,51.497467596570644,10660.039957736244,0.0,31.164456902569114,0.0,0.0
7506,51.497467596570644,10660.039957736244,0.0,31.164456902569114,0.0,0.0
7507,51.497467596570644,10660.039957736244,0.0,31.164456902569114,0.0,0.0
7508,51.497467596570644,10660.039957736244,0.0,31.164456902569114,0.0,0.0
7509,51.497467596570644,10660.039957736244,0.0,31.164456902569114,0.0,0.0
7510,51.497467596570644,10660.039957736244,0.0,31.164456902569114,0.0,0.0
7511,51.497467596570644,10660.039957736244,0.0,31.164456902569114,0.0,0.0
7512,51.497467596570644,10660.039957736244,0.0,31.164456902569114,0.0,0.0
7513,51.497467596570644,10660.039957736244,0.0,31.164456902569114,0.0,0.0
7514,51.497467596570644,10660.039957736244,0.0,31.164456902569114,0.0,0.0
7515,51.497467596570644,10660.039957736244,0.0,31.164456902569114,0.0,0.0
7516,51.497467596570644,10660.039957736244,0.0,31.164456902569114,0.0,0.0
7517,51.497467596570644,10660.039957736244,0.0,31.164456902569114,0.0,0.0
7518,51.497467596570644,10660.039957736244,0.0,31.164456902569114,0.0,0.0
7519,51.497467596570644,10660.039957736244,0.0,31.164456902569114,0.0,0.0
7520,51.497467596570644,10660.039957736244,0.0,31.164456902569114,0.0,0.0
7521,51.497467596570644,10660.039957736244,0.0,31.164456902569114,0.0,0.0
7522,51.497467596570644,10660.039957736244,0.0,31.164456902569114,0.0,0.0
7523,51.497467596570644,10660.039957736244,0.0,31.164456902569114,0.0,0.0
7524,51.497467596570644,10660.039957736244,0.0,31.164456902569114,0.0,0.0
7525,51.497467596570644,10660.039957736244,0.0,31.164456902569114,0.0,0.0
7526,51.497467596570644,10660.039957736244,0.0,31.164456902569114,0.0,0.0
7527,51.497467596570644,10660.039957736244,0.0,31.164456902569114,0.0,0.0
7528,51.497467596570644,10660.039957736244,0.0,31.164456902569114,0.0,0.0
7529,51.497467596570644,10660.039957736244,0.0,31.164456902569114,0.0,0.0
7530,51.497467596570644,10660.039957736244,0.0,31.164456902569114,0.0,0.0
7531,51.497467596570644,10660.039957736244,0.0,31.164456902569114,0.0,0.0
7532,51.497467596570644,10660.039957736244,0.0,31.164456902569114,0.0,0.0
7533,51.497467596570644,10660.039957736244,0.0,31.164456902569114,0.0,0.0
7534,51.497467596570644,10660.039957736244,0.0,31.164456902569114,0.0,0.0
7535,51.497467596570644,10660.039957736244,0.0,31.164456902569114,0.0,0.0
7536,51.497467596570644,10660.039957736244,0.0,31.164456902569114,0.0,0.0
7537,51.497467596570644,10660.039957736244,0.0,31.164456902569114,0.0,0.0
7538,51.497467596570644,10660.039957736244,0.0,31.164456902569114,0.0,0.0
7539,51.497467596570644,10660.039957736244,0.0,31.164456902569114,0.0,0.0
7540,51.497467596570644,10660.039957736244,0.0,31.164456902569114,0.0,0.0
7541,51.497467596570644,10660.039957736244,0.0,31.164456902569114,0.0,0.0
7542,51.497467596570644,10660.039957736244,0.0,31.164456902569114,0.0,0.0
7543,51.497467596570644,10660.039957736244,0.0,31.164456902569114,0.0,0.0
7544,51.497467596570644,10660.039957736244,0.0,31.164456902569114,0.0,0.0
7545,51.497467596570644,10660.039957736244,0.0,31.164456902569114,0.0,0.0
7546,51.497467596570644,10660.039957736244,0.0,31.164456902569114,0.0,0.0
7547,51.497467596570644,10660.039957736244,0.0,31.164456902569114,0.0,0.0
7548,51.497467596570644,10660.039957736244,0.0,31.164456902569114,0.0,0.0
7549,51.497467596570644,10660.039957736244,0.0,31.164456902569114,0.0,0.0
7550,51.497467596570644,10660.039957736244,0.0,31.164456902569114,0.0,0.0
7551,51.497467596570644,10660.039957736244,0.0,31.164456902569114,0.0,0.0
7552,51.497467596570644,10660.039957736244,0.0,31.164456902569114,0.0,0.0
7553,51.497467596570644,10660.039957736244,0.0,31.164456902569114,0.0,0.0
7554,51.497467596570644,10660.039957736244,0.0,31.164456902569114,0.0,0.0
7555,51.497467596570644,10660.039957736244,0.0,31.164456902569114,0.0,0.0
7556,51.497467596570644,10660.039957736244,0.0,31.164456902569114,0.0,0.0
7557,51.497467596570644,10660.039957736244,0.0,31.164456902569114,0.0,0.0
7558,51.497467596570644,10660.039957736244,0.0,31.164456902569114,0.0,0.0
7559,51.497467596570644,10660.039957736244,0.0,31.164456902569114,0.0,0.0
7560,41.540003929034505,6861.8812977222,0.0,21.756154444524228,0.0,0.0
7561,41.540003929034505,6861.8812977222,0.0,21.756154444524228,0.0,0.0
7562,41.540003929034505,6861.8812977222,0.0,21.756154444524228,0.0,0.0
7563,41.540003929034505,6861.8812977222,0.0,21.756154444524228,0.0,0.0
7564,41.540003929034505,6861.8812977222,0.0,21.756154444524228,0.0,0.0
7565,41.540003929034505,6861.8812977222,0.0,21.756154444524228,0.0,0.0
7566,41.540003929034505,6861.8812977222,0.0,21.756154444524228,0.0,0.0
7567,41.540003929034505,6861.8812977222,0.0,21.756154444524228,0.0,0.0
7568,41.540003929034505,6861.8812977222,0.0,21.756154444524228,0.0,0.0
7569,41.540003929034505,6861.8812977222,0.0,21.756154444524228,0.0,0.0
7570,41.540003929034505,6861.8812977222,0.0,21.756154444524228,0.0,0.0
7571,41.540003929034505,6861.8812977222,0.0,21.756154444524228,0.0,0.0
7572,41.540003929034505,6861.8812977222,0.0,21.756154444524228,0.0,0.0
7573,41.540003929034505,6861.8812977222,0.0,21.756154444524228,0.0,0.0
7574,41.540003929034505,6861.8812977222,0.0,21.756154444524228,0.0,0.0
7575,41.540003929034505,6861.8812977222,0.0,21.756154444524228,0.0,0.0
7576,41.540003929034505,6861.8812977222,0.0,21.756154444524228,0.0,0.0
7577,41.540003929034505,6861.8812977222,0.0,21.756154444524228,0.0,0.0
7578,41.540003929034505,6861.8812977222,0.0,21.756154444524228,0.0,0.0
7579,41.540003929034505,6861.8812977222,0.0,21.756154444524228,0.0,0.0
7580,41.540003929034505,6861.8812977222,0.0,21.756154444524228,0.0,0.0
7581,41.540003929034505,6861.8812977222,0.0,21.756154444524228,0.0,0.0
7582,41.540003929034505,6861.8812977222,0.0,21.756154444524228,0.0,0.0
7583,41.540003929034505,6861.8812977222,0.0,21.756154444524228,0.0,0.0
7584,41.540003929034505,6861.8812977222,0.0,21.756154444524228,0.0,0.0
7585,41.540003929034505,6861.8812977222,0.0,21.756154444524228,0.0,0.0
7586,41.540003929034505,6861.8812977222,0.0,21.756154444524228,0.0,0.0
7587,41.540003929034505,6861.8812977222,0.0,21.756154444524228,0.0,0.0
7588,41.540003929034505,6861.8812977222,0.0,21.756154444524228,0.0,0.0
7589,41.540003929034505,6861.8812977222,0.0,21.756154444524228,0.0,0.0
7590,41.540003929034505,6861.8812977222,0.0,21.756154444524228,0.0,0.0
7591,41.540003929034505,6861.8812977222,0.0,21.756154444524228,0.0,0.0
7592,41.540003929034505,6861.8812977222,0.0,21.756154444524228,0.0,0.0
7593,41.540003929034505,6861.8812977222,0.0,21.756154444524228,0.0,0.0
7594,41.540003929034505,6861.8812977222,0.0,21.756154444524228,0.0,0.0
7595,41.540003929034505,6861.8812977222,0.0,21.756154444524228,0.0,0.0
7596,41.540003929034505,6861.8812977222,0.0,21.756154444524228,0.0,0.0
7597,41.540003929034505,6861.8812977222,0.0,21.756154444524228,0.0,0.0
7598,41.540003929034505,6861.8812977222,0.0,21.756154444524228,0.0,0.0
7599,41.540003929034505,6861.8812977222,0.0,21.756154444524228,0.0,0.0
7600,41.540003929034505,6861.8812977222,0.0,21.756154444524228,0.0,0.0
7601,41.540003929034505,6861.8812977222,0.0,21.756154444524228,0.0,0.0
7602,41.540003929034505,6861.8812977222,0.0,21.756154444524228,0.0,0.0
7603,41.540003929034505,6861.8812977222,0.0,21.756154444524228,0.0,0.0
7604,41.540003929034505,6861.8812977222,0.0,21.756154444524228,0.0,0.0
7605,41.540003929034505,6861.8812977222,0.0,21.756154444524228,0.0,0.0
7606,41.540003929034505,6861.8812977222,0.0,21.756154444524228,0.0,0.0
7607,41.540003929034505,6861.8812977222,0.0,21.756154444524228,0.0,0.0
7608,41.540003929034505,6861.8812977222,0.0,21.756154444524228,0.0,0.0
7609,41.540003929034505,6861.8812977222,0.0,21.756154444524228,0.0,0.0
7610,41.540003929034505,6861.8812977222,0.0,21.756154444524228,0.0,0.0
7611,41.540003929034505,6861.8812977222,0.0,21.756154444524228,0.0,0.0
7612,41.540003929034505,6861.8812977222,0.0,21.756154444524228,0.0,0.0
7613,41.540003929034505,6861.8812977222,0.0,21.756154444524228,0.0,0.0
7614,41.540003929034505,6861.8812977222,0.0,21.756154444524228,0.0,0.0
7615,41.540003929034505,6861.8812977222,0.0,21.756154444524228,0.0,0.0
7616,41.540003929034505,6861.8812977222,0.0,21.756154444524228,0.0,0.0
7617,41.540003929034505,6861.8812977222,0.0,21.756154444524228,0.0,0.0
7618,41.540003929034505,6861.8812977222,0.0,21.756154444524228,0.0,0.0
7619,41.540003929034505,6861.8812977222,0.0,21.756154444524228,0.0,0.0
7620,41.540003929034505,6861.8812977222,0.0,21.756154444524228,0.0,0.0
7621,41.540003929034505,6861.8812977222,0.0,21.756154444524228,0.0,0.0
7622,41.540003929034505,6861.8812977222,0.0,21.756154444524228,0.0,0.0
7623,41.540003929034505,6861.8812977222,0.0,21.756154444524228,0.0,0.0
7624,41.540003929034505,6861.8812977222,0.0,21.756154444524228,0.0,0.0
7625,41.540003929034505,6861.8812977222,0.0,21.756154444524228,0.0,0.0
7626,41.540003929034505,6861.8812977222,0.0,21.756154444524228,0.0,0.0
7627,41.540003929034505,6861.8812977222,0.0,21.756154444524228,0.0,0.0
7628,41.540003929034505,6861.8812977222,0.0,21.756154444524228,0.0,0.0
7629,41.540003929034505,6861.8812977222,0.0,21.756154444524228,0.0,0.0
7630,41.540003929034505,6861.8812977222,0.0,21.756154444524228,0.0,0.0
7631,41.540003929034505,6861.8812977222,0.0,21.756154444524228,0.0,0.0
7632,41.540003929034505,6861.8812977222,0.0,21.756154444524228,0.0,0.0
7633,41.540003929034505,6861.8812977222,0.0,21.756154444524228,0.0,0.0
7634,41.540003929034505,6861.8812977222,0.0,21.756154444524228,0.0,0.0
7635,41.540003929034505,6861.8812977222,0.0,21.756154444524228,0.0,0.0
7636,41.540003929034505,6861.8812977222,0.0,21.756154444524228,0.0,0.0
7637,41.540003929034505,6861.8812977222,0.0,21.756154444524228,0.0,0.0
7638,41.540003929034505,6861.8812977222,0.0,21.756154444524228,0.0,0.0
7639,41.540003929034505,6861.8812977222,0.0,21.756154444524228,0.0,0.0
7640,41.540003929034505,6861.8812977222,0.0,21.756154444524228,0.0,0.0
7641,41.540003929034505,6861.8812977222,0.0,21.756154444524228,0.0,0.0
7642,41.540003929034505,6861.8812977222,0.0,21.756154444524228,0.0,0.0
7643,41.540003929034505,6861.8812977222,0.0,21.756154444524228,0.0,0.0
7644,41.540003929034505,6861.8812977222,0.0,21.756154444524228,0.0,0.0
7645,41.540003929034505,6861.8812977222,0.0,21.756154444524228,0.0,0.0
7646,41.540003929034505,6861.8812977222,0.0,21.756154444524228,0.0,0.0
7647,41.540003929034505,6861.8812977222,0.0,21.756154444524228,0.0,0.0
7648,41.540003929034505,6861.8812977222,0.0,21.756154444524228,0.0,0.0
7649,41.540003929034505,6861.8812977222,0.0,21.756154444524228,0.0,0.0
7650,41.540003929034505,6861.8812977222,0.0,21.756154444524228,0.0,0.0
7651,41.540003929034505,6861.8812977222,0.0,21.756154444524228,0.0,0.0
7652,41.540003929034505,6861.8812977222,0.0,21.756154444524228,0.0,0.0
7653,41.540003929034505,6861.8812977222,0.0,21.756154444524228,0.0,0.0
7654,41.540003929034505,6861.8812977222,0.0,21.756154444524228,0.0,0.0
7655,41.540003929034505,6861.8812977222,0.0,21.756154444524228,0.0,0.0
7656,41.540003929034505,6861.8812977222,0.0,21.756154444524228,0.0,0.0
7657,41.540003929034505,6861.8812977222,0.0,21.756154444524228,0.0,0.0
7658,41.540003929034505,6861.8812977222,0.0,21.756154444524228,0.0,0.0
7659,41.540003929034505,6861.8812977222,0.0,21.756154444524228,0.0,0.0
7660,41.540003929034505,6861.8812977222,0.0,21.756154444524228,0.0,0.0
7661,41.540003929034505,6861.8812977222,0.0,21.756154444524228,0.0,0.0
7662,41.540003929034505,6861.8812977222,0.0,21.756154444524228,0.0,0.0
7663,41.540003929034505,6861.8812977222,0.0,21.756154444524228,0.0,0.0
7664,41.540003929034505,6861.8812977222,0.0,21.756154444524228,0.0,0.0
7665,41.540003929034505,6861.8812977222,0.0,21.756154444524228,0.0,0.0
7666,41.540003929034505,6861.8812977222,0.0,21.756154444524228,0.0,0.0
7667,41.540003929034505,6861.8812977222,0.0,21.756154444524228,0.0,0.0
7668,41.540003929034505,6861.8812977222,0.0,21.756154444524228,0.0,0.0
7669,41.540003929034505,6861.8812977222,0.0,21.756154444524228,0.0,0.0
7670,41.540003929034505,6861.8812977222,0.0,21.756154444524228,0.0,0.0
7671,41.540003929034505,6861.8812977222,0.0,21.756154444524228,0.0,0.0
7672,41.540003929034505,6861.8812977222,0.0,21.756154444524228,0.0,0.0
7673,41.540003929034505,6861.8812977222,0.0,21.756154444524228,0.0,0.0
7674,41.540003929034505,6861.8812977222,0.0,21.756154444524228,0.0,0.0
7675,41.540003929034505,6861.8812977222,0.0,21.756154444524228,0.0,0.0
7676,41.540003929034505,6861.8812977222,0.0,21.756154444524228,0.0,0.0
7677,41.540003929034505,6861.8812977222,0.0,21.756154444524228,0.0,0.0
7678,41.540003929034505,6861.8812977222,0.0,21.756154444524228,0.0,0.0
7679,41.540003929034505,6861.8812977222,0.0,21.756154444524228,0.0,0.0
7680,41.540003929034505,6861.8812977222,0.0,21.756154444524228,0.0,0.0
7681,41.540003929034505,6861.8812977222,0.0,21.756154444524228,0.0,0.0
7682,41.540003929034505,6861.8812977222,0.0,21.756154444524228,0.0,0.0
7683,41.540003929034505,6861.8812977222,0.0,21.756154444524228,0.0,0.0
7684,41.540003929034505,6861.8812977222,0.0,21.756154444524228,0.0,0.0
7685,41.540003929034505,6861.8812977222,0.0,21.756154444524228,0.0,0.0
7686,41.540003929034505,6861.8812977222,0.0,21.756154444524228,0.0,0.0
7687,41.540003929034505,6861.8812977222,0.0,21.756154444524228,0.0,0.0
7688,41.540003929034505,6861.8812977222,0.0,21.756154444524228,0.0,0.0
7689,41.540003929034505,6861.8812977222,0.0,21.756154444524228,0.0,0.0
7690,41.540003929034505,6861.8812977222,0.0,21.756154444524228,0.0,0.0
7691,41.540003929034505,6861.8812977222,0.0,21.756154444524228,0.0,0.0
7692,41.540003929034505,6861.8812977222,0.0,21.756154444524228,0.0,0.0
7693,41.540003929034505,6861.8812977222,0.0,21.756154444524228,0.0,0.0
7694,41.540003929034505,6861.8812977222,0.0,21.756154444524228,0.0,0.0
7695,41.540003929034505,6861.8812977222,0.0,21.756154444524228,0.0,0.0
7696,41.540003929034505,6861.8812977222,0.0,21.756154444524228,0.0,0.0
7697,41.540003929034505,6861.8812977222,0.0,21.756154444524228,0.0,0.0
7698,41.540003929034505,6861.8812977222,0.0,21.756154444524228,0.0,0.0
7699,41.540003929034505,6861.8812977222,0.0,21.756154444524228,0.0,0.0
7700,41.540003929034505,6861.8812977222,0.0,21.756154444524228,0.0,0.0
7701,41.540003929034505,6861.8812977222,0.0,21.756154444524228,0.0,0.0
7702,41.540003929034505,6861.8812977222,0.0,21.756154444524228,0.0,0.0
7703,41.540003929034505,6861.8812977222,0.0,21.756154444524228,0.0,0.0
7704,41.540003929034505,6861.8812977222,0.0,21.756154444524228,0.0,0.0
7705,41.540003929034505,6861.8812977222,0.0,21.756154444524228,0.0,0.0
7706,41.540003929034505,6861.8812977222,0.0,21.756154444524228,0.0,0.0
7707,41.540003929034505,6861.8812977222,0.0,21.756154444524228,0.0,0.0
7708,41.540003929034505,6861.8812977222,0.0,21.756154444524228,0.0,0.0
7709,41.540003929034505,6861.8812977222,0.0,21.756154444524228,0.0,0.0
7710,41.540003929034505,6861.8812977222,0.0,21.756154444524228,0.0,0.0
7711,41.540003929034505,6861.8812977222,0.0,21.756154444524228,0.0,0.0
7712,41.540003929034505,6861.8812977222,0.0,21.756154444524228,0.0,0.0
7713,41.540003929034505,6861.8812977222,0.0,21.756154444524228,0.0,0.0
7714,41.540003929034505,6861.8812977222,0.0,21.756154444524228,0.0,0.0
7715,41.540003929034505,6861.8812977222,0.0,21.756154444524228,0.0,0.0
7716,41.540003929034505,6861.8812977222,0.0,21.756154444524228,0.0,0.0
7717,41.540003929034505,6861.8812977222,0.0,21.756154444524228,0.0,0.0
7718,41.540003929034505,6861.8812977222,0.0,21.756154444524228,0.0,0.0
7719,41.540003929034505,6861.8812977222,0.0,21.756154444524228,0.0,0.0
7720,41.540003929034505,6861.8812977222,0.0,21.756154444524228,0.0,0.0
7721,41.540003929034505,6861.8812977222,0.0,21.756154444524228,0.0,0.0
7722,41.540003929034505,6861.8812977222,0.0,21.756154444524228,0.0,0.0
7723,41.540003929034505,6861.8812977222,0.0,21.756154444524228,0.0,0.0
7724,41.540003929034505,6861.8812977222,0.0,21.756154444524228,0.0,0.0
7725,41.540003929034505,6861.8812977222,0.0,21.756154444524228,0.0,0.0
7726,41.540003929034505,6861.8812977222,0.0,21.756154444524228,0.0,0.0
7727,41.540003929034505,6861.8812977222,0.0,21.756154444524228,0.0,0.0
7728,33.98315801565647,9975.441246694345,0.0,10.051233490338888,0.0,0.0
7729,33.98315801565647,9975.441246694345,0.0,10.051233490338888,0.0,0.0
7730,33.98315801565647,9975.441246694345,0.0,10.051233490338888,0.0,0.0
7731,33.98315801565647,9975.441246694345,0.0,10.051233490338888,0.0,0.0
7732,33.98315801565647,9975.441246694345,0.0,10.051233490338888,0.0,0.0
7733,33.98315801565647,9975.441246694345,0.0,10.051233490338888,0.0,0.0
7734,33.98315801565647,9975.441246694345,0.0,10.051233490338888,0.0,0.0
7735,33.98315801565647,9975.441246694345,0.0,10.051233490338888,0.0,0.0
7736,33.98315801565647,9975.441246694345,0.0,10.051233490338888,0.0,0.0
7737,33.98315801565647,9975.441246694345,0.0,10.051233490338888,0.0,0.0
7738,33.98315801565647,9975.441246694345,0.0,10.051233490338888,0.0,0.0
7739,33.98315801565647,9975.441246694345,0.0,10.051233490338888,0.0,0.0
7740,33.98315801565647,9975.441246694345,0.0,10.051233490338888,0.0,0.0
7741,33.98315801565647,9975.441246694345,0.0,10.051233490338888,0.0,0.0
7742,33.98315801565647,9975.441246694345,0.0,10.051233490338888,0.0,0.0
7743,33.98315801565647,9975.441246694345,0.0,10.051233490338888,0.0,0.0
7744,33.98315801565647,9975.441246694345,0.0,10.051233490338888,0.0,0.0
7745,33.98315801565647,9975.441246694345,0.0,10.051233490338888,0.0,0.0
7746,33.98315801565647,9975.441246694345,0.0,10.051233490338888,0.0,0.0
7747,33.98315801565647,9975.441246694345,0.0,10.051233490338888,0.0,0.0
7748,33.98315801565647,9975.441246694345,0.0,10.051233490338888,0.0,0.0
7749,33.98315801565647,9975.441246694345,0.0,10.051233490338888,0.0,0.0
7750,33.98315801565647,9975.441246694345,0.0,10.051233490338888,0.0,0.0
7751,33.98315801565647,9975.441246694345,0.0,10.051233490338888,0.0,0.0
7752,33.98315801565647,9975.441246694345,0.0,10.051233490338888,0.0,0.0
7753,33.98315801565647,9975.441246694345,0.0,10.051233490338888,0.0,0.0
7754,33.98315801565647,9975.441246694345,0.0,10.051233490338888,0.0,0.0
7755,33.98315801565647,9975.441246694345,0.0,10.051233490338888,0.0,0.0
7756,33.98315801565647,9975.441246694345,0.0,10.051233490338888,0.0,0.0
7757,33.98315801565647,9975.441246694345,0.0,10.051233490338888,0.0,0.0
7758,33.98315801565647,9975.441246694345,0.0,10.051233490338888,0.0,0.0
7759,33.98315801565647,9975.441246694345,0.0,10.051233490338888,0.0,0.0
7760,33.98315801565647,9975.441246694345,0.0,10.051233490338888,0.0,0.0
7761,33.98315801565647,9975.441246694345,0.0,10.051233490338888,0.0,0.0
7762,33.98315801565647,9975.441246694345,0.0,10.051233490338888,0.0,0.0
7763,33.98315801565647,9975.441246694345,0.0,10.051233490338888,0.0,0.0
7764,33.98315801565647,9975.441246694345,0.0,10.051233490338888,0.0,0.0
7765,33.98315801565647,9975.441246694345,0.0,10.051233490338888,0.0,0.0
7766,33.98315801565647,9975.441246694345,0.0,10.051233490338888,0.0,0.0
7767,33.98315801565647,9975.441246694345,0.0,10.051233490338888,0.0,0.0
7768,33.98315801565647,9975.441246694345,0.0,10.051233490338888,0.0,0.0
7769,33.98315801565647,9975.441246694345,0.0,10.051233490338888,0.0,0.0
7770,33.98315801565647,9975.441246694345,0.0,10.051233490338888,0.0,0.0
7771,33.98315801565647,9975.441246694345,0.0,10.051233490338888,0.0,0.0
7772,33.98315801565647,9975.441246694345,0.0,10.051233490338888,0.0,0.0
7773,33.98315801565647,9975.441246694345,0.0,10.051233490338888,0.0,0.0
7774,33.98315801565647,9975.441246694345,0.0,10.051233490338888,0.0,0.0
7775,33.98315801565647,9975.441246694345,0.0,10.051233490338888,0.0,0.0
7776,33.98315801565647,9975.441246694345,0.0,10.051233490338888,0.0,0.0
7777,33.98315801565647,9975.441246694345,0.0,10.051233490338888,0.0,0.0
7778,33.98315801565647,9975.441246694345,0.0,10.051233490338888,0.0,0.0
7779,33.98315801565647,9975.441246694345,0.0,10.051233490338888,0.0,0.0
7780,33.98315801565647,9975.441246694345,0.0,10.051233490338888,0.0,0.0
7781,33.98315801565647,9975.441246694345,0.0,10.051233490338888,0.0,0.0
7782,33.98315801565647,9975.441246694345,0.0,10.051233490338888,0.0,0.0
7783,33.98315801565647,9975.441246694345,0.0,10.051233490338888,0.0,0.0
7784,33.98315801565647,9975.441246694345,0.0,10.051233490338888,0.0,0.0
7785,33.98315801565647,9975.441246694345,0.0,10.051233490338888,0.0,0.0
7786,33.98315801565647,9975.441246694345,0.0,10.051233490338888,0.0,0.0
7787,33.98315801565647,9975.441246694345,0.0,10.051233490338888,0.0,0.0
7788,33.98315801565647,9975.441246694345,0.0,10.051233490338888,0.0,0.0
7789,33.98315801565647,9975.441246694345,0.0,10.051233490338888,0.0,0.0
7790,33.98315801565647,9975.441246694345,0.0,10.051233490338888,0.0,0.0
7791,33.98315801565647,9975.441246694345,0.0,10.051233490338888,0.0,0.0
7792,33.98315801565647,9975.441246694345,0.0,10.051233490338888,0.0,0.0
7793,33.98315801565647,9975.441246694345,0.0,10.051233490338888,0.0,0.0
7794,33.98315801565647,9975.441246694345,0.0,10.051233490338888,0.0,0.0
7795,33.98315801565647,9975.441246694345,0.0,10.051233490338888,0.0,0.0
7796,33.98315801565647,9975.441246694345,0.0,10.051233490338888,0.0,0.0
7797,33.98315801565647,9975.441246694345,0.0,10.051233490338888,0.0,0.0
7798,33.98315801565647,9975.441246694345,0.0,10.051233490338888,0.0,0.0
7799,33.98315801565647,9975.441246694345,0.0,10.051233490338888,0.0,0.0
7800,33.98315801565647,9975.441246694345,0.0,10.051233490338888,0.0,0.0
7801,33.98315801565647,9975.441246694345,0.0,10.051233490338888,0.0,0.0
7802,33.98315801565647,9975.441246694345,0.0,10.051233490338888,0.0,0.0
7803,33.98315801565647,9975.441246694345,0.0,10.051233490338888,0.0,0.0
7804,33.98315801565647,9975.441246694345,0.0,10.051233490338888,0.0,0.0
7805,33.98315801565647,9975.441246694345,0.0,10.051233490338888,0.0,0.0
7806,33.98315801565647,9975.441246694345,0.0,10.051233490338888,0.0,0.0
7807,33.98315801565647,9975.441246694345,0.0,10.051233490338888,0.0,0.0
7808,33.98315801565647,9975.441246694345,0.0,10.051233490338888,0.0,0.0
7809,33.98315801565647,9975.441246694345,0.0,10.051233490338888,0.0,0.0
7810,33.98315801565647,9975.441246694345,0.0,10.051233490338888,0.0,0.0
7811,33.98315801565647,9975.441246694345,0.0,10.051233490338888,0.0,0.0
7812,33.98315801565647,9975.441246694345,0.0,10.051233490338888,0.0,0.0
7813,33.98315801565647,9975.441246694345,0.0,10.051233490338888,0.0,0.0
7814,33.98315801565647,9975.441246694345,0.0,10.051233490338888,0.0,0.0
7815,33.98315801565647,9975.441246694345,0.0,10.051233490338888,0.0,0.0
7816,33.98315801565647,9975.441246694345,0.0,10.051233490338888,0.0,0.0
7817,33.98315801565647,9975.441246694345,0.0,10.051233490338888,0.0,0.0
7818,33.98315801565647,9975.441246694345,0.0,10.051233490338888,0.0,0.0
7819,33.98315801565647,9975.441246694345,0.0,10.051233490338888,0.0,0.0
7820,33.98315801565647,9975.441246694345,0.0,10.051233490338888,0.0,0.0
7821,33.98315801565647,9975.441246694345,0.0,10.051233490338888,0.0,0.0
7822,33.98315801565647,9975.441246694345,0.0,10.051233490338888,0.0,0.0
7823,33.98315801565647,9975.441246694345,0.0,10.051233490338888,0.0,0.0
7824,33.98315801565647,9975.441246694345,0.0,10.051233490338888,0.0,0.0
7825,33.98315801565647,9975.441246694345,0.0,10.051233490338888,0.0,0.0
7826,33.98315801565647,9975.441246694345,0.0,10.051233490338888,0.0,0.0
7827,33.98315801565647,9975.441246694345,0.0,10.051233490338888,0.0,0.0
7828,33.98315801565647,9975.441246694345,0.0,10.051233490338888,0.0,0.0
7829,33.98315801565647,9975.441246694345,0.0,10.051233490338888,0.0,0.0
7830,33.98315801565647,9975.441246694345,0.0,10.051233490338888,0.0,0.0
7831,33.98315801565647,9975.441246694345,0.0,10.051233490338888,0.0,0.0
7832,33.98315801565647,9975.441246694345,0.0,10.051233490338888,0.0,0.0
7833,33.98315801565647,9975.441246694345,0.0,10.051233490338888,0.0,0.0
7834,33.98315801565647,9975.441246694345,0.0,10.051233490338888,0.0,0.0
7835,33.98315801565647,9975.441246694345,0.0,10.051233490338888,0.0,0.0
7836,33.98315801565647,9975.441246694345,0.0,10.051233490338888,0.0,0.0
7837,33.98315801565647,9975.441246694345,0.0,10.051233490338888,0.0,0.0
7838,33.98315801565647,9975.441246694345,0.0,10.051233490338888,0.0,0.0
7839,33.98315801565647,9975.441246694345,0.0,10.051233490338888,0.0,0.0
7840,33.98315801565647,9975.441246694345,0.0,10.051233490338888,0.0,0.0
7841,33.98315801565647,9975.441246694345,0.0,10.051233490338888,0.0,0.0
7842,33.98315801565647,9975.441246694345,0.0,10.051233490338888,0.0,0.0
7843,33.98315801565647,9975.441246694345,0.0,10.051233490338888,0.0,0.0
7844,33.98315801565647,9975.441246694345,0.0,10.051233490338888,0.0,0.0
7845,33.98315801565647,9975.441246694345,0.0,10.051233490338888,0.0,0.0
7846,33.98315801565647,9975.441246694345,0.0,10.051233490338888,0.0,0.0
7847,33.98315801565647,9975.441246694345,0.0,10.051233490338888,0.0,0.0
7848,33.98315801565647,9975.441246694345,0.0,10.051233490338888,0.0,0.0
7849,33.98315801565647,9975.441246694345,0.0,10.051233490338888,0.0,0.0
7850,33.98315801565647,9975.441246694345,0.0,10.051233490338888,0.0,0.0
7851,33.98315801565647,9975.441246694345,0.0,10.051233490338888,0.0,0.0
7852,33.98315801565647,9975.441246694345,0.0,10.051233490338888,0.0,0.0
7853,33.98315801565647,9975.441246694345,0.0,10.051233490338888,0.0,0.0
7854,33.98315801565647,9975.441246694345,0.0,10.051233490338888,0.0,0.0
7855,33.98315801565647,9975.441246694345,0.0,10.051233490338888,0.0,0.0
7856,33.98315801565647,9975.441246694345,0.0,10.051233490338888,0.0,0.0
7857,33.98315801565647,9975.441246694345,0.0,10.051233490338888,0.0,0.0
7858,33.98315801565647,9975.441246694345,0.0,10.051233490338888,0.0,0.0
7859,33.98315801565647,9975.441246694345,0.0,10.051233490338888,0.0,0.0
7860,33.98315801565647,9975.441246694345,0.0,10.051233490338888,0.0,0.0
7861,33.98315801565647,9975.441246694345,0.0,10.051233490338888,0.0,0.0
7862,33.98315801565647,9975.441246694345,0.0,10.051233490338888,0.0,0.0
7863,33.98315801565647,9975.441246694345,0.0,10.051233490338888,0.0,0.0
7864,33.98315801565647,9975.441246694345,0.0,10.051233490338888,0.0,0.0
7865,33.98315801565647,9975.441246694345,0.0,10.051233490338888,0.0,0.0
7866,33.98315801565647,9975.441246694345,0.0,10.051233490338888,0.0,0.0
7867,33.98315801565647,9975.441246694345,0.0,10.051233490338888,0.0,0.0
7868,33.98315801565647,9975.441246694345,0.0,10.051233490338888,0.0,0.0
7869,33.98315801565647,9975.441246694345,0.0,10.051233490338888,0.0,0.0
7870,33.98315801565647,9975.441246694345,0.0,10.051233490338888,0.0,0.0
7871,33.98315801565647,9975.441246694345,0.0,10.051233490338888,0.0,0.0
7872,33.98315801565647,9975.441246694345,0.0,10.051233490338888,0.0,0.0
7873,33.98315801565647,9975.441246694345,0.0,10.051233490338888,0.0,0.0
7874,33.98315801565647,9975.441246694345,0.0,10.051233490338888,0.0,0.0
7875,33.98315801565647,9975.441246694345,0.0,10.051233490338888,0.0,0.0
7876,33.98315801565647,9975.441246694345,0.0,10.051233490338888,0.0,0.0
7877,33.98315801565647,9975.441246694345,0.0,10.051233490338888,0.0,0.0
7878,33.98315801565647,9975.441246694345,0.0,10.051233490338888,0.0,0.0
7879,33.98315801565647,9975.441246694345,0.0,10.051233490338888,0.0,0.0
7880,33.98315801565647,9975.441246694345,0.0,10.051233490338888,0.0,0.0
7881,33.98315801565647,9975.441246694345,0.0,10.051233490338888,0.0,0.0
7882,33.98315801565647,9975.441246694345,0.0,10.051233490338888,0.0,0.0
7883,33.98315801565647,9975.441246694345,0.0,10.051233490338888,0.0,0.0
7884,33.98315801565647,9975.441246694345,0.0,10.051233490338888,0.0,0.0
7885,33.98315801565647,9975.441246694345,0.0,10.051233490338888,0.0,0.0
7886,33.98315801565647,9975.441246694345,0.0,10.051233490338888,0.0,0.0
7887,33.98315801565647,9975.441246694345,0.0,10.051233490338888,0.0,0.0
7888,33.98315801565647,9975.441246694345,0.0,10.051233490338888,0.0,0.0
7889,33.98315801565647,9975.441246694345,0.0,10.051233490338888,0.0,0.0
7890,33.98315801565647,9975.441246694345,0.0,10.051233490338888,0.0,0.0
7891,33.98315801565647,9975.441246694345,0.0,10.051233490338888,0.0,0.0
7892,33.98315801565647,9975.441246694345,0.0,10.051233490338888,0.0,0.0
7893,33.98315801565647,9975.441246694345,0.0,10.051233490338888,0.0,0.0
7894,33.98315801565647,9975.441246694345,0.0,10.051233490338888,0.0,0.0
7895,33.98315801565647,9975.441246694345,0.0,10.051233490338888,0.0,0.0
7896,34.14069177750845,8583.825527093995,0.0,27.094097537249752,0.0,0.0
7897,34.14069177750845,8583.825527093995,0.0,27.094097537249752,0.0,0.0
7898,34.14069177750845,8583.825527093995,0.0,27.094097537249752,0.0,0.0
7899,34.14069177750845,8583.825527093995,0.0,27.094097537249752,0.0,0.0
7900,34.14069177750845,8583.825527093995,0.0,27.094097537249752,0.0,0.0
7901,34.14069177750845,8583.825527093995,0.0,27.094097537249752,0.0,0.0
7902,34.14069177750845,8583.825527093995,0.0,27.094097537249752,0.0,0.0
7903,34.14069177750845,8583.825527093995,0.0,27.094097537249752,0.0,0.0
7904,34.14069177750845,8583.825527093995,0.0,27.094097537249752,0.0,0.0
7905,34.14069177750845,8583.825527093995,0.0,27.094097537249752,0.0,0.0
7906,34.14069177750845,8583.825527093995,0.0,27.094097537249752,0.0,0.0
7907,34.14069177750845,8583.825527093995,0.0,27.094097537249752,0.0,0.0
7908,34.14069177750845,8583.825527093995,0.0,27.094097537249752,0.0,0.0
7909,34.14069177750845,8583.825527093995,0.0,27.094097537249752,0.0,0.0
7910,34.14069177750845,8583.825527093995,0.0,27.094097537249752,0.0,0.0
7911,34.14069177750845,8583.825527093995,0.0,27.094097537249752,0.0,0.0
7912,34.14069177750845,8583.825527093995,0.0,27.094097537249752,0.0,0.0
7913,34.14069177750845,8583.825527093995,0.0,27.094097537249752,0.0,0.0
7914,34.14069177750845,8583.825527093995,0.0,27.094097537249752,0.0,0.0
7915,34.14069177750845,8583.825527093995,0.0,27.094097537249752,0.0,0.0
7916,34.14069177750845,8583.825527093995,0.0,27.094097537249752,0.0,0.0
7917,34.14069177750845,8583.825527093995,0.0,27.094097537249752,0.0,0.0
7918,34.14069177750845,8583.825527093995,0.0,27.094097537249752,0.0,0.0
7919,34.14069177750845,8583.825527093995,0.0,27.094097537249752,0.0,0.0
7920,34.14069177750845,8583.825527093995,0.0,27.094097537249752,0.0,0.0
7921,34.14069177750845,8583.825527093995,0.0,27.094097537249752,0.0,0.0
7922,34.14069177750845,8583.825527093995,0.0,27.094097537249752,0.0,0.0
7923,34.14069177750845,8583.825527093995,0.0,27.094097537249752,0.0,0.0
7924,34.14069177750845,8583.825527093995,0.0,27.094097537249752,0.0,0.0
7925,34.14069177750845,8583.825527093995,0.0,27.094097537249752,0.0,0.0
7926,34.14069177750845,8583.825527093995,0.0,27.094097537249752,0.0,0.0
7927,34.14069177750845,8583.825527093995,0.0,27.094097537249752,0.0,0.0
7928,34.14069177750845,8583.825527093995,0.0,27.094097537249752,0.0,0.0
7929,34.14069177750845,8583.825527093995,0.0,27.094097537249752,0.0,0.0
7930,34.14069177750845,8583.825527093995,0.0,27.094097537249752,0.0,0.0
7931,34.14069177750845,8583.825527093995,0.0,27.094097537249752,0.0,0.0
7932,34.14069177750845,8583.825527093995,0.0,27.094097537249752,0.0,0.0
7933,34.14069177750845,8583.825527093995,0.0,27.094097537249752,0.0,0.0
7934,34.14069177750845,8583.825527093995,0.0,27.094097537249752,0.0,0.0
7935,34.14069177750845,8583.825527093995,0.0,27.094097537249752,0.0,0.0
7936,34.14069177750845,8583.825527093995,0.0,27.094097537249752,0.0,0.0
7937,34.14069177750845,8583.825527093995,0.0,27.094097537249752,0.0,0.0
7938,34.14069177750845,8583.825527093995,0.0,27.094097537249752,0.0,0.0
7939,34.14069177750845,8583.825527093995,0.0,27.094097537249752,0.0,0.0
7940,34.14069177750845,8583.825527093995,0.0,27.094097537249752,0.0,0.0
7941,34.14069177750845,8583.825527093995,0.0,27.094097537249752,0.0,0.0
7942,34.14069177750845,8583.825527093995,0.0,27.094097537249752,0.0,0.0
7943,34.14069177750845,8583.825527093995,0.0,27.094097537249752,0.0,0.0
7944,34.14069177750845,8583.825527093995,0.0,27.094097537249752,0.0,0.0
7945,34.14069177750845,8583.825527093995,0.0,27.094097537249752,0.0,0.0
7946,34.14069177750845,8583.825527093995,0.0,27.094097537249752,0.0,0.0
7947,34.14069177750845,8583.825527093995,0.0,27.094097537249752,0.0,0.0
7948,34.14069177750845,8583.825527093995,0.0,27.094097537249752,0.0,0.0
7949,34.14069177750845,8583.825527093995,0.0,27.094097537249752,0.0,0.0
7950,34.14069177750845,8583.825527093995,0.0,27.094097537249752,0.0,0.0
7951,34.14069177750845,8583.825527093995,0.0,27.094097537249752,0.0,0.0
7952,34.14069177750845,8583.825527093995,0.0,27.094097537249752,0.0,0.0
7953,34.14069177750845,8583.825527093995,0.0,27.094097537249752,0.0,0.0
7954,34.14069177750845,8583.825527093995,0.0,27.094097537249752,0.0,0.0
7955,34.14069177750845,8583.825527093995,0.0,27.094097537249752,0.0,0.0
7956,34.14069177750845,8583.825527093995,0.0,27.094097537249752,0.0,0.0
7957,34.14069177750845,8583.825527093995,0.0,27.094097537249752,0.0,0.0
7958,34.14069177750845,8583.825527093995,0.0,27.094097537249752,0.0,0.0
7959,34.14069177750845,8583.825527093995,0.0,27.094097537249752,0.0,0.0
7960,34.14069177750845,8583.825527093995,0.0,27.094097537249752,0.0,0.0
7961,34.14069177750845,8583.825527093995,0.0,27.094097537249752,0.0,0.0
7962,34.14069177750845,8583.825527093995,0.0,27.094097537249752,0.0,0.0
7963,34.14069177750845,8583.825527093995,0.0,27.094097537249752,0.0,0.0
7964,34.14069177750845,8583.825527093995,0.0,27.094097537249752,0.0,0.0
7965,34.14069177750845,8583.825527093995,0.0,27.094097537249752,0.0,0.0
7966,34.14069177750845,8583.825527093995,0.0,27.094097537249752,0.0,0.0
7967,34.14069177750845,8583.825527093995,0.0,27.094097537249752,0.0,0.0
7968,34.14069177750845,8583.825527093995,0.0,27.094097537249752,0.0,0.0
7969,34.14069177750845,8583.825527093995,0.0,27.094097537249752,0.0,0.0
7970,34.14069177750845,8583.825527093995,0.0,27.094097537249752,0.0,0.0
7971,34.14069177750845,8583.825527093995,0.0,27.094097537249752,0.0,0.0
7972,34.14069177750845,8583.825527093995,0.0,27.094097537249752,0.0,0.0
7973,34.14069177750845,8583.825527093995,0.0,27.094097537249752,0.0,0.0
7974,34.14069177750845,8583.825527093995,0.0,27.094097537249752,0.0,0.0
7975,34.14069177750845,8583.825527093995,0.0,27.094097537249752,0.0,0.0
7976,34.14069177750845,8583.825527093995,0.0,27.094097537249752,0.0,0.0
7977,34.14069177750845,8583.825527093995,0.0,27.094097537249752,0.0,0.0
7978,34.14069177750845,8583.825527093995,0.0,27.094097537249752,0.0,0.0
7979,34.14069177750845,8583.825527093995,0.0,27.094097537249752,0.0,0.0
7980,34.14069177750845,8583.825527093995,0.0,27.094097537249752,0.0,0.0
7981,34.14069177750845,8583.825527093995,0.0,27.094097537249752,0.0,0.0
7982,34.14069177750845,8583.825527093995,0.0,27.094097537249752,0.0,0.0
7983,34.14069177750845,8583.825527093995,0.0,27.094097537249752,0.0,0.0
7984,34.14069177750845,8583.825527093995,0.0,27.094097537249752,0.0,0.0
7985,34.14069177750845,8583.825527093995,0.0,27.094097537249752,0.0,0.0
7986,34.14069177750845,8583.825527093995,0.0,27.094097537249752,0.0,0.0
7987,34.14069177750845,8583.825527093995,0.0,27.094097537249752,0.0,0.0
7988,34.14069177750845,8583.825527093995,0.0,27.094097537249752,0.0,0.0
7989,34.14069177750845,8583.825527093995,0.0,27.094097537249752,0.0,0.0
7990,34.14069177750845,8583.825527093995,0.0,27.094097537249752,0.0,0.0
7991,34.14069177750845,8583.825527093995,0.0,27.094097537249752,0.0,0.0
7992,34.14069177750845,8583.825527093995,0.0,27.094097537249752,0.0,0.0
7993,34.14069177750845,8583.825527093995,0.0,27.094097537249752,0.0,0.0
7994,34.14069177750845,8583.825527093995,0.0,27.094097537249752,0.0,0.0
7995,34.14069177750845,8583.825527093995,0.0,27.094097537249752,0.0,0.0
7996,34.14069177750845,8583.825527093995,0.0,27.094097537249752,0.0,0.0
7997,34.14069177750845,8583.825527093995,0.0,27.094097537249752,0.0,0.0
7998,34.14069177750845,8583.825527093995,0.0,27.094097537249752,0.0,0.0
7999,34.14069177750845,8583.825527093995,0.0,27.094097537249752,0.0,0.0
8000,34.14069177750845,8583.825527093995,0.0,27.094097537249752,0.0,0.0
8001,34.14069177750845,8583.825527093995,0.0,27.094097537249752,0.0,0.0
8002,34.14069177750845,8583.825527093995,0.0,27.094097537249752,0.0,0.0
8003,34.14069177750845,8583.825527093995,0.0,27.094097537249752,0.0,0.0
8004,34.14069177750845,8583.825527093995,0.0,27.094097537249752,0.0,0.0
8005,34.14069177750845,8583.825527093995,0.0,27.094097537249752,0.0,0.0
8006,34.14069177750845,8583.825527093995,0.0,27.094097537249752,0.0,0.0
8007,34.14069177750845,8583.825527093995,0.0,27.094097537249752,0.0,0.0
8008,34.14069177750845,8583.825527093995,0.0,27.094097537249752,0.0,0.0
8009,34.14069177750845,8583.825527093995,0.0,27.094097537249752,0.0,0.0
8010,34.14069177750845,8583.825527093995,0.0,27.094097537249752,0.0,0.0
8011,34.14069177750845,8583.825527093995,0.0,27.094097537249752,0.0,0.0
8012,34.14069177750845,8583.825527093995,0.0,27.094097537249752,0.0,0.0
8013,34.14069177750845,8583.825527093995,0.0,27.094097537249752,0.0,0.0
8014,34.14069177750845,8583.825527093995,0.0,27.094097537249752,0.0,0.0
8015,34.14069177750845,8583.825527093995,0.0,27.094097537249752,0.0,0.0
8016,34.14069177750845,8583.825527093995,0.0,27.094097537249752,0.0,0.0
8017,34.14069177750845,8583.825527093995,0.0,27.094097537249752,0.0,0.0
8018,34.14069177750845,8583.825527093995,0.0,27.094097537249752,0.0,0.0
8019,34.14069177750845,8583.825527093995,0.0,27.094097537249752,0.0,0.0
8020,34.14069177750845,8583.825527093995,0.0,27.094097537249752,0.0,0.0
8021,34.14069177750845,8583.825527093995,0.0,27.094097537249752,0.0,0.0
8022,34.14069177750845,8583.825527093995,0.0,27.094097537249752,0.0,0.0
8023,34.14069177750845,8583.825527093995,0.0,27.094097537249752,0.0,0.0
8024,34.14069177750845,8583.825527093995,0.0,27.094097537249752,0.0,0.0
8025,34.14069177750845,8583.825527093995,0.0,27.094097537249752,0.0,0.0
8026,34.14069177750845,8583.825527093995,0.0,27.094097537249752,0.0,0.0
8027,34.14069177750845,8583.825527093995,0.0,27.094097537249752,0.0,0.0
8028,34.14069177750845,8583.825527093995,0.0,27.094097537249752,0.0,0.0
8029,34.14069177750845,8583.825527093995,0.0,27.094097537249752,0.0,0.0
8030,34.14069177750845,8583.825527093995,0.0,27.094097537249752,0.0,0.0
8031,34.14069177750845,8583.825527093995,0.0,27.094097537249752,0.0,0.0
8032,34.14069177750845,8583.825527093995,0.0,27.094097537249752,0.0,0.0
8033,34.14069177750845,8583.825527093995,0.0,27.094097537249752,0.0,0.0
8034,34.14069177750845,8583.825527093995,0.0,27.094097537249752,0.0,0.0
8035,34.14069177750845,8583.825527093995,0.0,27.094097537249752,0.0,0.0
8036,34.14069177750845,8583.825527093995,0.0,27.094097537249752,0.0,0.0
8037,34.14069177750845,8583.825527093995,0.0,27.094097537249752,0.0,0.0
8038,34.14069177750845,8583.825527093995,0.0,27.094097537249752,0.0,0.0
8039,34.14069177750845,8583.825527093995,0.0,27.094097537249752,0.0,0.0
8040,34.14069177750845,8583.825527093995,0.0,27.094097537249752,0.0,0.0
8041,34.14069177750845,8583.825527093995,0.0,27.094097537249752,0.0,0.0
8042,34.14069177750845,8583.825527093995,0.0,27.094097537249752,0.0,0.0
8043,34.14069177750845,8583.825527093995,0.0,27.094097537249752,0.0,0.0
8044,34.14069177750845,8583.825527093995,0.0,27.094097537249752,0.0,0.0
8045,34.14069177750845,8583.825527093995,0.0,27.094097537249752,0.0,0.0
8046,34.14069177750845,8583.825527093995,0.0,27.094097537249752,0.0,0.0
8047,34.14069177750845,8583.825527093995,0.0,27.094097537249752,0.0,0.0
8048,34.14069177750845,8583.825527093995,0.0,27.094097537249752,0.0,0.0
8049,34.14069177750845,8583.825527093995,0.0,27.094097537249752,0.0,0.0
8050,34.14069177750845,8583.825527093995,0.0,27.094097537249752,0.0,0.0
8051,34.14069177750845,8583.825527093995,0.0,27.094097537249752,0.0,0.0
8052,34.14069177750845,8583.825527093995,0.0,27.094097537249752,0.0,0.0
8053,34.14069177750845,8583.825527093995,0.0,27.094097537249752,0.0,0.0
8054,34.14069177750845,8583.825527093995,0.0,27.094097537249752,0.0,0.0
8055,34.14069177750845,8583.825527093995,0.0,27.094097537249752,0.0,0.0
8056,34.14069177750845,8583.825527093995,0.0,27.094097537249752,0.0,0.0
8057,34.14069177750845,8583.825527093995,0.0,27.094097537249752,0.0,0.0
8058,34.14069177750845,8583.825527093995,0.0,27.094097537249752,0.0,0.0
8059,34.14069177750845,8583.825527093995,0.0,27.094097537249752,0.0,0.0
8060,34.14069177750845,8583.825527093995,0.0,27.094097537249752,0.0,0.0
8061,34.14069177750845,8583.825527093995,0.0,27.094097537249752,0.0,0.0
8062,34.14069177750845,8583.825527093995,0.0,27.094097537249752,0.0,0.0
8063,34.14069177750845,8583.825527093995,0.0,27.094097537249752,0.0,0.0
8064,46.53378351015706,3896.3935326603796,0.0,29.56402821654061,0.0,0.0
8065,46.53378351015706,3896.3935326603796,0.0,29.56402821654061,0.0,0.0
8066,46.53378351015706,3896.3935326603796,0.0,29.56402821654061,0.0,0.0
8067,46.53378351015706,3896.3935326603796,0.0,29.56402821654061,0.0,0.0
8068,46.53378351015706,3896.3935326603796,0.0,29.56402821654061,0.0,0.0
8069,46.53378351015706,3896.3935326603796,0.0,29.56402821654061,0.0,0.0
8070,46.53378351015706,3896.3935326603796,0.0,29.56402821654061,0.0,0.0
8071,46.53378351015706,3896.3935326603796,0.0,29.56402821654061,0.0,0.0
8072,46.53378351015706,3896.3935326603796,0.0,29.56402821654061,0.0,0.0
8073,46.53378351015706,3896.3935326603796,0.0,29.56402821654061,0.0,0.0
8074,46.53378351015706,3896.3935326603796,0.0,29.56402821654061,0.0,0.0
8075,46.53378351015706,3896.3935326603796,0.0,29.56402821654061,0.0,0.0
8076,46.53378351015706,3896.3935326603796,0.0,29.56402821654061,0.0,0.0
8077,46.53378351015706,3896.3935326603796,0.0,29.56402821654061,0.0,0.0
8078,46.53378351015706,3896.3935326603796,0.0,29.56402821654061,0.0,0.0
8079,46.53378351015706,3896.3935326603796,0.0,29.56402821654061,0.0,0.0
8080,46.53378351015706,3896.3935326603796,0.0,29.56402821654061,0.0,0.0
8081,46.53378351015706,3896.3935326603796,0.0,29.56402821654061,0.0,0.0
8082,46.53378351015706,3896.3935326603796,0.0,29.56402821654061,0.0,0.0
8083,46.53378351015706,3896.3935326603796,0.0,29.56402821654061,0.0,0.0
8084,46.53378351015706,3896.3935326603796,0.0,29.56402821654061,0.0,0.0
8085,46.53378351015706,3896.3935326603796,0.0,29.56402821654061,0.0,0.0
8086,46.53378351015706,3896.3935326603796,0.0,29.56402821654061,0.0,0.0
8087,46.53378351015706,3896.3935326603796,0.0,29.56402821654061,0.0,0.0
8088,46.53378351015706,3896.3935326603796,0.0,29.56402821654061,0.0,0.0
8089,46.53378351015706,3896.3935326603796,0.0,29.56402821654061,0.0,0.0
8090,46.53378351015706,3896.3935326603796,0.0,29.56402821654061,0.0,0.0
8091,46.53378351015706,3896.3935326603796,0.0,29.56402821654061,0.0,0.0
8092,46.53378351015706,3896.3935326603796,0.0,29.56402821654061,0.0,0.0
8093,46.53378351015706,3896.3935326603796,0.0,29.56402821654061,0.0,0.0
8094,46.53378351015706,3896.3935326603796,0.0,29.56402821654061,0.0,0.0
8095,46.53378351015706,3896.3935326603796,0.0,29.56402821654061,0.0,0.0
8096,46.53378351015706,3896.3935326603796,0.0,29.56402821654061,0.0,0.0
8097,46.53378351015706,3896.3935326603796,0.0,29.56402821654061,0.0,0.0
8098,46.53378351015706,3896.3935326603796,0.0,29.56402821654061,0.0,0.0
8099,46.53378351015706,3896.3935326603796,0.0,29.56402821654061,0.0,0.0
8100,46.53378351015706,3896.3935326603796,0.0,29.56402821654061,0.0,0.0
8101,46.53378351015706,3896.3935326603796,0.0,29.56402821654061,0.0,0.0
8102,46.53378351015706,3896.3935326603796,0.0,29.56402821654061,0.0,0.0
8103,46.53378351015706,3896.3935326603796,0.0,29.56402821654061,0.0,0.0
8104,46.53378351015706,3896.3935326603796,0.0,29.56402821654061,0.0,0.0
8105,46.53378351015706,3896.3935326603796,0.0,29.56402821654061,0.0,0.0
8106,46.53378351015706,3896.3935326603796,0.0,29.56402821654061,0.0,0.0
8107,46.53378351015706,3896.3935326603796,0.0,29.56402821654061,0.0,0.0
8108,46.53378351015706,3896.3935326603796,0.0,29.56402821654061,0.0,0.0
8109,46.53378351015706,3896.3935326603796,0.0,29.56402821654061,0.0,0.0
8110,46.53378351015706,3896.3935326603796,0.0,29.56402821654061,0.0,0.0
8111,46.53378351015706,3896.3935326603796,0.0,29.56402821654061,0.0,0.0
8112,46.53378351015706,3896.3935326603796,0.0,29.56402821654061,0.0,0.0
8113,46.53378351015706,3896.3935326603796,0.0,29.56402821654061,0.0,0.0
8114,46.53378351015706,3896.3935326603796,0.0,29.56402821654061,0.0,0.0
8115,46.53378351015706,3896.3935326603796,0.0,29.56402821654061,0.0,0.0
8116,46.53378351015706,3896.3935326603796,0.0,29.56402821654061,0.0,0.0
8117,46.53378351015706,3896.3935326603796,0.0,29.56402821654061,0.0,0.0
8118,46.53378351015706,3896.3935326603796,0.0,29.56402821654061,0.0,0.0
8119,46.53378351015706,3896.3935326603796,0.0,29.56402821654061,0.0,0.0
8120,46.53378351015706,3896.3935326603796,0.0,29.56402821654061,0.0,0.0
8121,46.53378351015706,3896.3935326603796,0.0,29.56402821654061,0.0,0.0
8122,46.53378351015706,3896.3935326603796,0.0,29.56402821654061,0.0,0.0
8123,46.53378351015706,3896.3935326603796,0.0,29.56402821654061,0.0,0.0
8124,46.53378351015706,3896.3935326603796,0.0,29.56402821654061,0.0,0.0
8125,46.53378351015706,3896.3935326603796,0.0,29.56402821654061,0.0,0.0
8126,46.53378351015706,3896.3935326603796,0.0,29.56402821654061,0.0,0.0
8127,46.53378351015706,3896.3935326603796,0.0,29.56402821654061,0.0,0.0
8128,46.53378351015706,3896.3935326603796,0.0,29.56402821654061,0.0,0.0
8129,46.53378351015706,3896.3935326603796,0.0,29.56402821654061,0.0,0.0
8130,46.53378351015706,3896.3935326603796,0.0,29.56402821654061,0.0,0.0
8131,46.53378351015706,3896.3935326603796,0.0,29.56402821654061,0.0,0.0
8132,46.53378351015706,3896.3935326603796,0.0,29.56402821654061,0.0,0.0
8133,46.53378351015706,3896.3935326603796,0.0,29.56402821654061,0.0,0.0
8134,46.53378351015706,3896.3935326603796,0.0,29.56402821654061,0.0,0.0
8135,46.53378351015706,3896.3935326603796,0.0,29.56402821654061,0.0,0.0
8136,46.53378351015706,3896.3935326603796,0.0,29.56402821654061,0.0,0.0
8137,46.53378351015706,3896.3935326603796,0.0,29.56402821654061,0.0,0.0
8138,46.53378351015706,3896.3935326603796,0.0,29.56402821654061,0.0,0.0
8139,46.53378351015706,3896.3935326603796,0.0,29.56402821654061,0.0,0.0
8140,46.53378351015706,3896.3935326603796,0.0,29.56402821654061,0.0,0.0
8141,46.53378351015706,3896.3935326603796,0.0,29.56402821654061,0.0,0.0
8142,46.53378351015706,3896.3935326603796,0.0,29.56402821654061,0.0,0.0
8143,46.53378351015706,3896.3935326603796,0.0,29.56402821654061,0.0,0.0
8144,46.53378351015706,3896.3935326603796,0.0,29.56402821654061,0.0,0.0
8145,46.53378351015706,3896.3935326603796,0.0,29.56402821654061,0.0,0.0
8146,46.53378351015706,3896.3935326603796,0.0,29.56402821654061,0.0,0.0
8147,46.53378351015706,3896.3935326603796,0.0,29.56402821654061,0.0,0.0
8148,46.53378351015706,3896.3935326603796,0.0,29.56402821654061,0.0,0.0
8149,46.53378351015706,3896.3935326603796,0.0,29.56402821654061,0.0,0.0
8150,46.53378351015706,3896.3935326603796,0.0,29.56402821654061,0.0,0.0
8151,46.53378351015706,3896.3935326603796,0.0,29.56402821654061,0.0,0.0
8152,46.53378351015706,3896.3935326603796,0.0,29.56402821654061,0.0,0.0
8153,46.53378351015706,3896.3935326603796,0.0,29.56402821654061,0.0,0.0
8154,46.53378351015706,3896.3935326603796,0.0,29.56402821654061,0.0,0.0
8155,46.53378351015706,3896.3935326603796,0.0,29.56402821654061,0.0,0.0
8156,46.53378351015706,3896.3935326603796,0.0,29.56402821654061,0.0,0.0
8157,46.53378351015706,3896.3935326603796,0.0,29.56402821654061,0.0,0.0
8158,46.53378351015706,3896.3935326603796,0.0,29.56402821654061,0.0,0.0
8159,46.53378351015706,3896.3935326603796,0.0,29.56402821654061,0.0,0.0
8160,46.53378351015706,3896.3935326603796,0.0,29.56402821654061,0.0,0.0
8161,46.53378351015706,3896.3935326603796,0.0,29.56402821654061,0.0,0.0
8162,46.53378351015706,3896.3935326603796,0.0,29.56402821654061,0.0,0.0
8163,46.53378351015706,3896.3935326603796,0.0,29.56402821654061,0.0,0.0
8164,46.53378351015706,3896.3935326603796,0.0,29.56402821654061,0.0,0.0
8165,46.53378351015706,3896.3935326603796,0.0,29.56402821654061,0.0,0.0
8166,46.53378351015706,3896.3935326603796,0.0,29.56402821654061,0.0,0.0
8167,46.53378351015706,3896.3935326603796,0.0,29.56402821654061,0.0,0.0
8168,46.53378351015706,3896.3935326603796,0.0,29.56402821654061,0.0,0.0
8169,46.53378351015706,3896.3935326603796,0.0,29.56402821654061,0.0,0.0
8170,46.53378351015706,3896.3935326603796,0.0,29.56402821654061,0.0,0.0
8171,46.53378351015706,3896.3935326603796,0.0,29.56402821654061,0.0,0.0
8172,46.53378351015706,3896.3935326603796,0.0,29.56402821654061,0.0,0.0
8173,46.53378351015706,3896.3935326603796,0.0,29.56402821654061,0.0,0.0
8174,46.53378351015706,3896.3935326603796,0.0,29.56402821654061,0.0,0.0
8175,46.53378351015706,3896.3935326603796,0.0,29.56402821654061,0.0,0.0
8176,46.53378351015706,3896.3935326603796,0.0,29.56402821654061,0.0,0.0
8177,46.53378351015706,3896.3935326603796,0.0,29.56402821654061,0.0,0.0
8178,46.53378351015706,3896.3935326603796,0.0,29.56402821654061,0.0,0.0
8179,46.53378351015706,3896.3935326603796,0.0,29.56402821654061,0.0,0.0
8180,46.53378351015706,3896.3935326603796,0.0,29.56402821654061,0.0,0.0
8181,46.53378351015706,3896.3935326603796,0.0,29.56402821654061,0.0,0.0
8182,46.53378351015706,3896.3935326603796,0.0,29.56402821654061,0.0,0.0
8183,46.53378351015706,3896.3935326603796,0.0,29.56402821654061,0.0,0.0
8184,46.53378351015706,3896.3935326603796,0.0,29.56402821654061,0.0,0.0
8185,46.53378351015706,3896.3935326603796,0.0,29.56402821654061,0.0,0.0
8186,46.53378351015706,3896.3935326603796,0.0,29.56402821654061,0.0,0.0
8187,46.53378351015706,3896.3935326603796,0.0,29.56402821654061,0.0,0.0
8188,46.53378351015706,3896.3935326603796,0.0,29.56402821654061,0.0,0.0
8189,46.53378351015706,3896.3935326603796,0.0,29.56402821654061,0.0,0.0
8190,46.53378351015706,3896.3935326603796,0.0,29.56402821654061,0.0,0.0
8191,46.53378351015706,3896.3935326603796,0.0,29.56402821654061,0.0,0.0
8192,46.53378351015706,3896.3935326603796,0.0,29.56402821654061,0.0,0.0
8193,46.53378351015706,3896.3935326603796,0.0,29.56402821654061,0.0,0.0
8194,46.53378351015706,3896.3935326603796,0.0,29.56402821654061,0.0,0.0
8195,46.53378351015706,3896.3935326603796,0.0,29.56402821654061,0.0,0.0
8196,46.53378351015706,3896.3935326603796,0.0,29.56402821654061,0.0,0.0
8197,46.53378351015706,3896.3935326603796,0.0,29.56402821654061,0.0,0.0
8198,46.53378351015706,3896.3935326603796,0.0,29.56402821654061,0.0,0.0
8199,46.53378351015706,3896.3935326603796,0.0,29.56402821654061,0.0,0.0
8200,46.53378351015706,3896.3935326603796,0.0,29.56402821654061,0.0,0.0
8201,46.53378351015706,3896.3935326603796,0.0,29.56402821654061,0.0,0.0
8202,46.53378351015706,3896.3935326603796,0.0,29.56402821654061,0.0,0.0
8203,46.53378351015706,3896.3935326603796,0.0,29.56402821654061,0.0,0.0
8204,46.53378351015706,3896.3935326603796,0.0,29.56402821654061,0.0,0.0
8205,46.53378351015706,3896.3935326603796,0.0,29.56402821654061,0.0,0.0
8206,46.53378351015706,3896.3935326603796,0.0,29.56402821654061,0.0,0.0
8207,46.53378351015706,3896.3935326603796,0.0,29.56402821654061,0.0,0.0
8208,46.53378351015706,3896.3935326603796,0.0,29.56402821654061,0.0,0.0
8209,46.53378351015706,3896.3935326603796,0.0,29.56402821654061,0.0,0.0
8210,46.53378351015706,3896.3935326603796,0.0,29.56402821654061,0.0,0.0
8211,46.53378351015706,3896.3935326603796,0.0,29.56402821654061,0.0,0.0
8212,46.53378351015706,3896.3935326603796,0.0,29.56402821654061,0.0,0.0
8213,46.53378351015706,3896.3935326603796,0.0,29.56402821654061,0.0,0.0
8214,46.53378351015706,3896.3935326603796,0.0,29.56402821654061,0.0,0.0
8215,46.53378351015706,3896.3935326603796,0.0,29.56402821654061,0.0,0.0
8216,46.53378351015706,3896.3935326603796,0.0,29.56402821654061,0.0,0.0
8217,46.53378351015706,3896.3935326603796,0.0,29.56402821654061,0.0,0.0
8218,46.53378351015706,3896.3935326603796,0.0,29.56402821654061,0.0,0.0
8219,46.53378351015706,3896.3935326603796,0.0,29.56402821654061,0.0,0.0
8220,46.53378351015706,3896.3935326603796,0.0,29.56402821654061,0.0,0.0
8221,46.53378351015706,3896.3935326603796,0.0,29.56402821654061,0.0,0.0
8222,46.53378351015706,3896.3935326603796,0.0,29.56402821654061,0.0,0.0
8223,46.53378351015706,3896.3935326603796,0.0,29.56402821654061,0.0,0.0
8224,46.53378351015706,3896.3935326603796,0.0,29.56402821654061,0.0,0.0
8225,46.53378351015706,3896.3935326603796,0.0,29.56402821654061,0.0,0.0
8226,46.53378351015706,3896.3935326603796,0.0,29.56402821654061,0.0,0.0
8227,46.53378351015706,3896.3935326603796,0.0,29.56402821654061,0.0,0.0
8228,46.53378351015706,3896.3935326603796,0.0,29.56402821654061,0.0,0.0
8229,46.53378351015706,3896.3935326603796,0.0,29.56402821654061,0.0,0.0
8230,46.53378351015706,3896.3935326603796,0.0,29.56402821654061,0.0,0.0
8231,46.53378351015706,3896.3935326603796,0.0,29.56402821654061,0.0,0.0
8232,55.538999806857404,6482.0386774759845,0.0,39.79366563046914,0.0,0.0
8233,55.538999806857404,6482.0386774759845,0.0,39.79366563046914,0.0,0.0
8234,55.538999806857404,6482.0386774759845,0.0,39.79366563046914,0.0,0.0
8235,55.538999806857404,6482.0386774759845,0.0,39.79366563046914,0.0,0.0
8236,55.538999806857404,6482.0386774759845,0.0,39.79366563046914,0.0,0.0
8237,55.538999806857404,6482.0386774759845,0.0,39.79366563046914,0.0,0.0
8238,55.538999806857404,6482.0386774759845,0.0,39.79366563046914,0.0,0.0
8239,55.538999806857404,6482.0386774759845,0.0,39.79366563046914,0.0,0.0
8240,55.538999806857404,6482.0386774759845,0.0,39.79366563046914,0.0,0.0
8241,55.538999806857404,6482.0386774759845,0.0,39.79366563046914,0.0,0.0
8242,55.538999806857404,6482.0386774759845,0.0,39.79366563046914,0.0,0.0
8243,55.538999806857404,6482.0386774759845,0.0,39.79366563046914,0.0,0.0
8244,55.538999806857404,6482.0386774759845,0.0,39.79366563046914,0.0,0.0
8245,55.538999806857404,6482.0386774759845,0.0,39.79366563046914,0.0,0.0
8246,55.538999806857404,6482.0386774759845,0.0,39.79366563046914,0.0,0.0
8247,55.538999806857404,6482.0386774759845,0.0,39.79366563046914,0.0,0.0
8248,55.538999806857404,6482.0386774759845,0.0,39.79366563046914,0.0,0.0
8249,55.538999806857404,6482.0386774759845,0.0,39.79366563046914,0.0,0.0
8250,55.538999806857404,6482.0386774759845,0.0,39.79366563046914,0.0,0.0
8251,55.538999806857404,6482.0386774759845,0.0,39.79366563046914,0.0,0.0
8252,55.538999806857404,6482.0386774759845,0.0,39.79366563046914,0.0,0.0
8253,55.538999806857404,6482.0386774759845,0.0,39.79366563046914,0.0,0.0
8254,55.538999806857404,6482.0386774759845,0.0,39.79366563046914,0.0,0.0
8255,55.538999806857404,6482.0386774759845,0.0,39.79366563046914,0.0,0.0
8256,55.538999806857404,6482.0386774759845,0.0,39.79366563046914,0.0,0.0
8257,55.538999806857404,6482.0386774759845,0.0,39.79366563046914,0.0,0.0
8258,55.538999806857404,6482.0386774759845,0.0,39.79366563046914,0.0,0.0
8259,55.538999806857404,6482.0386774759845,0.0,39.79366563046914,0.0,0.0
8260,55.538999806857404,6482.0386774759845,0.0,39.79366563046914,0.0,0.0
8261,55.538999806857404,6482.0386774759845,0.0,39.79366563046914,0.0,0.0
8262,55.538999806857404,6482.0386774759845,0.0,39.79366563046914,0.0,0.0
8263,55.538999806857404,6482.0386774759845,0.0,39.79366563046914,0.0,0.0
8264,55.538999806857404,6482.0386774759845,0.0,39.79366563046914,0.0,0.0
8265,55.538999806857404,6482.0386774759845,0.0,39.79366563046914,0.0,0.0
8266,55.538999806857404,6482.0386774759845,0.0,39.79366563046914,0.0,0.0
8267,55.538999806857404,6482.0386774759845,0.0,39.79366563046914,0.0,0.0
8268,55.538999806857404,6482.0386774759845,0.0,39.79366563046914,0.0,0.0
8269,55.538999806857404,6482.0386774759845,0.0,39.79366563046914,0.0,0.0
8270,55.538999806857404,6482.0386774759845,0.0,39.79366563046914,0.0,0.0
8271,55.538999806857404,6482.0386774759845,0.0,39.79366563046914,0.0,0.0
8272,55.538999806857404,6482.0386774759845,0.0,39.79366563046914,0.0,0.0
8273,55.538999806857404,6482.0386774759845,0.0,39.79366563046914,0.0,0.0
8274,55.538999806857404,6482.0386774759845,0.0,39.79366563046914,0.0,0.0
8275,55.538999806857404,6482.0386774759845,0.0,39.79366563046914,0.0,0.0
8276,55.538999806857404,6482.0386774759845,0.0,39.79366563046914,0.0,0.0
8277,55.538999806857404,6482.0386774759845,0.0,39.79366563046914,0.0,0.0
8278,55.538999806857404,6482.0386774759845,0.0,39.79366563046914,0.0,0.0
8279,55.538999806857404,6482.0386774759845,0.0,39.79366563046914,0.0,0.0
8280,55.538999806857404,6482.0386774759845,0.0,39.79366563046914,0.0,0.0
8281,55.538999806857404,6482.0386774759845,0.0,39.79366563046914,0.0,0.0
8282,55.538999806857404,6482.0386774759845,0.0,39.79366563046914,0.0,0.0
8283,55.538999806857404,6482.0386774759845,0.0,39.79366563046914,0.0,0.0
8284,55.538999806857404,6482.0386774759845,0.0,39.79366563046914,0.0,0.0
8285,55.538999806857404,6482.0386774759845,0.0,39.79366563046914,0.0,0.0
8286,55.538999806857404,6482.0386774759845,0.0,39.79366563046914,0.0,0.0
8287,55.538999806857404,6482.0386774759845,0.0,39.79366563046914,0.0,0.0
8288,55.538999806857404,6482.0386774759845,0.0,39.79366563046914,0.0,0.0
8289,55.538999806857404,6482.0386774759845,0.0,39.79366563046914,0.0,0.0
8290,55.538999806857404,6482.0386774759845,0.0,39.79366563046914,0.0,0.0
8291,55.538999806857404,6482.0386774759845,0.0,39.79366563046914,0.0,0.0
8292,55.538999806857404,6482.0386774759845,0.0,39.79366563046914,0.0,0.0
8293,55.538999806857404,6482.0386774759845,0.0,39.79366563046914,0.0,0.0
8294,55.538999806857404,6482.0386774759845,0.0,39.79366563046914,0.0,0.0
8295,55.538999806857404,6482.0386774759845,0.0,39.79366563046914,0.0,0.0
8296,55.538999806857404,6482.0386774759845,0.0,39.79366563046914,0.0,0.0
8297,55.538999806857404,6482.0386774759845,0.0,39.79366563046914,0.0,0.0
8298,55.538999806857404,6482.0386774759845,0.0,39.79366563046914,0.0,0.0
8299,55.538999806857404,6482.0386774759845,0.0,39.79366563046914,0.0,0.0
8300,55.538999806857404,6482.0386774759845,0.0,39.79366563046914,0.0,0.0
8301,55.538999806857404,6482.0386774759845,0.0,39.79366563046914,0.0,0.0
8302,55.538999806857404,6482.0386774759845,0.0,39.79366563046914,0.0,0.0
8303,55.538999806857404,6482.0386774759845,0.0,39.79366563046914,0.0,0.0
8304,55.538999806857404,6482.0386774759845,0.0,39.79366563046914,0.0,0.0
8305,55.538999806857404,6482.0386774759845,0.0,39.79366563046914,0.0,0.0
8306,55.538999806857404,6482.0386774759845,0.0,39.79366563046914,0.0,0.0
8307,55.538999806857404,6482.0386774759845,0.0,39.79366563046914,0.0,0.0
8308,55.538999806857404,6482.0386774759845,0.0,39.79366563046914,0.0,0.0
8309,55.538999806857404,6482.0386774759845,0.0,39.79366563046914,0.0,0.0
8310,55.538999806857404,6482.0386774759845,0.0,39.79366563046914,0.0,0.0
8311,55.538999806857404,6482.0386774759845,0.0,39.79366563046914,0.0,0.0
8312,55.538999806857404,6482.0386774759845,0.0,39.79366563046914,0.0,0.0
8313,55.538999806857404,6482.0386774759845,0.0,39.79366563046914,0.0,0.0
8314,55.538999806857404,6482.0386774759845,0.0,39.79366563046914,0.0,0.0
8315,55.538999806857404,6482.0386774759845,0.0,39.79366563046914,0.0,0.0
8316,55.538999806857404,6482.0386774759845,0.0,39.79366563046914,0.0,0.0
8317,55.538999806857404,6482.0386774759845,0.0,39.79366563046914,0.0,0.0
8318,55.538999806857404,6482.0386774759845,0.0,39.79366563046914,0.0,0.0
8319,55.538999806857404,6482.0386774759845,0.0,39.79366563046914,0.0,0.0
8320,55.538999806857404,6482.0386774759845,0.0,39.79366563046914,0.0,0.0
8321,55.538999806857404,6482.0386774759845,0.0,39.79366563046914,0.0,0.0
8322,55.538999806857404,6482.0386774759845,0.0,39.79366563046914,0.0,0.0
8323,55.538999806857404,6482.0386774759845,0.0,39.79366563046914,0.0,0.0
8324,55.538999806857404,6482.0386774759845,0.0,39.79366563046914,0.0,0.0
8325,55.538999806857404,6482.0386774759845,0.0,39.79366563046914,0.0,0.0
8326,55.538999806857404,6482.0386774759845,0.0,39.79366563046914,0.0,0.0
8327,55.538999806857404,6482.0386774759845,0.0,39.79366563046914,0.0,0.0
8328,55.538999806857404,6482.0386774759845,0.0,39.79366563046914,0.0,0.0
8329,55.538999806857404,6482.0386774759845,0.0,39.79366563046914,0.0,0.0
8330,55.538999806857404,6482.0386774759845,0.0,39.79366563046914,0.0,0.0
8331,55.538999806857404,6482.0386774759845,0.0,39.79366563046914,0.0,0.0
8332,55.538999806857404,6482.0386774759845,0.0,39.79366563046914,0.0,0.0
8333,55.538999806857404,6482.0386774759845,0.0,39.79366563046914,0.0,0.0
8334,55.538999806857404,6482.0386774759845,0.0,39.79366563046914,0.0,0.0
8335,55.538999806857404,6482.0386774759845,0.0,39.79366563046914,0.0,0.0
8336,55.538999806857404,6482.0386774759845,0.0,39.79366563046914,0.0,0.0
8337,55.538999806857404,6482.0386774759845,0.0,39.79366563046914,0.0,0.0
8338,55.538999806857404,6482.0386774759845,0.0,39.79366563046914,0.0,0.0
8339,55.538999806857404,6482.0386774759845,0.0,39.79366563046914,0.0,0.0
8340,55.538999806857404,6482.0386774759845,0.0,39.79366563046914,0.0,0.0
8341,55.538999806857404,6482.0386774759845,0.0,39.79366563046914,0.0,0.0
8342,55.538999806857404,6482.0386774759845,0.0,39.79366563046914,0.0,0.0
8343,55.538999806857404,6482.0386774759845,0.0,39.79366563046914,0.0,0.0
8344,55.538999806857404,6482.0386774759845,0.0,39.79366563046914,0.0,0.0
8345,55.538999806857404,6482.0386774759845,0.0,39.79366563046914,0.0,0.0
8346,55.538999806857404,6482.0386774759845,0.0,39.79366563046914,0.0,0.0
8347,55.538999806857404,6482.0386774759845,0.0,39.79366563046914,0.0,0.0
8348,55.538999806857404,6482.0386774759845,0.0,39.79366563046914,0.0,0.0
8349,55.538999806857404,6482.0386774759845,0.0,39.79366563046914,0.0,0.0
8350,55.538999806857404,6482.0386774759845,0.0,39.79366563046914,0.0,0.0
8351,55.538999806857404,6482.0386774759845,0.0,39.79366563046914,0.0,0.0
8352,55.538999806857404,6482.0386774759845,0.0,39.79366563046914,0.0,0.0
8353,55.538999806857404,6482.0386774759845,0.0,39.79366563046914,0.0,0.0
8354,55.538999806857404,6482.0386774759845,0.0,39.79366563046914,0.0,0.0
8355,55.538999806857404,6482.0386774759845,0.0,39.79366563046914,0.0,0.0
8356,55.538999806857404,6482.0386774759845,0.0,39.79366563046914,0.0,0.0
8357,55.538999806857404,6482.0386774759845,0.0,39.79366563046914,0.0,0.0
8358,55.538999806857404,6482.0386774759845,0.0,39.79366563046914,0.0,0.0
8359,55.538999806857404,6482.0386774759845,0.0,39.79366563046914,0.0,0.0
8360,55.538999806857404,6482.0386774759845,0.0,39.79366563046914,0.0,0.0
8361,55.538999806857404,6482.0386774759845,0.0,39.79366563046914,0.0,0.0
8362,55.538999806857404,6482.0386774759845,0.0,39.79366563046914,0.0,0.0
8363,55.538999806857404,6482.0386774759845,0.0,39.79366563046914,0.0,0.0
8364,55.538999806857404,6482.0386774759845,0.0,39.79366563046914,0.0,0.0
8365,55.538999806857404,6482.0386774759845,0.0,39.79366563046914,0.0,0.0
8366,55.538999806857404,6482.0386774759845,0.0,39.79366563046914,0.0,0.0
8367,55.538999806857404,6482.0386774759845,0.0,39.79366563046914,0.0,0.0
8368,55.538999806857404,6482.0386774759845,0.0,39.79366563046914,0.0,0.0
8369,55.538999806857404,6482.0386774759845,0.0,39.79366563046914,0.0,0.0
8370,55.538999806857404,6482.0386774759845,0.0,39.79366563046914,0.0,0.0
8371,55.538999806857404,6482.0386774759845,0.0,39.79366563046914,0.0,0.0
8372,55.538999806857404,6482.0386774759845,0.0,39.79366563046914,0.0,0.0
8373,55.538999806857404,6482.0386774759845,0.0,39.79366563046914,0.0,0.0
8374,55.538999806857404,6482.0386774759845,0.0,39.79366563046914,0.0,0.0
8375,55.538999806857404,6482.0386774759845,0.0,39.79366563046914,0.0,0.0
8376,55.538999806857404,6482.0386774759845,0.0,39.79366563046914,0.0,0.0
8377,55.538999806857404,6482.0386774759845,0.0,39.79366563046914,0.0,0.0
8378,55.538999806857404,6482.0386774759845,0.0,39.79366563046914,0.0,0.0
8379,55.538999806857404,6482.0386774759845,0.0,39.79366563046914,0.0,0.0
8380,55.538999806857404,6482.0386774759845,0.0,39.79366563046914,0.0,0.0
8381,55.538999806857404,6482.0386774759845,0.0,39.79366563046914,0.0,0.0
8382,55.538999806857404,6482.0386774759845,0.0,39.79366563046914,0.0,0.0
8383,55.538999806857404,6482.0386774759845,0.0,39.79366563046914,0.0,0.0
8384,55.538999806857404,6482.0386774759845,0.0,39.79366563046914,0.0,0.0
8385,55.538999806857404,6482.0386774759845,0.0,39.79366563046914,0.0,0.0
8386,55.538999806857404,6482.0386774759845,0.0,39.79366563046914,0.0,0.0
8387,55.538999806857404,6482.0386774759845,0.0,39.79366563046914,0.0,0.0
8388,55.538999806857404,6482.0386774759845,0.0,39.79366563046914,0.0,0.0
8389,55.538999806857404,6482.0386774759845,0.0,39.79366563046914,0.0,0.0
8390,55.538999806857404,6482.0386774759845,0.0,39.79366563046914,0.0,0.0
8391,55.538999806857404,6482.0386774759845,0.0,39.79366563046914,0.0,0.0
8392,55.538999806857404,6482.0386774759845,0.0,39.79366563046914,0.0,0.0
8393,55.538999806857404,6482.0386774759845,0.0,39.79366563046914,0.0,0.0
8394,55.538999806857404,6482.0386774759845,0.0,39.79366563046914,0.0,0.0
8395,55.538999806857404,6482.0386774759845,0.0,39.79366563046914,0.0,0.0
8396,55.538999806857404,6482.0386774759845,0.0,39.79366563046914,0.0,0.0
8397,55.538999806857404,6482.0386774759845,0.0,39.79366563046914,0.0,0.0
8398,55.538999806857404,6482.0386774759845,0.0,39.79366563046914,0.0,0.0
8399,55.538999806857404,6482.0386774759845,0.0,39.79366563046914,0.0,0.0
8400,54.493492706349485,3781.242042545315,0.0,41.98550364487842,0.0,0.0
8401,54.493492706349485,3781.242042545315,0.0,41.98550364487842,0.0,0.0
8402,54.493492706349485,3781.242042545315,0.0,41.98550364487842,0.0,0.0
8403,54.493492706349485,3781.242042545315,0.0,41.98550364487842,0.0,0.0
8404,54.493492706349485,3781.242042545315,0.0,41.98550364487842,0.0,0.0
8405,54.493492706349485,3781.242042545315,0.0,41.98550364487842,0.0,0.0
8406,54.493492706349485,3781.242042545315,0.0,41.98550364487842,0.0,0.0
8407,54.493492706349485,3781.242042545315,0.0,41.98550364487842,0.0,0.0
8408,54.493492706349485,3781.242042545315,0.0,41.98550364487842,0.0,0.0
8409,54.493492706349485,3781.242042545315,0.0,41.98550364487842,0.0,0.0
8410,54.493492706349485,3781.242042545315,0.0,41.98550364487842,0.0,0.0
8411,54.493492706349485,3781.242042545315,0.0,41.98550364487842,0.0,0.0
8412,54.493492706349485,3781.242042545315,0.0,41.98550364487842,0.0,0.0
8413,54.493492706349485,3781.242042545315,0.0,41.98550364487842,0.0,0.0
8414,54.493492706349485,3781.242042545315,0.0,41.98550364487842,0.0,0.0
8415,54.493492706349485,3781.242042545315,0.0,41.98550364487842,0.0,0.0
8416,54.493492706349485,3781.242042545315,0.0,41.98550364487842,0.0,0.0
8417,54.493492706349485,3781.242042545315,0.0,41.98550364487842,0.0,0.0
8418,54.493492706349485,3781.242042545315,0.0,41.98550364487842,0.0,0.0
8419,54.493492706349485,3781.242042545315,0.0,41.98550364487842,0.0,0.0
8420,54.493492706349485,3781.242042545315,0.0,41.98550364487842,0.0,0.0
8421,54.493492706349485,3781.242042545315,0.0,41.98550364487842,0.0,0.0
8422,54.493492706349485,3781.242042545315,0.0,41.98550364487842,0.0,0.0
8423,54.493492706349485,3781.242042545315,0.0,41.98550364487842,0.0,0.0
8424,54.493492706349485,3781.242042545315,0.0,41.98550364487842,0.0,0.0
8425,54.493492706349485,3781.242042545315,0.0,41.98550364487842,0.0,0.0
8426,54.493492706349485,3781.242042545315,0.0,41.98550364487842,0.0,0.0
8427,54.493492706349485,3781.242042545315,0.0,41.98550364487842,0.0,0.0
8428,54.493492706349485,3781.242042545315,0.0,41.98550364487842,0.0,0.0
8429,54.493492706349485,3781.242042545315,0.0,41.98550364487842,0.0,0.0
8430,54.493492706349485,3781.242042545315,0.0,41.98550364487842,0.0,0.0
8431,54.493492706349485,3781.242042545315,0.0,41.98550364487842,0.0,0.0
8432,54.493492706349485,3781.242042545315,0.0,41.98550364487842,0.0,0.0
8433,54.493492706349485,3781.242042545315,0.0,41.98550364487842,0.0,0.0
8434,54.493492706349485,3781.242042545315,0.0,41.98550364487842,0.0,0.0
8435,54.493492706349485,3781.242042545315,0.0,41.98550364487842,0.0,0.0
8436,54.493492706349485,3781.242042545315,0.0,41.98550364487842,0.0,0.0
8437,54.493492706349485,3781.242042545315,0.0,41.98550364487842,0.0,0.0
8438,54.493492706349485,3781.242042545315,0.0,41.98550364487842,0.0,0.0
8439,54.493492706349485,3781.242042545315,0.0,41.98550364487842,0.0,0.0
8440,54.493492706349485,3781.242042545315,0.0,41.98550364487842,0.0,0.0
8441,54.493492706349485,3781.242042545315,0.0,41.98550364487842,0.0,0.0
8442,54.493492706349485,3781.242042545315,0.0,41.98550364487842,0.0,0.0
8443,54.493492706349485,3781.242042545315,0.0,41.98550364487842,0.0,0.0
8444,54.493492706349485,3781.242042545315,0.0,41.98550364487842,0.0,0.0
8445,54.493492706349485,3781.242042545315,0.0,41.98550364487842,0.0,0.0
8446,54.493492706349485,3781.242042545315,0.0,41.98550364487842,0.0,0.0
8447,54.493492706349485,3781.242042545315,0.0,41.98550364487842,0.0,0.0
8448,54.493492706349485,3781.242042545315,0.0,41.98550364487842,0.0,0.0
8449,54.493492706349485,3781.242042545315,0.0,41.98550364487842,0.0,0.0
8450,54.493492706349485,3781.242042545315,0.0,41.98550364487842,0.0,0.0
8451,54.493492706349485,3781.242042545315,0.0,41.98550364487842,0.0,0.0
8452,54.493492706349485,3781.242042545315,0.0,41.98550364487842,0.0,0.0
8453,54.493492706349485,3781.242042545315,0.0,41.98550364487842,0.0,0.0
8454,54.493492706349485,3781.242042545315,0.0,41.98550364487842,0.0,0.0
8455,54.493492706349485,3781.242042545315,0.0,41.98550364487842,0.0,0.0
8456,54.493492706349485,3781.242042545315,0.0,41.98550364487842,0.0,0.0
8457,54.493492706349485,3781.242042545315,0.0,41.98550364487842,0.0,0.0
8458,54.493492706349485,3781.242042545315,0.0,41.98550364487842,0.0,0.0
8459,54.493492706349485,3781.242042545315,0.0,41.98550364487842,0.0,0.0
8460,54.493492706349485,3781.242042545315,0.0,41.98550364487842,0.0,0.0
8461,54.493492706349485,3781.242042545315,0.0,41.98550364487842,0.0,0.0
8462,54.493492706349485,3781.242042545315,0.0,41.98550364487842,0.0,0.0
8463,54.493492706349485,3781.242042545315,0.0,41.98550364487842,0.0,0.0
8464,54.493492706349485,3781.242042545315,0.0,41.98550364487842,0.0,0.0
8465,54.493492706349485,3781.242042545315,0.0,41.98550364487842,0.0,0.0
8466,54.493492706349485,3781.242042545315,0.0,41.98550364487842,0.0,0.0
8467,54.493492706349485,3781.242042545315,0.0,41.98550364487842,0.0,0.0
8468,54.493492706349485,3781.242042545315,0.0,41.98550364487842,0.0,0.0
8469,54.493492706349485,3781.242042545315,0.0,41.98550364487842,0.0,0.0
8470,54.493492706349485,3781.242042545315,0.0,41.98550364487842,0.0,0.0
8471,54.493492706349485,3781.242042545315,0.0,41.98550364487842,0.0,0.0
8472,54.493492706349485,3781.242042545315,0.0,41.98550364487842,0.0,0.0
8473,54.493492706349485,3781.242042545315,0.0,41.98550364487842,0.0,0.0
8474,54.493492706349485,3781.242042545315,0.0,41.98550364487842,0.0,0.0
8475,54.493492706349485,3781.242042545315,0.0,41.98550364487842,0.0,0.0
8476,54.493492706349485,3781.242042545315,0.0,41.98550364487842,0.0,0.0
8477,54.493492706349485,3781.242042545315,0.0,41.98550364487842,0.0,0.0
8478,54.493492706349485,3781.242042545315,0.0,41.98550364487842,0.0,0.0
8479,54.493492706349485,3781.242042545315,0.0,41.98550364487842,0.0,0.0
8480,54.493492706349485,3781.242042545315,0.0,41.98550364487842,0.0,0.0
8481,54.493492706349485,3781.242042545315,0.0,41.98550364487842,0.0,0.0
8482,54.493492706349485,3781.242042545315,0.0,41.98550364487842,0.0,0.0
8483,54.493492706349485,3781.242042545315,0.0,41.98550364487842,0.0,0.0
8484,54.493492706349485,3781.242042545315,0.0,41.98550364487842,0.0,0.0
8485,54.493492706349485,3781.242042545315,0.0,41.98550364487842,0.0,0.0
8486,54.493492706349485,3781.242042545315,0.0,41.98550364487842,0.0,0.0
8487,54.493492706349485,3781.242042545315,0.0,41.98550364487842,0.0,0.0
8488,54.493492706349485,3781.242042545315,0.0,41.98550364487842,0.0,0.0
8489,54.493492706349485,3781.242042545315,0.0,41.98550364487842,0.0,0.0
8490,54.493492706349485,3781.242042545315,0.0,41.98550364487842,0.0,0.0
8491,54.493492706349485,3781.242042545315,0.0,41.98550364487842,0.0,0.0
8492,54.493492706349485,3781.242042545315,0.0,41.98550364487842,0.0,0.0
8493,54.493492706349485,3781.242042545315,0.0,41.98550364487842,0.0,0.0
8494,54.493492706349485,3781.242042545315,0.0,41.98550364487842,0.0,0.0
8495,54.493492706349485,3781.242042545315,0.0,41.98550364487842,0.0,0.0
8496,54.493492706349485,3781.242042545315,0.0,41.98550364487842,0.0,0.0
8497,54.493492706349485,3781.242042545315,0.0,41.98550364487842,0.0,0.0
8498,54.493492706349485,3781.242042545315,0.0,41.98550364487842,0.0,0.0
8499,54.493492706349485,3781.242042545315,0.0,41.98550364487842,0.0,0.0
8500,54.493492706349485,3781.242042545315,0.0,41.98550364487842,0.0,0.0
8501,54.493492706349485,3781.242042545315,0.0,41.98550364487842,0.0,0.0
8502,54.493492706349485,3781.242042545315,0.0,41.98550364487842,0.0,0.0
8503,54.493492706349485,3781.242042545315,0.0,41.98550364487842,0.0,0.0
8504,54.493492706349485,3781.242042545315,0.0,41.98550364487842,0.0,0.0
8505,54.493492706349485,3781.242042545315,0.0,41.98550364487842,0.0,0.0
8506,54.493492706349485,3781.242042545315,0.0,41.98550364487842,0.0,0.0
8507,54.493492706349485,3781.242042545315,0.0,41.98550364487842,0.0,0.0
8508,54.493492706349485,3781.242042545315,0.0,41.98550364487842,0.0,0.0
8509,54.493492706349485,3781.242042545315,0.0,41.98550364487842,0.0,0.0
8510,54.493492706349485,3781.242042545315,0.0,41.98550364487842,0.0,0.0
8511,54.493492706349485,3781.242042545315,0.0,41.98550364487842,0.0,0.0
8512,54.493492706349485,3781.242042545315,0.0,41.98550364487842,0.0,0.0
8513,54.493492706349485,3781.242042545315,0.0,41.98550364487842,0.0,0.0
8514,54.493492706349485,3781.242042545315,0.0,41.98550364487842,0.0,0.0
8515,54.493492706349485,3781.242042545315,0.0,41.98550364487842,0.0,0.0
8516,54.493492706349485,3781.242042545315,0.0,41.98550364487842,0.0,0.0
8517,54.493492706349485,3781.242042545315,0.0,41.98550364487842,0.0,0.0
8518,54.493492706349485,3781.242042545315,0.0,41.98550364487842,0.0,0.0
8519,54.493492706349485,3781.242042545315,0.0,41.98550364487842,0.0,0.0
8520,54.493492706349485,3781.242042545315,0.0,41.98550364487842,0.0,0.0
8521,54.493492706349485,3781.242042545315,0.0,41.98550364487842,0.0,0.0
8522,54.493492706349485,3781.242042545315,0.0,41.98550364487842,0.0,0.0
8523,54.493492706349485,3781.242042545315,0.0,41.98550364487842,0.0,0.0
8524,54.493492706349485,3781.242042545315,0.0,41.98550364487842,0.0,0.0
8525,54.493492706349485,3781.242042545315,0.0,41.98550364487842,0.0,0.0
8526,54.493492706349485,3781.242042545315,0.0,41.98550364487842,0.0,0.0
8527,54.493492706349485,3781.242042545315,0.0,41.98550364487842,0.0,0.0
8528,54.493492706349485,3781.242042545315,0.0,41.98550364487842,0.0,0.0
8529,54.493492706349485,3781.242042545315,0.0,41.98550364487842,0.0,0.0
8530,54.493492706349485,3781.242042545315,0.0,41.98550364487842,0.0,0.0
8531,54.493492706349485,3781.242042545315,0.0,41.98550364487842,0.0,0.0
8532,54.493492706349485,3781.242042545315,0.0,41.98550364487842,0.0,0.0
8533,54.493492706349485,3781.242042545315,0.0,41.98550364487842,0.0,0.0
8534,54.493492706349485,3781.242042545315,0.0,41.98550364487842,0.0,0.0
8535,54.493492706349485,3781.242042545315,0.0,41.98550364487842,0.0,0.0
8536,54.493492706349485,3781.242042545315,0.0,41.98550364487842,0.0,0.0
8537,54.493492706349485,3781.242042545315,0.0,41.98550364487842,0.0,0.0
8538,54.493492706349485,3781.242042545315,0.0,41.98550364487842,0.0,0.0
8539,54.493492706349485,3781.242042545315,0.0,41.98550364487842,0.0,0.0
8540,54.493492706349485,3781.242042545315,0.0,41.98550364487842,0.0,0.0
8541,54.493492706349485,3781.242042545315,0.0,41.98550364487842,0.0,0.0
8542,54.493492706349485,3781.242042545315,0.0,41.98550364487842,0.0,0.0
8543,54.493492706349485,3781.242042545315,0.0,41.98550364487842,0.0,0.0
8544,54.493492706349485,3781.242042545315,0.0,41.98550364487842,0.0,0.0
8545,54.493492706349485,3781.242042545315,0.0,41.98550364487842,0.0,0.0
8546,54.493492706349485,3781.242042545315,0.0,41.98550364487842,0.0,0.0
8547,54.493492706349485,3781.242042545315,0.0,41.98550364487842,0.0,0.0
8548,54.493492706349485,3781.242042545315,0.0,41.98550364487842,0.0,0.0
8549,54.493492706349485,3781.242042545315,0.0,41.98550364487842,0.0,0.0
8550,54.493492706349485,3781.242042545315,0.0,41.98550364487842,0.0,0.0
8551,54.493492706349485,3781.242042545315,0.0,41.98550364487842,0.0,0.0
8552,54.493492706349485,3781.242042545315,0.0,41.98550364487842,0.0,0.0
8553,54.493492706349485,3781.242042545315,0.0,41.98550364487842,0.0,0.0
8554,54.493492706349485,3781.242042545315,0.0,41.98550364487842,0.0,0.0
8555,54.493492706349485,3781.242042545315,0.0,41.98550364487842,0.0,0.0
8556,54.493492706349485,3781.242042545315,0.0,41.98550364487842,0.0,0.0
8557,54.493492706349485,3781.242042545315,0.0,41.98550364487842,0.0,0.0
8558,54.493492706349485,3781.242042545315,0.0,41.98550364487842,0.0,0.0
8559,54.493492706349485,3781.242042545315,0.0,41.98550364487842,0.0,0.0
8560,54.493492706349485,3781.242042545315,0.0,41.98550364487842,0.0,0.0
8561,54.493492706349485,3781.242042545315,0.0,41.98550364487842,0.0,0.0
8562,54.493492706349485,3781.242042545315,0.0,41.98550364487842,0.0,0.0
8563,54.493492706349485,3781.242042545315,0.0,41.98550364487842,0.0,0.0
8564,54.493492706349485,3781.242042545315,0.0,41.98550364487842,0.0,0.0
8565,54.493492706349485,3781.242042545315,0.0,41.98550364487842,0.0,0.0
8566,54.493492706349485,3781.242042545315,0.0,41.98550364487842,0.0,0.0
8567,54.493492706349485,3781.242042545315,0.0,41.98550364487842,0.0,0.0
8568,63.11678711119405,2387.596915241386,0.0,18.453613912988576,0.0,0.0
8569,63.11678711119405,2387.596915241386,0.0,18.453613912988576,0.0,0.0
8570,63.11678711119405,2387.596915241386,0.0,18.453613912988576,0.0,0.0
8571,63.11678711119405,2387.596915241386,0.0,18.453613912988576,0.0,0.0
8572,63.11678711119405,2387.596915241386,0.0,18.453613912988576,0.0,0.0
8573,63.11678711119405,2387.596915241386,0.0,18.453613912988576,0.0,0.0
8574,63.11678711119405,2387.596915241386,0.0,18.453613912988576,0.0,0.0
8575,63.11678711119405,2387.596915241386,0.0,18.453613912988576,0.0,0.0
8576,63.11678711119405,2387.596915241386,0.0,18.453613912988576,0.0,0.0
8577,63.11678711119405,2387.596915241386,0.0,18.453613912988576,0.0,0.0
8578,63.11678711119405,2387.596915241386,0.0,18.453613912988576,0.0,0.0
8579,63.11678711119405,2387.596915241386,0.0,18.453613912988576,0.0,0.0
8580,63.11678711119405,2387.596915241386,0.0,18.453613912988576,0.0,0.0
8581,63.11678711119405,2387.596915241386,0.0,18.453613912988576,0.0,0.0
8582,63.11678711119405,2387.596915241386,0.0,18.453613912988576,0.0,0.0
8583,63.11678711119405,2387.596915241386,0.0,18.453613912988576,0.0,0.0
8584,63.11678711119405,2387.596915241386,0.0,18.453613912988576,0.0,0.0
8585,63.11678711119405,2387.596915241386,0.0,18.453613912988576,0.0,0.0
8586,63.11678711119405,2387.596915241386,0.0,18.453613912988576,0.0,0.0
8587,63.11678711119405,2387.596915241386,0.0,18.453613912988576,0.0,0.0
8588,63.11678711119405,2387.596915241386,0.0,18.453613912988576,0.0,0.0
8589,63.11678711119405,2387.596915241386,0.0,18.453613912988576,0.0,0.0
8590,63.11678711119405,2387.596915241386,0.0,18.453613912988576,0.0,0.0
8591,63.11678711119405,2387.596915241386,0.0,18.453613912988576,0.0,0.0
8592,63.11678711119405,2387.596915241386,0.0,18.453613912988576,0.0,0.0
8593,63.11678711119405,2387.596915241386,0.0,18.453613912988576,0.0,0.0
8594,63.11678711119405,2387.596915241386,0.0,18.453613912988576,0.0,0.0
8595,63.11678711119405,2387.596915241386,0.0,18.453613912988576,0.0,0.0
8596,63.11678711119405,2387.596915241386,0.0,18.453613912988576,0.0,0.0
8597,63.11678711119405,2387.596915241386,0.0,18.453613912988576,0.0,0.0
8598,63.11678711119405,2387.596915241386,0.0,18.453613912988576,0.0,0.0
8599,63.11678711119405,2387.596915241386,0.0,18.453613912988576,0.0,0.0
8600,63.11678711119405,2387.596915241386,0.0,18.453613912988576,0.0,0.0
8601,63.11678711119405,2387.596915241386,0.0,18.453613912988576,0.0,0.0
8602,63.11678711119405,2387.596915241386,0.0,18.453613912988576,0.0,0.0
8603,63.11678711119405,2387.596915241386,0.0,18.453613912988576,0.0,0.0
8604,63.11678711119405,2387.596915241386,0.0,18.453613912988576,0.0,0.0
8605,63.11678711119405,2387.596915241386,0.0,18.453613912988576,0.0,0.0
8606,63.11678711119405,2387.596915241386,0.0,18.453613912988576,0.0,0.0
8607,63.11678711119405,2387.596915241386,0.0,18.453613912988576,0.0,0.0
8608,63.11678711119405,2387.596915241386,0.0,18.453613912988576,0.0,0.0
8609,63.11678711119405,2387.596915241386,0.0,18.453613912988576,0.0,0.0
8610,63.11678711119405,2387.596915241386,0.0,18.453613912988576,0.0,0.0
8611,63.11678711119405,2387.596915241386,0.0,18.453613912988576,0.0,0.0
8612,63.11678711119405,2387.596915241386,0.0,18.453613912988576,0.0,0.0
8613,63.11678711119405,2387.596915241386,0.0,18.453613912988576,0.0,0.0
8614,63.11678711119405,2387.596915241386,0.0,18.453613912988576,0.0,0.0
8615,63.11678711119405,2387.596915241386,0.0,18.453613912988576,0.0,0.0
8616,63.11678711119405,2387.596915241386,0.0,18.453613912988576,0.0,0.0
8617,63.11678711119405,2387.596915241386,0.0,18.453613912988576,0.0,0.0
8618,63.11678711119405,2387.596915241386,0.0,18.453613912988576,0.0,0.0
8619,63.11678711119405,2387.596915241386,0.0,18.453613912988576,0.0,0.0
8620,63.11678711119405,2387.596915241386,0.0,18.453613912988576,0.0,0.0
8621,63.11678711119405,2387.596915241386,0.0,18.453613912988576,0.0,0.0
8622,63.11678711119405,2387.596915241386,0.0,18.453613912988576,0.0,0.0
8623,63.11678711119405,2387.596915241386,0.0,18.453613912988576,0.0,0.0
8624,63.11678711119405,2387.596915241386,0.0,18.453613912988576,0.0,0.0
8625,63.11678711119405,2387.596915241386,0.0,18.453613912988576,0.0,0.0
8626,63.11678711119405,2387.596915241386,0.0,18.453613912988576,0.0,0.0
8627,63.11678711119405,2387.596915241386,0.0,18.453613912988576,0.0,0.0
8628,63.11678711119405,2387.596915241386,0.0,18.453613912988576,0.0,0.0
8629,63.11678711119405,2387.596915241386,0.0,18.453613912988576,0.0,0.0
8630,63.11678711119405,2387.596915241386,0.0,18.453613912988576,0.0,0.0
8631,63.11678711119405,2387.596915241386,0.0,18.453613912988576,0.0,0.0
8632,63.11678711119405,2387.596915241386,0.0,18.453613912988576,0.0,0.0
8633,63.11678711119405,2387.596915241386,0.0,18.453613912988576,0.0,0.0
8634,63.11678711119405,2387.596915241386,0.0,18.453613912988576,0.0,0.0
8635,63.11678711119405,2387.596915241386,0.0,18.453613912988576,0.0,0.0
8636,63.11678711119405,2387.596915241386,0.0,18.453613912988576,0.0,0.0
8637,63.11678711119405,2387.596915241386,0.0,18.453613912988576,0.0,0.0
8638,63.11678711119405,2387.596915241386,0.0,18.453613912988576,0.0,0.0
8639,63.11678711119405,2387.596915241386,0.0,18.453613912988576,0.0,0.0
8640,63.11678711119405,2387.596915241386,0.0,18.453613912988576,0.0,0.0
8641,63.11678711119405,2387.596915241386,0.0,18.453613912988576,0.0,0.0
8642,63.11678711119405,2387.596915241386,0.0,18.453613912988576,0.0,0.0
8643,63.11678711119405,2387.596915241386,0.0,18.453613912988576,0.0,0.0
8644,63.11678711119405,2387.596915241386,0.0,18.453613912988576,0.0,0.0
8645,63.11678711119405,2387.596915241386,0.0,18.453613912988576,0.0,0.0
8646,63.11678711119405,2387.596915241386,0.0,18.453613912988576,0.0,0.0
8647,63.11678711119405,2387.596915241386,0.0,18.453613912988576,0.0,0.0
8648,63.11678711119405,2387.596915241386,0.0,18.453613912988576,0.0,0.0
8649,63.11678711119405,2387.596915241386,0.0,18.453613912988576,0.0,0.0
8650,63.11678711119405,2387.596915241386,0.0,18.453613912988576,0.0,0.0
8651,63.11678711119405,2387.596915241386,0.0,18.453613912988576,0.0,0.0
8652,63.11678711119405,2387.596915241386,0.0,18.453613912988576,0.0,0.0
8653,63.11678711119405,2387.596915241386,0.0,18.453613912988576,0.0,0.0
8654,63.11678711119405,2387.596915241386,0.0,18.453613912988576,0.0,0.0
8655,63.11678711119405,2387.596915241386,0.0,18.453613912988576,0.0,0.0
8656,63.11678711119405,2387.596915241386,0.0,18.453613912988576,0.0,0.0
8657,63.11678711119405,2387.596915241386,0.0,18.453613912988576,0.0,0.0
8658,63.11678711119405,2387.596915241386,0.0,18.453613912988576,0.0,0.0
8659,63.11678711119405,2387.596915241386,0.0,18.453613912988576,0.0,0.0
8660,63.11678711119405,2387.596915241386,0.0,18.453613912988576,0.0,0.0
8661,63.11678711119405,2387.596915241386,0.0,18.453613912988576,0.0,0.0
8662,63.11678711119405,2387.596915241386,0.0,18.453613912988576,0.0,0.0
8663,63.11678711119405,2387.596915241386,0.0,18.453613912988576,0.0,0.0
8664,63.11678711119405,2387.596915241386,0.0,18.453613912988576,0.0,0.0
8665,63.11678711119405,2387.596915241386,0.0,18.453613912988576,0.0,0.0
8666,63.11678711119405,2387.596915241386,0.0,18.453613912988576,0.0,0.0
8667,63.11678711119405,2387.596915241386,0.0,18.453613912988576,0.0,0.0
8668,63.11678711119405,2387.596915241386,0.0,18.453613912988576,0.0,0.0
8669,63.11678711119405,2387.596915241386,0.0,18.453613912988576,0.0,0.0
8670,63.11678711119405,2387.596915241386,0.0,18.453613912988576,0.0,0.0
8671,63.11678711119405,2387.596915241386,0.0,18.453613912988576,0.0,0.0
8672,63.11678711119405,2387.596915241386,0.0,18.453613912988576,0.0,0.0
8673,63.11678711119405,2387.596915241386,0.0,18.453613912988576,0.0,0.0
8674,63.11678711119405,2387.596915241386,0.0,18.453613912988576,0.0,0.0
8675,63.11678711119405,2387.596915241386,0.0,18.453613912988576,0.0,0.0
8676,63.11678711119405,2387.596915241386,0.0,18.453613912988576,0.0,0.0
8677,63.11678711119405,2387.596915241386,0.0,18.453613912988576,0.0,0.0
8678,63.11678711119405,2387.596915241386,0.0,18.453613912988576,0.0,0.0
8679,63.11678711119405,2387.596915241386,0.0,18.453613912988576,0.0,0.0
8680,63.11678711119405,2387.596915241386,0.0,18.453613912988576,0.0,0.0
8681,63.11678711119405,2387.596915241386,0.0,18.453613912988576,0.0,0.0
8682,63.11678711119405,2387.596915241386,0.0,18.453613912988576,0.0,0.0
8683,63.11678711119405,2387.596915241386,0.0,18.453613912988576,0.0,0.0
8684,63.11678711119405,2387.596915241386,0.0,18.453613912988576,0.0,0.0
8685,63.11678711119405,2387.596915241386,0.0,18.453613912988576,0.0,0.0
8686,63.11678711119405,2387.596915241386,0.0,18.453613912988576,0.0,0.0
8687,63.11678711119405,2387.596915241386,0.0,18.453613912988576,0.0,0.0
8688,63.11678711119405,2387.596915241386,0.0,18.453613912988576,0.0,0.0
8689,63.11678711119405,2387.596915241386,0.0,18.453613912988576,0.0,0.0
8690,63.11678711119405,2387.596915241386,0.0,18.453613912988576,0.0,0.0
8691,63.11678711119405,2387.596915241386,0.0,18.453613912988576,0.0,0.0
8692,63.11678711119405,2387.596915241386,0.0,18.453613912988576,0.0,0.0
8693,63.11678711119405,2387.596915241386,0.0,18.453613912988576,0.0,0.0
8694,63.11678711119405,2387.596915241386,0.0,18.453613912988576,0.0,0.0
8695,63.11678711119405,2387.596915241386,0.0,18.453613912988576,0.0,0.0
8696,63.11678711119405,2387.596915241386,0.0,18.453613912988576,0.0,0.0
8697,63.11678711119405,2387.596915241386,0.0,18.453613912988576,0.0,0.0
8698,63.11678711119405,2387.596915241386,0.0,18.453613912988576,0.0,0.0
8699,63.11678711119405,2387.596915241386,0.0,18.453613912988576,0.0,0.0
8700,63.11678711119405,2387.596915241386,0.0,18.453613912988576,0.0,0.0
8701,63.11678711119405,2387.596915241386,0.0,18.453613912988576,0.0,0.0
8702,63.11678711119405,2387.596915241386,0.0,18.453613912988576,0.0,0.0
8703,63.11678711119405,2387.596915241386,0.0,18.453613912988576,0.0,0.0
8704,63.11678711119405,2387.596915241386,0.0,18.453613912988576,0.0,0.0
8705,63.11678711119405,2387.596915241386,0.0,18.453613912988576,0.0,0.0
8706,63.11678711119405,2387.596915241386,0.0,18.453613912988576,0.0,0.0
8707,63.11678711119405,2387.596915241386,0.0,18.453613912988576,0.0,0.0
8708,63.11678711119405,2387.596915241386,0.0,18.453613912988576,0.0,0.0
8709,63.11678711119405,2387.596915241386,0.0,18.453613912988576,0.0,0.0
8710,63.11678711119405,2387.596915241386,0.0,18.453613912988576,0.0,0.0
8711,63.11678711119405,2387.596915241386,0.0,18.453613912988576,0.0,0.0
8712,63.11678711119405,2387.596915241386,0.0,18.453613912988576,0.0,0.0
8713,63.11678711119405,2387.596915241386,0.0,18.453613912988576,0.0,0.0
8714,63.11678711119405,2387.596915241386,0.0,18.453613912988576,0.0,0.0
8715,63.11678711119405,2387.596915241386,0.0,18.453613912988576,0.0,0.0
8716,63.11678711119405,2387.596915241386,0.0,18.453613912988576,0.0,0.0
8717,63.11678711119405,2387.596915241386,0.0,18.453613912988576,0.0,0.0
8718,63.11678711119405,2387.596915241386,0.0,18.453613912988576,0.0,0.0
8719,63.11678711119405,2387.596915241386,0.0,18.453613912988576,0.0,0.0
8720,63.11678711119405,2387.596915241386,0.0,18.453613912988576,0.0,0.0
8721,63.11678711119405,2387.596915241386,0.0,18.453613912988576,0.0,0.0
8722,63.11678711119405,2387.596915241386,0.0,18.453613912988576,0.0,0.0
8723,63.11678711119405,2387.596915241386,0.0,18.453613912988576,0.0,0.0
8724,63.11678711119405,2387.596915241386,0.0,18.453613912988576,0.0,0.0
8725,63.11678711119405,2387.596915241386,0.0,18.453613912988576,0.0,0.0
8726,63.11678711119405,2387.596915241386,0.0,18.453613912988576,0.0,0.0
8727,63.11678711119405,2387.596915241386,0.0,18.453613912988576,0.0,0.0
8728,63.11678711119405,2387.596915241386,0.0,18.453613912988576,0.0,0.0
8729,63.11678711119405,2387.596915241386,0.0,18.453613912988576,0.0,0.0
8730,63.11678711119405,2387.596915241386,0.0,18.453613912988576,0.0,0.0
8731,63.11678711119405,2387.596915241386,0.0,18.453613912988576,0.0,0.0
8732,63.11678711119405,2387.596915241386,0.0,18.453613912988576,0.0,0.0
8733,63.11678711119405,2387.596915241386,0.0,18.453613912988576,0.0,0.0
8734,63.11678711119405,2387.596915241386,0.0,18.453613912988576,0.0,0.0
8735,63.11678711119405,2387.596915241386,0.0,18.453613912988576,0.0,0.0
8736,63.11678711119405,2387.594058658123,0.0,18.453613912988576,0.0,0.0
8737,63.11678711119405,2387.594058658123,0.0,18.453613912988576,0.0,0.0
8738,63.11678711119405,2387.594058658123,0.0,18.453613912988576,0.0,0.0
8739,63.11678711119405,2387.594058658123,0.0,18.453613912988576,0.0,0.0
8740,63.11678711119405,2387.594058658123,0.0,18.453613912988576,0.0,0.0
8741,63.11678711119405,2387.594058658123,0.0,18.453613912988576,0.0,0.0
8742,63.11678711119405,2387.594058658123,0.0,18.453613912988576,0.0,0.0
8743,63.11678711119405,2387.594058658123,0.0,18.453613912988576,0.0,0.0
8744,63.11678711119405,2387.594058658123,0.0,18.453613912988576,0.0,0.0
8745,63.11678711119405,2387.594058658123,0.0,18.453613912988576,0.0,0.0
8746,63.11678711119405,2387.594058658123,0.0,18.453613912988576,0.0,0.0
8747,63.11678711119405,2387.594058658123,0.0,18.453613912988576,0.0,0.0
8748,63.11678711119405,2387.594058658123,0.0,18.453613912988576,0.0,0.0
8749,63.11678711119405,2387.594058658123,0.0,18.453613912988576,0.0,0.0
8750,63.11678711119405,2387.594058658123,0.0,18.453613912988576,0.0,0.0
8751,63.11678711119405,2387.594058658123,0.0,18.453613912988576,0.0,0.0
8752,63.11678711119405,2387.594058658123,0.0,18.453613912988576,0.0,0.0
8753,63.11678711119405,2387.594058658123,0.0,18.453613912988576,0.0,0.0
8754,63.11678711119405,2387.594058658123,0.0,18.453613912988576,0.0,0.0
8755,63.11678711119405,2387.594058658123,0.0,18.453613912988576,0.0,0.0
8756,63.11678711119405,2387.594058658123,0.0,18.453613912988576,0.0,0.0
8757,63.11678711119405,2387.594058658123,0.0,18.453613912988576,0.0,0.0
8758,63.11678711119405,2387.594058658123,0.0,18.453613912988576,0.0,0.0
8759,63.11678711119405,2387.594058658123,0.0,18.453613912988576,0.0,0.0
