,DE4,NO1,UK3,DE4,NO1,UK3
,Hydro - Pump Storage Open Loop (Energy),Hydro - Pump Storage Open Loop (Energy),Hydro - Pump Storage Open Loop (Energy),Hydro - Reservoir (Energy),Hydro - Reservoir (Energy),Hydro - Reservoir (Energy)
0,45.728122046823884,5596.416655414084,0.0,65.29316239979572,0.0,0.0
1,45.728122046823884,5596.416655414084,0.0,65.29316239979572,0.0,0.0
2,45.728122046823884,5596.416655414084,0.0,65.29316239979572,0.0,0.0
3,45.728122046823884,5596.416655414084,0.0,65.29316239979572,0.0,0.0
4,45.728122046823884,5596.416655414084,0.0,65.29316239979572,0.0,0.0
5,45.728122046823884,5596.416655414084,0.0,65.29316239979572,0.0,0.0
6,45.728122046823884,5596.416655414084,0.0,65.29316239979572,0.0,0.0
7,45.728122046823884,5596.416655414084,0.0,65.29316239979572,0.0,0.0
8,45.728122046823884,5596.416655414084,0.0,65.29316239979572,0.0,0.0
9,45.728122046823884,5596.416655414084,0.0,65.29316239979572,0.0,0.0
10,45.728122046823884,5596.416655414084,0.0,65.29316239979572,0.0,0.0
11,45.728122046823884,5596.416655414084,0.0,65.29316239979572,0.0,0.0
12,45.728122046823884,5596.416655414084,0.0,65.29316239979572,0.0,0.0
13,45.728122046823884,5596.416655414084,0.0,65.29316239979572,0.0,0.0
14,45.728122046823884,5596.416655414084,0.0,65.29316239979572,0.0,0.0
15,45.728122046823884,5596.416655414084,0.0,65.29316239979572,0.0,0.0
16,45.728122046823884,5596.416655414084,0.0,65.29316239979572,0.0,0.0
17,45.728122046823884,5596.416655414084,0.0,65.29316239979572,0.0,0.0
18,45.728122046823884,5596.416655414084,0.0,65.29316239979572,0.0,0.0
19,45.728122046823884,5596.416655414084,0.0,65.29316239979572,0.0,0.0
20,45.728122046823884,5596.416655414084,0.0,65.29316239979572,0.0,0.0
21,45.728122046823884,5596.416655414084,0.0,65.29316239979572,0.0,0.0
22,45.728122046823884,5596.416655414084,0.0,65.29316239979572,0.0,0.0
23,45.728122046823884,5596.416655414084,0.0,65.29316239979572,0.0,0.0
24,45.728122046823884,5596.416655414084,0.0,65.29316239979572,0.0,0.0
25,45.728122046823884,5596.416655414084,0.0,65.29316239979572,0.0,0.0
26,45.728122046823884,5596.416655414084,0.0,65.29316239979572,0.0,0.0
27,45.728122046823884,5596.416655414084,0.0,65.29316239979572,0.0,0.0
28,45.728122046823884,5596.416655414084,0.0,65.29316239979572,0.0,0.0
29,45.728122046823884,5596.416655414084,0.0,65.29316239979572,0.0,0.0
30,45.728122046823884,5596.416655414084,0.0,65.29316239979572,0.0,0.0
31,45.728122046823884,5596.416655414084,0.0,65.29316239979572,0.0,0.0
32,45.728122046823884,5596.416655414084,0.0,65.29316239979572,0.0,0.0
33,45.728122046823884,5596.416655414084,0.0,65.29316239979572,0.0,0.0
34,45.728122046823884,5596.416655414084,0.0,65.29316239979572,0.0,0.0
35,45.728122046823884,5596.416655414084,0.0,65.29316239979572,0.0,0.0
36,45.728122046823884,5596.416655414084,0.0,65.29316239979572,0.0,0.0
37,45.728122046823884,5596.416655414084,0.0,65.29316239979572,0.0,0.0
38,45.728122046823884,5596.416655414084,0.0,65.29316239979572,0.0,0.0
39,45.728122046823884,5596.416655414084,0.0,65.29316239979572,0.0,0.0
40,45.728122046823884,5596.416655414084,0.0,65.29316239979572,0.0,0.0
41,45.728122046823884,5596.416655414084,0.0,65.29316239979572,0.0,0.0
42,45.728122046823884,5596.416655414084,0.0,65.29316239979572,0.0,0.0
43,45.728122046823884,5596.416655414084,0.0,65.29316239979572,0.0,0.0
44,45.728122046823884,5596.416655414084,0.0,65.29316239979572,0.0,0.0
45,45.728122046823884,5596.416655414084,0.0,65.29316239979572,0.0,0.0
46,45.728122046823884,5596.416655414084,0.0,65.29316239979572,0.0,0.0
47,45.728122046823884,5596.416655414084,0.0,65.29316239979572,0.0,0.0
48,45.728122046823884,5596.416655414084,0.0,65.29316239979572,0.0,0.0
49,45.728122046823884,5596.416655414084,0.0,65.29316239979572,0.0,0.0
50,45.728122046823884,5596.416655414084,0.0,65.29316239979572,0.0,0.0
51,45.728122046823884,5596.416655414084,0.0,65.29316239979572,0.0,0.0
52,45.728122046823884,5596.416655414084,0.0,65.29316239979572,0.0,0.0
53,45.728122046823884,5596.416655414084,0.0,65.29316239979572,0.0,0.0
54,45.728122046823884,5596.416655414084,0.0,65.29316239979572,0.0,0.0
55,45.728122046823884,5596.416655414084,0.0,65.29316239979572,0.0,0.0
56,45.728122046823884,5596.416655414084,0.0,65.29316239979572,0.0,0.0
57,45.728122046823884,5596.416655414084,0.0,65.29316239979572,0.0,0.0
58,45.728122046823884,5596.416655414084,0.0,65.29316239979572,0.0,0.0
59,45.728122046823884,5596.416655414084,0.0,65.29316239979572,0.0,0.0
60,45.728122046823884,5596.416655414084,0.0,65.29316239979572,0.0,0.0
61,45.728122046823884,5596.416655414084,0.0,65.29316239979572,0.0,0.0
62,45.728122046823884,5596.416655414084,0.0,65.29316239979572,0.0,0.0
63,45.728122046823884,5596.416655414084,0.0,65.29316239979572,0.0,0.0
64,45.728122046823884,5596.416655414084,0.0,65.29316239979572,0.0,0.0
65,45.728122046823884,5596.416655414084,0.0,65.29316239979572,0.0,0.0
66,45.728122046823884,5596.416655414084,0.0,65.29316239979572,0.0,0.0
67,45.728122046823884,5596.416655414084,0.0,65.29316239979572,0.0,0.0
68,45.728122046823884,5596.416655414084,0.0,65.29316239979572,0.0,0.0
69,45.728122046823884,5596.416655414084,0.0,65.29316239979572,0.0,0.0
70,45.728122046823884,5596.416655414084,0.0,65.29316239979572,0.0,0.0
71,45.728122046823884,5596.416655414084,0.0,65.29316239979572,0.0,0.0
72,45.728122046823884,5596.416655414084,0.0,65.29316239979572,0.0,0.0
73,45.728122046823884,5596.416655414084,0.0,65.29316239979572,0.0,0.0
74,45.728122046823884,5596.416655414084,0.0,65.29316239979572,0.0,0.0
75,45.728122046823884,5596.416655414084,0.0,65.29316239979572,0.0,0.0
76,45.728122046823884,5596.416655414084,0.0,65.29316239979572,0.0,0.0
77,45.728122046823884,5596.416655414084,0.0,65.29316239979572,0.0,0.0
78,45.728122046823884,5596.416655414084,0.0,65.29316239979572,0.0,0.0
79,45.728122046823884,5596.416655414084,0.0,65.29316239979572,0.0,0.0
80,45.728122046823884,5596.416655414084,0.0,65.29316239979572,0.0,0.0
81,45.728122046823884,5596.416655414084,0.0,65.29316239979572,0.0,0.0
82,45.728122046823884,5596.416655414084,0.0,65.29316239979572,0.0,0.0
83,45.728122046823884,5596.416655414084,0.0,65.29316239979572,0.0,0.0
84,45.728122046823884,5596.416655414084,0.0,65.29316239979572,0.0,0.0
85,45.728122046823884,5596.416655414084,0.0,65.29316239979572,0.0,0.0
86,45.728122046823884,5596.416655414084,0.0,65.29316239979572,0.0,0.0
87,45.728122046823884,5596.416655414084,0.0,65.29316239979572,0.0,0.0
88,45.728122046823884,5596.416655414084,0.0,65.29316239979572,0.0,0.0
89,45.728122046823884,5596.416655414084,0.0,65.29316239979572,0.0,0.0
90,45.728122046823884,5596.416655414084,0.0,65.29316239979572,0.0,0.0
91,45.728122046823884,5596.416655414084,0.0,65.29316239979572,0.0,0.0
92,45.728122046823884,5596.416655414084,0.0,65.29316239979572,0.0,0.0
93,45.728122046823884,5596.416655414084,0.0,65.29316239979572,0.0,0.0
94,45.728122046823884,5596.416655414084,0.0,65.29316239979572,0.0,0.0
95,45.728122046823884,5596.416655414084,0.0,65.29316239979572,0.0,0.0
96,45.728122046823884,5596.416655414084,0.0,65.29316239979572,0.0,0.0
97,45.728122046823884,5596.416655414084,0.0,65.29316239979572,0.0,0.0
98,45.728122046823884,5596.416655414084,0.0,65.29316239979572,0.0,0.0
99,45.728122046823884,5596.416655414084,0.0,65.29316239979572,0.0,0.0
100,45.728122046823884,5596.416655414084,0.0,65.29316239979572,0.0,0.0
101,45.728122046823884,5596.416655414084,0.0,65.29316239979572,0.0,0.0
102,45.728122046823884,5596.416655414084,0.0,65.29316239979572,0.0,0.0
103,45.728122046823884,5596.416655414084,0.0,65.29316239979572,0.0,0.0
104,45.728122046823884,5596.416655414084,0.0,65.29316239979572,0.0,0.0
105,45.728122046823884,5596.416655414084,0.0,65.29316239979572,0.0,0.0
106,45.728122046823884,5596.416655414084,0.0,65.29316239979572,0.0,0.0
107,45.728122046823884,5596.416655414084,0.0,65.29316239979572,0.0,0.0
108,45.728122046823884,5596.416655414084,0.0,65.29316239979572,0.0,0.0
109,45.728122046823884,5596.416655414084,0.0,65.29316239979572,0.0,0.0
110,45.728122046823884,5596.416655414084,0.0,65.29316239979572,0.0,0.0
111,45.728122046823884,5596.416655414084,0.0,65.29316239979572,0.0,0.0
112,45.728122046823884,5596.416655414084,0.0,65.29316239979572,0.0,0.0
113,45.728122046823884,5596.416655414084,0.0,65.29316239979572,0.0,0.0
114,45.728122046823884,5596.416655414084,0.0,65.29316239979572,0.0,0.0
115,45.728122046823884,5596.416655414084,0.0,65.29316239979572,0.0,0.0
116,45.728122046823884,5596.416655414084,0.0,65.29316239979572,0.0,0.0
117,45.728122046823884,5596.416655414084,0.0,65.29316239979572,0.0,0.0
118,45.728122046823884,5596.416655414084,0.0,65.29316239979572,0.0,0.0
119,45.728122046823884,5596.416655414084,0.0,65.29316239979572,0.0,0.0
120,45.728122046823884,5596.416655414084,0.0,65.29316239979572,0.0,0.0
121,45.728122046823884,5596.416655414084,0.0,65.29316239979572,0.0,0.0
122,45.728122046823884,5596.416655414084,0.0,65.29316239979572,0.0,0.0
123,45.728122046823884,5596.416655414084,0.0,65.29316239979572,0.0,0.0
124,45.728122046823884,5596.416655414084,0.0,65.29316239979572,0.0,0.0
125,45.728122046823884,5596.416655414084,0.0,65.29316239979572,0.0,0.0
126,45.728122046823884,5596.416655414084,0.0,65.29316239979572,0.0,0.0
127,45.728122046823884,5596.416655414084,0.0,65.29316239979572,0.0,0.0
128,45.728122046823884,5596.416655414084,0.0,65.29316239979572,0.0,0.0
129,45.728122046823884,5596.416655414084,0.0,65.29316239979572,0.0,0.0
130,45.728122046823884,5596.416655414084,0.0,65.29316239979572,0.0,0.0
131,45.728122046823884,5596.416655414084,0.0,65.29316239979572,0.0,0.0
132,45.728122046823884,5596.416655414084,0.0,65.29316239979572,0.0,0.0
133,45.728122046823884,5596.416655414084,0.0,65.29316239979572,0.0,0.0
134,45.728122046823884,5596.416655414084,0.0,65.29316239979572,0.0,0.0
135,45.728122046823884,5596.416655414084,0.0,65.29316239979572,0.0,0.0
136,45.728122046823884,5596.416655414084,0.0,65.29316239979572,0.0,0.0
137,45.728122046823884,5596.416655414084,0.0,65.29316239979572,0.0,0.0
138,45.728122046823884,5596.416655414084,0.0,65.29316239979572,0.0,0.0
139,45.728122046823884,5596.416655414084,0.0,65.29316239979572,0.0,0.0
140,45.728122046823884,5596.416655414084,0.0,65.29316239979572,0.0,0.0
141,45.728122046823884,5596.416655414084,0.0,65.29316239979572,0.0,0.0
142,45.728122046823884,5596.416655414084,0.0,65.29316239979572,0.0,0.0
143,45.728122046823884,5596.416655414084,0.0,65.29316239979572,0.0,0.0
144,45.728122046823884,5596.416655414084,0.0,65.29316239979572,0.0,0.0
145,45.728122046823884,5596.416655414084,0.0,65.29316239979572,0.0,0.0
146,45.728122046823884,5596.416655414084,0.0,65.29316239979572,0.0,0.0
147,45.728122046823884,5596.416655414084,0.0,65.29316239979572,0.0,0.0
148,45.728122046823884,5596.416655414084,0.0,65.29316239979572,0.0,0.0
149,45.728122046823884,5596.416655414084,0.0,65.29316239979572,0.0,0.0
150,45.728122046823884,5596.416655414084,0.0,65.29316239979572,0.0,0.0
151,45.728122046823884,5596.416655414084,0.0,65.29316239979572,0.0,0.0
152,45.728122046823884,5596.416655414084,0.0,65.29316239979572,0.0,0.0
153,45.728122046823884,5596.416655414084,0.0,65.29316239979572,0.0,0.0
154,45.728122046823884,5596.416655414084,0.0,65.29316239979572,0.0,0.0
155,45.728122046823884,5596.416655414084,0.0,65.29316239979572,0.0,0.0
156,45.728122046823884,5596.416655414084,0.0,65.29316239979572,0.0,0.0
157,45.728122046823884,5596.416655414084,0.0,65.29316239979572,0.0,0.0
158,45.728122046823884,5596.416655414084,0.0,65.29316239979572,0.0,0.0
159,45.728122046823884,5596.416655414084,0.0,65.29316239979572,0.0,0.0
160,45.728122046823884,5596.416655414084,0.0,65.29316239979572,0.0,0.0
161,45.728122046823884,5596.416655414084,0.0,65.29316239979572,0.0,0.0
162,45.728122046823884,5596.416655414084,0.0,65.29316239979572,0.0,0.0
163,45.728122046823884,5596.416655414084,0.0,65.29316239979572,0.0,0.0
164,45.728122046823884,5596.416655414084,0.0,65.29316239979572,0.0,0.0
165,45.728122046823884,5596.416655414084,0.0,65.29316239979572,0.0,0.0
166,45.728122046823884,5596.416655414084,0.0,65.29316239979572,0.0,0.0
167,45.728122046823884,5596.416655414084,0.0,65.29316239979572,0.0,0.0
168,22.160655367335064,6479.370944827928,0.0,70.27645163906263,0.0,0.0
169,22.160655367335064,6479.370944827928,0.0,70.27645163906263,0.0,0.0
170,22.160655367335064,6479.370944827928,0.0,70.27645163906263,0.0,0.0
171,22.160655367335064,6479.370944827928,0.0,70.27645163906263,0.0,0.0
172,22.160655367335064,6479.370944827928,0.0,70.27645163906263,0.0,0.0
173,22.160655367335064,6479.370944827928,0.0,70.27645163906263,0.0,0.0
174,22.160655367335064,6479.370944827928,0.0,70.27645163906263,0.0,0.0
175,22.160655367335064,6479.370944827928,0.0,70.27645163906263,0.0,0.0
176,22.160655367335064,6479.370944827928,0.0,70.27645163906263,0.0,0.0
177,22.160655367335064,6479.370944827928,0.0,70.27645163906263,0.0,0.0
178,22.160655367335064,6479.370944827928,0.0,70.27645163906263,0.0,0.0
179,22.160655367335064,6479.370944827928,0.0,70.27645163906263,0.0,0.0
180,22.160655367335064,6479.370944827928,0.0,70.27645163906263,0.0,0.0
181,22.160655367335064,6479.370944827928,0.0,70.27645163906263,0.0,0.0
182,22.160655367335064,6479.370944827928,0.0,70.27645163906263,0.0,0.0
183,22.160655367335064,6479.370944827928,0.0,70.27645163906263,0.0,0.0
184,22.160655367335064,6479.370944827928,0.0,70.27645163906263,0.0,0.0
185,22.160655367335064,6479.370944827928,0.0,70.27645163906263,0.0,0.0
186,22.160655367335064,6479.370944827928,0.0,70.27645163906263,0.0,0.0
187,22.160655367335064,6479.370944827928,0.0,70.27645163906263,0.0,0.0
188,22.160655367335064,6479.370944827928,0.0,70.27645163906263,0.0,0.0
189,22.160655367335064,6479.370944827928,0.0,70.27645163906263,0.0,0.0
190,22.160655367335064,6479.370944827928,0.0,70.27645163906263,0.0,0.0
191,22.160655367335064,6479.370944827928,0.0,70.27645163906263,0.0,0.0
192,22.160655367335064,6479.370944827928,0.0,70.27645163906263,0.0,0.0
193,22.160655367335064,6479.370944827928,0.0,70.27645163906263,0.0,0.0
194,22.160655367335064,6479.370944827928,0.0,70.27645163906263,0.0,0.0
195,22.160655367335064,6479.370944827928,0.0,70.27645163906263,0.0,0.0
196,22.160655367335064,6479.370944827928,0.0,70.27645163906263,0.0,0.0
197,22.160655367335064,6479.370944827928,0.0,70.27645163906263,0.0,0.0
198,22.160655367335064,6479.370944827928,0.0,70.27645163906263,0.0,0.0
199,22.160655367335064,6479.370944827928,0.0,70.27645163906263,0.0,0.0
200,22.160655367335064,6479.370944827928,0.0,70.27645163906263,0.0,0.0
201,22.160655367335064,6479.370944827928,0.0,70.27645163906263,0.0,0.0
202,22.160655367335064,6479.370944827928,0.0,70.27645163906263,0.0,0.0
203,22.160655367335064,6479.370944827928,0.0,70.27645163906263,0.0,0.0
204,22.160655367335064,6479.370944827928,0.0,70.27645163906263,0.0,0.0
205,22.160655367335064,6479.370944827928,0.0,70.27645163906263,0.0,0.0
206,22.160655367335064,6479.370944827928,0.0,70.27645163906263,0.0,0.0
207,22.160655367335064,6479.370944827928,0.0,70.27645163906263,0.0,0.0
208,22.160655367335064,6479.370944827928,0.0,70.27645163906263,0.0,0.0
209,22.160655367335064,6479.370944827928,0.0,70.27645163906263,0.0,0.0
210,22.160655367335064,6479.370944827928,0.0,70.27645163906263,0.0,0.0
211,22.160655367335064,6479.370944827928,0.0,70.27645163906263,0.0,0.0
212,22.160655367335064,6479.370944827928,0.0,70.27645163906263,0.0,0.0
213,22.160655367335064,6479.370944827928,0.0,70.27645163906263,0.0,0.0
214,22.160655367335064,6479.370944827928,0.0,70.27645163906263,0.0,0.0
215,22.160655367335064,6479.370944827928,0.0,70.27645163906263,0.0,0.0
216,22.160655367335064,6479.370944827928,0.0,70.27645163906263,0.0,0.0
217,22.160655367335064,6479.370944827928,0.0,70.27645163906263,0.0,0.0
218,22.160655367335064,6479.370944827928,0.0,70.27645163906263,0.0,0.0
219,22.160655367335064,6479.370944827928,0.0,70.27645163906263,0.0,0.0
220,22.160655367335064,6479.370944827928,0.0,70.27645163906263,0.0,0.0
221,22.160655367335064,6479.370944827928,0.0,70.27645163906263,0.0,0.0
222,22.160655367335064,6479.370944827928,0.0,70.27645163906263,0.0,0.0
223,22.160655367335064,6479.370944827928,0.0,70.27645163906263,0.0,0.0
224,22.160655367335064,6479.370944827928,0.0,70.27645163906263,0.0,0.0
225,22.160655367335064,6479.370944827928,0.0,70.27645163906263,0.0,0.0
226,22.160655367335064,6479.370944827928,0.0,70.27645163906263,0.0,0.0
227,22.160655367335064,6479.370944827928,0.0,70.27645163906263,0.0,0.0
228,22.160655367335064,6479.370944827928,0.0,70.27645163906263,0.0,0.0
229,22.160655367335064,6479.370944827928,0.0,70.27645163906263,0.0,0.0
230,22.160655367335064,6479.370944827928,0.0,70.27645163906263,0.0,0.0
231,22.160655367335064,6479.370944827928,0.0,70.27645163906263,0.0,0.0
232,22.160655367335064,6479.370944827928,0.0,70.27645163906263,0.0,0.0
233,22.160655367335064,6479.370944827928,0.0,70.27645163906263,0.0,0.0
234,22.160655367335064,6479.370944827928,0.0,70.27645163906263,0.0,0.0
235,22.160655367335064,6479.370944827928,0.0,70.27645163906263,0.0,0.0
236,22.160655367335064,6479.370944827928,0.0,70.27645163906263,0.0,0.0
237,22.160655367335064,6479.370944827928,0.0,70.27645163906263,0.0,0.0
238,22.160655367335064,6479.370944827928,0.0,70.27645163906263,0.0,0.0
239,22.160655367335064,6479.370944827928,0.0,70.27645163906263,0.0,0.0
240,22.160655367335064,6479.370944827928,0.0,70.27645163906263,0.0,0.0
241,22.160655367335064,6479.370944827928,0.0,70.27645163906263,0.0,0.0
242,22.160655367335064,6479.370944827928,0.0,70.27645163906263,0.0,0.0
243,22.160655367335064,6479.370944827928,0.0,70.27645163906263,0.0,0.0
244,22.160655367335064,6479.370944827928,0.0,70.27645163906263,0.0,0.0
245,22.160655367335064,6479.370944827928,0.0,70.27645163906263,0.0,0.0
246,22.160655367335064,6479.370944827928,0.0,70.27645163906263,0.0,0.0
247,22.160655367335064,6479.370944827928,0.0,70.27645163906263,0.0,0.0
248,22.160655367335064,6479.370944827928,0.0,70.27645163906263,0.0,0.0
249,22.160655367335064,6479.370944827928,0.0,70.27645163906263,0.0,0.0
250,22.160655367335064,6479.370944827928,0.0,70.27645163906263,0.0,0.0
251,22.160655367335064,6479.370944827928,0.0,70.27645163906263,0.0,0.0
252,22.160655367335064,6479.370944827928,0.0,70.27645163906263,0.0,0.0
253,22.160655367335064,6479.370944827928,0.0,70.27645163906263,0.0,0.0
254,22.160655367335064,6479.370944827928,0.0,70.27645163906263,0.0,0.0
255,22.160655367335064,6479.370944827928,0.0,70.27645163906263,0.0,0.0
256,22.160655367335064,6479.370944827928,0.0,70.27645163906263,0.0,0.0
257,22.160655367335064,6479.370944827928,0.0,70.27645163906263,0.0,0.0
258,22.160655367335064,6479.370944827928,0.0,70.27645163906263,0.0,0.0
259,22.160655367335064,6479.370944827928,0.0,70.27645163906263,0.0,0.0
260,22.160655367335064,6479.370944827928,0.0,70.27645163906263,0.0,0.0
261,22.160655367335064,6479.370944827928,0.0,70.27645163906263,0.0,0.0
262,22.160655367335064,6479.370944827928,0.0,70.27645163906263,0.0,0.0
263,22.160655367335064,6479.370944827928,0.0,70.27645163906263,0.0,0.0
264,22.160655367335064,6479.370944827928,0.0,70.27645163906263,0.0,0.0
265,22.160655367335064,6479.370944827928,0.0,70.27645163906263,0.0,0.0
266,22.160655367335064,6479.370944827928,0.0,70.27645163906263,0.0,0.0
267,22.160655367335064,6479.370944827928,0.0,70.27645163906263,0.0,0.0
268,22.160655367335064,6479.370944827928,0.0,70.27645163906263,0.0,0.0
269,22.160655367335064,6479.370944827928,0.0,70.27645163906263,0.0,0.0
270,22.160655367335064,6479.370944827928,0.0,70.27645163906263,0.0,0.0
271,22.160655367335064,6479.370944827928,0.0,70.27645163906263,0.0,0.0
272,22.160655367335064,6479.370944827928,0.0,70.27645163906263,0.0,0.0
273,22.160655367335064,6479.370944827928,0.0,70.27645163906263,0.0,0.0
274,22.160655367335064,6479.370944827928,0.0,70.27645163906263,0.0,0.0
275,22.160655367335064,6479.370944827928,0.0,70.27645163906263,0.0,0.0
276,22.160655367335064,6479.370944827928,0.0,70.27645163906263,0.0,0.0
277,22.160655367335064,6479.370944827928,0.0,70.27645163906263,0.0,0.0
278,22.160655367335064,6479.370944827928,0.0,70.27645163906263,0.0,0.0
279,22.160655367335064,6479.370944827928,0.0,70.27645163906263,0.0,0.0
280,22.160655367335064,6479.370944827928,0.0,70.27645163906263,0.0,0.0
281,22.160655367335064,6479.370944827928,0.0,70.27645163906263,0.0,0.0
282,22.160655367335064,6479.370944827928,0.0,70.27645163906263,0.0,0.0
283,22.160655367335064,6479.370944827928,0.0,70.27645163906263,0.0,0.0
284,22.160655367335064,6479.370944827928,0.0,70.27645163906263,0.0,0.0
285,22.160655367335064,6479.370944827928,0.0,70.27645163906263,0.0,0.0
286,22.160655367335064,6479.370944827928,0.0,70.27645163906263,0.0,0.0
287,22.160655367335064,6479.370944827928,0.0,70.27645163906263,0.0,0.0
288,22.160655367335064,6479.370944827928,0.0,70.27645163906263,0.0,0.0
289,22.160655367335064,6479.370944827928,0.0,70.27645163906263,0.0,0.0
290,22.160655367335064,6479.370944827928,0.0,70.27645163906263,0.0,0.0
291,22.160655367335064,6479.370944827928,0.0,70.27645163906263,0.0,0.0
292,22.160655367335064,6479.370944827928,0.0,70.27645163906263,0.0,0.0
293,22.160655367335064,6479.370944827928,0.0,70.27645163906263,0.0,0.0
294,22.160655367335064,6479.370944827928,0.0,70.27645163906263,0.0,0.0
295,22.160655367335064,6479.370944827928,0.0,70.27645163906263,0.0,0.0
296,22.160655367335064,6479.370944827928,0.0,70.27645163906263,0.0,0.0
297,22.160655367335064,6479.370944827928,0.0,70.27645163906263,0.0,0.0
298,22.160655367335064,6479.370944827928,0.0,70.27645163906263,0.0,0.0
299,22.160655367335064,6479.370944827928,0.0,70.27645163906263,0.0,0.0
300,22.160655367335064,6479.370944827928,0.0,70.27645163906263,0.0,0.0
301,22.160655367335064,6479.370944827928,0.0,70.27645163906263,0.0,0.0
302,22.160655367335064,6479.370944827928,0.0,70.27645163906263,0.0,0.0
303,22.160655367335064,6479.370944827928,0.0,70.27645163906263,0.0,0.0
304,22.160655367335064,6479.370944827928,0.0,70.27645163906263,0.0,0.0
305,22.160655367335064,6479.370944827928,0.0,70.27645163906263,0.0,0.0
306,22.160655367335064,6479.370944827928,0.0,70.27645163906263,0.0,0.0
307,22.160655367335064,6479.370944827928,0.0,70.27645163906263,0.0,0.0
308,22.160655367335064,6479.370944827928,0.0,70.27645163906263,0.0,0.0
309,22.160655367335064,6479.370944827928,0.0,70.27645163906263,0.0,0.0
310,22.160655367335064,6479.370944827928,0.0,70.27645163906263,0.0,0.0
311,22.160655367335064,6479.370944827928,0.0,70.27645163906263,0.0,0.0
312,22.160655367335064,6479.370944827928,0.0,70.27645163906263,0.0,0.0
313,22.160655367335064,6479.370944827928,0.0,70.27645163906263,0.0,0.0
314,22.160655367335064,6479.370944827928,0.0,70.27645163906263,0.0,0.0
315,22.160655367335064,6479.370944827928,0.0,70.27645163906263,0.0,0.0
316,22.160655367335064,6479.370944827928,0.0,70.27645163906263,0.0,0.0
317,22.160655367335064,6479.370944827928,0.0,70.27645163906263,0.0,0.0
318,22.160655367335064,6479.370944827928,0.0,70.27645163906263,0.0,0.0
319,22.160655367335064,6479.370944827928,0.0,70.27645163906263,0.0,0.0
320,22.160655367335064,6479.370944827928,0.0,70.27645163906263,0.0,0.0
321,22.160655367335064,6479.370944827928,0.0,70.27645163906263,0.0,0.0
322,22.160655367335064,6479.370944827928,0.0,70.27645163906263,0.0,0.0
323,22.160655367335064,6479.370944827928,0.0,70.27645163906263,0.0,0.0
324,22.160655367335064,6479.370944827928,0.0,70.27645163906263,0.0,0.0
325,22.160655367335064,6479.370944827928,0.0,70.27645163906263,0.0,0.0
326,22.160655367335064,6479.370944827928,0.0,70.27645163906263,0.0,0.0
327,22.160655367335064,6479.370944827928,0.0,70.27645163906263,0.0,0.0
328,22.160655367335064,6479.370944827928,0.0,70.27645163906263,0.0,0.0
329,22.160655367335064,6479.370944827928,0.0,70.27645163906263,0.0,0.0
330,22.160655367335064,6479.370944827928,0.0,70.27645163906263,0.0,0.0
331,22.160655367335064,6479.370944827928,0.0,70.27645163906263,0.0,0.0
332,22.160655367335064,6479.370944827928,0.0,70.27645163906263,0.0,0.0
333,22.160655367335064,6479.370944827928,0.0,70.27645163906263,0.0,0.0
334,22.160655367335064,6479.370944827928,0.0,70.27645163906263,0.0,0.0
335,22.160655367335064,6479.370944827928,0.0,70.27645163906263,0.0,0.0
336,36.36812362974709,13386.396217353296,0.0,28.12647651465306,0.0,0.0
337,36.36812362974709,13386.396217353296,0.0,28.12647651465306,0.0,0.0
338,36.36812362974709,13386.396217353296,0.0,28.12647651465306,0.0,0.0
339,36.36812362974709,13386.396217353296,0.0,28.12647651465306,0.0,0.0
340,36.36812362974709,13386.396217353296,0.0,28.12647651465306,0.0,0.0
341,36.36812362974709,13386.396217353296,0.0,28.12647651465306,0.0,0.0
342,36.36812362974709,13386.396217353296,0.0,28.12647651465306,0.0,0.0
343,36.36812362974709,13386.396217353296,0.0,28.12647651465306,0.0,0.0
344,36.36812362974709,13386.396217353296,0.0,28.12647651465306,0.0,0.0
345,36.36812362974709,13386.396217353296,0.0,28.12647651465306,0.0,0.0
346,36.36812362974709,13386.396217353296,0.0,28.12647651465306,0.0,0.0
347,36.36812362974709,13386.396217353296,0.0,28.12647651465306,0.0,0.0
348,36.36812362974709,13386.396217353296,0.0,28.12647651465306,0.0,0.0
349,36.36812362974709,13386.396217353296,0.0,28.12647651465306,0.0,0.0
350,36.36812362974709,13386.396217353296,0.0,28.12647651465306,0.0,0.0
351,36.36812362974709,13386.396217353296,0.0,28.12647651465306,0.0,0.0
352,36.36812362974709,13386.396217353296,0.0,28.12647651465306,0.0,0.0
353,36.36812362974709,13386.396217353296,0.0,28.12647651465306,0.0,0.0
354,36.36812362974709,13386.396217353296,0.0,28.12647651465306,0.0,0.0
355,36.36812362974709,13386.396217353296,0.0,28.12647651465306,0.0,0.0
356,36.36812362974709,13386.396217353296,0.0,28.12647651465306,0.0,0.0
357,36.36812362974709,13386.396217353296,0.0,28.12647651465306,0.0,0.0
358,36.36812362974709,13386.396217353296,0.0,28.12647651465306,0.0,0.0
359,36.36812362974709,13386.396217353296,0.0,28.12647651465306,0.0,0.0
360,36.36812362974709,13386.396217353296,0.0,28.12647651465306,0.0,0.0
361,36.36812362974709,13386.396217353296,0.0,28.12647651465306,0.0,0.0
362,36.36812362974709,13386.396217353296,0.0,28.12647651465306,0.0,0.0
363,36.36812362974709,13386.396217353296,0.0,28.12647651465306,0.0,0.0
364,36.36812362974709,13386.396217353296,0.0,28.12647651465306,0.0,0.0
365,36.36812362974709,13386.396217353296,0.0,28.12647651465306,0.0,0.0
366,36.36812362974709,13386.396217353296,0.0,28.12647651465306,0.0,0.0
367,36.36812362974709,13386.396217353296,0.0,28.12647651465306,0.0,0.0
368,36.36812362974709,13386.396217353296,0.0,28.12647651465306,0.0,0.0
369,36.36812362974709,13386.396217353296,0.0,28.12647651465306,0.0,0.0
370,36.36812362974709,13386.396217353296,0.0,28.12647651465306,0.0,0.0
371,36.36812362974709,13386.396217353296,0.0,28.12647651465306,0.0,0.0
372,36.36812362974709,13386.396217353296,0.0,28.12647651465306,0.0,0.0
373,36.36812362974709,13386.396217353296,0.0,28.12647651465306,0.0,0.0
374,36.36812362974709,13386.396217353296,0.0,28.12647651465306,0.0,0.0
375,36.36812362974709,13386.396217353296,0.0,28.12647651465306,0.0,0.0
376,36.36812362974709,13386.396217353296,0.0,28.12647651465306,0.0,0.0
377,36.36812362974709,13386.396217353296,0.0,28.12647651465306,0.0,0.0
378,36.36812362974709,13386.396217353296,0.0,28.12647651465306,0.0,0.0
379,36.36812362974709,13386.396217353296,0.0,28.12647651465306,0.0,0.0
380,36.36812362974709,13386.396217353296,0.0,28.12647651465306,0.0,0.0
381,36.36812362974709,13386.396217353296,0.0,28.12647651465306,0.0,0.0
382,36.36812362974709,13386.396217353296,0.0,28.12647651465306,0.0,0.0
383,36.36812362974709,13386.396217353296,0.0,28.12647651465306,0.0,0.0
384,36.36812362974709,13386.396217353296,0.0,28.12647651465306,0.0,0.0
385,36.36812362974709,13386.396217353296,0.0,28.12647651465306,0.0,0.0
386,36.36812362974709,13386.396217353296,0.0,28.12647651465306,0.0,0.0
387,36.36812362974709,13386.396217353296,0.0,28.12647651465306,0.0,0.0
388,36.36812362974709,13386.396217353296,0.0,28.12647651465306,0.0,0.0
389,36.36812362974709,13386.396217353296,0.0,28.12647651465306,0.0,0.0
390,36.36812362974709,13386.396217353296,0.0,28.12647651465306,0.0,0.0
391,36.36812362974709,13386.396217353296,0.0,28.12647651465306,0.0,0.0
392,36.36812362974709,13386.396217353296,0.0,28.12647651465306,0.0,0.0
393,36.36812362974709,13386.396217353296,0.0,28.12647651465306,0.0,0.0
394,36.36812362974709,13386.396217353296,0.0,28.12647651465306,0.0,0.0
395,36.36812362974709,13386.396217353296,0.0,28.12647651465306,0.0,0.0
396,36.36812362974709,13386.396217353296,0.0,28.12647651465306,0.0,0.0
397,36.36812362974709,13386.396217353296,0.0,28.12647651465306,0.0,0.0
398,36.36812362974709,13386.396217353296,0.0,28.12647651465306,0.0,0.0
399,36.36812362974709,13386.396217353296,0.0,28.12647651465306,0.0,0.0
400,36.36812362974709,13386.396217353296,0.0,28.12647651465306,0.0,0.0
401,36.36812362974709,13386.396217353296,0.0,28.12647651465306,0.0,0.0
402,36.36812362974709,13386.396217353296,0.0,28.12647651465306,0.0,0.0
403,36.36812362974709,13386.396217353296,0.0,28.12647651465306,0.0,0.0
404,36.36812362974709,13386.396217353296,0.0,28.12647651465306,0.0,0.0
405,36.36812362974709,13386.396217353296,0.0,28.12647651465306,0.0,0.0
406,36.36812362974709,13386.396217353296,0.0,28.12647651465306,0.0,0.0
407,36.36812362974709,13386.396217353296,0.0,28.12647651465306,0.0,0.0
408,36.36812362974709,13386.396217353296,0.0,28.12647651465306,0.0,0.0
409,36.36812362974709,13386.396217353296,0.0,28.12647651465306,0.0,0.0
410,36.36812362974709,13386.396217353296,0.0,28.12647651465306,0.0,0.0
411,36.36812362974709,13386.396217353296,0.0,28.12647651465306,0.0,0.0
412,36.36812362974709,13386.396217353296,0.0,28.12647651465306,0.0,0.0
413,36.36812362974709,13386.396217353296,0.0,28.12647651465306,0.0,0.0
414,36.36812362974709,13386.396217353296,0.0,28.12647651465306,0.0,0.0
415,36.36812362974709,13386.396217353296,0.0,28.12647651465306,0.0,0.0
416,36.36812362974709,13386.396217353296,0.0,28.12647651465306,0.0,0.0
417,36.36812362974709,13386.396217353296,0.0,28.12647651465306,0.0,0.0
418,36.36812362974709,13386.396217353296,0.0,28.12647651465306,0.0,0.0
419,36.36812362974709,13386.396217353296,0.0,28.12647651465306,0.0,0.0
420,36.36812362974709,13386.396217353296,0.0,28.12647651465306,0.0,0.0
421,36.36812362974709,13386.396217353296,0.0,28.12647651465306,0.0,0.0
422,36.36812362974709,13386.396217353296,0.0,28.12647651465306,0.0,0.0
423,36.36812362974709,13386.396217353296,0.0,28.12647651465306,0.0,0.0
424,36.36812362974709,13386.396217353296,0.0,28.12647651465306,0.0,0.0
425,36.36812362974709,13386.396217353296,0.0,28.12647651465306,0.0,0.0
426,36.36812362974709,13386.396217353296,0.0,28.12647651465306,0.0,0.0
427,36.36812362974709,13386.396217353296,0.0,28.12647651465306,0.0,0.0
428,36.36812362974709,13386.396217353296,0.0,28.12647651465306,0.0,0.0
429,36.36812362974709,13386.396217353296,0.0,28.12647651465306,0.0,0.0
430,36.36812362974709,13386.396217353296,0.0,28.12647651465306,0.0,0.0
431,36.36812362974709,13386.396217353296,0.0,28.12647651465306,0.0,0.0
432,36.36812362974709,13386.396217353296,0.0,28.12647651465306,0.0,0.0
433,36.36812362974709,13386.396217353296,0.0,28.12647651465306,0.0,0.0
434,36.36812362974709,13386.396217353296,0.0,28.12647651465306,0.0,0.0
435,36.36812362974709,13386.396217353296,0.0,28.12647651465306,0.0,0.0
436,36.36812362974709,13386.396217353296,0.0,28.12647651465306,0.0,0.0
437,36.36812362974709,13386.396217353296,0.0,28.12647651465306,0.0,0.0
438,36.36812362974709,13386.396217353296,0.0,28.12647651465306,0.0,0.0
439,36.36812362974709,13386.396217353296,0.0,28.12647651465306,0.0,0.0
440,36.36812362974709,13386.396217353296,0.0,28.12647651465306,0.0,0.0
441,36.36812362974709,13386.396217353296,0.0,28.12647651465306,0.0,0.0
442,36.36812362974709,13386.396217353296,0.0,28.12647651465306,0.0,0.0
443,36.36812362974709,13386.396217353296,0.0,28.12647651465306,0.0,0.0
444,36.36812362974709,13386.396217353296,0.0,28.12647651465306,0.0,0.0
445,36.36812362974709,13386.396217353296,0.0,28.12647651465306,0.0,0.0
446,36.36812362974709,13386.396217353296,0.0,28.12647651465306,0.0,0.0
447,36.36812362974709,13386.396217353296,0.0,28.12647651465306,0.0,0.0
448,36.36812362974709,13386.396217353296,0.0,28.12647651465306,0.0,0.0
449,36.36812362974709,13386.396217353296,0.0,28.12647651465306,0.0,0.0
450,36.36812362974709,13386.396217353296,0.0,28.12647651465306,0.0,0.0
451,36.36812362974709,13386.396217353296,0.0,28.12647651465306,0.0,0.0
452,36.36812362974709,13386.396217353296,0.0,28.12647651465306,0.0,0.0
453,36.36812362974709,13386.396217353296,0.0,28.12647651465306,0.0,0.0
454,36.36812362974709,13386.396217353296,0.0,28.12647651465306,0.0,0.0
455,36.36812362974709,13386.396217353296,0.0,28.12647651465306,0.0,0.0
456,36.36812362974709,13386.396217353296,0.0,28.12647651465306,0.0,0.0
457,36.36812362974709,13386.396217353296,0.0,28.12647651465306,0.0,0.0
458,36.36812362974709,13386.396217353296,0.0,28.12647651465306,0.0,0.0
459,36.36812362974709,13386.396217353296,0.0,28.12647651465306,0.0,0.0
460,36.36812362974709,13386.396217353296,0.0,28.12647651465306,0.0,0.0
461,36.36812362974709,13386.396217353296,0.0,28.12647651465306,0.0,0.0
462,36.36812362974709,13386.396217353296,0.0,28.12647651465306,0.0,0.0
463,36.36812362974709,13386.396217353296,0.0,28.12647651465306,0.0,0.0
464,36.36812362974709,13386.396217353296,0.0,28.12647651465306,0.0,0.0
465,36.36812362974709,13386.396217353296,0.0,28.12647651465306,0.0,0.0
466,36.36812362974709,13386.396217353296,0.0,28.12647651465306,0.0,0.0
467,36.36812362974709,13386.396217353296,0.0,28.12647651465306,0.0,0.0
468,36.36812362974709,13386.396217353296,0.0,28.12647651465306,0.0,0.0
469,36.36812362974709,13386.396217353296,0.0,28.12647651465306,0.0,0.0
470,36.36812362974709,13386.396217353296,0.0,28.12647651465306,0.0,0.0
471,36.36812362974709,13386.396217353296,0.0,28.12647651465306,0.0,0.0
472,36.36812362974709,13386.396217353296,0.0,28.12647651465306,0.0,0.0
473,36.36812362974709,13386.396217353296,0.0,28.12647651465306,0.0,0.0
474,36.36812362974709,13386.396217353296,0.0,28.12647651465306,0.0,0.0
475,36.36812362974709,13386.396217353296,0.0,28.12647651465306,0.0,0.0
476,36.36812362974709,13386.396217353296,0.0,28.12647651465306,0.0,0.0
477,36.36812362974709,13386.396217353296,0.0,28.12647651465306,0.0,0.0
478,36.36812362974709,13386.396217353296,0.0,28.12647651465306,0.0,0.0
479,36.36812362974709,13386.396217353296,0.0,28.12647651465306,0.0,0.0
480,36.36812362974709,13386.396217353296,0.0,28.12647651465306,0.0,0.0
481,36.36812362974709,13386.396217353296,0.0,28.12647651465306,0.0,0.0
482,36.36812362974709,13386.396217353296,0.0,28.12647651465306,0.0,0.0
483,36.36812362974709,13386.396217353296,0.0,28.12647651465306,0.0,0.0
484,36.36812362974709,13386.396217353296,0.0,28.12647651465306,0.0,0.0
485,36.36812362974709,13386.396217353296,0.0,28.12647651465306,0.0,0.0
486,36.36812362974709,13386.396217353296,0.0,28.12647651465306,0.0,0.0
487,36.36812362974709,13386.396217353296,0.0,28.12647651465306,0.0,0.0
488,36.36812362974709,13386.396217353296,0.0,28.12647651465306,0.0,0.0
489,36.36812362974709,13386.396217353296,0.0,28.12647651465306,0.0,0.0
490,36.36812362974709,13386.396217353296,0.0,28.12647651465306,0.0,0.0
491,36.36812362974709,13386.396217353296,0.0,28.12647651465306,0.0,0.0
492,36.36812362974709,13386.396217353296,0.0,28.12647651465306,0.0,0.0
493,36.36812362974709,13386.396217353296,0.0,28.12647651465306,0.0,0.0
494,36.36812362974709,13386.396217353296,0.0,28.12647651465306,0.0,0.0
495,36.36812362974709,13386.396217353296,0.0,28.12647651465306,0.0,0.0
496,36.36812362974709,13386.396217353296,0.0,28.12647651465306,0.0,0.0
497,36.36812362974709,13386.396217353296,0.0,28.12647651465306,0.0,0.0
498,36.36812362974709,13386.396217353296,0.0,28.12647651465306,0.0,0.0
499,36.36812362974709,13386.396217353296,0.0,28.12647651465306,0.0,0.0
500,36.36812362974709,13386.396217353296,0.0,28.12647651465306,0.0,0.0
501,36.36812362974709,13386.396217353296,0.0,28.12647651465306,0.0,0.0
502,36.36812362974709,13386.396217353296,0.0,28.12647651465306,0.0,0.0
503,36.36812362974709,13386.396217353296,0.0,28.12647651465306,0.0,0.0
504,49.30361801143105,7377.950256175677,0.0,17.632052273942218,0.0,0.0
505,49.30361801143105,7377.950256175677,0.0,17.632052273942218,0.0,0.0
506,49.30361801143105,7377.950256175677,0.0,17.632052273942218,0.0,0.0
507,49.30361801143105,7377.950256175677,0.0,17.632052273942218,0.0,0.0
508,49.30361801143105,7377.950256175677,0.0,17.632052273942218,0.0,0.0
509,49.30361801143105,7377.950256175677,0.0,17.632052273942218,0.0,0.0
510,49.30361801143105,7377.950256175677,0.0,17.632052273942218,0.0,0.0
511,49.30361801143105,7377.950256175677,0.0,17.632052273942218,0.0,0.0
512,49.30361801143105,7377.950256175677,0.0,17.632052273942218,0.0,0.0
513,49.30361801143105,7377.950256175677,0.0,17.632052273942218,0.0,0.0
514,49.30361801143105,7377.950256175677,0.0,17.632052273942218,0.0,0.0
515,49.30361801143105,7377.950256175677,0.0,17.632052273942218,0.0,0.0
516,49.30361801143105,7377.950256175677,0.0,17.632052273942218,0.0,0.0
517,49.30361801143105,7377.950256175677,0.0,17.632052273942218,0.0,0.0
518,49.30361801143105,7377.950256175677,0.0,17.632052273942218,0.0,0.0
519,49.30361801143105,7377.950256175677,0.0,17.632052273942218,0.0,0.0
520,49.30361801143105,7377.950256175677,0.0,17.632052273942218,0.0,0.0
521,49.30361801143105,7377.950256175677,0.0,17.632052273942218,0.0,0.0
522,49.30361801143105,7377.950256175677,0.0,17.632052273942218,0.0,0.0
523,49.30361801143105,7377.950256175677,0.0,17.632052273942218,0.0,0.0
524,49.30361801143105,7377.950256175677,0.0,17.632052273942218,0.0,0.0
525,49.30361801143105,7377.950256175677,0.0,17.632052273942218,0.0,0.0
526,49.30361801143105,7377.950256175677,0.0,17.632052273942218,0.0,0.0
527,49.30361801143105,7377.950256175677,0.0,17.632052273942218,0.0,0.0
528,49.30361801143105,7377.950256175677,0.0,17.632052273942218,0.0,0.0
529,49.30361801143105,7377.950256175677,0.0,17.632052273942218,0.0,0.0
530,49.30361801143105,7377.950256175677,0.0,17.632052273942218,0.0,0.0
531,49.30361801143105,7377.950256175677,0.0,17.632052273942218,0.0,0.0
532,49.30361801143105,7377.950256175677,0.0,17.632052273942218,0.0,0.0
533,49.30361801143105,7377.950256175677,0.0,17.632052273942218,0.0,0.0
534,49.30361801143105,7377.950256175677,0.0,17.632052273942218,0.0,0.0
535,49.30361801143105,7377.950256175677,0.0,17.632052273942218,0.0,0.0
536,49.30361801143105,7377.950256175677,0.0,17.632052273942218,0.0,0.0
537,49.30361801143105,7377.950256175677,0.0,17.632052273942218,0.0,0.0
538,49.30361801143105,7377.950256175677,0.0,17.632052273942218,0.0,0.0
539,49.30361801143105,7377.950256175677,0.0,17.632052273942218,0.0,0.0
540,49.30361801143105,7377.950256175677,0.0,17.632052273942218,0.0,0.0
541,49.30361801143105,7377.950256175677,0.0,17.632052273942218,0.0,0.0
542,49.30361801143105,7377.950256175677,0.0,17.632052273942218,0.0,0.0
543,49.30361801143105,7377.950256175677,0.0,17.632052273942218,0.0,0.0
544,49.30361801143105,7377.950256175677,0.0,17.632052273942218,0.0,0.0
545,49.30361801143105,7377.950256175677,0.0,17.632052273942218,0.0,0.0
546,49.30361801143105,7377.950256175677,0.0,17.632052273942218,0.0,0.0
547,49.30361801143105,7377.950256175677,0.0,17.632052273942218,0.0,0.0
548,49.30361801143105,7377.950256175677,0.0,17.632052273942218,0.0,0.0
549,49.30361801143105,7377.950256175677,0.0,17.632052273942218,0.0,0.0
550,49.30361801143105,7377.950256175677,0.0,17.632052273942218,0.0,0.0
551,49.30361801143105,7377.950256175677,0.0,17.632052273942218,0.0,0.0
552,49.30361801143105,7377.950256175677,0.0,17.632052273942218,0.0,0.0
553,49.30361801143105,7377.950256175677,0.0,17.632052273942218,0.0,0.0
554,49.30361801143105,7377.950256175677,0.0,17.632052273942218,0.0,0.0
555,49.30361801143105,7377.950256175677,0.0,17.632052273942218,0.0,0.0
556,49.30361801143105,7377.950256175677,0.0,17.632052273942218,0.0,0.0
557,49.30361801143105,7377.950256175677,0.0,17.632052273942218,0.0,0.0
558,49.30361801143105,7377.950256175677,0.0,17.632052273942218,0.0,0.0
559,49.30361801143105,7377.950256175677,0.0,17.632052273942218,0.0,0.0
560,49.30361801143105,7377.950256175677,0.0,17.632052273942218,0.0,0.0
561,49.30361801143105,7377.950256175677,0.0,17.632052273942218,0.0,0.0
562,49.30361801143105,7377.950256175677,0.0,17.632052273942218,0.0,0.0
563,49.30361801143105,7377.950256175677,0.0,17.632052273942218,0.0,0.0
564,49.30361801143105,7377.950256175677,0.0,17.632052273942218,0.0,0.0
565,49.30361801143105,7377.950256175677,0.0,17.632052273942218,0.0,0.0
566,49.30361801143105,7377.950256175677,0.0,17.632052273942218,0.0,0.0
567,49.30361801143105,7377.950256175677,0.0,17.632052273942218,0.0,0.0
568,49.30361801143105,7377.950256175677,0.0,17.632052273942218,0.0,0.0
569,49.30361801143105,7377.950256175677,0.0,17.632052273942218,0.0,0.0
570,49.30361801143105,7377.950256175677,0.0,17.632052273942218,0.0,0.0
571,49.30361801143105,7377.950256175677,0.0,17.632052273942218,0.0,0.0
572,49.30361801143105,7377.950256175677,0.0,17.632052273942218,0.0,0.0
573,49.30361801143105,7377.950256175677,0.0,17.632052273942218,0.0,0.0
574,49.30361801143105,7377.950256175677,0.0,17.632052273942218,0.0,0.0
575,49.30361801143105,7377.950256175677,0.0,17.632052273942218,0.0,0.0
576,49.30361801143105,7377.950256175677,0.0,17.632052273942218,0.0,0.0
577,49.30361801143105,7377.950256175677,0.0,17.632052273942218,0.0,0.0
578,49.30361801143105,7377.950256175677,0.0,17.632052273942218,0.0,0.0
579,49.30361801143105,7377.950256175677,0.0,17.632052273942218,0.0,0.0
580,49.30361801143105,7377.950256175677,0.0,17.632052273942218,0.0,0.0
581,49.30361801143105,7377.950256175677,0.0,17.632052273942218,0.0,0.0
582,49.30361801143105,7377.950256175677,0.0,17.632052273942218,0.0,0.0
583,49.30361801143105,7377.950256175677,0.0,17.632052273942218,0.0,0.0
584,49.30361801143105,7377.950256175677,0.0,17.632052273942218,0.0,0.0
585,49.30361801143105,7377.950256175677,0.0,17.632052273942218,0.0,0.0
586,49.30361801143105,7377.950256175677,0.0,17.632052273942218,0.0,0.0
587,49.30361801143105,7377.950256175677,0.0,17.632052273942218,0.0,0.0
588,49.30361801143105,7377.950256175677,0.0,17.632052273942218,0.0,0.0
589,49.30361801143105,7377.950256175677,0.0,17.632052273942218,0.0,0.0
590,49.30361801143105,7377.950256175677,0.0,17.632052273942218,0.0,0.0
591,49.30361801143105,7377.950256175677,0.0,17.632052273942218,0.0,0.0
592,49.30361801143105,7377.950256175677,0.0,17.632052273942218,0.0,0.0
593,49.30361801143105,7377.950256175677,0.0,17.632052273942218,0.0,0.0
594,49.30361801143105,7377.950256175677,0.0,17.632052273942218,0.0,0.0
595,49.30361801143105,7377.950256175677,0.0,17.632052273942218,0.0,0.0
596,49.30361801143105,7377.950256175677,0.0,17.632052273942218,0.0,0.0
597,49.30361801143105,7377.950256175677,0.0,17.632052273942218,0.0,0.0
598,49.30361801143105,7377.950256175677,0.0,17.632052273942218,0.0,0.0
599,49.30361801143105,7377.950256175677,0.0,17.632052273942218,0.0,0.0
600,49.30361801143105,7377.950256175677,0.0,17.632052273942218,0.0,0.0
601,49.30361801143105,7377.950256175677,0.0,17.632052273942218,0.0,0.0
602,49.30361801143105,7377.950256175677,0.0,17.632052273942218,0.0,0.0
603,49.30361801143105,7377.950256175677,0.0,17.632052273942218,0.0,0.0
604,49.30361801143105,7377.950256175677,0.0,17.632052273942218,0.0,0.0
605,49.30361801143105,7377.950256175677,0.0,17.632052273942218,0.0,0.0
606,49.30361801143105,7377.950256175677,0.0,17.632052273942218,0.0,0.0
607,49.30361801143105,7377.950256175677,0.0,17.632052273942218,0.0,0.0
608,49.30361801143105,7377.950256175677,0.0,17.632052273942218,0.0,0.0
609,49.30361801143105,7377.950256175677,0.0,17.632052273942218,0.0,0.0
610,49.30361801143105,7377.950256175677,0.0,17.632052273942218,0.0,0.0
611,49.30361801143105,7377.950256175677,0.0,17.632052273942218,0.0,0.0
612,49.30361801143105,7377.950256175677,0.0,17.632052273942218,0.0,0.0
613,49.30361801143105,7377.950256175677,0.0,17.632052273942218,0.0,0.0
614,49.30361801143105,7377.950256175677,0.0,17.632052273942218,0.0,0.0
615,49.30361801143105,7377.950256175677,0.0,17.632052273942218,0.0,0.0
616,49.30361801143105,7377.950256175677,0.0,17.632052273942218,0.0,0.0
617,49.30361801143105,7377.950256175677,0.0,17.632052273942218,0.0,0.0
618,49.30361801143105,7377.950256175677,0.0,17.632052273942218,0.0,0.0
619,49.30361801143105,7377.950256175677,0.0,17.632052273942218,0.0,0.0
620,49.30361801143105,7377.950256175677,0.0,17.632052273942218,0.0,0.0
621,49.30361801143105,7377.950256175677,0.0,17.632052273942218,0.0,0.0
622,49.30361801143105,7377.950256175677,0.0,17.632052273942218,0.0,0.0
623,49.30361801143105,7377.950256175677,0.0,17.632052273942218,0.0,0.0
624,49.30361801143105,7377.950256175677,0.0,17.632052273942218,0.0,0.0
625,49.30361801143105,7377.950256175677,0.0,17.632052273942218,0.0,0.0
626,49.30361801143105,7377.950256175677,0.0,17.632052273942218,0.0,0.0
627,49.30361801143105,7377.950256175677,0.0,17.632052273942218,0.0,0.0
628,49.30361801143105,7377.950256175677,0.0,17.632052273942218,0.0,0.0
629,49.30361801143105,7377.950256175677,0.0,17.632052273942218,0.0,0.0
630,49.30361801143105,7377.950256175677,0.0,17.632052273942218,0.0,0.0
631,49.30361801143105,7377.950256175677,0.0,17.632052273942218,0.0,0.0
632,49.30361801143105,7377.950256175677,0.0,17.632052273942218,0.0,0.0
633,49.30361801143105,7377.950256175677,0.0,17.632052273942218,0.0,0.0
634,49.30361801143105,7377.950256175677,0.0,17.632052273942218,0.0,0.0
635,49.30361801143105,7377.950256175677,0.0,17.632052273942218,0.0,0.0
636,49.30361801143105,7377.950256175677,0.0,17.632052273942218,0.0,0.0
637,49.30361801143105,7377.950256175677,0.0,17.632052273942218,0.0,0.0
638,49.30361801143105,7377.950256175677,0.0,17.632052273942218,0.0,0.0
639,49.30361801143105,7377.950256175677,0.0,17.632052273942218,0.0,0.0
640,49.30361801143105,7377.950256175677,0.0,17.632052273942218,0.0,0.0
641,49.30361801143105,7377.950256175677,0.0,17.632052273942218,0.0,0.0
642,49.30361801143105,7377.950256175677,0.0,17.632052273942218,0.0,0.0
643,49.30361801143105,7377.950256175677,0.0,17.632052273942218,0.0,0.0
644,49.30361801143105,7377.950256175677,0.0,17.632052273942218,0.0,0.0
645,49.30361801143105,7377.950256175677,0.0,17.632052273942218,0.0,0.0
646,49.30361801143105,7377.950256175677,0.0,17.632052273942218,0.0,0.0
647,49.30361801143105,7377.950256175677,0.0,17.632052273942218,0.0,0.0
648,49.30361801143105,7377.950256175677,0.0,17.632052273942218,0.0,0.0
649,49.30361801143105,7377.950256175677,0.0,17.632052273942218,0.0,0.0
650,49.30361801143105,7377.950256175677,0.0,17.632052273942218,0.0,0.0
651,49.30361801143105,7377.950256175677,0.0,17.632052273942218,0.0,0.0
652,49.30361801143105,7377.950256175677,0.0,17.632052273942218,0.0,0.0
653,49.30361801143105,7377.950256175677,0.0,17.632052273942218,0.0,0.0
654,49.30361801143105,7377.950256175677,0.0,17.632052273942218,0.0,0.0
655,49.30361801143105,7377.950256175677,0.0,17.632052273942218,0.0,0.0
656,49.30361801143105,7377.950256175677,0.0,17.632052273942218,0.0,0.0
657,49.30361801143105,7377.950256175677,0.0,17.632052273942218,0.0,0.0
658,49.30361801143105,7377.950256175677,0.0,17.632052273942218,0.0,0.0
659,49.30361801143105,7377.950256175677,0.0,17.632052273942218,0.0,0.0
660,49.30361801143105,7377.950256175677,0.0,17.632052273942218,0.0,0.0
661,49.30361801143105,7377.950256175677,0.0,17.632052273942218,0.0,0.0
662,49.30361801143105,7377.950256175677,0.0,17.632052273942218,0.0,0.0
663,49.30361801143105,7377.950256175677,0.0,17.632052273942218,0.0,0.0
664,49.30361801143105,7377.950256175677,0.0,17.632052273942218,0.0,0.0
665,49.30361801143105,7377.950256175677,0.0,17.632052273942218,0.0,0.0
666,49.30361801143105,7377.950256175677,0.0,17.632052273942218,0.0,0.0
667,49.30361801143105,7377.950256175677,0.0,17.632052273942218,0.0,0.0
668,49.30361801143105,7377.950256175677,0.0,17.632052273942218,0.0,0.0
669,49.30361801143105,7377.950256175677,0.0,17.632052273942218,0.0,0.0
670,49.30361801143105,7377.950256175677,0.0,17.632052273942218,0.0,0.0
671,49.30361801143105,7377.950256175677,0.0,17.632052273942218,0.0,0.0
672,21.810820995731962,9006.447698897742,0.0,9.994047619047619,0.0,0.0
673,21.810820995731962,9006.447698897742,0.0,9.994047619047619,0.0,0.0
674,21.810820995731962,9006.447698897742,0.0,9.994047619047619,0.0,0.0
675,21.810820995731962,9006.447698897742,0.0,9.994047619047619,0.0,0.0
676,21.810820995731962,9006.447698897742,0.0,9.994047619047619,0.0,0.0
677,21.810820995731962,9006.447698897742,0.0,9.994047619047619,0.0,0.0
678,21.810820995731962,9006.447698897742,0.0,9.994047619047619,0.0,0.0
679,21.810820995731962,9006.447698897742,0.0,9.994047619047619,0.0,0.0
680,21.810820995731962,9006.447698897742,0.0,9.994047619047619,0.0,0.0
681,21.810820995731962,9006.447698897742,0.0,9.994047619047619,0.0,0.0
682,21.810820995731962,9006.447698897742,0.0,9.994047619047619,0.0,0.0
683,21.810820995731962,9006.447698897742,0.0,9.994047619047619,0.0,0.0
684,21.810820995731962,9006.447698897742,0.0,9.994047619047619,0.0,0.0
685,21.810820995731962,9006.447698897742,0.0,9.994047619047619,0.0,0.0
686,21.810820995731962,9006.447698897742,0.0,9.994047619047619,0.0,0.0
687,21.810820995731962,9006.447698897742,0.0,9.994047619047619,0.0,0.0
688,21.810820995731962,9006.447698897742,0.0,9.994047619047619,0.0,0.0
689,21.810820995731962,9006.447698897742,0.0,9.994047619047619,0.0,0.0
690,21.810820995731962,9006.447698897742,0.0,9.994047619047619,0.0,0.0
691,21.810820995731962,9006.447698897742,0.0,9.994047619047619,0.0,0.0
692,21.810820995731962,9006.447698897742,0.0,9.994047619047619,0.0,0.0
693,21.810820995731962,9006.447698897742,0.0,9.994047619047619,0.0,0.0
694,21.810820995731962,9006.447698897742,0.0,9.994047619047619,0.0,0.0
695,21.810820995731962,9006.447698897742,0.0,9.994047619047619,0.0,0.0
696,21.810820995731962,9006.447698897742,0.0,9.994047619047619,0.0,0.0
697,21.810820995731962,9006.447698897742,0.0,9.994047619047619,0.0,0.0
698,21.810820995731962,9006.447698897742,0.0,9.994047619047619,0.0,0.0
699,21.810820995731962,9006.447698897742,0.0,9.994047619047619,0.0,0.0
700,21.810820995731962,9006.447698897742,0.0,9.994047619047619,0.0,0.0
701,21.810820995731962,9006.447698897742,0.0,9.994047619047619,0.0,0.0
702,21.810820995731962,9006.447698897742,0.0,9.994047619047619,0.0,0.0
703,21.810820995731962,9006.447698897742,0.0,9.994047619047619,0.0,0.0
704,21.810820995731962,9006.447698897742,0.0,9.994047619047619,0.0,0.0
705,21.810820995731962,9006.447698897742,0.0,9.994047619047619,0.0,0.0
706,21.810820995731962,9006.447698897742,0.0,9.994047619047619,0.0,0.0
707,21.810820995731962,9006.447698897742,0.0,9.994047619047619,0.0,0.0
708,21.810820995731962,9006.447698897742,0.0,9.994047619047619,0.0,0.0
709,21.810820995731962,9006.447698897742,0.0,9.994047619047619,0.0,0.0
710,21.810820995731962,9006.447698897742,0.0,9.994047619047619,0.0,0.0
711,21.810820995731962,9006.447698897742,0.0,9.994047619047619,0.0,0.0
712,21.810820995731962,9006.447698897742,0.0,9.994047619047619,0.0,0.0
713,21.810820995731962,9006.447698897742,0.0,9.994047619047619,0.0,0.0
714,21.810820995731962,9006.447698897742,0.0,9.994047619047619,0.0,0.0
715,21.810820995731962,9006.447698897742,0.0,9.994047619047619,0.0,0.0
716,21.810820995731962,9006.447698897742,0.0,9.994047619047619,0.0,0.0
717,21.810820995731962,9006.447698897742,0.0,9.994047619047619,0.0,0.0
718,21.810820995731962,9006.447698897742,0.0,9.994047619047619,0.0,0.0
719,21.810820995731962,9006.447698897742,0.0,9.994047619047619,0.0,0.0
720,21.810820995731962,9006.447698897742,0.0,9.994047619047619,0.0,0.0
721,21.810820995731962,9006.447698897742,0.0,9.994047619047619,0.0,0.0
722,21.810820995731962,9006.447698897742,0.0,9.994047619047619,0.0,0.0
723,21.810820995731962,9006.447698897742,0.0,9.994047619047619,0.0,0.0
724,21.810820995731962,9006.447698897742,0.0,9.994047619047619,0.0,0.0
725,21.810820995731962,9006.447698897742,0.0,9.994047619047619,0.0,0.0
726,21.810820995731962,9006.447698897742,0.0,9.994047619047619,0.0,0.0
727,21.810820995731962,9006.447698897742,0.0,9.994047619047619,0.0,0.0
728,21.810820995731962,9006.447698897742,0.0,9.994047619047619,0.0,0.0
729,21.810820995731962,9006.447698897742,0.0,9.994047619047619,0.0,0.0
730,21.810820995731962,9006.447698897742,0.0,9.994047619047619,0.0,0.0
731,21.810820995731962,9006.447698897742,0.0,9.994047619047619,0.0,0.0
732,21.810820995731962,9006.447698897742,0.0,9.994047619047619,0.0,0.0
733,21.810820995731962,9006.447698897742,0.0,9.994047619047619,0.0,0.0
734,21.810820995731962,9006.447698897742,0.0,9.994047619047619,0.0,0.0
735,21.810820995731962,9006.447698897742,0.0,9.994047619047619,0.0,0.0
736,21.810820995731962,9006.447698897742,0.0,9.994047619047619,0.0,0.0
737,21.810820995731962,9006.447698897742,0.0,9.994047619047619,0.0,0.0
738,21.810820995731962,9006.447698897742,0.0,9.994047619047619,0.0,0.0
739,21.810820995731962,9006.447698897742,0.0,9.994047619047619,0.0,0.0
740,21.810820995731962,9006.447698897742,0.0,9.994047619047619,0.0,0.0
741,21.810820995731962,9006.447698897742,0.0,9.994047619047619,0.0,0.0
742,21.810820995731962,9006.447698897742,0.0,9.994047619047619,0.0,0.0
743,21.810820995731962,9006.447698897742,0.0,9.994047619047619,0.0,0.0
744,21.810820995731962,9006.447698897742,0.0,9.994047619047619,0.0,0.0
745,21.810820995731962,9006.447698897742,0.0,9.994047619047619,0.0,0.0
746,21.810820995731962,9006.447698897742,0.0,9.994047619047619,0.0,0.0
747,21.810820995731962,9006.447698897742,0.0,9.994047619047619,0.0,0.0
748,21.810820995731962,9006.447698897742,0.0,9.994047619047619,0.0,0.0
749,21.810820995731962,9006.447698897742,0.0,9.994047619047619,0.0,0.0
750,21.810820995731962,9006.447698897742,0.0,9.994047619047619,0.0,0.0
751,21.810820995731962,9006.447698897742,0.0,9.994047619047619,0.0,0.0
752,21.810820995731962,9006.447698897742,0.0,9.994047619047619,0.0,0.0
753,21.810820995731962,9006.447698897742,0.0,9.994047619047619,0.0,0.0
754,21.810820995731962,9006.447698897742,0.0,9.994047619047619,0.0,0.0
755,21.810820995731962,9006.447698897742,0.0,9.994047619047619,0.0,0.0
756,21.810820995731962,9006.447698897742,0.0,9.994047619047619,0.0,0.0
757,21.810820995731962,9006.447698897742,0.0,9.994047619047619,0.0,0.0
758,21.810820995731962,9006.447698897742,0.0,9.994047619047619,0.0,0.0
759,21.810820995731962,9006.447698897742,0.0,9.994047619047619,0.0,0.0
760,21.810820995731962,9006.447698897742,0.0,9.994047619047619,0.0,0.0
761,21.810820995731962,9006.447698897742,0.0,9.994047619047619,0.0,0.0
762,21.810820995731962,9006.447698897742,0.0,9.994047619047619,0.0,0.0
763,21.810820995731962,9006.447698897742,0.0,9.994047619047619,0.0,0.0
764,21.810820995731962,9006.447698897742,0.0,9.994047619047619,0.0,0.0
765,21.810820995731962,9006.447698897742,0.0,9.994047619047619,0.0,0.0
766,21.810820995731962,9006.447698897742,0.0,9.994047619047619,0.0,0.0
767,21.810820995731962,9006.447698897742,0.0,9.994047619047619,0.0,0.0
768,21.810820995731962,9006.447698897742,0.0,9.994047619047619,0.0,0.0
769,21.810820995731962,9006.447698897742,0.0,9.994047619047619,0.0,0.0
770,21.810820995731962,9006.447698897742,0.0,9.994047619047619,0.0,0.0
771,21.810820995731962,9006.447698897742,0.0,9.994047619047619,0.0,0.0
772,21.810820995731962,9006.447698897742,0.0,9.994047619047619,0.0,0.0
773,21.810820995731962,9006.447698897742,0.0,9.994047619047619,0.0,0.0
774,21.810820995731962,9006.447698897742,0.0,9.994047619047619,0.0,0.0
775,21.810820995731962,9006.447698897742,0.0,9.994047619047619,0.0,0.0
776,21.810820995731962,9006.447698897742,0.0,9.994047619047619,0.0,0.0
777,21.810820995731962,9006.447698897742,0.0,9.994047619047619,0.0,0.0
778,21.810820995731962,9006.447698897742,0.0,9.994047619047619,0.0,0.0
779,21.810820995731962,9006.447698897742,0.0,9.994047619047619,0.0,0.0
780,21.810820995731962,9006.447698897742,0.0,9.994047619047619,0.0,0.0
781,21.810820995731962,9006.447698897742,0.0,9.994047619047619,0.0,0.0
782,21.810820995731962,9006.447698897742,0.0,9.994047619047619,0.0,0.0
783,21.810820995731962,9006.447698897742,0.0,9.994047619047619,0.0,0.0
784,21.810820995731962,9006.447698897742,0.0,9.994047619047619,0.0,0.0
785,21.810820995731962,9006.447698897742,0.0,9.994047619047619,0.0,0.0
786,21.810820995731962,9006.447698897742,0.0,9.994047619047619,0.0,0.0
787,21.810820995731962,9006.447698897742,0.0,9.994047619047619,0.0,0.0
788,21.810820995731962,9006.447698897742,0.0,9.994047619047619,0.0,0.0
789,21.810820995731962,9006.447698897742,0.0,9.994047619047619,0.0,0.0
790,21.810820995731962,9006.447698897742,0.0,9.994047619047619,0.0,0.0
791,21.810820995731962,9006.447698897742,0.0,9.994047619047619,0.0,0.0
792,21.810820995731962,9006.447698897742,0.0,9.994047619047619,0.0,0.0
793,21.810820995731962,9006.447698897742,0.0,9.994047619047619,0.0,0.0
794,21.810820995731962,9006.447698897742,0.0,9.994047619047619,0.0,0.0
795,21.810820995731962,9006.447698897742,0.0,9.994047619047619,0.0,0.0
796,21.810820995731962,9006.447698897742,0.0,9.994047619047619,0.0,0.0
797,21.810820995731962,9006.447698897742,0.0,9.994047619047619,0.0,0.0
798,21.810820995731962,9006.447698897742,0.0,9.994047619047619,0.0,0.0
799,21.810820995731962,9006.447698897742,0.0,9.994047619047619,0.0,0.0
800,21.810820995731962,9006.447698897742,0.0,9.994047619047619,0.0,0.0
801,21.810820995731962,9006.447698897742,0.0,9.994047619047619,0.0,0.0
802,21.810820995731962,9006.447698897742,0.0,9.994047619047619,0.0,0.0
803,21.810820995731962,9006.447698897742,0.0,9.994047619047619,0.0,0.0
804,21.810820995731962,9006.447698897742,0.0,9.994047619047619,0.0,0.0
805,21.810820995731962,9006.447698897742,0.0,9.994047619047619,0.0,0.0
806,21.810820995731962,9006.447698897742,0.0,9.994047619047619,0.0,0.0
807,21.810820995731962,9006.447698897742,0.0,9.994047619047619,0.0,0.0
808,21.810820995731962,9006.447698897742,0.0,9.994047619047619,0.0,0.0
809,21.810820995731962,9006.447698897742,0.0,9.994047619047619,0.0,0.0
810,21.810820995731962,9006.447698897742,0.0,9.994047619047619,0.0,0.0
811,21.810820995731962,9006.447698897742,0.0,9.994047619047619,0.0,0.0
812,21.810820995731962,9006.447698897742,0.0,9.994047619047619,0.0,0.0
813,21.810820995731962,9006.447698897742,0.0,9.994047619047619,0.0,0.0
814,21.810820995731962,9006.447698897742,0.0,9.994047619047619,0.0,0.0
815,21.810820995731962,9006.447698897742,0.0,9.994047619047619,0.0,0.0
816,21.810820995731962,9006.447698897742,0.0,9.994047619047619,0.0,0.0
817,21.810820995731962,9006.447698897742,0.0,9.994047619047619,0.0,0.0
818,21.810820995731962,9006.447698897742,0.0,9.994047619047619,0.0,0.0
819,21.810820995731962,9006.447698897742,0.0,9.994047619047619,0.0,0.0
820,21.810820995731962,9006.447698897742,0.0,9.994047619047619,0.0,0.0
821,21.810820995731962,9006.447698897742,0.0,9.994047619047619,0.0,0.0
822,21.810820995731962,9006.447698897742,0.0,9.994047619047619,0.0,0.0
823,21.810820995731962,9006.447698897742,0.0,9.994047619047619,0.0,0.0
824,21.810820995731962,9006.447698897742,0.0,9.994047619047619,0.0,0.0
825,21.810820995731962,9006.447698897742,0.0,9.994047619047619,0.0,0.0
826,21.810820995731962,9006.447698897742,0.0,9.994047619047619,0.0,0.0
827,21.810820995731962,9006.447698897742,0.0,9.994047619047619,0.0,0.0
828,21.810820995731962,9006.447698897742,0.0,9.994047619047619,0.0,0.0
829,21.810820995731962,9006.447698897742,0.0,9.994047619047619,0.0,0.0
830,21.810820995731962,9006.447698897742,0.0,9.994047619047619,0.0,0.0
831,21.810820995731962,9006.447698897742,0.0,9.994047619047619,0.0,0.0
832,21.810820995731962,9006.447698897742,0.0,9.994047619047619,0.0,0.0
833,21.810820995731962,9006.447698897742,0.0,9.994047619047619,0.0,0.0
834,21.810820995731962,9006.447698897742,0.0,9.994047619047619,0.0,0.0
835,21.810820995731962,9006.447698897742,0.0,9.994047619047619,0.0,0.0
836,21.810820995731962,9006.447698897742,0.0,9.994047619047619,0.0,0.0
837,21.810820995731962,9006.447698897742,0.0,9.994047619047619,0.0,0.0
838,21.810820995731962,9006.447698897742,0.0,9.994047619047619,0.0,0.0
839,21.810820995731962,9006.447698897742,0.0,9.994047619047619,0.0,0.0
840,41.65484951220009,7188.838510913136,0.0,23.362628618781212,0.0,0.0
841,41.65484951220009,7188.838510913136,0.0,23.362628618781212,0.0,0.0
842,41.65484951220009,7188.838510913136,0.0,23.362628618781212,0.0,0.0
843,41.65484951220009,7188.838510913136,0.0,23.362628618781212,0.0,0.0
844,41.65484951220009,7188.838510913136,0.0,23.362628618781212,0.0,0.0
845,41.65484951220009,7188.838510913136,0.0,23.362628618781212,0.0,0.0
846,41.65484951220009,7188.838510913136,0.0,23.362628618781212,0.0,0.0
847,41.65484951220009,7188.838510913136,0.0,23.362628618781212,0.0,0.0
848,41.65484951220009,7188.838510913136,0.0,23.362628618781212,0.0,0.0
849,41.65484951220009,7188.838510913136,0.0,23.362628618781212,0.0,0.0
850,41.65484951220009,7188.838510913136,0.0,23.362628618781212,0.0,0.0
851,41.65484951220009,7188.838510913136,0.0,23.362628618781212,0.0,0.0
852,41.65484951220009,7188.838510913136,0.0,23.362628618781212,0.0,0.0
853,41.65484951220009,7188.838510913136,0.0,23.362628618781212,0.0,0.0
854,41.65484951220009,7188.838510913136,0.0,23.362628618781212,0.0,0.0
855,41.65484951220009,7188.838510913136,0.0,23.362628618781212,0.0,0.0
856,41.65484951220009,7188.838510913136,0.0,23.362628618781212,0.0,0.0
857,41.65484951220009,7188.838510913136,0.0,23.362628618781212,0.0,0.0
858,41.65484951220009,7188.838510913136,0.0,23.362628618781212,0.0,0.0
859,41.65484951220009,7188.838510913136,0.0,23.362628618781212,0.0,0.0
860,41.65484951220009,7188.838510913136,0.0,23.362628618781212,0.0,0.0
861,41.65484951220009,7188.838510913136,0.0,23.362628618781212,0.0,0.0
862,41.65484951220009,7188.838510913136,0.0,23.362628618781212,0.0,0.0
863,41.65484951220009,7188.838510913136,0.0,23.362628618781212,0.0,0.0
864,41.65484951220009,7188.838510913136,0.0,23.362628618781212,0.0,0.0
865,41.65484951220009,7188.838510913136,0.0,23.362628618781212,0.0,0.0
866,41.65484951220009,7188.838510913136,0.0,23.362628618781212,0.0,0.0
867,41.65484951220009,7188.838510913136,0.0,23.362628618781212,0.0,0.0
868,41.65484951220009,7188.838510913136,0.0,23.362628618781212,0.0,0.0
869,41.65484951220009,7188.838510913136,0.0,23.362628618781212,0.0,0.0
870,41.65484951220009,7188.838510913136,0.0,23.362628618781212,0.0,0.0
871,41.65484951220009,7188.838510913136,0.0,23.362628618781212,0.0,0.0
872,41.65484951220009,7188.838510913136,0.0,23.362628618781212,0.0,0.0
873,41.65484951220009,7188.838510913136,0.0,23.362628618781212,0.0,0.0
874,41.65484951220009,7188.838510913136,0.0,23.362628618781212,0.0,0.0
875,41.65484951220009,7188.838510913136,0.0,23.362628618781212,0.0,0.0
876,41.65484951220009,7188.838510913136,0.0,23.362628618781212,0.0,0.0
877,41.65484951220009,7188.838510913136,0.0,23.362628618781212,0.0,0.0
878,41.65484951220009,7188.838510913136,0.0,23.362628618781212,0.0,0.0
879,41.65484951220009,7188.838510913136,0.0,23.362628618781212,0.0,0.0
880,41.65484951220009,7188.838510913136,0.0,23.362628618781212,0.0,0.0
881,41.65484951220009,7188.838510913136,0.0,23.362628618781212,0.0,0.0
882,41.65484951220009,7188.838510913136,0.0,23.362628618781212,0.0,0.0
883,41.65484951220009,7188.838510913136,0.0,23.362628618781212,0.0,0.0
884,41.65484951220009,7188.838510913136,0.0,23.362628618781212,0.0,0.0
885,41.65484951220009,7188.838510913136,0.0,23.362628618781212,0.0,0.0
886,41.65484951220009,7188.838510913136,0.0,23.362628618781212,0.0,0.0
887,41.65484951220009,7188.838510913136,0.0,23.362628618781212,0.0,0.0
888,41.65484951220009,7188.838510913136,0.0,23.362628618781212,0.0,0.0
889,41.65484951220009,7188.838510913136,0.0,23.362628618781212,0.0,0.0
890,41.65484951220009,7188.838510913136,0.0,23.362628618781212,0.0,0.0
891,41.65484951220009,7188.838510913136,0.0,23.362628618781212,0.0,0.0
892,41.65484951220009,7188.838510913136,0.0,23.362628618781212,0.0,0.0
893,41.65484951220009,7188.838510913136,0.0,23.362628618781212,0.0,0.0
894,41.65484951220009,7188.838510913136,0.0,23.362628618781212,0.0,0.0
895,41.65484951220009,7188.838510913136,0.0,23.362628618781212,0.0,0.0
896,41.65484951220009,7188.838510913136,0.0,23.362628618781212,0.0,0.0
897,41.65484951220009,7188.838510913136,0.0,23.362628618781212,0.0,0.0
898,41.65484951220009,7188.838510913136,0.0,23.362628618781212,0.0,0.0
899,41.65484951220009,7188.838510913136,0.0,23.362628618781212,0.0,0.0
900,41.65484951220009,7188.838510913136,0.0,23.362628618781212,0.0,0.0
901,41.65484951220009,7188.838510913136,0.0,23.362628618781212,0.0,0.0
902,41.65484951220009,7188.838510913136,0.0,23.362628618781212,0.0,0.0
903,41.65484951220009,7188.838510913136,0.0,23.362628618781212,0.0,0.0
904,41.65484951220009,7188.838510913136,0.0,23.362628618781212,0.0,0.0
905,41.65484951220009,7188.838510913136,0.0,23.362628618781212,0.0,0.0
906,41.65484951220009,7188.838510913136,0.0,23.362628618781212,0.0,0.0
907,41.65484951220009,7188.838510913136,0.0,23.362628618781212,0.0,0.0
908,41.65484951220009,7188.838510913136,0.0,23.362628618781212,0.0,0.0
909,41.65484951220009,7188.838510913136,0.0,23.362628618781212,0.0,0.0
910,41.65484951220009,7188.838510913136,0.0,23.362628618781212,0.0,0.0
911,41.65484951220009,7188.838510913136,0.0,23.362628618781212,0.0,0.0
912,41.65484951220009,7188.838510913136,0.0,23.362628618781212,0.0,0.0
913,41.65484951220009,7188.838510913136,0.0,23.362628618781212,0.0,0.0
914,41.65484951220009,7188.838510913136,0.0,23.362628618781212,0.0,0.0
915,41.65484951220009,7188.838510913136,0.0,23.362628618781212,0.0,0.0
916,41.65484951220009,7188.838510913136,0.0,23.362628618781212,0.0,0.0
917,41.65484951220009,7188.838510913136,0.0,23.362628618781212,0.0,0.0
918,41.65484951220009,7188.838510913136,0.0,23.362628618781212,0.0,0.0
919,41.65484951220009,7188.838510913136,0.0,23.362628618781212,0.0,0.0
920,41.65484951220009,7188.838510913136,0.0,23.362628618781212,0.0,0.0
921,41.65484951220009,7188.838510913136,0.0,23.362628618781212,0.0,0.0
922,41.65484951220009,7188.838510913136,0.0,23.362628618781212,0.0,0.0
923,41.65484951220009,7188.838510913136,0.0,23.362628618781212,0.0,0.0
924,41.65484951220009,7188.838510913136,0.0,23.362628618781212,0.0,0.0
925,41.65484951220009,7188.838510913136,0.0,23.362628618781212,0.0,0.0
926,41.65484951220009,7188.838510913136,0.0,23.362628618781212,0.0,0.0
927,41.65484951220009,7188.838510913136,0.0,23.362628618781212,0.0,0.0
928,41.65484951220009,7188.838510913136,0.0,23.362628618781212,0.0,0.0
929,41.65484951220009,7188.838510913136,0.0,23.362628618781212,0.0,0.0
930,41.65484951220009,7188.838510913136,0.0,23.362628618781212,0.0,0.0
931,41.65484951220009,7188.838510913136,0.0,23.362628618781212,0.0,0.0
932,41.65484951220009,7188.838510913136,0.0,23.362628618781212,0.0,0.0
933,41.65484951220009,7188.838510913136,0.0,23.362628618781212,0.0,0.0
934,41.65484951220009,7188.838510913136,0.0,23.362628618781212,0.0,0.0
935,41.65484951220009,7188.838510913136,0.0,23.362628618781212,0.0,0.0
936,41.65484951220009,7188.838510913136,0.0,23.362628618781212,0.0,0.0
937,41.65484951220009,7188.838510913136,0.0,23.362628618781212,0.0,0.0
938,41.65484951220009,7188.838510913136,0.0,23.362628618781212,0.0,0.0
939,41.65484951220009,7188.838510913136,0.0,23.362628618781212,0.0,0.0
940,41.65484951220009,7188.838510913136,0.0,23.362628618781212,0.0,0.0
941,41.65484951220009,7188.838510913136,0.0,23.362628618781212,0.0,0.0
942,41.65484951220009,7188.838510913136,0.0,23.362628618781212,0.0,0.0
943,41.65484951220009,7188.838510913136,0.0,23.362628618781212,0.0,0.0
944,41.65484951220009,7188.838510913136,0.0,23.362628618781212,0.0,0.0
945,41.65484951220009,7188.838510913136,0.0,23.362628618781212,0.0,0.0
946,41.65484951220009,7188.838510913136,0.0,23.362628618781212,0.0,0.0
947,41.65484951220009,7188.838510913136,0.0,23.362628618781212,0.0,0.0
948,41.65484951220009,7188.838510913136,0.0,23.362628618781212,0.0,0.0
949,41.65484951220009,7188.838510913136,0.0,23.362628618781212,0.0,0.0
950,41.65484951220009,7188.838510913136,0.0,23.362628618781212,0.0,0.0
951,41.65484951220009,7188.838510913136,0.0,23.362628618781212,0.0,0.0
952,41.65484951220009,7188.838510913136,0.0,23.362628618781212,0.0,0.0
953,41.65484951220009,7188.838510913136,0.0,23.362628618781212,0.0,0.0
954,41.65484951220009,7188.838510913136,0.0,23.362628618781212,0.0,0.0
955,41.65484951220009,7188.838510913136,0.0,23.362628618781212,0.0,0.0
956,41.65484951220009,7188.838510913136,0.0,23.362628618781212,0.0,0.0
957,41.65484951220009,7188.838510913136,0.0,23.362628618781212,0.0,0.0
958,41.65484951220009,7188.838510913136,0.0,23.362628618781212,0.0,0.0
959,41.65484951220009,7188.838510913136,0.0,23.362628618781212,0.0,0.0
960,41.65484951220009,7188.838510913136,0.0,23.362628618781212,0.0,0.0
961,41.65484951220009,7188.838510913136,0.0,23.362628618781212,0.0,0.0
962,41.65484951220009,7188.838510913136,0.0,23.362628618781212,0.0,0.0
963,41.65484951220009,7188.838510913136,0.0,23.362628618781212,0.0,0.0
964,41.65484951220009,7188.838510913136,0.0,23.362628618781212,0.0,0.0
965,41.65484951220009,7188.838510913136,0.0,23.362628618781212,0.0,0.0
966,41.65484951220009,7188.838510913136,0.0,23.362628618781212,0.0,0.0
967,41.65484951220009,7188.838510913136,0.0,23.362628618781212,0.0,0.0
968,41.65484951220009,7188.838510913136,0.0,23.362628618781212,0.0,0.0
969,41.65484951220009,7188.838510913136,0.0,23.362628618781212,0.0,0.0
970,41.65484951220009,7188.838510913136,0.0,23.362628618781212,0.0,0.0
971,41.65484951220009,7188.838510913136,0.0,23.362628618781212,0.0,0.0
972,41.65484951220009,7188.838510913136,0.0,23.362628618781212,0.0,0.0
973,41.65484951220009,7188.838510913136,0.0,23.362628618781212,0.0,0.0
974,41.65484951220009,7188.838510913136,0.0,23.362628618781212,0.0,0.0
975,41.65484951220009,7188.838510913136,0.0,23.362628618781212,0.0,0.0
976,41.65484951220009,7188.838510913136,0.0,23.362628618781212,0.0,0.0
977,41.65484951220009,7188.838510913136,0.0,23.362628618781212,0.0,0.0
978,41.65484951220009,7188.838510913136,0.0,23.362628618781212,0.0,0.0
979,41.65484951220009,7188.838510913136,0.0,23.362628618781212,0.0,0.0
980,41.65484951220009,7188.838510913136,0.0,23.362628618781212,0.0,0.0
981,41.65484951220009,7188.838510913136,0.0,23.362628618781212,0.0,0.0
982,41.65484951220009,7188.838510913136,0.0,23.362628618781212,0.0,0.0
983,41.65484951220009,7188.838510913136,0.0,23.362628618781212,0.0,0.0
984,41.65484951220009,7188.838510913136,0.0,23.362628618781212,0.0,0.0
985,41.65484951220009,7188.838510913136,0.0,23.362628618781212,0.0,0.0
986,41.65484951220009,7188.838510913136,0.0,23.362628618781212,0.0,0.0
987,41.65484951220009,7188.838510913136,0.0,23.362628618781212,0.0,0.0
988,41.65484951220009,7188.838510913136,0.0,23.362628618781212,0.0,0.0
989,41.65484951220009,7188.838510913136,0.0,23.362628618781212,0.0,0.0
990,41.65484951220009,7188.838510913136,0.0,23.362628618781212,0.0,0.0
991,41.65484951220009,7188.838510913136,0.0,23.362628618781212,0.0,0.0
992,41.65484951220009,7188.838510913136,0.0,23.362628618781212,0.0,0.0
993,41.65484951220009,7188.838510913136,0.0,23.362628618781212,0.0,0.0
994,41.65484951220009,7188.838510913136,0.0,23.362628618781212,0.0,0.0
995,41.65484951220009,7188.838510913136,0.0,23.362628618781212,0.0,0.0
996,41.65484951220009,7188.838510913136,0.0,23.362628618781212,0.0,0.0
997,41.65484951220009,7188.838510913136,0.0,23.362628618781212,0.0,0.0
998,41.65484951220009,7188.838510913136,0.0,23.362628618781212,0.0,0.0
999,41.65484951220009,7188.838510913136,0.0,23.362628618781212,0.0,0.0
1000,41.65484951220009,7188.838510913136,0.0,23.362628618781212,0.0,0.0
1001,41.65484951220009,7188.838510913136,0.0,23.362628618781212,0.0,0.0
1002,41.65484951220009,7188.838510913136,0.0,23.362628618781212,0.0,0.0
1003,41.65484951220009,7188.838510913136,0.0,23.362628618781212,0.0,0.0
1004,41.65484951220009,7188.838510913136,0.0,23.362628618781212,0.0,0.0
1005,41.65484951220009,7188.838510913136,0.0,23.362628618781212,0.0,0.0
1006,41.65484951220009,7188.838510913136,0.0,23.362628618781212,0.0,0.0
1007,41.65484951220009,7188.838510913136,0.0,23.362628618781212,0.0,0.0
1008,32.39952557060831,6993.971547860096,0.0,48.32765979682428,0.0,0.0
1009,32.39952557060831,6993.971547860096,0.0,48.32765979682428,0.0,0.0
1010,32.39952557060831,6993.971547860096,0.0,48.32765979682428,0.0,0.0
1011,32.39952557060831,6993.971547860096,0.0,48.32765979682428,0.0,0.0
1012,32.39952557060831,6993.971547860096,0.0,48.32765979682428,0.0,0.0
1013,32.39952557060831,6993.971547860096,0.0,48.32765979682428,0.0,0.0
1014,32.39952557060831,6993.971547860096,0.0,48.32765979682428,0.0,0.0
1015,32.39952557060831,6993.971547860096,0.0,48.32765979682428,0.0,0.0
1016,32.39952557060831,6993.971547860096,0.0,48.32765979682428,0.0,0.0
1017,32.39952557060831,6993.971547860096,0.0,48.32765979682428,0.0,0.0
1018,32.39952557060831,6993.971547860096,0.0,48.32765979682428,0.0,0.0
1019,32.39952557060831,6993.971547860096,0.0,48.32765979682428,0.0,0.0
1020,32.39952557060831,6993.971547860096,0.0,48.32765979682428,0.0,0.0
1021,32.39952557060831,6993.971547860096,0.0,48.32765979682428,0.0,0.0
1022,32.39952557060831,6993.971547860096,0.0,48.32765979682428,0.0,0.0
1023,32.39952557060831,6993.971547860096,0.0,48.32765979682428,0.0,0.0
1024,32.39952557060831,6993.971547860096,0.0,48.32765979682428,0.0,0.0
1025,32.39952557060831,6993.971547860096,0.0,48.32765979682428,0.0,0.0
1026,32.39952557060831,6993.971547860096,0.0,48.32765979682428,0.0,0.0
1027,32.39952557060831,6993.971547860096,0.0,48.32765979682428,0.0,0.0
1028,32.39952557060831,6993.971547860096,0.0,48.32765979682428,0.0,0.0
1029,32.39952557060831,6993.971547860096,0.0,48.32765979682428,0.0,0.0
1030,32.39952557060831,6993.971547860096,0.0,48.32765979682428,0.0,0.0
1031,32.39952557060831,6993.971547860096,0.0,48.32765979682428,0.0,0.0
1032,32.39952557060831,6993.971547860096,0.0,48.32765979682428,0.0,0.0
1033,32.39952557060831,6993.971547860096,0.0,48.32765979682428,0.0,0.0
1034,32.39952557060831,6993.971547860096,0.0,48.32765979682428,0.0,0.0
1035,32.39952557060831,6993.971547860096,0.0,48.32765979682428,0.0,0.0
1036,32.39952557060831,6993.971547860096,0.0,48.32765979682428,0.0,0.0
1037,32.39952557060831,6993.971547860096,0.0,48.32765979682428,0.0,0.0
1038,32.39952557060831,6993.971547860096,0.0,48.32765979682428,0.0,0.0
1039,32.39952557060831,6993.971547860096,0.0,48.32765979682428,0.0,0.0
1040,32.39952557060831,6993.971547860096,0.0,48.32765979682428,0.0,0.0
1041,32.39952557060831,6993.971547860096,0.0,48.32765979682428,0.0,0.0
1042,32.39952557060831,6993.971547860096,0.0,48.32765979682428,0.0,0.0
1043,32.39952557060831,6993.971547860096,0.0,48.32765979682428,0.0,0.0
1044,32.39952557060831,6993.971547860096,0.0,48.32765979682428,0.0,0.0
1045,32.39952557060831,6993.971547860096,0.0,48.32765979682428,0.0,0.0
1046,32.39952557060831,6993.971547860096,0.0,48.32765979682428,0.0,0.0
1047,32.39952557060831,6993.971547860096,0.0,48.32765979682428,0.0,0.0
1048,32.39952557060831,6993.971547860096,0.0,48.32765979682428,0.0,0.0
1049,32.39952557060831,6993.971547860096,0.0,48.32765979682428,0.0,0.0
1050,32.39952557060831,6993.971547860096,0.0,48.32765979682428,0.0,0.0
1051,32.39952557060831,6993.971547860096,0.0,48.32765979682428,0.0,0.0
1052,32.39952557060831,6993.971547860096,0.0,48.32765979682428,0.0,0.0
1053,32.39952557060831,6993.971547860096,0.0,48.32765979682428,0.0,0.0
1054,32.39952557060831,6993.971547860096,0.0,48.32765979682428,0.0,0.0
1055,32.39952557060831,6993.971547860096,0.0,48.32765979682428,0.0,0.0
1056,32.39952557060831,6993.971547860096,0.0,48.32765979682428,0.0,0.0
1057,32.39952557060831,6993.971547860096,0.0,48.32765979682428,0.0,0.0
1058,32.39952557060831,6993.971547860096,0.0,48.32765979682428,0.0,0.0
1059,32.39952557060831,6993.971547860096,0.0,48.32765979682428,0.0,0.0
1060,32.39952557060831,6993.971547860096,0.0,48.32765979682428,0.0,0.0
1061,32.39952557060831,6993.971547860096,0.0,48.32765979682428,0.0,0.0
1062,32.39952557060831,6993.971547860096,0.0,48.32765979682428,0.0,0.0
1063,32.39952557060831,6993.971547860096,0.0,48.32765979682428,0.0,0.0
1064,32.39952557060831,6993.971547860096,0.0,48.32765979682428,0.0,0.0
1065,32.39952557060831,6993.971547860096,0.0,48.32765979682428,0.0,0.0
1066,32.39952557060831,6993.971547860096,0.0,48.32765979682428,0.0,0.0
1067,32.39952557060831,6993.971547860096,0.0,48.32765979682428,0.0,0.0
1068,32.39952557060831,6993.971547860096,0.0,48.32765979682428,0.0,0.0
1069,32.39952557060831,6993.971547860096,0.0,48.32765979682428,0.0,0.0
1070,32.39952557060831,6993.971547860096,0.0,48.32765979682428,0.0,0.0
1071,32.39952557060831,6993.971547860096,0.0,48.32765979682428,0.0,0.0
1072,32.39952557060831,6993.971547860096,0.0,48.32765979682428,0.0,0.0
1073,32.39952557060831,6993.971547860096,0.0,48.32765979682428,0.0,0.0
1074,32.39952557060831,6993.971547860096,0.0,48.32765979682428,0.0,0.0
1075,32.39952557060831,6993.971547860096,0.0,48.32765979682428,0.0,0.0
1076,32.39952557060831,6993.971547860096,0.0,48.32765979682428,0.0,0.0
1077,32.39952557060831,6993.971547860096,0.0,48.32765979682428,0.0,0.0
1078,32.39952557060831,6993.971547860096,0.0,48.32765979682428,0.0,0.0
1079,32.39952557060831,6993.971547860096,0.0,48.32765979682428,0.0,0.0
1080,32.39952557060831,6993.971547860096,0.0,48.32765979682428,0.0,0.0
1081,32.39952557060831,6993.971547860096,0.0,48.32765979682428,0.0,0.0
1082,32.39952557060831,6993.971547860096,0.0,48.32765979682428,0.0,0.0
1083,32.39952557060831,6993.971547860096,0.0,48.32765979682428,0.0,0.0
1084,32.39952557060831,6993.971547860096,0.0,48.32765979682428,0.0,0.0
1085,32.39952557060831,6993.971547860096,0.0,48.32765979682428,0.0,0.0
1086,32.39952557060831,6993.971547860096,0.0,48.32765979682428,0.0,0.0
1087,32.39952557060831,6993.971547860096,0.0,48.32765979682428,0.0,0.0
1088,32.39952557060831,6993.971547860096,0.0,48.32765979682428,0.0,0.0
1089,32.39952557060831,6993.971547860096,0.0,48.32765979682428,0.0,0.0
1090,32.39952557060831,6993.971547860096,0.0,48.32765979682428,0.0,0.0
1091,32.39952557060831,6993.971547860096,0.0,48.32765979682428,0.0,0.0
1092,32.39952557060831,6993.971547860096,0.0,48.32765979682428,0.0,0.0
1093,32.39952557060831,6993.971547860096,0.0,48.32765979682428,0.0,0.0
1094,32.39952557060831,6993.971547860096,0.0,48.32765979682428,0.0,0.0
1095,32.39952557060831,6993.971547860096,0.0,48.32765979682428,0.0,0.0
1096,32.39952557060831,6993.971547860096,0.0,48.32765979682428,0.0,0.0
1097,32.39952557060831,6993.971547860096,0.0,48.32765979682428,0.0,0.0
1098,32.39952557060831,6993.971547860096,0.0,48.32765979682428,0.0,0.0
1099,32.39952557060831,6993.971547860096,0.0,48.32765979682428,0.0,0.0
1100,32.39952557060831,6993.971547860096,0.0,48.32765979682428,0.0,0.0
1101,32.39952557060831,6993.971547860096,0.0,48.32765979682428,0.0,0.0
1102,32.39952557060831,6993.971547860096,0.0,48.32765979682428,0.0,0.0
1103,32.39952557060831,6993.971547860096,0.0,48.32765979682428,0.0,0.0
1104,32.39952557060831,6993.971547860096,0.0,48.32765979682428,0.0,0.0
1105,32.39952557060831,6993.971547860096,0.0,48.32765979682428,0.0,0.0
1106,32.39952557060831,6993.971547860096,0.0,48.32765979682428,0.0,0.0
1107,32.39952557060831,6993.971547860096,0.0,48.32765979682428,0.0,0.0
1108,32.39952557060831,6993.971547860096,0.0,48.32765979682428,0.0,0.0
1109,32.39952557060831,6993.971547860096,0.0,48.32765979682428,0.0,0.0
1110,32.39952557060831,6993.971547860096,0.0,48.32765979682428,0.0,0.0
1111,32.39952557060831,6993.971547860096,0.0,48.32765979682428,0.0,0.0
1112,32.39952557060831,6993.971547860096,0.0,48.32765979682428,0.0,0.0
1113,32.39952557060831,6993.971547860096,0.0,48.32765979682428,0.0,0.0
1114,32.39952557060831,6993.971547860096,0.0,48.32765979682428,0.0,0.0
1115,32.39952557060831,6993.971547860096,0.0,48.32765979682428,0.0,0.0
1116,32.39952557060831,6993.971547860096,0.0,48.32765979682428,0.0,0.0
1117,32.39952557060831,6993.971547860096,0.0,48.32765979682428,0.0,0.0
1118,32.39952557060831,6993.971547860096,0.0,48.32765979682428,0.0,0.0
1119,32.39952557060831,6993.971547860096,0.0,48.32765979682428,0.0,0.0
1120,32.39952557060831,6993.971547860096,0.0,48.32765979682428,0.0,0.0
1121,32.39952557060831,6993.971547860096,0.0,48.32765979682428,0.0,0.0
1122,32.39952557060831,6993.971547860096,0.0,48.32765979682428,0.0,0.0
1123,32.39952557060831,6993.971547860096,0.0,48.32765979682428,0.0,0.0
1124,32.39952557060831,6993.971547860096,0.0,48.32765979682428,0.0,0.0
1125,32.39952557060831,6993.971547860096,0.0,48.32765979682428,0.0,0.0
1126,32.39952557060831,6993.971547860096,0.0,48.32765979682428,0.0,0.0
1127,32.39952557060831,6993.971547860096,0.0,48.32765979682428,0.0,0.0
1128,32.39952557060831,6993.971547860096,0.0,48.32765979682428,0.0,0.0
1129,32.39952557060831,6993.971547860096,0.0,48.32765979682428,0.0,0.0
1130,32.39952557060831,6993.971547860096,0.0,48.32765979682428,0.0,0.0
1131,32.39952557060831,6993.971547860096,0.0,48.32765979682428,0.0,0.0
1132,32.39952557060831,6993.971547860096,0.0,48.32765979682428,0.0,0.0
1133,32.39952557060831,6993.971547860096,0.0,48.32765979682428,0.0,0.0
1134,32.39952557060831,6993.971547860096,0.0,48.32765979682428,0.0,0.0
1135,32.39952557060831,6993.971547860096,0.0,48.32765979682428,0.0,0.0
1136,32.39952557060831,6993.971547860096,0.0,48.32765979682428,0.0,0.0
1137,32.39952557060831,6993.971547860096,0.0,48.32765979682428,0.0,0.0
1138,32.39952557060831,6993.971547860096,0.0,48.32765979682428,0.0,0.0
1139,32.39952557060831,6993.971547860096,0.0,48.32765979682428,0.0,0.0
1140,32.39952557060831,6993.971547860096,0.0,48.32765979682428,0.0,0.0
1141,32.39952557060831,6993.971547860096,0.0,48.32765979682428,0.0,0.0
1142,32.39952557060831,6993.971547860096,0.0,48.32765979682428,0.0,0.0
1143,32.39952557060831,6993.971547860096,0.0,48.32765979682428,0.0,0.0
1144,32.39952557060831,6993.971547860096,0.0,48.32765979682428,0.0,0.0
1145,32.39952557060831,6993.971547860096,0.0,48.32765979682428,0.0,0.0
1146,32.39952557060831,6993.971547860096,0.0,48.32765979682428,0.0,0.0
1147,32.39952557060831,6993.971547860096,0.0,48.32765979682428,0.0,0.0
1148,32.39952557060831,6993.971547860096,0.0,48.32765979682428,0.0,0.0
1149,32.39952557060831,6993.971547860096,0.0,48.32765979682428,0.0,0.0
1150,32.39952557060831,6993.971547860096,0.0,48.32765979682428,0.0,0.0
1151,32.39952557060831,6993.971547860096,0.0,48.32765979682428,0.0,0.0
1152,32.39952557060831,6993.971547860096,0.0,48.32765979682428,0.0,0.0
1153,32.39952557060831,6993.971547860096,0.0,48.32765979682428,0.0,0.0
1154,32.39952557060831,6993.971547860096,0.0,48.32765979682428,0.0,0.0
1155,32.39952557060831,6993.971547860096,0.0,48.32765979682428,0.0,0.0
1156,32.39952557060831,6993.971547860096,0.0,48.32765979682428,0.0,0.0
1157,32.39952557060831,6993.971547860096,0.0,48.32765979682428,0.0,0.0
1158,32.39952557060831,6993.971547860096,0.0,48.32765979682428,0.0,0.0
1159,32.39952557060831,6993.971547860096,0.0,48.32765979682428,0.0,0.0
1160,32.39952557060831,6993.971547860096,0.0,48.32765979682428,0.0,0.0
1161,32.39952557060831,6993.971547860096,0.0,48.32765979682428,0.0,0.0
1162,32.39952557060831,6993.971547860096,0.0,48.32765979682428,0.0,0.0
1163,32.39952557060831,6993.971547860096,0.0,48.32765979682428,0.0,0.0
1164,32.39952557060831,6993.971547860096,0.0,48.32765979682428,0.0,0.0
1165,32.39952557060831,6993.971547860096,0.0,48.32765979682428,0.0,0.0
1166,32.39952557060831,6993.971547860096,0.0,48.32765979682428,0.0,0.0
1167,32.39952557060831,6993.971547860096,0.0,48.32765979682428,0.0,0.0
1168,32.39952557060831,6993.971547860096,0.0,48.32765979682428,0.0,0.0
1169,32.39952557060831,6993.971547860096,0.0,48.32765979682428,0.0,0.0
1170,32.39952557060831,6993.971547860096,0.0,48.32765979682428,0.0,0.0
1171,32.39952557060831,6993.971547860096,0.0,48.32765979682428,0.0,0.0
1172,32.39952557060831,6993.971547860096,0.0,48.32765979682428,0.0,0.0
1173,32.39952557060831,6993.971547860096,0.0,48.32765979682428,0.0,0.0
1174,32.39952557060831,6993.971547860096,0.0,48.32765979682428,0.0,0.0
1175,32.39952557060831,6993.971547860096,0.0,48.32765979682428,0.0,0.0
1176,40.399325208246815,11363.29111393406,0.0,51.83761999291976,0.0,0.0
1177,40.399325208246815,11363.29111393406,0.0,51.83761999291976,0.0,0.0
1178,40.399325208246815,11363.29111393406,0.0,51.83761999291976,0.0,0.0
1179,40.399325208246815,11363.29111393406,0.0,51.83761999291976,0.0,0.0
1180,40.399325208246815,11363.29111393406,0.0,51.83761999291976,0.0,0.0
1181,40.399325208246815,11363.29111393406,0.0,51.83761999291976,0.0,0.0
1182,40.399325208246815,11363.29111393406,0.0,51.83761999291976,0.0,0.0
1183,40.399325208246815,11363.29111393406,0.0,51.83761999291976,0.0,0.0
1184,40.399325208246815,11363.29111393406,0.0,51.83761999291976,0.0,0.0
1185,40.399325208246815,11363.29111393406,0.0,51.83761999291976,0.0,0.0
1186,40.399325208246815,11363.29111393406,0.0,51.83761999291976,0.0,0.0
1187,40.399325208246815,11363.29111393406,0.0,51.83761999291976,0.0,0.0
1188,40.399325208246815,11363.29111393406,0.0,51.83761999291976,0.0,0.0
1189,40.399325208246815,11363.29111393406,0.0,51.83761999291976,0.0,0.0
1190,40.399325208246815,11363.29111393406,0.0,51.83761999291976,0.0,0.0
1191,40.399325208246815,11363.29111393406,0.0,51.83761999291976,0.0,0.0
1192,40.399325208246815,11363.29111393406,0.0,51.83761999291976,0.0,0.0
1193,40.399325208246815,11363.29111393406,0.0,51.83761999291976,0.0,0.0
1194,40.399325208246815,11363.29111393406,0.0,51.83761999291976,0.0,0.0
1195,40.399325208246815,11363.29111393406,0.0,51.83761999291976,0.0,0.0
1196,40.399325208246815,11363.29111393406,0.0,51.83761999291976,0.0,0.0
1197,40.399325208246815,11363.29111393406,0.0,51.83761999291976,0.0,0.0
1198,40.399325208246815,11363.29111393406,0.0,51.83761999291976,0.0,0.0
1199,40.399325208246815,11363.29111393406,0.0,51.83761999291976,0.0,0.0
1200,40.399325208246815,11363.29111393406,0.0,51.83761999291976,0.0,0.0
1201,40.399325208246815,11363.29111393406,0.0,51.83761999291976,0.0,0.0
1202,40.399325208246815,11363.29111393406,0.0,51.83761999291976,0.0,0.0
1203,40.399325208246815,11363.29111393406,0.0,51.83761999291976,0.0,0.0
1204,40.399325208246815,11363.29111393406,0.0,51.83761999291976,0.0,0.0
1205,40.399325208246815,11363.29111393406,0.0,51.83761999291976,0.0,0.0
1206,40.399325208246815,11363.29111393406,0.0,51.83761999291976,0.0,0.0
1207,40.399325208246815,11363.29111393406,0.0,51.83761999291976,0.0,0.0
1208,40.399325208246815,11363.29111393406,0.0,51.83761999291976,0.0,0.0
1209,40.399325208246815,11363.29111393406,0.0,51.83761999291976,0.0,0.0
1210,40.399325208246815,11363.29111393406,0.0,51.83761999291976,0.0,0.0
1211,40.399325208246815,11363.29111393406,0.0,51.83761999291976,0.0,0.0
1212,40.399325208246815,11363.29111393406,0.0,51.83761999291976,0.0,0.0
1213,40.399325208246815,11363.29111393406,0.0,51.83761999291976,0.0,0.0
1214,40.399325208246815,11363.29111393406,0.0,51.83761999291976,0.0,0.0
1215,40.399325208246815,11363.29111393406,0.0,51.83761999291976,0.0,0.0
1216,40.399325208246815,11363.29111393406,0.0,51.83761999291976,0.0,0.0
1217,40.399325208246815,11363.29111393406,0.0,51.83761999291976,0.0,0.0
1218,40.399325208246815,11363.29111393406,0.0,51.83761999291976,0.0,0.0
1219,40.399325208246815,11363.29111393406,0.0,51.83761999291976,0.0,0.0
1220,40.399325208246815,11363.29111393406,0.0,51.83761999291976,0.0,0.0
1221,40.399325208246815,11363.29111393406,0.0,51.83761999291976,0.0,0.0
1222,40.399325208246815,11363.29111393406,0.0,51.83761999291976,0.0,0.0
1223,40.399325208246815,11363.29111393406,0.0,51.83761999291976,0.0,0.0
1224,40.399325208246815,11363.29111393406,0.0,51.83761999291976,0.0,0.0
1225,40.399325208246815,11363.29111393406,0.0,51.83761999291976,0.0,0.0
1226,40.399325208246815,11363.29111393406,0.0,51.83761999291976,0.0,0.0
1227,40.399325208246815,11363.29111393406,0.0,51.83761999291976,0.0,0.0
1228,40.399325208246815,11363.29111393406,0.0,51.83761999291976,0.0,0.0
1229,40.399325208246815,11363.29111393406,0.0,51.83761999291976,0.0,0.0
1230,40.399325208246815,11363.29111393406,0.0,51.83761999291976,0.0,0.0
1231,40.399325208246815,11363.29111393406,0.0,51.83761999291976,0.0,0.0
1232,40.399325208246815,11363.29111393406,0.0,51.83761999291976,0.0,0.0
1233,40.399325208246815,11363.29111393406,0.0,51.83761999291976,0.0,0.0
1234,40.399325208246815,11363.29111393406,0.0,51.83761999291976,0.0,0.0
1235,40.399325208246815,11363.29111393406,0.0,51.83761999291976,0.0,0.0
1236,40.399325208246815,11363.29111393406,0.0,51.83761999291976,0.0,0.0
1237,40.399325208246815,11363.29111393406,0.0,51.83761999291976,0.0,0.0
1238,40.399325208246815,11363.29111393406,0.0,51.83761999291976,0.0,0.0
1239,40.399325208246815,11363.29111393406,0.0,51.83761999291976,0.0,0.0
1240,40.399325208246815,11363.29111393406,0.0,51.83761999291976,0.0,0.0
1241,40.399325208246815,11363.29111393406,0.0,51.83761999291976,0.0,0.0
1242,40.399325208246815,11363.29111393406,0.0,51.83761999291976,0.0,0.0
1243,40.399325208246815,11363.29111393406,0.0,51.83761999291976,0.0,0.0
1244,40.399325208246815,11363.29111393406,0.0,51.83761999291976,0.0,0.0
1245,40.399325208246815,11363.29111393406,0.0,51.83761999291976,0.0,0.0
1246,40.399325208246815,11363.29111393406,0.0,51.83761999291976,0.0,0.0
1247,40.399325208246815,11363.29111393406,0.0,51.83761999291976,0.0,0.0
1248,40.399325208246815,11363.29111393406,0.0,51.83761999291976,0.0,0.0
1249,40.399325208246815,11363.29111393406,0.0,51.83761999291976,0.0,0.0
1250,40.399325208246815,11363.29111393406,0.0,51.83761999291976,0.0,0.0
1251,40.399325208246815,11363.29111393406,0.0,51.83761999291976,0.0,0.0
1252,40.399325208246815,11363.29111393406,0.0,51.83761999291976,0.0,0.0
1253,40.399325208246815,11363.29111393406,0.0,51.83761999291976,0.0,0.0
1254,40.399325208246815,11363.29111393406,0.0,51.83761999291976,0.0,0.0
1255,40.399325208246815,11363.29111393406,0.0,51.83761999291976,0.0,0.0
1256,40.399325208246815,11363.29111393406,0.0,51.83761999291976,0.0,0.0
1257,40.399325208246815,11363.29111393406,0.0,51.83761999291976,0.0,0.0
1258,40.399325208246815,11363.29111393406,0.0,51.83761999291976,0.0,0.0
1259,40.399325208246815,11363.29111393406,0.0,51.83761999291976,0.0,0.0
1260,40.399325208246815,11363.29111393406,0.0,51.83761999291976,0.0,0.0
1261,40.399325208246815,11363.29111393406,0.0,51.83761999291976,0.0,0.0
1262,40.399325208246815,11363.29111393406,0.0,51.83761999291976,0.0,0.0
1263,40.399325208246815,11363.29111393406,0.0,51.83761999291976,0.0,0.0
1264,40.399325208246815,11363.29111393406,0.0,51.83761999291976,0.0,0.0
1265,40.399325208246815,11363.29111393406,0.0,51.83761999291976,0.0,0.0
1266,40.399325208246815,11363.29111393406,0.0,51.83761999291976,0.0,0.0
1267,40.399325208246815,11363.29111393406,0.0,51.83761999291976,0.0,0.0
1268,40.399325208246815,11363.29111393406,0.0,51.83761999291976,0.0,0.0
1269,40.399325208246815,11363.29111393406,0.0,51.83761999291976,0.0,0.0
1270,40.399325208246815,11363.29111393406,0.0,51.83761999291976,0.0,0.0
1271,40.399325208246815,11363.29111393406,0.0,51.83761999291976,0.0,0.0
1272,40.399325208246815,11363.29111393406,0.0,51.83761999291976,0.0,0.0
1273,40.399325208246815,11363.29111393406,0.0,51.83761999291976,0.0,0.0
1274,40.399325208246815,11363.29111393406,0.0,51.83761999291976,0.0,0.0
1275,40.399325208246815,11363.29111393406,0.0,51.83761999291976,0.0,0.0
1276,40.399325208246815,11363.29111393406,0.0,51.83761999291976,0.0,0.0
1277,40.399325208246815,11363.29111393406,0.0,51.83761999291976,0.0,0.0
1278,40.399325208246815,11363.29111393406,0.0,51.83761999291976,0.0,0.0
1279,40.399325208246815,11363.29111393406,0.0,51.83761999291976,0.0,0.0
1280,40.399325208246815,11363.29111393406,0.0,51.83761999291976,0.0,0.0
1281,40.399325208246815,11363.29111393406,0.0,51.83761999291976,0.0,0.0
1282,40.399325208246815,11363.29111393406,0.0,51.83761999291976,0.0,0.0
1283,40.399325208246815,11363.29111393406,0.0,51.83761999291976,0.0,0.0
1284,40.399325208246815,11363.29111393406,0.0,51.83761999291976,0.0,0.0
1285,40.399325208246815,11363.29111393406,0.0,51.83761999291976,0.0,0.0
1286,40.399325208246815,11363.29111393406,0.0,51.83761999291976,0.0,0.0
1287,40.399325208246815,11363.29111393406,0.0,51.83761999291976,0.0,0.0
1288,40.399325208246815,11363.29111393406,0.0,51.83761999291976,0.0,0.0
1289,40.399325208246815,11363.29111393406,0.0,51.83761999291976,0.0,0.0
1290,40.399325208246815,11363.29111393406,0.0,51.83761999291976,0.0,0.0
1291,40.399325208246815,11363.29111393406,0.0,51.83761999291976,0.0,0.0
1292,40.399325208246815,11363.29111393406,0.0,51.83761999291976,0.0,0.0
1293,40.399325208246815,11363.29111393406,0.0,51.83761999291976,0.0,0.0
1294,40.399325208246815,11363.29111393406,0.0,51.83761999291976,0.0,0.0
1295,40.399325208246815,11363.29111393406,0.0,51.83761999291976,0.0,0.0
1296,40.399325208246815,11363.29111393406,0.0,51.83761999291976,0.0,0.0
1297,40.399325208246815,11363.29111393406,0.0,51.83761999291976,0.0,0.0
1298,40.399325208246815,11363.29111393406,0.0,51.83761999291976,0.0,0.0
1299,40.399325208246815,11363.29111393406,0.0,51.83761999291976,0.0,0.0
1300,40.399325208246815,11363.29111393406,0.0,51.83761999291976,0.0,0.0
1301,40.399325208246815,11363.29111393406,0.0,51.83761999291976,0.0,0.0
1302,40.399325208246815,11363.29111393406,0.0,51.83761999291976,0.0,0.0
1303,40.399325208246815,11363.29111393406,0.0,51.83761999291976,0.0,0.0
1304,40.399325208246815,11363.29111393406,0.0,51.83761999291976,0.0,0.0
1305,40.399325208246815,11363.29111393406,0.0,51.83761999291976,0.0,0.0
1306,40.399325208246815,11363.29111393406,0.0,51.83761999291976,0.0,0.0
1307,40.399325208246815,11363.29111393406,0.0,51.83761999291976,0.0,0.0
1308,40.399325208246815,11363.29111393406,0.0,51.83761999291976,0.0,0.0
1309,40.399325208246815,11363.29111393406,0.0,51.83761999291976,0.0,0.0
1310,40.399325208246815,11363.29111393406,0.0,51.83761999291976,0.0,0.0
1311,40.399325208246815,11363.29111393406,0.0,51.83761999291976,0.0,0.0
1312,40.399325208246815,11363.29111393406,0.0,51.83761999291976,0.0,0.0
1313,40.399325208246815,11363.29111393406,0.0,51.83761999291976,0.0,0.0
1314,40.399325208246815,11363.29111393406,0.0,51.83761999291976,0.0,0.0
1315,40.399325208246815,11363.29111393406,0.0,51.83761999291976,0.0,0.0
1316,40.399325208246815,11363.29111393406,0.0,51.83761999291976,0.0,0.0
1317,40.399325208246815,11363.29111393406,0.0,51.83761999291976,0.0,0.0
1318,40.399325208246815,11363.29111393406,0.0,51.83761999291976,0.0,0.0
1319,40.399325208246815,11363.29111393406,0.0,51.83761999291976,0.0,0.0
1320,40.399325208246815,11363.29111393406,0.0,51.83761999291976,0.0,0.0
1321,40.399325208246815,11363.29111393406,0.0,51.83761999291976,0.0,0.0
1322,40.399325208246815,11363.29111393406,0.0,51.83761999291976,0.0,0.0
1323,40.399325208246815,11363.29111393406,0.0,51.83761999291976,0.0,0.0
1324,40.399325208246815,11363.29111393406,0.0,51.83761999291976,0.0,0.0
1325,40.399325208246815,11363.29111393406,0.0,51.83761999291976,0.0,0.0
1326,40.399325208246815,11363.29111393406,0.0,51.83761999291976,0.0,0.0
1327,40.399325208246815,11363.29111393406,0.0,51.83761999291976,0.0,0.0
1328,40.399325208246815,11363.29111393406,0.0,51.83761999291976,0.0,0.0
1329,40.399325208246815,11363.29111393406,0.0,51.83761999291976,0.0,0.0
1330,40.399325208246815,11363.29111393406,0.0,51.83761999291976,0.0,0.0
1331,40.399325208246815,11363.29111393406,0.0,51.83761999291976,0.0,0.0
1332,40.399325208246815,11363.29111393406,0.0,51.83761999291976,0.0,0.0
1333,40.399325208246815,11363.29111393406,0.0,51.83761999291976,0.0,0.0
1334,40.399325208246815,11363.29111393406,0.0,51.83761999291976,0.0,0.0
1335,40.399325208246815,11363.29111393406,0.0,51.83761999291976,0.0,0.0
1336,40.399325208246815,11363.29111393406,0.0,51.83761999291976,0.0,0.0
1337,40.399325208246815,11363.29111393406,0.0,51.83761999291976,0.0,0.0
1338,40.399325208246815,11363.29111393406,0.0,51.83761999291976,0.0,0.0
1339,40.399325208246815,11363.29111393406,0.0,51.83761999291976,0.0,0.0
1340,40.399325208246815,11363.29111393406,0.0,51.83761999291976,0.0,0.0
1341,40.399325208246815,11363.29111393406,0.0,51.83761999291976,0.0,0.0
1342,40.399325208246815,11363.29111393406,0.0,51.83761999291976,0.0,0.0
1343,40.399325208246815,11363.29111393406,0.0,51.83761999291976,0.0,0.0
1344,60.64507015352386,8275.391115718767,0.0,47.3991528745734,0.0,0.0
1345,60.64507015352386,8275.391115718767,0.0,47.3991528745734,0.0,0.0
1346,60.64507015352386,8275.391115718767,0.0,47.3991528745734,0.0,0.0
1347,60.64507015352386,8275.391115718767,0.0,47.3991528745734,0.0,0.0
1348,60.64507015352386,8275.391115718767,0.0,47.3991528745734,0.0,0.0
1349,60.64507015352386,8275.391115718767,0.0,47.3991528745734,0.0,0.0
1350,60.64507015352386,8275.391115718767,0.0,47.3991528745734,0.0,0.0
1351,60.64507015352386,8275.391115718767,0.0,47.3991528745734,0.0,0.0
1352,60.64507015352386,8275.391115718767,0.0,47.3991528745734,0.0,0.0
1353,60.64507015352386,8275.391115718767,0.0,47.3991528745734,0.0,0.0
1354,60.64507015352386,8275.391115718767,0.0,47.3991528745734,0.0,0.0
1355,60.64507015352386,8275.391115718767,0.0,47.3991528745734,0.0,0.0
1356,60.64507015352386,8275.391115718767,0.0,47.3991528745734,0.0,0.0
1357,60.64507015352386,8275.391115718767,0.0,47.3991528745734,0.0,0.0
1358,60.64507015352386,8275.391115718767,0.0,47.3991528745734,0.0,0.0
1359,60.64507015352386,8275.391115718767,0.0,47.3991528745734,0.0,0.0
1360,60.64507015352386,8275.391115718767,0.0,47.3991528745734,0.0,0.0
1361,60.64507015352386,8275.391115718767,0.0,47.3991528745734,0.0,0.0
1362,60.64507015352386,8275.391115718767,0.0,47.3991528745734,0.0,0.0
1363,60.64507015352386,8275.391115718767,0.0,47.3991528745734,0.0,0.0
1364,60.64507015352386,8275.391115718767,0.0,47.3991528745734,0.0,0.0
1365,60.64507015352386,8275.391115718767,0.0,47.3991528745734,0.0,0.0
1366,60.64507015352386,8275.391115718767,0.0,47.3991528745734,0.0,0.0
1367,60.64507015352386,8275.391115718767,0.0,47.3991528745734,0.0,0.0
1368,60.64507015352386,8275.391115718767,0.0,47.3991528745734,0.0,0.0
1369,60.64507015352386,8275.391115718767,0.0,47.3991528745734,0.0,0.0
1370,60.64507015352386,8275.391115718767,0.0,47.3991528745734,0.0,0.0
1371,60.64507015352386,8275.391115718767,0.0,47.3991528745734,0.0,0.0
1372,60.64507015352386,8275.391115718767,0.0,47.3991528745734,0.0,0.0
1373,60.64507015352386,8275.391115718767,0.0,47.3991528745734,0.0,0.0
1374,60.64507015352386,8275.391115718767,0.0,47.3991528745734,0.0,0.0
1375,60.64507015352386,8275.391115718767,0.0,47.3991528745734,0.0,0.0
1376,60.64507015352386,8275.391115718767,0.0,47.3991528745734,0.0,0.0
1377,60.64507015352386,8275.391115718767,0.0,47.3991528745734,0.0,0.0
1378,60.64507015352386,8275.391115718767,0.0,47.3991528745734,0.0,0.0
1379,60.64507015352386,8275.391115718767,0.0,47.3991528745734,0.0,0.0
1380,60.64507015352386,8275.391115718767,0.0,47.3991528745734,0.0,0.0
1381,60.64507015352386,8275.391115718767,0.0,47.3991528745734,0.0,0.0
1382,60.64507015352386,8275.391115718767,0.0,47.3991528745734,0.0,0.0
1383,60.64507015352386,8275.391115718767,0.0,47.3991528745734,0.0,0.0
1384,60.64507015352386,8275.391115718767,0.0,47.3991528745734,0.0,0.0
1385,60.64507015352386,8275.391115718767,0.0,47.3991528745734,0.0,0.0
1386,60.64507015352386,8275.391115718767,0.0,47.3991528745734,0.0,0.0
1387,60.64507015352386,8275.391115718767,0.0,47.3991528745734,0.0,0.0
1388,60.64507015352386,8275.391115718767,0.0,47.3991528745734,0.0,0.0
1389,60.64507015352386,8275.391115718767,0.0,47.3991528745734,0.0,0.0
1390,60.64507015352386,8275.391115718767,0.0,47.3991528745734,0.0,0.0
1391,60.64507015352386,8275.391115718767,0.0,47.3991528745734,0.0,0.0
1392,60.64507015352386,8275.391115718767,0.0,47.3991528745734,0.0,0.0
1393,60.64507015352386,8275.391115718767,0.0,47.3991528745734,0.0,0.0
1394,60.64507015352386,8275.391115718767,0.0,47.3991528745734,0.0,0.0
1395,60.64507015352386,8275.391115718767,0.0,47.3991528745734,0.0,0.0
1396,60.64507015352386,8275.391115718767,0.0,47.3991528745734,0.0,0.0
1397,60.64507015352386,8275.391115718767,0.0,47.3991528745734,0.0,0.0
1398,60.64507015352386,8275.391115718767,0.0,47.3991528745734,0.0,0.0
1399,60.64507015352386,8275.391115718767,0.0,47.3991528745734,0.0,0.0
1400,60.64507015352386,8275.391115718767,0.0,47.3991528745734,0.0,0.0
1401,60.64507015352386,8275.391115718767,0.0,47.3991528745734,0.0,0.0
1402,60.64507015352386,8275.391115718767,0.0,47.3991528745734,0.0,0.0
1403,60.64507015352386,8275.391115718767,0.0,47.3991528745734,0.0,0.0
1404,60.64507015352386,8275.391115718767,0.0,47.3991528745734,0.0,0.0
1405,60.64507015352386,8275.391115718767,0.0,47.3991528745734,0.0,0.0
1406,60.64507015352386,8275.391115718767,0.0,47.3991528745734,0.0,0.0
1407,60.64507015352386,8275.391115718767,0.0,47.3991528745734,0.0,0.0
1408,60.64507015352386,8275.391115718767,0.0,47.3991528745734,0.0,0.0
1409,60.64507015352386,8275.391115718767,0.0,47.3991528745734,0.0,0.0
1410,60.64507015352386,8275.391115718767,0.0,47.3991528745734,0.0,0.0
1411,60.64507015352386,8275.391115718767,0.0,47.3991528745734,0.0,0.0
1412,60.64507015352386,8275.391115718767,0.0,47.3991528745734,0.0,0.0
1413,60.64507015352386,8275.391115718767,0.0,47.3991528745734,0.0,0.0
1414,60.64507015352386,8275.391115718767,0.0,47.3991528745734,0.0,0.0
1415,60.64507015352386,8275.391115718767,0.0,47.3991528745734,0.0,0.0
1416,60.64507015352386,8275.391115718767,0.0,47.3991528745734,0.0,0.0
1417,60.64507015352386,8275.391115718767,0.0,47.3991528745734,0.0,0.0
1418,60.64507015352386,8275.391115718767,0.0,47.3991528745734,0.0,0.0
1419,60.64507015352386,8275.391115718767,0.0,47.3991528745734,0.0,0.0
1420,60.64507015352386,8275.391115718767,0.0,47.3991528745734,0.0,0.0
1421,60.64507015352386,8275.391115718767,0.0,47.3991528745734,0.0,0.0
1422,60.64507015352386,8275.391115718767,0.0,47.3991528745734,0.0,0.0
1423,60.64507015352386,8275.391115718767,0.0,47.3991528745734,0.0,0.0
1424,60.64507015352386,8275.391115718767,0.0,47.3991528745734,0.0,0.0
1425,60.64507015352386,8275.391115718767,0.0,47.3991528745734,0.0,0.0
1426,60.64507015352386,8275.391115718767,0.0,47.3991528745734,0.0,0.0
1427,60.64507015352386,8275.391115718767,0.0,47.3991528745734,0.0,0.0
1428,60.64507015352386,8275.391115718767,0.0,47.3991528745734,0.0,0.0
1429,60.64507015352386,8275.391115718767,0.0,47.3991528745734,0.0,0.0
1430,60.64507015352386,8275.391115718767,0.0,47.3991528745734,0.0,0.0
1431,60.64507015352386,8275.391115718767,0.0,47.3991528745734,0.0,0.0
1432,60.64507015352386,8275.391115718767,0.0,47.3991528745734,0.0,0.0
1433,60.64507015352386,8275.391115718767,0.0,47.3991528745734,0.0,0.0
1434,60.64507015352386,8275.391115718767,0.0,47.3991528745734,0.0,0.0
1435,60.64507015352386,8275.391115718767,0.0,47.3991528745734,0.0,0.0
1436,60.64507015352386,8275.391115718767,0.0,47.3991528745734,0.0,0.0
1437,60.64507015352386,8275.391115718767,0.0,47.3991528745734,0.0,0.0
1438,60.64507015352386,8275.391115718767,0.0,47.3991528745734,0.0,0.0
1439,60.64507015352386,8275.391115718767,0.0,47.3991528745734,0.0,0.0
1440,60.64507015352386,8275.391115718767,0.0,47.3991528745734,0.0,0.0
1441,60.64507015352386,8275.391115718767,0.0,47.3991528745734,0.0,0.0
1442,60.64507015352386,8275.391115718767,0.0,47.3991528745734,0.0,0.0
1443,60.64507015352386,8275.391115718767,0.0,47.3991528745734,0.0,0.0
1444,60.64507015352386,8275.391115718767,0.0,47.3991528745734,0.0,0.0
1445,60.64507015352386,8275.391115718767,0.0,47.3991528745734,0.0,0.0
1446,60.64507015352386,8275.391115718767,0.0,47.3991528745734,0.0,0.0
1447,60.64507015352386,8275.391115718767,0.0,47.3991528745734,0.0,0.0
1448,60.64507015352386,8275.391115718767,0.0,47.3991528745734,0.0,0.0
1449,60.64507015352386,8275.391115718767,0.0,47.3991528745734,0.0,0.0
1450,60.64507015352386,8275.391115718767,0.0,47.3991528745734,0.0,0.0
1451,60.64507015352386,8275.391115718767,0.0,47.3991528745734,0.0,0.0
1452,60.64507015352386,8275.391115718767,0.0,47.3991528745734,0.0,0.0
1453,60.64507015352386,8275.391115718767,0.0,47.3991528745734,0.0,0.0
1454,60.64507015352386,8275.391115718767,0.0,47.3991528745734,0.0,0.0
1455,60.64507015352386,8275.391115718767,0.0,47.3991528745734,0.0,0.0
1456,60.64507015352386,8275.391115718767,0.0,47.3991528745734,0.0,0.0
1457,60.64507015352386,8275.391115718767,0.0,47.3991528745734,0.0,0.0
1458,60.64507015352386,8275.391115718767,0.0,47.3991528745734,0.0,0.0
1459,60.64507015352386,8275.391115718767,0.0,47.3991528745734,0.0,0.0
1460,60.64507015352386,8275.391115718767,0.0,47.3991528745734,0.0,0.0
1461,60.64507015352386,8275.391115718767,0.0,47.3991528745734,0.0,0.0
1462,60.64507015352386,8275.391115718767,0.0,47.3991528745734,0.0,0.0
1463,60.64507015352386,8275.391115718767,0.0,47.3991528745734,0.0,0.0
1464,60.64507015352386,8275.391115718767,0.0,47.3991528745734,0.0,0.0
1465,60.64507015352386,8275.391115718767,0.0,47.3991528745734,0.0,0.0
1466,60.64507015352386,8275.391115718767,0.0,47.3991528745734,0.0,0.0
1467,60.64507015352386,8275.391115718767,0.0,47.3991528745734,0.0,0.0
1468,60.64507015352386,8275.391115718767,0.0,47.3991528745734,0.0,0.0
1469,60.64507015352386,8275.391115718767,0.0,47.3991528745734,0.0,0.0
1470,60.64507015352386,8275.391115718767,0.0,47.3991528745734,0.0,0.0
1471,60.64507015352386,8275.391115718767,0.0,47.3991528745734,0.0,0.0
1472,60.64507015352386,8275.391115718767,0.0,47.3991528745734,0.0,0.0
1473,60.64507015352386,8275.391115718767,0.0,47.3991528745734,0.0,0.0
1474,60.64507015352386,8275.391115718767,0.0,47.3991528745734,0.0,0.0
1475,60.64507015352386,8275.391115718767,0.0,47.3991528745734,0.0,0.0
1476,60.64507015352386,8275.391115718767,0.0,47.3991528745734,0.0,0.0
1477,60.64507015352386,8275.391115718767,0.0,47.3991528745734,0.0,0.0
1478,60.64507015352386,8275.391115718767,0.0,47.3991528745734,0.0,0.0
1479,60.64507015352386,8275.391115718767,0.0,47.3991528745734,0.0,0.0
1480,60.64507015352386,8275.391115718767,0.0,47.3991528745734,0.0,0.0
1481,60.64507015352386,8275.391115718767,0.0,47.3991528745734,0.0,0.0
1482,60.64507015352386,8275.391115718767,0.0,47.3991528745734,0.0,0.0
1483,60.64507015352386,8275.391115718767,0.0,47.3991528745734,0.0,0.0
1484,60.64507015352386,8275.391115718767,0.0,47.3991528745734,0.0,0.0
1485,60.64507015352386,8275.391115718767,0.0,47.3991528745734,0.0,0.0
1486,60.64507015352386,8275.391115718767,0.0,47.3991528745734,0.0,0.0
1487,60.64507015352386,8275.391115718767,0.0,47.3991528745734,0.0,0.0
1488,60.64507015352386,8275.391115718767,0.0,47.3991528745734,0.0,0.0
1489,60.64507015352386,8275.391115718767,0.0,47.3991528745734,0.0,0.0
1490,60.64507015352386,8275.391115718767,0.0,47.3991528745734,0.0,0.0
1491,60.64507015352386,8275.391115718767,0.0,47.3991528745734,0.0,0.0
1492,60.64507015352386,8275.391115718767,0.0,47.3991528745734,0.0,0.0
1493,60.64507015352386,8275.391115718767,0.0,47.3991528745734,0.0,0.0
1494,60.64507015352386,8275.391115718767,0.0,47.3991528745734,0.0,0.0
1495,60.64507015352386,8275.391115718767,0.0,47.3991528745734,0.0,0.0
1496,60.64507015352386,8275.391115718767,0.0,47.3991528745734,0.0,0.0
1497,60.64507015352386,8275.391115718767,0.0,47.3991528745734,0.0,0.0
1498,60.64507015352386,8275.391115718767,0.0,47.3991528745734,0.0,0.0
1499,60.64507015352386,8275.391115718767,0.0,47.3991528745734,0.0,0.0
1500,60.64507015352386,8275.391115718767,0.0,47.3991528745734,0.0,0.0
1501,60.64507015352386,8275.391115718767,0.0,47.3991528745734,0.0,0.0
1502,60.64507015352386,8275.391115718767,0.0,47.3991528745734,0.0,0.0
1503,60.64507015352386,8275.391115718767,0.0,47.3991528745734,0.0,0.0
1504,60.64507015352386,8275.391115718767,0.0,47.3991528745734,0.0,0.0
1505,60.64507015352386,8275.391115718767,0.0,47.3991528745734,0.0,0.0
1506,60.64507015352386,8275.391115718767,0.0,47.3991528745734,0.0,0.0
1507,60.64507015352386,8275.391115718767,0.0,47.3991528745734,0.0,0.0
1508,60.64507015352386,8275.391115718767,0.0,47.3991528745734,0.0,0.0
1509,60.64507015352386,8275.391115718767,0.0,47.3991528745734,0.0,0.0
1510,60.64507015352386,8275.391115718767,0.0,47.3991528745734,0.0,0.0
1511,60.64507015352386,8275.391115718767,0.0,47.3991528745734,0.0,0.0
1512,78.15641434543477,6939.3203247288075,0.0,38.68437201589807,0.0,0.0
1513,78.15641434543477,6939.3203247288075,0.0,38.68437201589807,0.0,0.0
1514,78.15641434543477,6939.3203247288075,0.0,38.68437201589807,0.0,0.0
1515,78.15641434543477,6939.3203247288075,0.0,38.68437201589807,0.0,0.0
1516,78.15641434543477,6939.3203247288075,0.0,38.68437201589807,0.0,0.0
1517,78.15641434543477,6939.3203247288075,0.0,38.68437201589807,0.0,0.0
1518,78.15641434543477,6939.3203247288075,0.0,38.68437201589807,0.0,0.0
1519,78.15641434543477,6939.3203247288075,0.0,38.68437201589807,0.0,0.0
1520,78.15641434543477,6939.3203247288075,0.0,38.68437201589807,0.0,0.0
1521,78.15641434543477,6939.3203247288075,0.0,38.68437201589807,0.0,0.0
1522,78.15641434543477,6939.3203247288075,0.0,38.68437201589807,0.0,0.0
1523,78.15641434543477,6939.3203247288075,0.0,38.68437201589807,0.0,0.0
1524,78.15641434543477,6939.3203247288075,0.0,38.68437201589807,0.0,0.0
1525,78.15641434543477,6939.3203247288075,0.0,38.68437201589807,0.0,0.0
1526,78.15641434543477,6939.3203247288075,0.0,38.68437201589807,0.0,0.0
1527,78.15641434543477,6939.3203247288075,0.0,38.68437201589807,0.0,0.0
1528,78.15641434543477,6939.3203247288075,0.0,38.68437201589807,0.0,0.0
1529,78.15641434543477,6939.3203247288075,0.0,38.68437201589807,0.0,0.0
1530,78.15641434543477,6939.3203247288075,0.0,38.68437201589807,0.0,0.0
1531,78.15641434543477,6939.3203247288075,0.0,38.68437201589807,0.0,0.0
1532,78.15641434543477,6939.3203247288075,0.0,38.68437201589807,0.0,0.0
1533,78.15641434543477,6939.3203247288075,0.0,38.68437201589807,0.0,0.0
1534,78.15641434543477,6939.3203247288075,0.0,38.68437201589807,0.0,0.0
1535,78.15641434543477,6939.3203247288075,0.0,38.68437201589807,0.0,0.0
1536,78.15641434543477,6939.3203247288075,0.0,38.68437201589807,0.0,0.0
1537,78.15641434543477,6939.3203247288075,0.0,38.68437201589807,0.0,0.0
1538,78.15641434543477,6939.3203247288075,0.0,38.68437201589807,0.0,0.0
1539,78.15641434543477,6939.3203247288075,0.0,38.68437201589807,0.0,0.0
1540,78.15641434543477,6939.3203247288075,0.0,38.68437201589807,0.0,0.0
1541,78.15641434543477,6939.3203247288075,0.0,38.68437201589807,0.0,0.0
1542,78.15641434543477,6939.3203247288075,0.0,38.68437201589807,0.0,0.0
1543,78.15641434543477,6939.3203247288075,0.0,38.68437201589807,0.0,0.0
1544,78.15641434543477,6939.3203247288075,0.0,38.68437201589807,0.0,0.0
1545,78.15641434543477,6939.3203247288075,0.0,38.68437201589807,0.0,0.0
1546,78.15641434543477,6939.3203247288075,0.0,38.68437201589807,0.0,0.0
1547,78.15641434543477,6939.3203247288075,0.0,38.68437201589807,0.0,0.0
1548,78.15641434543477,6939.3203247288075,0.0,38.68437201589807,0.0,0.0
1549,78.15641434543477,6939.3203247288075,0.0,38.68437201589807,0.0,0.0
1550,78.15641434543477,6939.3203247288075,0.0,38.68437201589807,0.0,0.0
1551,78.15641434543477,6939.3203247288075,0.0,38.68437201589807,0.0,0.0
1552,78.15641434543477,6939.3203247288075,0.0,38.68437201589807,0.0,0.0
1553,78.15641434543477,6939.3203247288075,0.0,38.68437201589807,0.0,0.0
1554,78.15641434543477,6939.3203247288075,0.0,38.68437201589807,0.0,0.0
1555,78.15641434543477,6939.3203247288075,0.0,38.68437201589807,0.0,0.0
1556,78.15641434543477,6939.3203247288075,0.0,38.68437201589807,0.0,0.0
1557,78.15641434543477,6939.3203247288075,0.0,38.68437201589807,0.0,0.0
1558,78.15641434543477,6939.3203247288075,0.0,38.68437201589807,0.0,0.0
1559,78.15641434543477,6939.3203247288075,0.0,38.68437201589807,0.0,0.0
1560,78.15641434543477,6939.3203247288075,0.0,38.68437201589807,0.0,0.0
1561,78.15641434543477,6939.3203247288075,0.0,38.68437201589807,0.0,0.0
1562,78.15641434543477,6939.3203247288075,0.0,38.68437201589807,0.0,0.0
1563,78.15641434543477,6939.3203247288075,0.0,38.68437201589807,0.0,0.0
1564,78.15641434543477,6939.3203247288075,0.0,38.68437201589807,0.0,0.0
1565,78.15641434543477,6939.3203247288075,0.0,38.68437201589807,0.0,0.0
1566,78.15641434543477,6939.3203247288075,0.0,38.68437201589807,0.0,0.0
1567,78.15641434543477,6939.3203247288075,0.0,38.68437201589807,0.0,0.0
1568,78.15641434543477,6939.3203247288075,0.0,38.68437201589807,0.0,0.0
1569,78.15641434543477,6939.3203247288075,0.0,38.68437201589807,0.0,0.0
1570,78.15641434543477,6939.3203247288075,0.0,38.68437201589807,0.0,0.0
1571,78.15641434543477,6939.3203247288075,0.0,38.68437201589807,0.0,0.0
1572,78.15641434543477,6939.3203247288075,0.0,38.68437201589807,0.0,0.0
1573,78.15641434543477,6939.3203247288075,0.0,38.68437201589807,0.0,0.0
1574,78.15641434543477,6939.3203247288075,0.0,38.68437201589807,0.0,0.0
1575,78.15641434543477,6939.3203247288075,0.0,38.68437201589807,0.0,0.0
1576,78.15641434543477,6939.3203247288075,0.0,38.68437201589807,0.0,0.0
1577,78.15641434543477,6939.3203247288075,0.0,38.68437201589807,0.0,0.0
1578,78.15641434543477,6939.3203247288075,0.0,38.68437201589807,0.0,0.0
1579,78.15641434543477,6939.3203247288075,0.0,38.68437201589807,0.0,0.0
1580,78.15641434543477,6939.3203247288075,0.0,38.68437201589807,0.0,0.0
1581,78.15641434543477,6939.3203247288075,0.0,38.68437201589807,0.0,0.0
1582,78.15641434543477,6939.3203247288075,0.0,38.68437201589807,0.0,0.0
1583,78.15641434543477,6939.3203247288075,0.0,38.68437201589807,0.0,0.0
1584,78.15641434543477,6939.3203247288075,0.0,38.68437201589807,0.0,0.0
1585,78.15641434543477,6939.3203247288075,0.0,38.68437201589807,0.0,0.0
1586,78.15641434543477,6939.3203247288075,0.0,38.68437201589807,0.0,0.0
1587,78.15641434543477,6939.3203247288075,0.0,38.68437201589807,0.0,0.0
1588,78.15641434543477,6939.3203247288075,0.0,38.68437201589807,0.0,0.0
1589,78.15641434543477,6939.3203247288075,0.0,38.68437201589807,0.0,0.0
1590,78.15641434543477,6939.3203247288075,0.0,38.68437201589807,0.0,0.0
1591,78.15641434543477,6939.3203247288075,0.0,38.68437201589807,0.0,0.0
1592,78.15641434543477,6939.3203247288075,0.0,38.68437201589807,0.0,0.0
1593,78.15641434543477,6939.3203247288075,0.0,38.68437201589807,0.0,0.0
1594,78.15641434543477,6939.3203247288075,0.0,38.68437201589807,0.0,0.0
1595,78.15641434543477,6939.3203247288075,0.0,38.68437201589807,0.0,0.0
1596,78.15641434543477,6939.3203247288075,0.0,38.68437201589807,0.0,0.0
1597,78.15641434543477,6939.3203247288075,0.0,38.68437201589807,0.0,0.0
1598,78.15641434543477,6939.3203247288075,0.0,38.68437201589807,0.0,0.0
1599,78.15641434543477,6939.3203247288075,0.0,38.68437201589807,0.0,0.0
1600,78.15641434543477,6939.3203247288075,0.0,38.68437201589807,0.0,0.0
1601,78.15641434543477,6939.3203247288075,0.0,38.68437201589807,0.0,0.0
1602,78.15641434543477,6939.3203247288075,0.0,38.68437201589807,0.0,0.0
1603,78.15641434543477,6939.3203247288075,0.0,38.68437201589807,0.0,0.0
1604,78.15641434543477,6939.3203247288075,0.0,38.68437201589807,0.0,0.0
1605,78.15641434543477,6939.3203247288075,0.0,38.68437201589807,0.0,0.0
1606,78.15641434543477,6939.3203247288075,0.0,38.68437201589807,0.0,0.0
1607,78.15641434543477,6939.3203247288075,0.0,38.68437201589807,0.0,0.0
1608,78.15641434543477,6939.3203247288075,0.0,38.68437201589807,0.0,0.0
1609,78.15641434543477,6939.3203247288075,0.0,38.68437201589807,0.0,0.0
1610,78.15641434543477,6939.3203247288075,0.0,38.68437201589807,0.0,0.0
1611,78.15641434543477,6939.3203247288075,0.0,38.68437201589807,0.0,0.0
1612,78.15641434543477,6939.3203247288075,0.0,38.68437201589807,0.0,0.0
1613,78.15641434543477,6939.3203247288075,0.0,38.68437201589807,0.0,0.0
1614,78.15641434543477,6939.3203247288075,0.0,38.68437201589807,0.0,0.0
1615,78.15641434543477,6939.3203247288075,0.0,38.68437201589807,0.0,0.0
1616,78.15641434543477,6939.3203247288075,0.0,38.68437201589807,0.0,0.0
1617,78.15641434543477,6939.3203247288075,0.0,38.68437201589807,0.0,0.0
1618,78.15641434543477,6939.3203247288075,0.0,38.68437201589807,0.0,0.0
1619,78.15641434543477,6939.3203247288075,0.0,38.68437201589807,0.0,0.0
1620,78.15641434543477,6939.3203247288075,0.0,38.68437201589807,0.0,0.0
1621,78.15641434543477,6939.3203247288075,0.0,38.68437201589807,0.0,0.0
1622,78.15641434543477,6939.3203247288075,0.0,38.68437201589807,0.0,0.0
1623,78.15641434543477,6939.3203247288075,0.0,38.68437201589807,0.0,0.0
1624,78.15641434543477,6939.3203247288075,0.0,38.68437201589807,0.0,0.0
1625,78.15641434543477,6939.3203247288075,0.0,38.68437201589807,0.0,0.0
1626,78.15641434543477,6939.3203247288075,0.0,38.68437201589807,0.0,0.0
1627,78.15641434543477,6939.3203247288075,0.0,38.68437201589807,0.0,0.0
1628,78.15641434543477,6939.3203247288075,0.0,38.68437201589807,0.0,0.0
1629,78.15641434543477,6939.3203247288075,0.0,38.68437201589807,0.0,0.0
1630,78.15641434543477,6939.3203247288075,0.0,38.68437201589807,0.0,0.0
1631,78.15641434543477,6939.3203247288075,0.0,38.68437201589807,0.0,0.0
1632,78.15641434543477,6939.3203247288075,0.0,38.68437201589807,0.0,0.0
1633,78.15641434543477,6939.3203247288075,0.0,38.68437201589807,0.0,0.0
1634,78.15641434543477,6939.3203247288075,0.0,38.68437201589807,0.0,0.0
1635,78.15641434543477,6939.3203247288075,0.0,38.68437201589807,0.0,0.0
1636,78.15641434543477,6939.3203247288075,0.0,38.68437201589807,0.0,0.0
1637,78.15641434543477,6939.3203247288075,0.0,38.68437201589807,0.0,0.0
1638,78.15641434543477,6939.3203247288075,0.0,38.68437201589807,0.0,0.0
1639,78.15641434543477,6939.3203247288075,0.0,38.68437201589807,0.0,0.0
1640,78.15641434543477,6939.3203247288075,0.0,38.68437201589807,0.0,0.0
1641,78.15641434543477,6939.3203247288075,0.0,38.68437201589807,0.0,0.0
1642,78.15641434543477,6939.3203247288075,0.0,38.68437201589807,0.0,0.0
1643,78.15641434543477,6939.3203247288075,0.0,38.68437201589807,0.0,0.0
1644,78.15641434543477,6939.3203247288075,0.0,38.68437201589807,0.0,0.0
1645,78.15641434543477,6939.3203247288075,0.0,38.68437201589807,0.0,0.0
1646,78.15641434543477,6939.3203247288075,0.0,38.68437201589807,0.0,0.0
1647,78.15641434543477,6939.3203247288075,0.0,38.68437201589807,0.0,0.0
1648,78.15641434543477,6939.3203247288075,0.0,38.68437201589807,0.0,0.0
1649,78.15641434543477,6939.3203247288075,0.0,38.68437201589807,0.0,0.0
1650,78.15641434543477,6939.3203247288075,0.0,38.68437201589807,0.0,0.0
1651,78.15641434543477,6939.3203247288075,0.0,38.68437201589807,0.0,0.0
1652,78.15641434543477,6939.3203247288075,0.0,38.68437201589807,0.0,0.0
1653,78.15641434543477,6939.3203247288075,0.0,38.68437201589807,0.0,0.0
1654,78.15641434543477,6939.3203247288075,0.0,38.68437201589807,0.0,0.0
1655,78.15641434543477,6939.3203247288075,0.0,38.68437201589807,0.0,0.0
1656,78.15641434543477,6939.3203247288075,0.0,38.68437201589807,0.0,0.0
1657,78.15641434543477,6939.3203247288075,0.0,38.68437201589807,0.0,0.0
1658,78.15641434543477,6939.3203247288075,0.0,38.68437201589807,0.0,0.0
1659,78.15641434543477,6939.3203247288075,0.0,38.68437201589807,0.0,0.0
1660,78.15641434543477,6939.3203247288075,0.0,38.68437201589807,0.0,0.0
1661,78.15641434543477,6939.3203247288075,0.0,38.68437201589807,0.0,0.0
1662,78.15641434543477,6939.3203247288075,0.0,38.68437201589807,0.0,0.0
1663,78.15641434543477,6939.3203247288075,0.0,38.68437201589807,0.0,0.0
1664,78.15641434543477,6939.3203247288075,0.0,38.68437201589807,0.0,0.0
1665,78.15641434543477,6939.3203247288075,0.0,38.68437201589807,0.0,0.0
1666,78.15641434543477,6939.3203247288075,0.0,38.68437201589807,0.0,0.0
1667,78.15641434543477,6939.3203247288075,0.0,38.68437201589807,0.0,0.0
1668,78.15641434543477,6939.3203247288075,0.0,38.68437201589807,0.0,0.0
1669,78.15641434543477,6939.3203247288075,0.0,38.68437201589807,0.0,0.0
1670,78.15641434543477,6939.3203247288075,0.0,38.68437201589807,0.0,0.0
1671,78.15641434543477,6939.3203247288075,0.0,38.68437201589807,0.0,0.0
1672,78.15641434543477,6939.3203247288075,0.0,38.68437201589807,0.0,0.0
1673,78.15641434543477,6939.3203247288075,0.0,38.68437201589807,0.0,0.0
1674,78.15641434543477,6939.3203247288075,0.0,38.68437201589807,0.0,0.0
1675,78.15641434543477,6939.3203247288075,0.0,38.68437201589807,0.0,0.0
1676,78.15641434543477,6939.3203247288075,0.0,38.68437201589807,0.0,0.0
1677,78.15641434543477,6939.3203247288075,0.0,38.68437201589807,0.0,0.0
1678,78.15641434543477,6939.3203247288075,0.0,38.68437201589807,0.0,0.0
1679,78.15641434543477,6939.3203247288075,0.0,38.68437201589807,0.0,0.0
1680,43.656784656572285,7244.916869744268,0.0,36.024583365041046,0.0,0.0
1681,43.656784656572285,7244.916869744268,0.0,36.024583365041046,0.0,0.0
1682,43.656784656572285,7244.916869744268,0.0,36.024583365041046,0.0,0.0
1683,43.656784656572285,7244.916869744268,0.0,36.024583365041046,0.0,0.0
1684,43.656784656572285,7244.916869744268,0.0,36.024583365041046,0.0,0.0
1685,43.656784656572285,7244.916869744268,0.0,36.024583365041046,0.0,0.0
1686,43.656784656572285,7244.916869744268,0.0,36.024583365041046,0.0,0.0
1687,43.656784656572285,7244.916869744268,0.0,36.024583365041046,0.0,0.0
1688,43.656784656572285,7244.916869744268,0.0,36.024583365041046,0.0,0.0
1689,43.656784656572285,7244.916869744268,0.0,36.024583365041046,0.0,0.0
1690,43.656784656572285,7244.916869744268,0.0,36.024583365041046,0.0,0.0
1691,43.656784656572285,7244.916869744268,0.0,36.024583365041046,0.0,0.0
1692,43.656784656572285,7244.916869744268,0.0,36.024583365041046,0.0,0.0
1693,43.656784656572285,7244.916869744268,0.0,36.024583365041046,0.0,0.0
1694,43.656784656572285,7244.916869744268,0.0,36.024583365041046,0.0,0.0
1695,43.656784656572285,7244.916869744268,0.0,36.024583365041046,0.0,0.0
1696,43.656784656572285,7244.916869744268,0.0,36.024583365041046,0.0,0.0
1697,43.656784656572285,7244.916869744268,0.0,36.024583365041046,0.0,0.0
1698,43.656784656572285,7244.916869744268,0.0,36.024583365041046,0.0,0.0
1699,43.656784656572285,7244.916869744268,0.0,36.024583365041046,0.0,0.0
1700,43.656784656572285,7244.916869744268,0.0,36.024583365041046,0.0,0.0
1701,43.656784656572285,7244.916869744268,0.0,36.024583365041046,0.0,0.0
1702,43.656784656572285,7244.916869744268,0.0,36.024583365041046,0.0,0.0
1703,43.656784656572285,7244.916869744268,0.0,36.024583365041046,0.0,0.0
1704,43.656784656572285,7244.916869744268,0.0,36.024583365041046,0.0,0.0
1705,43.656784656572285,7244.916869744268,0.0,36.024583365041046,0.0,0.0
1706,43.656784656572285,7244.916869744268,0.0,36.024583365041046,0.0,0.0
1707,43.656784656572285,7244.916869744268,0.0,36.024583365041046,0.0,0.0
1708,43.656784656572285,7244.916869744268,0.0,36.024583365041046,0.0,0.0
1709,43.656784656572285,7244.916869744268,0.0,36.024583365041046,0.0,0.0
1710,43.656784656572285,7244.916869744268,0.0,36.024583365041046,0.0,0.0
1711,43.656784656572285,7244.916869744268,0.0,36.024583365041046,0.0,0.0
1712,43.656784656572285,7244.916869744268,0.0,36.024583365041046,0.0,0.0
1713,43.656784656572285,7244.916869744268,0.0,36.024583365041046,0.0,0.0
1714,43.656784656572285,7244.916869744268,0.0,36.024583365041046,0.0,0.0
1715,43.656784656572285,7244.916869744268,0.0,36.024583365041046,0.0,0.0
1716,43.656784656572285,7244.916869744268,0.0,36.024583365041046,0.0,0.0
1717,43.656784656572285,7244.916869744268,0.0,36.024583365041046,0.0,0.0
1718,43.656784656572285,7244.916869744268,0.0,36.024583365041046,0.0,0.0
1719,43.656784656572285,7244.916869744268,0.0,36.024583365041046,0.0,0.0
1720,43.656784656572285,7244.916869744268,0.0,36.024583365041046,0.0,0.0
1721,43.656784656572285,7244.916869744268,0.0,36.024583365041046,0.0,0.0
1722,43.656784656572285,7244.916869744268,0.0,36.024583365041046,0.0,0.0
1723,43.656784656572285,7244.916869744268,0.0,36.024583365041046,0.0,0.0
1724,43.656784656572285,7244.916869744268,0.0,36.024583365041046,0.0,0.0
1725,43.656784656572285,7244.916869744268,0.0,36.024583365041046,0.0,0.0
1726,43.656784656572285,7244.916869744268,0.0,36.024583365041046,0.0,0.0
1727,43.656784656572285,7244.916869744268,0.0,36.024583365041046,0.0,0.0
1728,43.656784656572285,7244.916869744268,0.0,36.024583365041046,0.0,0.0
1729,43.656784656572285,7244.916869744268,0.0,36.024583365041046,0.0,0.0
1730,43.656784656572285,7244.916869744268,0.0,36.024583365041046,0.0,0.0
1731,43.656784656572285,7244.916869744268,0.0,36.024583365041046,0.0,0.0
1732,43.656784656572285,7244.916869744268,0.0,36.024583365041046,0.0,0.0
1733,43.656784656572285,7244.916869744268,0.0,36.024583365041046,0.0,0.0
1734,43.656784656572285,7244.916869744268,0.0,36.024583365041046,0.0,0.0
1735,43.656784656572285,7244.916869744268,0.0,36.024583365041046,0.0,0.0
1736,43.656784656572285,7244.916869744268,0.0,36.024583365041046,0.0,0.0
1737,43.656784656572285,7244.916869744268,0.0,36.024583365041046,0.0,0.0
1738,43.656784656572285,7244.916869744268,0.0,36.024583365041046,0.0,0.0
1739,43.656784656572285,7244.916869744268,0.0,36.024583365041046,0.0,0.0
1740,43.656784656572285,7244.916869744268,0.0,36.024583365041046,0.0,0.0
1741,43.656784656572285,7244.916869744268,0.0,36.024583365041046,0.0,0.0
1742,43.656784656572285,7244.916869744268,0.0,36.024583365041046,0.0,0.0
1743,43.656784656572285,7244.916869744268,0.0,36.024583365041046,0.0,0.0
1744,43.656784656572285,7244.916869744268,0.0,36.024583365041046,0.0,0.0
1745,43.656784656572285,7244.916869744268,0.0,36.024583365041046,0.0,0.0
1746,43.656784656572285,7244.916869744268,0.0,36.024583365041046,0.0,0.0
1747,43.656784656572285,7244.916869744268,0.0,36.024583365041046,0.0,0.0
1748,43.656784656572285,7244.916869744268,0.0,36.024583365041046,0.0,0.0
1749,43.656784656572285,7244.916869744268,0.0,36.024583365041046,0.0,0.0
1750,43.656784656572285,7244.916869744268,0.0,36.024583365041046,0.0,0.0
1751,43.656784656572285,7244.916869744268,0.0,36.024583365041046,0.0,0.0
1752,43.656784656572285,7244.916869744268,0.0,36.024583365041046,0.0,0.0
1753,43.656784656572285,7244.916869744268,0.0,36.024583365041046,0.0,0.0
1754,43.656784656572285,7244.916869744268,0.0,36.024583365041046,0.0,0.0
1755,43.656784656572285,7244.916869744268,0.0,36.024583365041046,0.0,0.0
1756,43.656784656572285,7244.916869744268,0.0,36.024583365041046,0.0,0.0
1757,43.656784656572285,7244.916869744268,0.0,36.024583365041046,0.0,0.0
1758,43.656784656572285,7244.916869744268,0.0,36.024583365041046,0.0,0.0
1759,43.656784656572285,7244.916869744268,0.0,36.024583365041046,0.0,0.0
1760,43.656784656572285,7244.916869744268,0.0,36.024583365041046,0.0,0.0
1761,43.656784656572285,7244.916869744268,0.0,36.024583365041046,0.0,0.0
1762,43.656784656572285,7244.916869744268,0.0,36.024583365041046,0.0,0.0
1763,43.656784656572285,7244.916869744268,0.0,36.024583365041046,0.0,0.0
1764,43.656784656572285,7244.916869744268,0.0,36.024583365041046,0.0,0.0
1765,43.656784656572285,7244.916869744268,0.0,36.024583365041046,0.0,0.0
1766,43.656784656572285,7244.916869744268,0.0,36.024583365041046,0.0,0.0
1767,43.656784656572285,7244.916869744268,0.0,36.024583365041046,0.0,0.0
1768,43.656784656572285,7244.916869744268,0.0,36.024583365041046,0.0,0.0
1769,43.656784656572285,7244.916869744268,0.0,36.024583365041046,0.0,0.0
1770,43.656784656572285,7244.916869744268,0.0,36.024583365041046,0.0,0.0
1771,43.656784656572285,7244.916869744268,0.0,36.024583365041046,0.0,0.0
1772,43.656784656572285,7244.916869744268,0.0,36.024583365041046,0.0,0.0
1773,43.656784656572285,7244.916869744268,0.0,36.024583365041046,0.0,0.0
1774,43.656784656572285,7244.916869744268,0.0,36.024583365041046,0.0,0.0
1775,43.656784656572285,7244.916869744268,0.0,36.024583365041046,0.0,0.0
1776,43.656784656572285,7244.916869744268,0.0,36.024583365041046,0.0,0.0
1777,43.656784656572285,7244.916869744268,0.0,36.024583365041046,0.0,0.0
1778,43.656784656572285,7244.916869744268,0.0,36.024583365041046,0.0,0.0
1779,43.656784656572285,7244.916869744268,0.0,36.024583365041046,0.0,0.0
1780,43.656784656572285,7244.916869744268,0.0,36.024583365041046,0.0,0.0
1781,43.656784656572285,7244.916869744268,0.0,36.024583365041046,0.0,0.0
1782,43.656784656572285,7244.916869744268,0.0,36.024583365041046,0.0,0.0
1783,43.656784656572285,7244.916869744268,0.0,36.024583365041046,0.0,0.0
1784,43.656784656572285,7244.916869744268,0.0,36.024583365041046,0.0,0.0
1785,43.656784656572285,7244.916869744268,0.0,36.024583365041046,0.0,0.0
1786,43.656784656572285,7244.916869744268,0.0,36.024583365041046,0.0,0.0
1787,43.656784656572285,7244.916869744268,0.0,36.024583365041046,0.0,0.0
1788,43.656784656572285,7244.916869744268,0.0,36.024583365041046,0.0,0.0
1789,43.656784656572285,7244.916869744268,0.0,36.024583365041046,0.0,0.0
1790,43.656784656572285,7244.916869744268,0.0,36.024583365041046,0.0,0.0
1791,43.656784656572285,7244.916869744268,0.0,36.024583365041046,0.0,0.0
1792,43.656784656572285,7244.916869744268,0.0,36.024583365041046,0.0,0.0
1793,43.656784656572285,7244.916869744268,0.0,36.024583365041046,0.0,0.0
1794,43.656784656572285,7244.916869744268,0.0,36.024583365041046,0.0,0.0
1795,43.656784656572285,7244.916869744268,0.0,36.024583365041046,0.0,0.0
1796,43.656784656572285,7244.916869744268,0.0,36.024583365041046,0.0,0.0
1797,43.656784656572285,7244.916869744268,0.0,36.024583365041046,0.0,0.0
1798,43.656784656572285,7244.916869744268,0.0,36.024583365041046,0.0,0.0
1799,43.656784656572285,7244.916869744268,0.0,36.024583365041046,0.0,0.0
1800,43.656784656572285,7244.916869744268,0.0,36.024583365041046,0.0,0.0
1801,43.656784656572285,7244.916869744268,0.0,36.024583365041046,0.0,0.0
1802,43.656784656572285,7244.916869744268,0.0,36.024583365041046,0.0,0.0
1803,43.656784656572285,7244.916869744268,0.0,36.024583365041046,0.0,0.0
1804,43.656784656572285,7244.916869744268,0.0,36.024583365041046,0.0,0.0
1805,43.656784656572285,7244.916869744268,0.0,36.024583365041046,0.0,0.0
1806,43.656784656572285,7244.916869744268,0.0,36.024583365041046,0.0,0.0
1807,43.656784656572285,7244.916869744268,0.0,36.024583365041046,0.0,0.0
1808,43.656784656572285,7244.916869744268,0.0,36.024583365041046,0.0,0.0
1809,43.656784656572285,7244.916869744268,0.0,36.024583365041046,0.0,0.0
1810,43.656784656572285,7244.916869744268,0.0,36.024583365041046,0.0,0.0
1811,43.656784656572285,7244.916869744268,0.0,36.024583365041046,0.0,0.0
1812,43.656784656572285,7244.916869744268,0.0,36.024583365041046,0.0,0.0
1813,43.656784656572285,7244.916869744268,0.0,36.024583365041046,0.0,0.0
1814,43.656784656572285,7244.916869744268,0.0,36.024583365041046,0.0,0.0
1815,43.656784656572285,7244.916869744268,0.0,36.024583365041046,0.0,0.0
1816,43.656784656572285,7244.916869744268,0.0,36.024583365041046,0.0,0.0
1817,43.656784656572285,7244.916869744268,0.0,36.024583365041046,0.0,0.0
1818,43.656784656572285,7244.916869744268,0.0,36.024583365041046,0.0,0.0
1819,43.656784656572285,7244.916869744268,0.0,36.024583365041046,0.0,0.0
1820,43.656784656572285,7244.916869744268,0.0,36.024583365041046,0.0,0.0
1821,43.656784656572285,7244.916869744268,0.0,36.024583365041046,0.0,0.0
1822,43.656784656572285,7244.916869744268,0.0,36.024583365041046,0.0,0.0
1823,43.656784656572285,7244.916869744268,0.0,36.024583365041046,0.0,0.0
1824,43.656784656572285,7244.916869744268,0.0,36.024583365041046,0.0,0.0
1825,43.656784656572285,7244.916869744268,0.0,36.024583365041046,0.0,0.0
1826,43.656784656572285,7244.916869744268,0.0,36.024583365041046,0.0,0.0
1827,43.656784656572285,7244.916869744268,0.0,36.024583365041046,0.0,0.0
1828,43.656784656572285,7244.916869744268,0.0,36.024583365041046,0.0,0.0
1829,43.656784656572285,7244.916869744268,0.0,36.024583365041046,0.0,0.0
1830,43.656784656572285,7244.916869744268,0.0,36.024583365041046,0.0,0.0
1831,43.656784656572285,7244.916869744268,0.0,36.024583365041046,0.0,0.0
1832,43.656784656572285,7244.916869744268,0.0,36.024583365041046,0.0,0.0
1833,43.656784656572285,7244.916869744268,0.0,36.024583365041046,0.0,0.0
1834,43.656784656572285,7244.916869744268,0.0,36.024583365041046,0.0,0.0
1835,43.656784656572285,7244.916869744268,0.0,36.024583365041046,0.0,0.0
1836,43.656784656572285,7244.916869744268,0.0,36.024583365041046,0.0,0.0
1837,43.656784656572285,7244.916869744268,0.0,36.024583365041046,0.0,0.0
1838,43.656784656572285,7244.916869744268,0.0,36.024583365041046,0.0,0.0
1839,43.656784656572285,7244.916869744268,0.0,36.024583365041046,0.0,0.0
1840,43.656784656572285,7244.916869744268,0.0,36.024583365041046,0.0,0.0
1841,43.656784656572285,7244.916869744268,0.0,36.024583365041046,0.0,0.0
1842,43.656784656572285,7244.916869744268,0.0,36.024583365041046,0.0,0.0
1843,43.656784656572285,7244.916869744268,0.0,36.024583365041046,0.0,0.0
1844,43.656784656572285,7244.916869744268,0.0,36.024583365041046,0.0,0.0
1845,43.656784656572285,7244.916869744268,0.0,36.024583365041046,0.0,0.0
1846,43.656784656572285,7244.916869744268,0.0,36.024583365041046,0.0,0.0
1847,43.656784656572285,7244.916869744268,0.0,36.024583365041046,0.0,0.0
1848,62.06483791541202,3674.0157350025115,0.0,29.10887374381864,0.0,0.0
1849,62.06483791541202,3674.0157350025115,0.0,29.10887374381864,0.0,0.0
1850,62.06483791541202,3674.0157350025115,0.0,29.10887374381864,0.0,0.0
1851,62.06483791541202,3674.0157350025115,0.0,29.10887374381864,0.0,0.0
1852,62.06483791541202,3674.0157350025115,0.0,29.10887374381864,0.0,0.0
1853,62.06483791541202,3674.0157350025115,0.0,29.10887374381864,0.0,0.0
1854,62.06483791541202,3674.0157350025115,0.0,29.10887374381864,0.0,0.0
1855,62.06483791541202,3674.0157350025115,0.0,29.10887374381864,0.0,0.0
1856,62.06483791541202,3674.0157350025115,0.0,29.10887374381864,0.0,0.0
1857,62.06483791541202,3674.0157350025115,0.0,29.10887374381864,0.0,0.0
1858,62.06483791541202,3674.0157350025115,0.0,29.10887374381864,0.0,0.0
1859,62.06483791541202,3674.0157350025115,0.0,29.10887374381864,0.0,0.0
1860,62.06483791541202,3674.0157350025115,0.0,29.10887374381864,0.0,0.0
1861,62.06483791541202,3674.0157350025115,0.0,29.10887374381864,0.0,0.0
1862,62.06483791541202,3674.0157350025115,0.0,29.10887374381864,0.0,0.0
1863,62.06483791541202,3674.0157350025115,0.0,29.10887374381864,0.0,0.0
1864,62.06483791541202,3674.0157350025115,0.0,29.10887374381864,0.0,0.0
1865,62.06483791541202,3674.0157350025115,0.0,29.10887374381864,0.0,0.0
1866,62.06483791541202,3674.0157350025115,0.0,29.10887374381864,0.0,0.0
1867,62.06483791541202,3674.0157350025115,0.0,29.10887374381864,0.0,0.0
1868,62.06483791541202,3674.0157350025115,0.0,29.10887374381864,0.0,0.0
1869,62.06483791541202,3674.0157350025115,0.0,29.10887374381864,0.0,0.0
1870,62.06483791541202,3674.0157350025115,0.0,29.10887374381864,0.0,0.0
1871,62.06483791541202,3674.0157350025115,0.0,29.10887374381864,0.0,0.0
1872,62.06483791541202,3674.0157350025115,0.0,29.10887374381864,0.0,0.0
1873,62.06483791541202,3674.0157350025115,0.0,29.10887374381864,0.0,0.0
1874,62.06483791541202,3674.0157350025115,0.0,29.10887374381864,0.0,0.0
1875,62.06483791541202,3674.0157350025115,0.0,29.10887374381864,0.0,0.0
1876,62.06483791541202,3674.0157350025115,0.0,29.10887374381864,0.0,0.0
1877,62.06483791541202,3674.0157350025115,0.0,29.10887374381864,0.0,0.0
1878,62.06483791541202,3674.0157350025115,0.0,29.10887374381864,0.0,0.0
1879,62.06483791541202,3674.0157350025115,0.0,29.10887374381864,0.0,0.0
1880,62.06483791541202,3674.0157350025115,0.0,29.10887374381864,0.0,0.0
1881,62.06483791541202,3674.0157350025115,0.0,29.10887374381864,0.0,0.0
1882,62.06483791541202,3674.0157350025115,0.0,29.10887374381864,0.0,0.0
1883,62.06483791541202,3674.0157350025115,0.0,29.10887374381864,0.0,0.0
1884,62.06483791541202,3674.0157350025115,0.0,29.10887374381864,0.0,0.0
1885,62.06483791541202,3674.0157350025115,0.0,29.10887374381864,0.0,0.0
1886,62.06483791541202,3674.0157350025115,0.0,29.10887374381864,0.0,0.0
1887,62.06483791541202,3674.0157350025115,0.0,29.10887374381864,0.0,0.0
1888,62.06483791541202,3674.0157350025115,0.0,29.10887374381864,0.0,0.0
1889,62.06483791541202,3674.0157350025115,0.0,29.10887374381864,0.0,0.0
1890,62.06483791541202,3674.0157350025115,0.0,29.10887374381864,0.0,0.0
1891,62.06483791541202,3674.0157350025115,0.0,29.10887374381864,0.0,0.0
1892,62.06483791541202,3674.0157350025115,0.0,29.10887374381864,0.0,0.0
1893,62.06483791541202,3674.0157350025115,0.0,29.10887374381864,0.0,0.0
1894,62.06483791541202,3674.0157350025115,0.0,29.10887374381864,0.0,0.0
1895,62.06483791541202,3674.0157350025115,0.0,29.10887374381864,0.0,0.0
1896,62.06483791541202,3674.0157350025115,0.0,29.10887374381864,0.0,0.0
1897,62.06483791541202,3674.0157350025115,0.0,29.10887374381864,0.0,0.0
1898,62.06483791541202,3674.0157350025115,0.0,29.10887374381864,0.0,0.0
1899,62.06483791541202,3674.0157350025115,0.0,29.10887374381864,0.0,0.0
1900,62.06483791541202,3674.0157350025115,0.0,29.10887374381864,0.0,0.0
1901,62.06483791541202,3674.0157350025115,0.0,29.10887374381864,0.0,0.0
1902,62.06483791541202,3674.0157350025115,0.0,29.10887374381864,0.0,0.0
1903,62.06483791541202,3674.0157350025115,0.0,29.10887374381864,0.0,0.0
1904,62.06483791541202,3674.0157350025115,0.0,29.10887374381864,0.0,0.0
1905,62.06483791541202,3674.0157350025115,0.0,29.10887374381864,0.0,0.0
1906,62.06483791541202,3674.0157350025115,0.0,29.10887374381864,0.0,0.0
1907,62.06483791541202,3674.0157350025115,0.0,29.10887374381864,0.0,0.0
1908,62.06483791541202,3674.0157350025115,0.0,29.10887374381864,0.0,0.0
1909,62.06483791541202,3674.0157350025115,0.0,29.10887374381864,0.0,0.0
1910,62.06483791541202,3674.0157350025115,0.0,29.10887374381864,0.0,0.0
1911,62.06483791541202,3674.0157350025115,0.0,29.10887374381864,0.0,0.0
1912,62.06483791541202,3674.0157350025115,0.0,29.10887374381864,0.0,0.0
1913,62.06483791541202,3674.0157350025115,0.0,29.10887374381864,0.0,0.0
1914,62.06483791541202,3674.0157350025115,0.0,29.10887374381864,0.0,0.0
1915,62.06483791541202,3674.0157350025115,0.0,29.10887374381864,0.0,0.0
1916,62.06483791541202,3674.0157350025115,0.0,29.10887374381864,0.0,0.0
1917,62.06483791541202,3674.0157350025115,0.0,29.10887374381864,0.0,0.0
1918,62.06483791541202,3674.0157350025115,0.0,29.10887374381864,0.0,0.0
1919,62.06483791541202,3674.0157350025115,0.0,29.10887374381864,0.0,0.0
1920,62.06483791541202,3674.0157350025115,0.0,29.10887374381864,0.0,0.0
1921,62.06483791541202,3674.0157350025115,0.0,29.10887374381864,0.0,0.0
1922,62.06483791541202,3674.0157350025115,0.0,29.10887374381864,0.0,0.0
1923,62.06483791541202,3674.0157350025115,0.0,29.10887374381864,0.0,0.0
1924,62.06483791541202,3674.0157350025115,0.0,29.10887374381864,0.0,0.0
1925,62.06483791541202,3674.0157350025115,0.0,29.10887374381864,0.0,0.0
1926,62.06483791541202,3674.0157350025115,0.0,29.10887374381864,0.0,0.0
1927,62.06483791541202,3674.0157350025115,0.0,29.10887374381864,0.0,0.0
1928,62.06483791541202,3674.0157350025115,0.0,29.10887374381864,0.0,0.0
1929,62.06483791541202,3674.0157350025115,0.0,29.10887374381864,0.0,0.0
1930,62.06483791541202,3674.0157350025115,0.0,29.10887374381864,0.0,0.0
1931,62.06483791541202,3674.0157350025115,0.0,29.10887374381864,0.0,0.0
1932,62.06483791541202,3674.0157350025115,0.0,29.10887374381864,0.0,0.0
1933,62.06483791541202,3674.0157350025115,0.0,29.10887374381864,0.0,0.0
1934,62.06483791541202,3674.0157350025115,0.0,29.10887374381864,0.0,0.0
1935,62.06483791541202,3674.0157350025115,0.0,29.10887374381864,0.0,0.0
1936,62.06483791541202,3674.0157350025115,0.0,29.10887374381864,0.0,0.0
1937,62.06483791541202,3674.0157350025115,0.0,29.10887374381864,0.0,0.0
1938,62.06483791541202,3674.0157350025115,0.0,29.10887374381864,0.0,0.0
1939,62.06483791541202,3674.0157350025115,0.0,29.10887374381864,0.0,0.0
1940,62.06483791541202,3674.0157350025115,0.0,29.10887374381864,0.0,0.0
1941,62.06483791541202,3674.0157350025115,0.0,29.10887374381864,0.0,0.0
1942,62.06483791541202,3674.0157350025115,0.0,29.10887374381864,0.0,0.0
1943,62.06483791541202,3674.0157350025115,0.0,29.10887374381864,0.0,0.0
1944,62.06483791541202,3674.0157350025115,0.0,29.10887374381864,0.0,0.0
1945,62.06483791541202,3674.0157350025115,0.0,29.10887374381864,0.0,0.0
1946,62.06483791541202,3674.0157350025115,0.0,29.10887374381864,0.0,0.0
1947,62.06483791541202,3674.0157350025115,0.0,29.10887374381864,0.0,0.0
1948,62.06483791541202,3674.0157350025115,0.0,29.10887374381864,0.0,0.0
1949,62.06483791541202,3674.0157350025115,0.0,29.10887374381864,0.0,0.0
1950,62.06483791541202,3674.0157350025115,0.0,29.10887374381864,0.0,0.0
1951,62.06483791541202,3674.0157350025115,0.0,29.10887374381864,0.0,0.0
1952,62.06483791541202,3674.0157350025115,0.0,29.10887374381864,0.0,0.0
1953,62.06483791541202,3674.0157350025115,0.0,29.10887374381864,0.0,0.0
1954,62.06483791541202,3674.0157350025115,0.0,29.10887374381864,0.0,0.0
1955,62.06483791541202,3674.0157350025115,0.0,29.10887374381864,0.0,0.0
1956,62.06483791541202,3674.0157350025115,0.0,29.10887374381864,0.0,0.0
1957,62.06483791541202,3674.0157350025115,0.0,29.10887374381864,0.0,0.0
1958,62.06483791541202,3674.0157350025115,0.0,29.10887374381864,0.0,0.0
1959,62.06483791541202,3674.0157350025115,0.0,29.10887374381864,0.0,0.0
1960,62.06483791541202,3674.0157350025115,0.0,29.10887374381864,0.0,0.0
1961,62.06483791541202,3674.0157350025115,0.0,29.10887374381864,0.0,0.0
1962,62.06483791541202,3674.0157350025115,0.0,29.10887374381864,0.0,0.0
1963,62.06483791541202,3674.0157350025115,0.0,29.10887374381864,0.0,0.0
1964,62.06483791541202,3674.0157350025115,0.0,29.10887374381864,0.0,0.0
1965,62.06483791541202,3674.0157350025115,0.0,29.10887374381864,0.0,0.0
1966,62.06483791541202,3674.0157350025115,0.0,29.10887374381864,0.0,0.0
1967,62.06483791541202,3674.0157350025115,0.0,29.10887374381864,0.0,0.0
1968,62.06483791541202,3674.0157350025115,0.0,29.10887374381864,0.0,0.0
1969,62.06483791541202,3674.0157350025115,0.0,29.10887374381864,0.0,0.0
1970,62.06483791541202,3674.0157350025115,0.0,29.10887374381864,0.0,0.0
1971,62.06483791541202,3674.0157350025115,0.0,29.10887374381864,0.0,0.0
1972,62.06483791541202,3674.0157350025115,0.0,29.10887374381864,0.0,0.0
1973,62.06483791541202,3674.0157350025115,0.0,29.10887374381864,0.0,0.0
1974,62.06483791541202,3674.0157350025115,0.0,29.10887374381864,0.0,0.0
1975,62.06483791541202,3674.0157350025115,0.0,29.10887374381864,0.0,0.0
1976,62.06483791541202,3674.0157350025115,0.0,29.10887374381864,0.0,0.0
1977,62.06483791541202,3674.0157350025115,0.0,29.10887374381864,0.0,0.0
1978,62.06483791541202,3674.0157350025115,0.0,29.10887374381864,0.0,0.0
1979,62.06483791541202,3674.0157350025115,0.0,29.10887374381864,0.0,0.0
1980,62.06483791541202,3674.0157350025115,0.0,29.10887374381864,0.0,0.0
1981,62.06483791541202,3674.0157350025115,0.0,29.10887374381864,0.0,0.0
1982,62.06483791541202,3674.0157350025115,0.0,29.10887374381864,0.0,0.0
1983,62.06483791541202,3674.0157350025115,0.0,29.10887374381864,0.0,0.0
1984,62.06483791541202,3674.0157350025115,0.0,29.10887374381864,0.0,0.0
1985,62.06483791541202,3674.0157350025115,0.0,29.10887374381864,0.0,0.0
1986,62.06483791541202,3674.0157350025115,0.0,29.10887374381864,0.0,0.0
1987,62.06483791541202,3674.0157350025115,0.0,29.10887374381864,0.0,0.0
1988,62.06483791541202,3674.0157350025115,0.0,29.10887374381864,0.0,0.0
1989,62.06483791541202,3674.0157350025115,0.0,29.10887374381864,0.0,0.0
1990,62.06483791541202,3674.0157350025115,0.0,29.10887374381864,0.0,0.0
1991,62.06483791541202,3674.0157350025115,0.0,29.10887374381864,0.0,0.0
1992,62.06483791541202,3674.0157350025115,0.0,29.10887374381864,0.0,0.0
1993,62.06483791541202,3674.0157350025115,0.0,29.10887374381864,0.0,0.0
1994,62.06483791541202,3674.0157350025115,0.0,29.10887374381864,0.0,0.0
1995,62.06483791541202,3674.0157350025115,0.0,29.10887374381864,0.0,0.0
1996,62.06483791541202,3674.0157350025115,0.0,29.10887374381864,0.0,0.0
1997,62.06483791541202,3674.0157350025115,0.0,29.10887374381864,0.0,0.0
1998,62.06483791541202,3674.0157350025115,0.0,29.10887374381864,0.0,0.0
1999,62.06483791541202,3674.0157350025115,0.0,29.10887374381864,0.0,0.0
2000,62.06483791541202,3674.0157350025115,0.0,29.10887374381864,0.0,0.0
2001,62.06483791541202,3674.0157350025115,0.0,29.10887374381864,0.0,0.0
2002,62.06483791541202,3674.0157350025115,0.0,29.10887374381864,0.0,0.0
2003,62.06483791541202,3674.0157350025115,0.0,29.10887374381864,0.0,0.0
2004,62.06483791541202,3674.0157350025115,0.0,29.10887374381864,0.0,0.0
2005,62.06483791541202,3674.0157350025115,0.0,29.10887374381864,0.0,0.0
2006,62.06483791541202,3674.0157350025115,0.0,29.10887374381864,0.0,0.0
2007,62.06483791541202,3674.0157350025115,0.0,29.10887374381864,0.0,0.0
2008,62.06483791541202,3674.0157350025115,0.0,29.10887374381864,0.0,0.0
2009,62.06483791541202,3674.0157350025115,0.0,29.10887374381864,0.0,0.0
2010,62.06483791541202,3674.0157350025115,0.0,29.10887374381864,0.0,0.0
2011,62.06483791541202,3674.0157350025115,0.0,29.10887374381864,0.0,0.0
2012,62.06483791541202,3674.0157350025115,0.0,29.10887374381864,0.0,0.0
2013,62.06483791541202,3674.0157350025115,0.0,29.10887374381864,0.0,0.0
2014,62.06483791541202,3674.0157350025115,0.0,29.10887374381864,0.0,0.0
2015,62.06483791541202,3674.0157350025115,0.0,29.10887374381864,0.0,0.0
2016,56.545656276765,5245.376542306302,0.0,23.595515688367787,0.0,0.0
2017,56.545656276765,5245.376542306302,0.0,23.595515688367787,0.0,0.0
2018,56.545656276765,5245.376542306302,0.0,23.595515688367787,0.0,0.0
2019,56.545656276765,5245.376542306302,0.0,23.595515688367787,0.0,0.0
2020,56.545656276765,5245.376542306302,0.0,23.595515688367787,0.0,0.0
2021,56.545656276765,5245.376542306302,0.0,23.595515688367787,0.0,0.0
2022,56.545656276765,5245.376542306302,0.0,23.595515688367787,0.0,0.0
2023,56.545656276765,5245.376542306302,0.0,23.595515688367787,0.0,0.0
2024,56.545656276765,5245.376542306302,0.0,23.595515688367787,0.0,0.0
2025,56.545656276765,5245.376542306302,0.0,23.595515688367787,0.0,0.0
2026,56.545656276765,5245.376542306302,0.0,23.595515688367787,0.0,0.0
2027,56.545656276765,5245.376542306302,0.0,23.595515688367787,0.0,0.0
2028,56.545656276765,5245.376542306302,0.0,23.595515688367787,0.0,0.0
2029,56.545656276765,5245.376542306302,0.0,23.595515688367787,0.0,0.0
2030,56.545656276765,5245.376542306302,0.0,23.595515688367787,0.0,0.0
2031,56.545656276765,5245.376542306302,0.0,23.595515688367787,0.0,0.0
2032,56.545656276765,5245.376542306302,0.0,23.595515688367787,0.0,0.0
2033,56.545656276765,5245.376542306302,0.0,23.595515688367787,0.0,0.0
2034,56.545656276765,5245.376542306302,0.0,23.595515688367787,0.0,0.0
2035,56.545656276765,5245.376542306302,0.0,23.595515688367787,0.0,0.0
2036,56.545656276765,5245.376542306302,0.0,23.595515688367787,0.0,0.0
2037,56.545656276765,5245.376542306302,0.0,23.595515688367787,0.0,0.0
2038,56.545656276765,5245.376542306302,0.0,23.595515688367787,0.0,0.0
2039,56.545656276765,5245.376542306302,0.0,23.595515688367787,0.0,0.0
2040,56.545656276765,5245.376542306302,0.0,23.595515688367787,0.0,0.0
2041,56.545656276765,5245.376542306302,0.0,23.595515688367787,0.0,0.0
2042,56.545656276765,5245.376542306302,0.0,23.595515688367787,0.0,0.0
2043,56.545656276765,5245.376542306302,0.0,23.595515688367787,0.0,0.0
2044,56.545656276765,5245.376542306302,0.0,23.595515688367787,0.0,0.0
2045,56.545656276765,5245.376542306302,0.0,23.595515688367787,0.0,0.0
2046,56.545656276765,5245.376542306302,0.0,23.595515688367787,0.0,0.0
2047,56.545656276765,5245.376542306302,0.0,23.595515688367787,0.0,0.0
2048,56.545656276765,5245.376542306302,0.0,23.595515688367787,0.0,0.0
2049,56.545656276765,5245.376542306302,0.0,23.595515688367787,0.0,0.0
2050,56.545656276765,5245.376542306302,0.0,23.595515688367787,0.0,0.0
2051,56.545656276765,5245.376542306302,0.0,23.595515688367787,0.0,0.0
2052,56.545656276765,5245.376542306302,0.0,23.595515688367787,0.0,0.0
2053,56.545656276765,5245.376542306302,0.0,23.595515688367787,0.0,0.0
2054,56.545656276765,5245.376542306302,0.0,23.595515688367787,0.0,0.0
2055,56.545656276765,5245.376542306302,0.0,23.595515688367787,0.0,0.0
2056,56.545656276765,5245.376542306302,0.0,23.595515688367787,0.0,0.0
2057,56.545656276765,5245.376542306302,0.0,23.595515688367787,0.0,0.0
2058,56.545656276765,5245.376542306302,0.0,23.595515688367787,0.0,0.0
2059,56.545656276765,5245.376542306302,0.0,23.595515688367787,0.0,0.0
2060,56.545656276765,5245.376542306302,0.0,23.595515688367787,0.0,0.0
2061,56.545656276765,5245.376542306302,0.0,23.595515688367787,0.0,0.0
2062,56.545656276765,5245.376542306302,0.0,23.595515688367787,0.0,0.0
2063,56.545656276765,5245.376542306302,0.0,23.595515688367787,0.0,0.0
2064,56.545656276765,5245.376542306302,0.0,23.595515688367787,0.0,0.0
2065,56.545656276765,5245.376542306302,0.0,23.595515688367787,0.0,0.0
2066,56.545656276765,5245.376542306302,0.0,23.595515688367787,0.0,0.0
2067,56.545656276765,5245.376542306302,0.0,23.595515688367787,0.0,0.0
2068,56.545656276765,5245.376542306302,0.0,23.595515688367787,0.0,0.0
2069,56.545656276765,5245.376542306302,0.0,23.595515688367787,0.0,0.0
2070,56.545656276765,5245.376542306302,0.0,23.595515688367787,0.0,0.0
2071,56.545656276765,5245.376542306302,0.0,23.595515688367787,0.0,0.0
2072,56.545656276765,5245.376542306302,0.0,23.595515688367787,0.0,0.0
2073,56.545656276765,5245.376542306302,0.0,23.595515688367787,0.0,0.0
2074,56.545656276765,5245.376542306302,0.0,23.595515688367787,0.0,0.0
2075,56.545656276765,5245.376542306302,0.0,23.595515688367787,0.0,0.0
2076,56.545656276765,5245.376542306302,0.0,23.595515688367787,0.0,0.0
2077,56.545656276765,5245.376542306302,0.0,23.595515688367787,0.0,0.0
2078,56.545656276765,5245.376542306302,0.0,23.595515688367787,0.0,0.0
2079,56.545656276765,5245.376542306302,0.0,23.595515688367787,0.0,0.0
2080,56.545656276765,5245.376542306302,0.0,23.595515688367787,0.0,0.0
2081,56.545656276765,5245.376542306302,0.0,23.595515688367787,0.0,0.0
2082,56.545656276765,5245.376542306302,0.0,23.595515688367787,0.0,0.0
2083,56.545656276765,5245.376542306302,0.0,23.595515688367787,0.0,0.0
2084,56.545656276765,5245.376542306302,0.0,23.595515688367787,0.0,0.0
2085,56.545656276765,5245.376542306302,0.0,23.595515688367787,0.0,0.0
2086,56.545656276765,5245.376542306302,0.0,23.595515688367787,0.0,0.0
2087,56.545656276765,5245.376542306302,0.0,23.595515688367787,0.0,0.0
2088,56.545656276765,5245.376542306302,0.0,23.595515688367787,0.0,0.0
2089,56.545656276765,5245.376542306302,0.0,23.595515688367787,0.0,0.0
2090,56.545656276765,5245.376542306302,0.0,23.595515688367787,0.0,0.0
2091,56.545656276765,5245.376542306302,0.0,23.595515688367787,0.0,0.0
2092,56.545656276765,5245.376542306302,0.0,23.595515688367787,0.0,0.0
2093,56.545656276765,5245.376542306302,0.0,23.595515688367787,0.0,0.0
2094,56.545656276765,5245.376542306302,0.0,23.595515688367787,0.0,0.0
2095,56.545656276765,5245.376542306302,0.0,23.595515688367787,0.0,0.0
2096,56.545656276765,5245.376542306302,0.0,23.595515688367787,0.0,0.0
2097,56.545656276765,5245.376542306302,0.0,23.595515688367787,0.0,0.0
2098,56.545656276765,5245.376542306302,0.0,23.595515688367787,0.0,0.0
2099,56.545656276765,5245.376542306302,0.0,23.595515688367787,0.0,0.0
2100,56.545656276765,5245.376542306302,0.0,23.595515688367787,0.0,0.0
2101,56.545656276765,5245.376542306302,0.0,23.595515688367787,0.0,0.0
2102,56.545656276765,5245.376542306302,0.0,23.595515688367787,0.0,0.0
2103,56.545656276765,5245.376542306302,0.0,23.595515688367787,0.0,0.0
2104,56.545656276765,5245.376542306302,0.0,23.595515688367787,0.0,0.0
2105,56.545656276765,5245.376542306302,0.0,23.595515688367787,0.0,0.0
2106,56.545656276765,5245.376542306302,0.0,23.595515688367787,0.0,0.0
2107,56.545656276765,5245.376542306302,0.0,23.595515688367787,0.0,0.0
2108,56.545656276765,5245.376542306302,0.0,23.595515688367787,0.0,0.0
2109,56.545656276765,5245.376542306302,0.0,23.595515688367787,0.0,0.0
2110,56.545656276765,5245.376542306302,0.0,23.595515688367787,0.0,0.0
2111,56.545656276765,5245.376542306302,0.0,23.595515688367787,0.0,0.0
2112,56.545656276765,5245.376542306302,0.0,23.595515688367787,0.0,0.0
2113,56.545656276765,5245.376542306302,0.0,23.595515688367787,0.0,0.0
2114,56.545656276765,5245.376542306302,0.0,23.595515688367787,0.0,0.0
2115,56.545656276765,5245.376542306302,0.0,23.595515688367787,0.0,0.0
2116,56.545656276765,5245.376542306302,0.0,23.595515688367787,0.0,0.0
2117,56.545656276765,5245.376542306302,0.0,23.595515688367787,0.0,0.0
2118,56.545656276765,5245.376542306302,0.0,23.595515688367787,0.0,0.0
2119,56.545656276765,5245.376542306302,0.0,23.595515688367787,0.0,0.0
2120,56.545656276765,5245.376542306302,0.0,23.595515688367787,0.0,0.0
2121,56.545656276765,5245.376542306302,0.0,23.595515688367787,0.0,0.0
2122,56.545656276765,5245.376542306302,0.0,23.595515688367787,0.0,0.0
2123,56.545656276765,5245.376542306302,0.0,23.595515688367787,0.0,0.0
2124,56.545656276765,5245.376542306302,0.0,23.595515688367787,0.0,0.0
2125,56.545656276765,5245.376542306302,0.0,23.595515688367787,0.0,0.0
2126,56.545656276765,5245.376542306302,0.0,23.595515688367787,0.0,0.0
2127,56.545656276765,5245.376542306302,0.0,23.595515688367787,0.0,0.0
2128,56.545656276765,5245.376542306302,0.0,23.595515688367787,0.0,0.0
2129,56.545656276765,5245.376542306302,0.0,23.595515688367787,0.0,0.0
2130,56.545656276765,5245.376542306302,0.0,23.595515688367787,0.0,0.0
2131,56.545656276765,5245.376542306302,0.0,23.595515688367787,0.0,0.0
2132,56.545656276765,5245.376542306302,0.0,23.595515688367787,0.0,0.0
2133,56.545656276765,5245.376542306302,0.0,23.595515688367787,0.0,0.0
2134,56.545656276765,5245.376542306302,0.0,23.595515688367787,0.0,0.0
2135,56.545656276765,5245.376542306302,0.0,23.595515688367787,0.0,0.0
2136,56.545656276765,5245.376542306302,0.0,23.595515688367787,0.0,0.0
2137,56.545656276765,5245.376542306302,0.0,23.595515688367787,0.0,0.0
2138,56.545656276765,5245.376542306302,0.0,23.595515688367787,0.0,0.0
2139,56.545656276765,5245.376542306302,0.0,23.595515688367787,0.0,0.0
2140,56.545656276765,5245.376542306302,0.0,23.595515688367787,0.0,0.0
2141,56.545656276765,5245.376542306302,0.0,23.595515688367787,0.0,0.0
2142,56.545656276765,5245.376542306302,0.0,23.595515688367787,0.0,0.0
2143,56.545656276765,5245.376542306302,0.0,23.595515688367787,0.0,0.0
2144,56.545656276765,5245.376542306302,0.0,23.595515688367787,0.0,0.0
2145,56.545656276765,5245.376542306302,0.0,23.595515688367787,0.0,0.0
2146,56.545656276765,5245.376542306302,0.0,23.595515688367787,0.0,0.0
2147,56.545656276765,5245.376542306302,0.0,23.595515688367787,0.0,0.0
2148,56.545656276765,5245.376542306302,0.0,23.595515688367787,0.0,0.0
2149,56.545656276765,5245.376542306302,0.0,23.595515688367787,0.0,0.0
2150,56.545656276765,5245.376542306302,0.0,23.595515688367787,0.0,0.0
2151,56.545656276765,5245.376542306302,0.0,23.595515688367787,0.0,0.0
2152,56.545656276765,5245.376542306302,0.0,23.595515688367787,0.0,0.0
2153,56.545656276765,5245.376542306302,0.0,23.595515688367787,0.0,0.0
2154,56.545656276765,5245.376542306302,0.0,23.595515688367787,0.0,0.0
2155,56.545656276765,5245.376542306302,0.0,23.595515688367787,0.0,0.0
2156,56.545656276765,5245.376542306302,0.0,23.595515688367787,0.0,0.0
2157,56.545656276765,5245.376542306302,0.0,23.595515688367787,0.0,0.0
2158,56.545656276765,5245.376542306302,0.0,23.595515688367787,0.0,0.0
2159,56.545656276765,5245.376542306302,0.0,23.595515688367787,0.0,0.0
2160,56.545656276765,5245.376542306302,0.0,23.595515688367787,0.0,0.0
2161,56.545656276765,5245.376542306302,0.0,23.595515688367787,0.0,0.0
2162,56.545656276765,5245.376542306302,0.0,23.595515688367787,0.0,0.0
2163,56.545656276765,5245.376542306302,0.0,23.595515688367787,0.0,0.0
2164,56.545656276765,5245.376542306302,0.0,23.595515688367787,0.0,0.0
2165,56.545656276765,5245.376542306302,0.0,23.595515688367787,0.0,0.0
2166,56.545656276765,5245.376542306302,0.0,23.595515688367787,0.0,0.0
2167,56.545656276765,5245.376542306302,0.0,23.595515688367787,0.0,0.0
2168,56.545656276765,5245.376542306302,0.0,23.595515688367787,0.0,0.0
2169,56.545656276765,5245.376542306302,0.0,23.595515688367787,0.0,0.0
2170,56.545656276765,5245.376542306302,0.0,23.595515688367787,0.0,0.0
2171,56.545656276765,5245.376542306302,0.0,23.595515688367787,0.0,0.0
2172,56.545656276765,5245.376542306302,0.0,23.595515688367787,0.0,0.0
2173,56.545656276765,5245.376542306302,0.0,23.595515688367787,0.0,0.0
2174,56.545656276765,5245.376542306302,0.0,23.595515688367787,0.0,0.0
2175,56.545656276765,5245.376542306302,0.0,23.595515688367787,0.0,0.0
2176,56.545656276765,5245.376542306302,0.0,23.595515688367787,0.0,0.0
2177,56.545656276765,5245.376542306302,0.0,23.595515688367787,0.0,0.0
2178,56.545656276765,5245.376542306302,0.0,23.595515688367787,0.0,0.0
2179,56.545656276765,5245.376542306302,0.0,23.595515688367787,0.0,0.0
2180,56.545656276765,5245.376542306302,0.0,23.595515688367787,0.0,0.0
2181,56.545656276765,5245.376542306302,0.0,23.595515688367787,0.0,0.0
2182,56.545656276765,5245.376542306302,0.0,23.595515688367787,0.0,0.0
2183,56.545656276765,5245.376542306302,0.0,23.595515688367787,0.0,0.0
2184,14.74414657275625,7687.283065347585,0.0,13.023611878245624,0.0,0.0
2185,14.74414657275625,7687.283065347585,0.0,13.023611878245624,0.0,0.0
2186,14.74414657275625,7687.283065347585,0.0,13.023611878245624,0.0,0.0
2187,14.74414657275625,7687.283065347585,0.0,13.023611878245624,0.0,0.0
2188,14.74414657275625,7687.283065347585,0.0,13.023611878245624,0.0,0.0
2189,14.74414657275625,7687.283065347585,0.0,13.023611878245624,0.0,0.0
2190,14.74414657275625,7687.283065347585,0.0,13.023611878245624,0.0,0.0
2191,14.74414657275625,7687.283065347585,0.0,13.023611878245624,0.0,0.0
2192,14.74414657275625,7687.283065347585,0.0,13.023611878245624,0.0,0.0
2193,14.74414657275625,7687.283065347585,0.0,13.023611878245624,0.0,0.0
2194,14.74414657275625,7687.283065347585,0.0,13.023611878245624,0.0,0.0
2195,14.74414657275625,7687.283065347585,0.0,13.023611878245624,0.0,0.0
2196,14.74414657275625,7687.283065347585,0.0,13.023611878245624,0.0,0.0
2197,14.74414657275625,7687.283065347585,0.0,13.023611878245624,0.0,0.0
2198,14.74414657275625,7687.283065347585,0.0,13.023611878245624,0.0,0.0
2199,14.74414657275625,7687.283065347585,0.0,13.023611878245624,0.0,0.0
2200,14.74414657275625,7687.283065347585,0.0,13.023611878245624,0.0,0.0
2201,14.74414657275625,7687.283065347585,0.0,13.023611878245624,0.0,0.0
2202,14.74414657275625,7687.283065347585,0.0,13.023611878245624,0.0,0.0
2203,14.74414657275625,7687.283065347585,0.0,13.023611878245624,0.0,0.0
2204,14.74414657275625,7687.283065347585,0.0,13.023611878245624,0.0,0.0
2205,14.74414657275625,7687.283065347585,0.0,13.023611878245624,0.0,0.0
2206,14.74414657275625,7687.283065347585,0.0,13.023611878245624,0.0,0.0
2207,14.74414657275625,7687.283065347585,0.0,13.023611878245624,0.0,0.0
2208,14.74414657275625,7687.283065347585,0.0,13.023611878245624,0.0,0.0
2209,14.74414657275625,7687.283065347585,0.0,13.023611878245624,0.0,0.0
2210,14.74414657275625,7687.283065347585,0.0,13.023611878245624,0.0,0.0
2211,14.74414657275625,7687.283065347585,0.0,13.023611878245624,0.0,0.0
2212,14.74414657275625,7687.283065347585,0.0,13.023611878245624,0.0,0.0
2213,14.74414657275625,7687.283065347585,0.0,13.023611878245624,0.0,0.0
2214,14.74414657275625,7687.283065347585,0.0,13.023611878245624,0.0,0.0
2215,14.74414657275625,7687.283065347585,0.0,13.023611878245624,0.0,0.0
2216,14.74414657275625,7687.283065347585,0.0,13.023611878245624,0.0,0.0
2217,14.74414657275625,7687.283065347585,0.0,13.023611878245624,0.0,0.0
2218,14.74414657275625,7687.283065347585,0.0,13.023611878245624,0.0,0.0
2219,14.74414657275625,7687.283065347585,0.0,13.023611878245624,0.0,0.0
2220,14.74414657275625,7687.283065347585,0.0,13.023611878245624,0.0,0.0
2221,14.74414657275625,7687.283065347585,0.0,13.023611878245624,0.0,0.0
2222,14.74414657275625,7687.283065347585,0.0,13.023611878245624,0.0,0.0
2223,14.74414657275625,7687.283065347585,0.0,13.023611878245624,0.0,0.0
2224,14.74414657275625,7687.283065347585,0.0,13.023611878245624,0.0,0.0
2225,14.74414657275625,7687.283065347585,0.0,13.023611878245624,0.0,0.0
2226,14.74414657275625,7687.283065347585,0.0,13.023611878245624,0.0,0.0
2227,14.74414657275625,7687.283065347585,0.0,13.023611878245624,0.0,0.0
2228,14.74414657275625,7687.283065347585,0.0,13.023611878245624,0.0,0.0
2229,14.74414657275625,7687.283065347585,0.0,13.023611878245624,0.0,0.0
2230,14.74414657275625,7687.283065347585,0.0,13.023611878245624,0.0,0.0
2231,14.74414657275625,7687.283065347585,0.0,13.023611878245624,0.0,0.0
2232,14.74414657275625,7687.283065347585,0.0,13.023611878245624,0.0,0.0
2233,14.74414657275625,7687.283065347585,0.0,13.023611878245624,0.0,0.0
2234,14.74414657275625,7687.283065347585,0.0,13.023611878245624,0.0,0.0
2235,14.74414657275625,7687.283065347585,0.0,13.023611878245624,0.0,0.0
2236,14.74414657275625,7687.283065347585,0.0,13.023611878245624,0.0,0.0
2237,14.74414657275625,7687.283065347585,0.0,13.023611878245624,0.0,0.0
2238,14.74414657275625,7687.283065347585,0.0,13.023611878245624,0.0,0.0
2239,14.74414657275625,7687.283065347585,0.0,13.023611878245624,0.0,0.0
2240,14.74414657275625,7687.283065347585,0.0,13.023611878245624,0.0,0.0
2241,14.74414657275625,7687.283065347585,0.0,13.023611878245624,0.0,0.0
2242,14.74414657275625,7687.283065347585,0.0,13.023611878245624,0.0,0.0
2243,14.74414657275625,7687.283065347585,0.0,13.023611878245624,0.0,0.0
2244,14.74414657275625,7687.283065347585,0.0,13.023611878245624,0.0,0.0
2245,14.74414657275625,7687.283065347585,0.0,13.023611878245624,0.0,0.0
2246,14.74414657275625,7687.283065347585,0.0,13.023611878245624,0.0,0.0
2247,14.74414657275625,7687.283065347585,0.0,13.023611878245624,0.0,0.0
2248,14.74414657275625,7687.283065347585,0.0,13.023611878245624,0.0,0.0
2249,14.74414657275625,7687.283065347585,0.0,13.023611878245624,0.0,0.0
2250,14.74414657275625,7687.283065347585,0.0,13.023611878245624,0.0,0.0
2251,14.74414657275625,7687.283065347585,0.0,13.023611878245624,0.0,0.0
2252,14.74414657275625,7687.283065347585,0.0,13.023611878245624,0.0,0.0
2253,14.74414657275625,7687.283065347585,0.0,13.023611878245624,0.0,0.0
2254,14.74414657275625,7687.283065347585,0.0,13.023611878245624,0.0,0.0
2255,14.74414657275625,7687.283065347585,0.0,13.023611878245624,0.0,0.0
2256,14.74414657275625,7687.283065347585,0.0,13.023611878245624,0.0,0.0
2257,14.74414657275625,7687.283065347585,0.0,13.023611878245624,0.0,0.0
2258,14.74414657275625,7687.283065347585,0.0,13.023611878245624,0.0,0.0
2259,14.74414657275625,7687.283065347585,0.0,13.023611878245624,0.0,0.0
2260,14.74414657275625,7687.283065347585,0.0,13.023611878245624,0.0,0.0
2261,14.74414657275625,7687.283065347585,0.0,13.023611878245624,0.0,0.0
2262,14.74414657275625,7687.283065347585,0.0,13.023611878245624,0.0,0.0
2263,14.74414657275625,7687.283065347585,0.0,13.023611878245624,0.0,0.0
2264,14.74414657275625,7687.283065347585,0.0,13.023611878245624,0.0,0.0
2265,14.74414657275625,7687.283065347585,0.0,13.023611878245624,0.0,0.0
2266,14.74414657275625,7687.283065347585,0.0,13.023611878245624,0.0,0.0
2267,14.74414657275625,7687.283065347585,0.0,13.023611878245624,0.0,0.0
2268,14.74414657275625,7687.283065347585,0.0,13.023611878245624,0.0,0.0
2269,14.74414657275625,7687.283065347585,0.0,13.023611878245624,0.0,0.0
2270,14.74414657275625,7687.283065347585,0.0,13.023611878245624,0.0,0.0
2271,14.74414657275625,7687.283065347585,0.0,13.023611878245624,0.0,0.0
2272,14.74414657275625,7687.283065347585,0.0,13.023611878245624,0.0,0.0
2273,14.74414657275625,7687.283065347585,0.0,13.023611878245624,0.0,0.0
2274,14.74414657275625,7687.283065347585,0.0,13.023611878245624,0.0,0.0
2275,14.74414657275625,7687.283065347585,0.0,13.023611878245624,0.0,0.0
2276,14.74414657275625,7687.283065347585,0.0,13.023611878245624,0.0,0.0
2277,14.74414657275625,7687.283065347585,0.0,13.023611878245624,0.0,0.0
2278,14.74414657275625,7687.283065347585,0.0,13.023611878245624,0.0,0.0
2279,14.74414657275625,7687.283065347585,0.0,13.023611878245624,0.0,0.0
2280,14.74414657275625,7687.283065347585,0.0,13.023611878245624,0.0,0.0
2281,14.74414657275625,7687.283065347585,0.0,13.023611878245624,0.0,0.0
2282,14.74414657275625,7687.283065347585,0.0,13.023611878245624,0.0,0.0
2283,14.74414657275625,7687.283065347585,0.0,13.023611878245624,0.0,0.0
2284,14.74414657275625,7687.283065347585,0.0,13.023611878245624,0.0,0.0
2285,14.74414657275625,7687.283065347585,0.0,13.023611878245624,0.0,0.0
2286,14.74414657275625,7687.283065347585,0.0,13.023611878245624,0.0,0.0
2287,14.74414657275625,7687.283065347585,0.0,13.023611878245624,0.0,0.0
2288,14.74414657275625,7687.283065347585,0.0,13.023611878245624,0.0,0.0
2289,14.74414657275625,7687.283065347585,0.0,13.023611878245624,0.0,0.0
2290,14.74414657275625,7687.283065347585,0.0,13.023611878245624,0.0,0.0
2291,14.74414657275625,7687.283065347585,0.0,13.023611878245624,0.0,0.0
2292,14.74414657275625,7687.283065347585,0.0,13.023611878245624,0.0,0.0
2293,14.74414657275625,7687.283065347585,0.0,13.023611878245624,0.0,0.0
2294,14.74414657275625,7687.283065347585,0.0,13.023611878245624,0.0,0.0
2295,14.74414657275625,7687.283065347585,0.0,13.023611878245624,0.0,0.0
2296,14.74414657275625,7687.283065347585,0.0,13.023611878245624,0.0,0.0
2297,14.74414657275625,7687.283065347585,0.0,13.023611878245624,0.0,0.0
2298,14.74414657275625,7687.283065347585,0.0,13.023611878245624,0.0,0.0
2299,14.74414657275625,7687.283065347585,0.0,13.023611878245624,0.0,0.0
2300,14.74414657275625,7687.283065347585,0.0,13.023611878245624,0.0,0.0
2301,14.74414657275625,7687.283065347585,0.0,13.023611878245624,0.0,0.0
2302,14.74414657275625,7687.283065347585,0.0,13.023611878245624,0.0,0.0
2303,14.74414657275625,7687.283065347585,0.0,13.023611878245624,0.0,0.0
2304,14.74414657275625,7687.283065347585,0.0,13.023611878245624,0.0,0.0
2305,14.74414657275625,7687.283065347585,0.0,13.023611878245624,0.0,0.0
2306,14.74414657275625,7687.283065347585,0.0,13.023611878245624,0.0,0.0
2307,14.74414657275625,7687.283065347585,0.0,13.023611878245624,0.0,0.0
2308,14.74414657275625,7687.283065347585,0.0,13.023611878245624,0.0,0.0
2309,14.74414657275625,7687.283065347585,0.0,13.023611878245624,0.0,0.0
2310,14.74414657275625,7687.283065347585,0.0,13.023611878245624,0.0,0.0
2311,14.74414657275625,7687.283065347585,0.0,13.023611878245624,0.0,0.0
2312,14.74414657275625,7687.283065347585,0.0,13.023611878245624,0.0,0.0
2313,14.74414657275625,7687.283065347585,0.0,13.023611878245624,0.0,0.0
2314,14.74414657275625,7687.283065347585,0.0,13.023611878245624,0.0,0.0
2315,14.74414657275625,7687.283065347585,0.0,13.023611878245624,0.0,0.0
2316,14.74414657275625,7687.283065347585,0.0,13.023611878245624,0.0,0.0
2317,14.74414657275625,7687.283065347585,0.0,13.023611878245624,0.0,0.0
2318,14.74414657275625,7687.283065347585,0.0,13.023611878245624,0.0,0.0
2319,14.74414657275625,7687.283065347585,0.0,13.023611878245624,0.0,0.0
2320,14.74414657275625,7687.283065347585,0.0,13.023611878245624,0.0,0.0
2321,14.74414657275625,7687.283065347585,0.0,13.023611878245624,0.0,0.0
2322,14.74414657275625,7687.283065347585,0.0,13.023611878245624,0.0,0.0
2323,14.74414657275625,7687.283065347585,0.0,13.023611878245624,0.0,0.0
2324,14.74414657275625,7687.283065347585,0.0,13.023611878245624,0.0,0.0
2325,14.74414657275625,7687.283065347585,0.0,13.023611878245624,0.0,0.0
2326,14.74414657275625,7687.283065347585,0.0,13.023611878245624,0.0,0.0
2327,14.74414657275625,7687.283065347585,0.0,13.023611878245624,0.0,0.0
2328,14.74414657275625,7687.283065347585,0.0,13.023611878245624,0.0,0.0
2329,14.74414657275625,7687.283065347585,0.0,13.023611878245624,0.0,0.0
2330,14.74414657275625,7687.283065347585,0.0,13.023611878245624,0.0,0.0
2331,14.74414657275625,7687.283065347585,0.0,13.023611878245624,0.0,0.0
2332,14.74414657275625,7687.283065347585,0.0,13.023611878245624,0.0,0.0
2333,14.74414657275625,7687.283065347585,0.0,13.023611878245624,0.0,0.0
2334,14.74414657275625,7687.283065347585,0.0,13.023611878245624,0.0,0.0
2335,14.74414657275625,7687.283065347585,0.0,13.023611878245624,0.0,0.0
2336,14.74414657275625,7687.283065347585,0.0,13.023611878245624,0.0,0.0
2337,14.74414657275625,7687.283065347585,0.0,13.023611878245624,0.0,0.0
2338,14.74414657275625,7687.283065347585,0.0,13.023611878245624,0.0,0.0
2339,14.74414657275625,7687.283065347585,0.0,13.023611878245624,0.0,0.0
2340,14.74414657275625,7687.283065347585,0.0,13.023611878245624,0.0,0.0
2341,14.74414657275625,7687.283065347585,0.0,13.023611878245624,0.0,0.0
2342,14.74414657275625,7687.283065347585,0.0,13.023611878245624,0.0,0.0
2343,14.74414657275625,7687.283065347585,0.0,13.023611878245624,0.0,0.0
2344,14.74414657275625,7687.283065347585,0.0,13.023611878245624,0.0,0.0
2345,14.74414657275625,7687.283065347585,0.0,13.023611878245624,0.0,0.0
2346,14.74414657275625,7687.283065347585,0.0,13.023611878245624,0.0,0.0
2347,14.74414657275625,7687.283065347585,0.0,13.023611878245624,0.0,0.0
2348,14.74414657275625,7687.283065347585,0.0,13.023611878245624,0.0,0.0
2349,14.74414657275625,7687.283065347585,0.0,13.023611878245624,0.0,0.0
2350,14.74414657275625,7687.283065347585,0.0,13.023611878245624,0.0,0.0
2351,14.74414657275625,7687.283065347585,0.0,13.023611878245624,0.0,0.0
2352,5.696292044525507,5717.03343863723,0.0,55.11774299950439,0.0,0.0
2353,5.696292044525507,5717.03343863723,0.0,55.11774299950439,0.0,0.0
2354,5.696292044525507,5717.03343863723,0.0,55.11774299950439,0.0,0.0
2355,5.696292044525507,5717.03343863723,0.0,55.11774299950439,0.0,0.0
2356,5.696292044525507,5717.03343863723,0.0,55.11774299950439,0.0,0.0
2357,5.696292044525507,5717.03343863723,0.0,55.11774299950439,0.0,0.0
2358,5.696292044525507,5717.03343863723,0.0,55.11774299950439,0.0,0.0
2359,5.696292044525507,5717.03343863723,0.0,55.11774299950439,0.0,0.0
2360,5.696292044525507,5717.03343863723,0.0,55.11774299950439,0.0,0.0
2361,5.696292044525507,5717.03343863723,0.0,55.11774299950439,0.0,0.0
2362,5.696292044525507,5717.03343863723,0.0,55.11774299950439,0.0,0.0
2363,5.696292044525507,5717.03343863723,0.0,55.11774299950439,0.0,0.0
2364,5.696292044525507,5717.03343863723,0.0,55.11774299950439,0.0,0.0
2365,5.696292044525507,5717.03343863723,0.0,55.11774299950439,0.0,0.0
2366,5.696292044525507,5717.03343863723,0.0,55.11774299950439,0.0,0.0
2367,5.696292044525507,5717.03343863723,0.0,55.11774299950439,0.0,0.0
2368,5.696292044525507,5717.03343863723,0.0,55.11774299950439,0.0,0.0
2369,5.696292044525507,5717.03343863723,0.0,55.11774299950439,0.0,0.0
2370,5.696292044525507,5717.03343863723,0.0,55.11774299950439,0.0,0.0
2371,5.696292044525507,5717.03343863723,0.0,55.11774299950439,0.0,0.0
2372,5.696292044525507,5717.03343863723,0.0,55.11774299950439,0.0,0.0
2373,5.696292044525507,5717.03343863723,0.0,55.11774299950439,0.0,0.0
2374,5.696292044525507,5717.03343863723,0.0,55.11774299950439,0.0,0.0
2375,5.696292044525507,5717.03343863723,0.0,55.11774299950439,0.0,0.0
2376,5.696292044525507,5717.03343863723,0.0,55.11774299950439,0.0,0.0
2377,5.696292044525507,5717.03343863723,0.0,55.11774299950439,0.0,0.0
2378,5.696292044525507,5717.03343863723,0.0,55.11774299950439,0.0,0.0
2379,5.696292044525507,5717.03343863723,0.0,55.11774299950439,0.0,0.0
2380,5.696292044525507,5717.03343863723,0.0,55.11774299950439,0.0,0.0
2381,5.696292044525507,5717.03343863723,0.0,55.11774299950439,0.0,0.0
2382,5.696292044525507,5717.03343863723,0.0,55.11774299950439,0.0,0.0
2383,5.696292044525507,5717.03343863723,0.0,55.11774299950439,0.0,0.0
2384,5.696292044525507,5717.03343863723,0.0,55.11774299950439,0.0,0.0
2385,5.696292044525507,5717.03343863723,0.0,55.11774299950439,0.0,0.0
2386,5.696292044525507,5717.03343863723,0.0,55.11774299950439,0.0,0.0
2387,5.696292044525507,5717.03343863723,0.0,55.11774299950439,0.0,0.0
2388,5.696292044525507,5717.03343863723,0.0,55.11774299950439,0.0,0.0
2389,5.696292044525507,5717.03343863723,0.0,55.11774299950439,0.0,0.0
2390,5.696292044525507,5717.03343863723,0.0,55.11774299950439,0.0,0.0
2391,5.696292044525507,5717.03343863723,0.0,55.11774299950439,0.0,0.0
2392,5.696292044525507,5717.03343863723,0.0,55.11774299950439,0.0,0.0
2393,5.696292044525507,5717.03343863723,0.0,55.11774299950439,0.0,0.0
2394,5.696292044525507,5717.03343863723,0.0,55.11774299950439,0.0,0.0
2395,5.696292044525507,5717.03343863723,0.0,55.11774299950439,0.0,0.0
2396,5.696292044525507,5717.03343863723,0.0,55.11774299950439,0.0,0.0
2397,5.696292044525507,5717.03343863723,0.0,55.11774299950439,0.0,0.0
2398,5.696292044525507,5717.03343863723,0.0,55.11774299950439,0.0,0.0
2399,5.696292044525507,5717.03343863723,0.0,55.11774299950439,0.0,0.0
2400,5.696292044525507,5717.03343863723,0.0,55.11774299950439,0.0,0.0
2401,5.696292044525507,5717.03343863723,0.0,55.11774299950439,0.0,0.0
2402,5.696292044525507,5717.03343863723,0.0,55.11774299950439,0.0,0.0
2403,5.696292044525507,5717.03343863723,0.0,55.11774299950439,0.0,0.0
2404,5.696292044525507,5717.03343863723,0.0,55.11774299950439,0.0,0.0
2405,5.696292044525507,5717.03343863723,0.0,55.11774299950439,0.0,0.0
2406,5.696292044525507,5717.03343863723,0.0,55.11774299950439,0.0,0.0
2407,5.696292044525507,5717.03343863723,0.0,55.11774299950439,0.0,0.0
2408,5.696292044525507,5717.03343863723,0.0,55.11774299950439,0.0,0.0
2409,5.696292044525507,5717.03343863723,0.0,55.11774299950439,0.0,0.0
2410,5.696292044525507,5717.03343863723,0.0,55.11774299950439,0.0,0.0
2411,5.696292044525507,5717.03343863723,0.0,55.11774299950439,0.0,0.0
2412,5.696292044525507,5717.03343863723,0.0,55.11774299950439,0.0,0.0
2413,5.696292044525507,5717.03343863723,0.0,55.11774299950439,0.0,0.0
2414,5.696292044525507,5717.03343863723,0.0,55.11774299950439,0.0,0.0
2415,5.696292044525507,5717.03343863723,0.0,55.11774299950439,0.0,0.0
2416,5.696292044525507,5717.03343863723,0.0,55.11774299950439,0.0,0.0
2417,5.696292044525507,5717.03343863723,0.0,55.11774299950439,0.0,0.0
2418,5.696292044525507,5717.03343863723,0.0,55.11774299950439,0.0,0.0
2419,5.696292044525507,5717.03343863723,0.0,55.11774299950439,0.0,0.0
2420,5.696292044525507,5717.03343863723,0.0,55.11774299950439,0.0,0.0
2421,5.696292044525507,5717.03343863723,0.0,55.11774299950439,0.0,0.0
2422,5.696292044525507,5717.03343863723,0.0,55.11774299950439,0.0,0.0
2423,5.696292044525507,5717.03343863723,0.0,55.11774299950439,0.0,0.0
2424,5.696292044525507,5717.03343863723,0.0,55.11774299950439,0.0,0.0
2425,5.696292044525507,5717.03343863723,0.0,55.11774299950439,0.0,0.0
2426,5.696292044525507,5717.03343863723,0.0,55.11774299950439,0.0,0.0
2427,5.696292044525507,5717.03343863723,0.0,55.11774299950439,0.0,0.0
2428,5.696292044525507,5717.03343863723,0.0,55.11774299950439,0.0,0.0
2429,5.696292044525507,5717.03343863723,0.0,55.11774299950439,0.0,0.0
2430,5.696292044525507,5717.03343863723,0.0,55.11774299950439,0.0,0.0
2431,5.696292044525507,5717.03343863723,0.0,55.11774299950439,0.0,0.0
2432,5.696292044525507,5717.03343863723,0.0,55.11774299950439,0.0,0.0
2433,5.696292044525507,5717.03343863723,0.0,55.11774299950439,0.0,0.0
2434,5.696292044525507,5717.03343863723,0.0,55.11774299950439,0.0,0.0
2435,5.696292044525507,5717.03343863723,0.0,55.11774299950439,0.0,0.0
2436,5.696292044525507,5717.03343863723,0.0,55.11774299950439,0.0,0.0
2437,5.696292044525507,5717.03343863723,0.0,55.11774299950439,0.0,0.0
2438,5.696292044525507,5717.03343863723,0.0,55.11774299950439,0.0,0.0
2439,5.696292044525507,5717.03343863723,0.0,55.11774299950439,0.0,0.0
2440,5.696292044525507,5717.03343863723,0.0,55.11774299950439,0.0,0.0
2441,5.696292044525507,5717.03343863723,0.0,55.11774299950439,0.0,0.0
2442,5.696292044525507,5717.03343863723,0.0,55.11774299950439,0.0,0.0
2443,5.696292044525507,5717.03343863723,0.0,55.11774299950439,0.0,0.0
2444,5.696292044525507,5717.03343863723,0.0,55.11774299950439,0.0,0.0
2445,5.696292044525507,5717.03343863723,0.0,55.11774299950439,0.0,0.0
2446,5.696292044525507,5717.03343863723,0.0,55.11774299950439,0.0,0.0
2447,5.696292044525507,5717.03343863723,0.0,55.11774299950439,0.0,0.0
2448,5.696292044525507,5717.03343863723,0.0,55.11774299950439,0.0,0.0
2449,5.696292044525507,5717.03343863723,0.0,55.11774299950439,0.0,0.0
2450,5.696292044525507,5717.03343863723,0.0,55.11774299950439,0.0,0.0
2451,5.696292044525507,5717.03343863723,0.0,55.11774299950439,0.0,0.0
2452,5.696292044525507,5717.03343863723,0.0,55.11774299950439,0.0,0.0
2453,5.696292044525507,5717.03343863723,0.0,55.11774299950439,0.0,0.0
2454,5.696292044525507,5717.03343863723,0.0,55.11774299950439,0.0,0.0
2455,5.696292044525507,5717.03343863723,0.0,55.11774299950439,0.0,0.0
2456,5.696292044525507,5717.03343863723,0.0,55.11774299950439,0.0,0.0
2457,5.696292044525507,5717.03343863723,0.0,55.11774299950439,0.0,0.0
2458,5.696292044525507,5717.03343863723,0.0,55.11774299950439,0.0,0.0
2459,5.696292044525507,5717.03343863723,0.0,55.11774299950439,0.0,0.0
2460,5.696292044525507,5717.03343863723,0.0,55.11774299950439,0.0,0.0
2461,5.696292044525507,5717.03343863723,0.0,55.11774299950439,0.0,0.0
2462,5.696292044525507,5717.03343863723,0.0,55.11774299950439,0.0,0.0
2463,5.696292044525507,5717.03343863723,0.0,55.11774299950439,0.0,0.0
2464,5.696292044525507,5717.03343863723,0.0,55.11774299950439,0.0,0.0
2465,5.696292044525507,5717.03343863723,0.0,55.11774299950439,0.0,0.0
2466,5.696292044525507,5717.03343863723,0.0,55.11774299950439,0.0,0.0
2467,5.696292044525507,5717.03343863723,0.0,55.11774299950439,0.0,0.0
2468,5.696292044525507,5717.03343863723,0.0,55.11774299950439,0.0,0.0
2469,5.696292044525507,5717.03343863723,0.0,55.11774299950439,0.0,0.0
2470,5.696292044525507,5717.03343863723,0.0,55.11774299950439,0.0,0.0
2471,5.696292044525507,5717.03343863723,0.0,55.11774299950439,0.0,0.0
2472,5.696292044525507,5717.03343863723,0.0,55.11774299950439,0.0,0.0
2473,5.696292044525507,5717.03343863723,0.0,55.11774299950439,0.0,0.0
2474,5.696292044525507,5717.03343863723,0.0,55.11774299950439,0.0,0.0
2475,5.696292044525507,5717.03343863723,0.0,55.11774299950439,0.0,0.0
2476,5.696292044525507,5717.03343863723,0.0,55.11774299950439,0.0,0.0
2477,5.696292044525507,5717.03343863723,0.0,55.11774299950439,0.0,0.0
2478,5.696292044525507,5717.03343863723,0.0,55.11774299950439,0.0,0.0
2479,5.696292044525507,5717.03343863723,0.0,55.11774299950439,0.0,0.0
2480,5.696292044525507,5717.03343863723,0.0,55.11774299950439,0.0,0.0
2481,5.696292044525507,5717.03343863723,0.0,55.11774299950439,0.0,0.0
2482,5.696292044525507,5717.03343863723,0.0,55.11774299950439,0.0,0.0
2483,5.696292044525507,5717.03343863723,0.0,55.11774299950439,0.0,0.0
2484,5.696292044525507,5717.03343863723,0.0,55.11774299950439,0.0,0.0
2485,5.696292044525507,5717.03343863723,0.0,55.11774299950439,0.0,0.0
2486,5.696292044525507,5717.03343863723,0.0,55.11774299950439,0.0,0.0
2487,5.696292044525507,5717.03343863723,0.0,55.11774299950439,0.0,0.0
2488,5.696292044525507,5717.03343863723,0.0,55.11774299950439,0.0,0.0
2489,5.696292044525507,5717.03343863723,0.0,55.11774299950439,0.0,0.0
2490,5.696292044525507,5717.03343863723,0.0,55.11774299950439,0.0,0.0
2491,5.696292044525507,5717.03343863723,0.0,55.11774299950439,0.0,0.0
2492,5.696292044525507,5717.03343863723,0.0,55.11774299950439,0.0,0.0
2493,5.696292044525507,5717.03343863723,0.0,55.11774299950439,0.0,0.0
2494,5.696292044525507,5717.03343863723,0.0,55.11774299950439,0.0,0.0
2495,5.696292044525507,5717.03343863723,0.0,55.11774299950439,0.0,0.0
2496,5.696292044525507,5717.03343863723,0.0,55.11774299950439,0.0,0.0
2497,5.696292044525507,5717.03343863723,0.0,55.11774299950439,0.0,0.0
2498,5.696292044525507,5717.03343863723,0.0,55.11774299950439,0.0,0.0
2499,5.696292044525507,5717.03343863723,0.0,55.11774299950439,0.0,0.0
2500,5.696292044525507,5717.03343863723,0.0,55.11774299950439,0.0,0.0
2501,5.696292044525507,5717.03343863723,0.0,55.11774299950439,0.0,0.0
2502,5.696292044525507,5717.03343863723,0.0,55.11774299950439,0.0,0.0
2503,5.696292044525507,5717.03343863723,0.0,55.11774299950439,0.0,0.0
2504,5.696292044525507,5717.03343863723,0.0,55.11774299950439,0.0,0.0
2505,5.696292044525507,5717.03343863723,0.0,55.11774299950439,0.0,0.0
2506,5.696292044525507,5717.03343863723,0.0,55.11774299950439,0.0,0.0
2507,5.696292044525507,5717.03343863723,0.0,55.11774299950439,0.0,0.0
2508,5.696292044525507,5717.03343863723,0.0,55.11774299950439,0.0,0.0
2509,5.696292044525507,5717.03343863723,0.0,55.11774299950439,0.0,0.0
2510,5.696292044525507,5717.03343863723,0.0,55.11774299950439,0.0,0.0
2511,5.696292044525507,5717.03343863723,0.0,55.11774299950439,0.0,0.0
2512,5.696292044525507,5717.03343863723,0.0,55.11774299950439,0.0,0.0
2513,5.696292044525507,5717.03343863723,0.0,55.11774299950439,0.0,0.0
2514,5.696292044525507,5717.03343863723,0.0,55.11774299950439,0.0,0.0
2515,5.696292044525507,5717.03343863723,0.0,55.11774299950439,0.0,0.0
2516,5.696292044525507,5717.03343863723,0.0,55.11774299950439,0.0,0.0
2517,5.696292044525507,5717.03343863723,0.0,55.11774299950439,0.0,0.0
2518,5.696292044525507,5717.03343863723,0.0,55.11774299950439,0.0,0.0
2519,5.696292044525507,5717.03343863723,0.0,55.11774299950439,0.0,0.0
2520,3.915434421526483,5918.619371177219,0.0,57.642058330020355,0.0,0.0
2521,3.915434421526483,5918.619371177219,0.0,57.642058330020355,0.0,0.0
2522,3.915434421526483,5918.619371177219,0.0,57.642058330020355,0.0,0.0
2523,3.915434421526483,5918.619371177219,0.0,57.642058330020355,0.0,0.0
2524,3.915434421526483,5918.619371177219,0.0,57.642058330020355,0.0,0.0
2525,3.915434421526483,5918.619371177219,0.0,57.642058330020355,0.0,0.0
2526,3.915434421526483,5918.619371177219,0.0,57.642058330020355,0.0,0.0
2527,3.915434421526483,5918.619371177219,0.0,57.642058330020355,0.0,0.0
2528,3.915434421526483,5918.619371177219,0.0,57.642058330020355,0.0,0.0
2529,3.915434421526483,5918.619371177219,0.0,57.642058330020355,0.0,0.0
2530,3.915434421526483,5918.619371177219,0.0,57.642058330020355,0.0,0.0
2531,3.915434421526483,5918.619371177219,0.0,57.642058330020355,0.0,0.0
2532,3.915434421526483,5918.619371177219,0.0,57.642058330020355,0.0,0.0
2533,3.915434421526483,5918.619371177219,0.0,57.642058330020355,0.0,0.0
2534,3.915434421526483,5918.619371177219,0.0,57.642058330020355,0.0,0.0
2535,3.915434421526483,5918.619371177219,0.0,57.642058330020355,0.0,0.0
2536,3.915434421526483,5918.619371177219,0.0,57.642058330020355,0.0,0.0
2537,3.915434421526483,5918.619371177219,0.0,57.642058330020355,0.0,0.0
2538,3.915434421526483,5918.619371177219,0.0,57.642058330020355,0.0,0.0
2539,3.915434421526483,5918.619371177219,0.0,57.642058330020355,0.0,0.0
2540,3.915434421526483,5918.619371177219,0.0,57.642058330020355,0.0,0.0
2541,3.915434421526483,5918.619371177219,0.0,57.642058330020355,0.0,0.0
2542,3.915434421526483,5918.619371177219,0.0,57.642058330020355,0.0,0.0
2543,3.915434421526483,5918.619371177219,0.0,57.642058330020355,0.0,0.0
2544,3.915434421526483,5918.619371177219,0.0,57.642058330020355,0.0,0.0
2545,3.915434421526483,5918.619371177219,0.0,57.642058330020355,0.0,0.0
2546,3.915434421526483,5918.619371177219,0.0,57.642058330020355,0.0,0.0
2547,3.915434421526483,5918.619371177219,0.0,57.642058330020355,0.0,0.0
2548,3.915434421526483,5918.619371177219,0.0,57.642058330020355,0.0,0.0
2549,3.915434421526483,5918.619371177219,0.0,57.642058330020355,0.0,0.0
2550,3.915434421526483,5918.619371177219,0.0,57.642058330020355,0.0,0.0
2551,3.915434421526483,5918.619371177219,0.0,57.642058330020355,0.0,0.0
2552,3.915434421526483,5918.619371177219,0.0,57.642058330020355,0.0,0.0
2553,3.915434421526483,5918.619371177219,0.0,57.642058330020355,0.0,0.0
2554,3.915434421526483,5918.619371177219,0.0,57.642058330020355,0.0,0.0
2555,3.915434421526483,5918.619371177219,0.0,57.642058330020355,0.0,0.0
2556,3.915434421526483,5918.619371177219,0.0,57.642058330020355,0.0,0.0
2557,3.915434421526483,5918.619371177219,0.0,57.642058330020355,0.0,0.0
2558,3.915434421526483,5918.619371177219,0.0,57.642058330020355,0.0,0.0
2559,3.915434421526483,5918.619371177219,0.0,57.642058330020355,0.0,0.0
2560,3.915434421526483,5918.619371177219,0.0,57.642058330020355,0.0,0.0
2561,3.915434421526483,5918.619371177219,0.0,57.642058330020355,0.0,0.0
2562,3.915434421526483,5918.619371177219,0.0,57.642058330020355,0.0,0.0
2563,3.915434421526483,5918.619371177219,0.0,57.642058330020355,0.0,0.0
2564,3.915434421526483,5918.619371177219,0.0,57.642058330020355,0.0,0.0
2565,3.915434421526483,5918.619371177219,0.0,57.642058330020355,0.0,0.0
2566,3.915434421526483,5918.619371177219,0.0,57.642058330020355,0.0,0.0
2567,3.915434421526483,5918.619371177219,0.0,57.642058330020355,0.0,0.0
2568,3.915434421526483,5918.619371177219,0.0,57.642058330020355,0.0,0.0
2569,3.915434421526483,5918.619371177219,0.0,57.642058330020355,0.0,0.0
2570,3.915434421526483,5918.619371177219,0.0,57.642058330020355,0.0,0.0
2571,3.915434421526483,5918.619371177219,0.0,57.642058330020355,0.0,0.0
2572,3.915434421526483,5918.619371177219,0.0,57.642058330020355,0.0,0.0
2573,3.915434421526483,5918.619371177219,0.0,57.642058330020355,0.0,0.0
2574,3.915434421526483,5918.619371177219,0.0,57.642058330020355,0.0,0.0
2575,3.915434421526483,5918.619371177219,0.0,57.642058330020355,0.0,0.0
2576,3.915434421526483,5918.619371177219,0.0,57.642058330020355,0.0,0.0
2577,3.915434421526483,5918.619371177219,0.0,57.642058330020355,0.0,0.0
2578,3.915434421526483,5918.619371177219,0.0,57.642058330020355,0.0,0.0
2579,3.915434421526483,5918.619371177219,0.0,57.642058330020355,0.0,0.0
2580,3.915434421526483,5918.619371177219,0.0,57.642058330020355,0.0,0.0
2581,3.915434421526483,5918.619371177219,0.0,57.642058330020355,0.0,0.0
2582,3.915434421526483,5918.619371177219,0.0,57.642058330020355,0.0,0.0
2583,3.915434421526483,5918.619371177219,0.0,57.642058330020355,0.0,0.0
2584,3.915434421526483,5918.619371177219,0.0,57.642058330020355,0.0,0.0
2585,3.915434421526483,5918.619371177219,0.0,57.642058330020355,0.0,0.0
2586,3.915434421526483,5918.619371177219,0.0,57.642058330020355,0.0,0.0
2587,3.915434421526483,5918.619371177219,0.0,57.642058330020355,0.0,0.0
2588,3.915434421526483,5918.619371177219,0.0,57.642058330020355,0.0,0.0
2589,3.915434421526483,5918.619371177219,0.0,57.642058330020355,0.0,0.0
2590,3.915434421526483,5918.619371177219,0.0,57.642058330020355,0.0,0.0
2591,3.915434421526483,5918.619371177219,0.0,57.642058330020355,0.0,0.0
2592,3.915434421526483,5918.619371177219,0.0,57.642058330020355,0.0,0.0
2593,3.915434421526483,5918.619371177219,0.0,57.642058330020355,0.0,0.0
2594,3.915434421526483,5918.619371177219,0.0,57.642058330020355,0.0,0.0
2595,3.915434421526483,5918.619371177219,0.0,57.642058330020355,0.0,0.0
2596,3.915434421526483,5918.619371177219,0.0,57.642058330020355,0.0,0.0
2597,3.915434421526483,5918.619371177219,0.0,57.642058330020355,0.0,0.0
2598,3.915434421526483,5918.619371177219,0.0,57.642058330020355,0.0,0.0
2599,3.915434421526483,5918.619371177219,0.0,57.642058330020355,0.0,0.0
2600,3.915434421526483,5918.619371177219,0.0,57.642058330020355,0.0,0.0
2601,3.915434421526483,5918.619371177219,0.0,57.642058330020355,0.0,0.0
2602,3.915434421526483,5918.619371177219,0.0,57.642058330020355,0.0,0.0
2603,3.915434421526483,5918.619371177219,0.0,57.642058330020355,0.0,0.0
2604,3.915434421526483,5918.619371177219,0.0,57.642058330020355,0.0,0.0
2605,3.915434421526483,5918.619371177219,0.0,57.642058330020355,0.0,0.0
2606,3.915434421526483,5918.619371177219,0.0,57.642058330020355,0.0,0.0
2607,3.915434421526483,5918.619371177219,0.0,57.642058330020355,0.0,0.0
2608,3.915434421526483,5918.619371177219,0.0,57.642058330020355,0.0,0.0
2609,3.915434421526483,5918.619371177219,0.0,57.642058330020355,0.0,0.0
2610,3.915434421526483,5918.619371177219,0.0,57.642058330020355,0.0,0.0
2611,3.915434421526483,5918.619371177219,0.0,57.642058330020355,0.0,0.0
2612,3.915434421526483,5918.619371177219,0.0,57.642058330020355,0.0,0.0
2613,3.915434421526483,5918.619371177219,0.0,57.642058330020355,0.0,0.0
2614,3.915434421526483,5918.619371177219,0.0,57.642058330020355,0.0,0.0
2615,3.915434421526483,5918.619371177219,0.0,57.642058330020355,0.0,0.0
2616,3.915434421526483,5918.619371177219,0.0,57.642058330020355,0.0,0.0
2617,3.915434421526483,5918.619371177219,0.0,57.642058330020355,0.0,0.0
2618,3.915434421526483,5918.619371177219,0.0,57.642058330020355,0.0,0.0
2619,3.915434421526483,5918.619371177219,0.0,57.642058330020355,0.0,0.0
2620,3.915434421526483,5918.619371177219,0.0,57.642058330020355,0.0,0.0
2621,3.915434421526483,5918.619371177219,0.0,57.642058330020355,0.0,0.0
2622,3.915434421526483,5918.619371177219,0.0,57.642058330020355,0.0,0.0
2623,3.915434421526483,5918.619371177219,0.0,57.642058330020355,0.0,0.0
2624,3.915434421526483,5918.619371177219,0.0,57.642058330020355,0.0,0.0
2625,3.915434421526483,5918.619371177219,0.0,57.642058330020355,0.0,0.0
2626,3.915434421526483,5918.619371177219,0.0,57.642058330020355,0.0,0.0
2627,3.915434421526483,5918.619371177219,0.0,57.642058330020355,0.0,0.0
2628,3.915434421526483,5918.619371177219,0.0,57.642058330020355,0.0,0.0
2629,3.915434421526483,5918.619371177219,0.0,57.642058330020355,0.0,0.0
2630,3.915434421526483,5918.619371177219,0.0,57.642058330020355,0.0,0.0
2631,3.915434421526483,5918.619371177219,0.0,57.642058330020355,0.0,0.0
2632,3.915434421526483,5918.619371177219,0.0,57.642058330020355,0.0,0.0
2633,3.915434421526483,5918.619371177219,0.0,57.642058330020355,0.0,0.0
2634,3.915434421526483,5918.619371177219,0.0,57.642058330020355,0.0,0.0
2635,3.915434421526483,5918.619371177219,0.0,57.642058330020355,0.0,0.0
2636,3.915434421526483,5918.619371177219,0.0,57.642058330020355,0.0,0.0
2637,3.915434421526483,5918.619371177219,0.0,57.642058330020355,0.0,0.0
2638,3.915434421526483,5918.619371177219,0.0,57.642058330020355,0.0,0.0
2639,3.915434421526483,5918.619371177219,0.0,57.642058330020355,0.0,0.0
2640,3.915434421526483,5918.619371177219,0.0,57.642058330020355,0.0,0.0
2641,3.915434421526483,5918.619371177219,0.0,57.642058330020355,0.0,0.0
2642,3.915434421526483,5918.619371177219,0.0,57.642058330020355,0.0,0.0
2643,3.915434421526483,5918.619371177219,0.0,57.642058330020355,0.0,0.0
2644,3.915434421526483,5918.619371177219,0.0,57.642058330020355,0.0,0.0
2645,3.915434421526483,5918.619371177219,0.0,57.642058330020355,0.0,0.0
2646,3.915434421526483,5918.619371177219,0.0,57.642058330020355,0.0,0.0
2647,3.915434421526483,5918.619371177219,0.0,57.642058330020355,0.0,0.0
2648,3.915434421526483,5918.619371177219,0.0,57.642058330020355,0.0,0.0
2649,3.915434421526483,5918.619371177219,0.0,57.642058330020355,0.0,0.0
2650,3.915434421526483,5918.619371177219,0.0,57.642058330020355,0.0,0.0
2651,3.915434421526483,5918.619371177219,0.0,57.642058330020355,0.0,0.0
2652,3.915434421526483,5918.619371177219,0.0,57.642058330020355,0.0,0.0
2653,3.915434421526483,5918.619371177219,0.0,57.642058330020355,0.0,0.0
2654,3.915434421526483,5918.619371177219,0.0,57.642058330020355,0.0,0.0
2655,3.915434421526483,5918.619371177219,0.0,57.642058330020355,0.0,0.0
2656,3.915434421526483,5918.619371177219,0.0,57.642058330020355,0.0,0.0
2657,3.915434421526483,5918.619371177219,0.0,57.642058330020355,0.0,0.0
2658,3.915434421526483,5918.619371177219,0.0,57.642058330020355,0.0,0.0
2659,3.915434421526483,5918.619371177219,0.0,57.642058330020355,0.0,0.0
2660,3.915434421526483,5918.619371177219,0.0,57.642058330020355,0.0,0.0
2661,3.915434421526483,5918.619371177219,0.0,57.642058330020355,0.0,0.0
2662,3.915434421526483,5918.619371177219,0.0,57.642058330020355,0.0,0.0
2663,3.915434421526483,5918.619371177219,0.0,57.642058330020355,0.0,0.0
2664,3.915434421526483,5918.619371177219,0.0,57.642058330020355,0.0,0.0
2665,3.915434421526483,5918.619371177219,0.0,57.642058330020355,0.0,0.0
2666,3.915434421526483,5918.619371177219,0.0,57.642058330020355,0.0,0.0
2667,3.915434421526483,5918.619371177219,0.0,57.642058330020355,0.0,0.0
2668,3.915434421526483,5918.619371177219,0.0,57.642058330020355,0.0,0.0
2669,3.915434421526483,5918.619371177219,0.0,57.642058330020355,0.0,0.0
2670,3.915434421526483,5918.619371177219,0.0,57.642058330020355,0.0,0.0
2671,3.915434421526483,5918.619371177219,0.0,57.642058330020355,0.0,0.0
2672,3.915434421526483,5918.619371177219,0.0,57.642058330020355,0.0,0.0
2673,3.915434421526483,5918.619371177219,0.0,57.642058330020355,0.0,0.0
2674,3.915434421526483,5918.619371177219,0.0,57.642058330020355,0.0,0.0
2675,3.915434421526483,5918.619371177219,0.0,57.642058330020355,0.0,0.0
2676,3.915434421526483,5918.619371177219,0.0,57.642058330020355,0.0,0.0
2677,3.915434421526483,5918.619371177219,0.0,57.642058330020355,0.0,0.0
2678,3.915434421526483,5918.619371177219,0.0,57.642058330020355,0.0,0.0
2679,3.915434421526483,5918.619371177219,0.0,57.642058330020355,0.0,0.0
2680,3.915434421526483,5918.619371177219,0.0,57.642058330020355,0.0,0.0
2681,3.915434421526483,5918.619371177219,0.0,57.642058330020355,0.0,0.0
2682,3.915434421526483,5918.619371177219,0.0,57.642058330020355,0.0,0.0
2683,3.915434421526483,5918.619371177219,0.0,57.642058330020355,0.0,0.0
2684,3.915434421526483,5918.619371177219,0.0,57.642058330020355,0.0,0.0
2685,3.915434421526483,5918.619371177219,0.0,57.642058330020355,0.0,0.0
2686,3.915434421526483,5918.619371177219,0.0,57.642058330020355,0.0,0.0
2687,3.915434421526483,5918.619371177219,0.0,57.642058330020355,0.0,0.0
2688,18.80654762317547,19090.272161169363,0.0,60.423821726349935,0.0,0.0
2689,18.80654762317547,19090.272161169363,0.0,60.423821726349935,0.0,0.0
2690,18.80654762317547,19090.272161169363,0.0,60.423821726349935,0.0,0.0
2691,18.80654762317547,19090.272161169363,0.0,60.423821726349935,0.0,0.0
2692,18.80654762317547,19090.272161169363,0.0,60.423821726349935,0.0,0.0
2693,18.80654762317547,19090.272161169363,0.0,60.423821726349935,0.0,0.0
2694,18.80654762317547,19090.272161169363,0.0,60.423821726349935,0.0,0.0
2695,18.80654762317547,19090.272161169363,0.0,60.423821726349935,0.0,0.0
2696,18.80654762317547,19090.272161169363,0.0,60.423821726349935,0.0,0.0
2697,18.80654762317547,19090.272161169363,0.0,60.423821726349935,0.0,0.0
2698,18.80654762317547,19090.272161169363,0.0,60.423821726349935,0.0,0.0
2699,18.80654762317547,19090.272161169363,0.0,60.423821726349935,0.0,0.0
2700,18.80654762317547,19090.272161169363,0.0,60.423821726349935,0.0,0.0
2701,18.80654762317547,19090.272161169363,0.0,60.423821726349935,0.0,0.0
2702,18.80654762317547,19090.272161169363,0.0,60.423821726349935,0.0,0.0
2703,18.80654762317547,19090.272161169363,0.0,60.423821726349935,0.0,0.0
2704,18.80654762317547,19090.272161169363,0.0,60.423821726349935,0.0,0.0
2705,18.80654762317547,19090.272161169363,0.0,60.423821726349935,0.0,0.0
2706,18.80654762317547,19090.272161169363,0.0,60.423821726349935,0.0,0.0
2707,18.80654762317547,19090.272161169363,0.0,60.423821726349935,0.0,0.0
2708,18.80654762317547,19090.272161169363,0.0,60.423821726349935,0.0,0.0
2709,18.80654762317547,19090.272161169363,0.0,60.423821726349935,0.0,0.0
2710,18.80654762317547,19090.272161169363,0.0,60.423821726349935,0.0,0.0
2711,18.80654762317547,19090.272161169363,0.0,60.423821726349935,0.0,0.0
2712,18.80654762317547,19090.272161169363,0.0,60.423821726349935,0.0,0.0
2713,18.80654762317547,19090.272161169363,0.0,60.423821726349935,0.0,0.0
2714,18.80654762317547,19090.272161169363,0.0,60.423821726349935,0.0,0.0
2715,18.80654762317547,19090.272161169363,0.0,60.423821726349935,0.0,0.0
2716,18.80654762317547,19090.272161169363,0.0,60.423821726349935,0.0,0.0
2717,18.80654762317547,19090.272161169363,0.0,60.423821726349935,0.0,0.0
2718,18.80654762317547,19090.272161169363,0.0,60.423821726349935,0.0,0.0
2719,18.80654762317547,19090.272161169363,0.0,60.423821726349935,0.0,0.0
2720,18.80654762317547,19090.272161169363,0.0,60.423821726349935,0.0,0.0
2721,18.80654762317547,19090.272161169363,0.0,60.423821726349935,0.0,0.0
2722,18.80654762317547,19090.272161169363,0.0,60.423821726349935,0.0,0.0
2723,18.80654762317547,19090.272161169363,0.0,60.423821726349935,0.0,0.0
2724,18.80654762317547,19090.272161169363,0.0,60.423821726349935,0.0,0.0
2725,18.80654762317547,19090.272161169363,0.0,60.423821726349935,0.0,0.0
2726,18.80654762317547,19090.272161169363,0.0,60.423821726349935,0.0,0.0
2727,18.80654762317547,19090.272161169363,0.0,60.423821726349935,0.0,0.0
2728,18.80654762317547,19090.272161169363,0.0,60.423821726349935,0.0,0.0
2729,18.80654762317547,19090.272161169363,0.0,60.423821726349935,0.0,0.0
2730,18.80654762317547,19090.272161169363,0.0,60.423821726349935,0.0,0.0
2731,18.80654762317547,19090.272161169363,0.0,60.423821726349935,0.0,0.0
2732,18.80654762317547,19090.272161169363,0.0,60.423821726349935,0.0,0.0
2733,18.80654762317547,19090.272161169363,0.0,60.423821726349935,0.0,0.0
2734,18.80654762317547,19090.272161169363,0.0,60.423821726349935,0.0,0.0
2735,18.80654762317547,19090.272161169363,0.0,60.423821726349935,0.0,0.0
2736,18.80654762317547,19090.272161169363,0.0,60.423821726349935,0.0,0.0
2737,18.80654762317547,19090.272161169363,0.0,60.423821726349935,0.0,0.0
2738,18.80654762317547,19090.272161169363,0.0,60.423821726349935,0.0,0.0
2739,18.80654762317547,19090.272161169363,0.0,60.423821726349935,0.0,0.0
2740,18.80654762317547,19090.272161169363,0.0,60.423821726349935,0.0,0.0
2741,18.80654762317547,19090.272161169363,0.0,60.423821726349935,0.0,0.0
2742,18.80654762317547,19090.272161169363,0.0,60.423821726349935,0.0,0.0
2743,18.80654762317547,19090.272161169363,0.0,60.423821726349935,0.0,0.0
2744,18.80654762317547,19090.272161169363,0.0,60.423821726349935,0.0,0.0
2745,18.80654762317547,19090.272161169363,0.0,60.423821726349935,0.0,0.0
2746,18.80654762317547,19090.272161169363,0.0,60.423821726349935,0.0,0.0
2747,18.80654762317547,19090.272161169363,0.0,60.423821726349935,0.0,0.0
2748,18.80654762317547,19090.272161169363,0.0,60.423821726349935,0.0,0.0
2749,18.80654762317547,19090.272161169363,0.0,60.423821726349935,0.0,0.0
2750,18.80654762317547,19090.272161169363,0.0,60.423821726349935,0.0,0.0
2751,18.80654762317547,19090.272161169363,0.0,60.423821726349935,0.0,0.0
2752,18.80654762317547,19090.272161169363,0.0,60.423821726349935,0.0,0.0
2753,18.80654762317547,19090.272161169363,0.0,60.423821726349935,0.0,0.0
2754,18.80654762317547,19090.272161169363,0.0,60.423821726349935,0.0,0.0
2755,18.80654762317547,19090.272161169363,0.0,60.423821726349935,0.0,0.0
2756,18.80654762317547,19090.272161169363,0.0,60.423821726349935,0.0,0.0
2757,18.80654762317547,19090.272161169363,0.0,60.423821726349935,0.0,0.0
2758,18.80654762317547,19090.272161169363,0.0,60.423821726349935,0.0,0.0
2759,18.80654762317547,19090.272161169363,0.0,60.423821726349935,0.0,0.0
2760,18.80654762317547,19090.272161169363,0.0,60.423821726349935,0.0,0.0
2761,18.80654762317547,19090.272161169363,0.0,60.423821726349935,0.0,0.0
2762,18.80654762317547,19090.272161169363,0.0,60.423821726349935,0.0,0.0
2763,18.80654762317547,19090.272161169363,0.0,60.423821726349935,0.0,0.0
2764,18.80654762317547,19090.272161169363,0.0,60.423821726349935,0.0,0.0
2765,18.80654762317547,19090.272161169363,0.0,60.423821726349935,0.0,0.0
2766,18.80654762317547,19090.272161169363,0.0,60.423821726349935,0.0,0.0
2767,18.80654762317547,19090.272161169363,0.0,60.423821726349935,0.0,0.0
2768,18.80654762317547,19090.272161169363,0.0,60.423821726349935,0.0,0.0
2769,18.80654762317547,19090.272161169363,0.0,60.423821726349935,0.0,0.0
2770,18.80654762317547,19090.272161169363,0.0,60.423821726349935,0.0,0.0
2771,18.80654762317547,19090.272161169363,0.0,60.423821726349935,0.0,0.0
2772,18.80654762317547,19090.272161169363,0.0,60.423821726349935,0.0,0.0
2773,18.80654762317547,19090.272161169363,0.0,60.423821726349935,0.0,0.0
2774,18.80654762317547,19090.272161169363,0.0,60.423821726349935,0.0,0.0
2775,18.80654762317547,19090.272161169363,0.0,60.423821726349935,0.0,0.0
2776,18.80654762317547,19090.272161169363,0.0,60.423821726349935,0.0,0.0
2777,18.80654762317547,19090.272161169363,0.0,60.423821726349935,0.0,0.0
2778,18.80654762317547,19090.272161169363,0.0,60.423821726349935,0.0,0.0
2779,18.80654762317547,19090.272161169363,0.0,60.423821726349935,0.0,0.0
2780,18.80654762317547,19090.272161169363,0.0,60.423821726349935,0.0,0.0
2781,18.80654762317547,19090.272161169363,0.0,60.423821726349935,0.0,0.0
2782,18.80654762317547,19090.272161169363,0.0,60.423821726349935,0.0,0.0
2783,18.80654762317547,19090.272161169363,0.0,60.423821726349935,0.0,0.0
2784,18.80654762317547,19090.272161169363,0.0,60.423821726349935,0.0,0.0
2785,18.80654762317547,19090.272161169363,0.0,60.423821726349935,0.0,0.0
2786,18.80654762317547,19090.272161169363,0.0,60.423821726349935,0.0,0.0
2787,18.80654762317547,19090.272161169363,0.0,60.423821726349935,0.0,0.0
2788,18.80654762317547,19090.272161169363,0.0,60.423821726349935,0.0,0.0
2789,18.80654762317547,19090.272161169363,0.0,60.423821726349935,0.0,0.0
2790,18.80654762317547,19090.272161169363,0.0,60.423821726349935,0.0,0.0
2791,18.80654762317547,19090.272161169363,0.0,60.423821726349935,0.0,0.0
2792,18.80654762317547,19090.272161169363,0.0,60.423821726349935,0.0,0.0
2793,18.80654762317547,19090.272161169363,0.0,60.423821726349935,0.0,0.0
2794,18.80654762317547,19090.272161169363,0.0,60.423821726349935,0.0,0.0
2795,18.80654762317547,19090.272161169363,0.0,60.423821726349935,0.0,0.0
2796,18.80654762317547,19090.272161169363,0.0,60.423821726349935,0.0,0.0
2797,18.80654762317547,19090.272161169363,0.0,60.423821726349935,0.0,0.0
2798,18.80654762317547,19090.272161169363,0.0,60.423821726349935,0.0,0.0
2799,18.80654762317547,19090.272161169363,0.0,60.423821726349935,0.0,0.0
2800,18.80654762317547,19090.272161169363,0.0,60.423821726349935,0.0,0.0
2801,18.80654762317547,19090.272161169363,0.0,60.423821726349935,0.0,0.0
2802,18.80654762317547,19090.272161169363,0.0,60.423821726349935,0.0,0.0
2803,18.80654762317547,19090.272161169363,0.0,60.423821726349935,0.0,0.0
2804,18.80654762317547,19090.272161169363,0.0,60.423821726349935,0.0,0.0
2805,18.80654762317547,19090.272161169363,0.0,60.423821726349935,0.0,0.0
2806,18.80654762317547,19090.272161169363,0.0,60.423821726349935,0.0,0.0
2807,18.80654762317547,19090.272161169363,0.0,60.423821726349935,0.0,0.0
2808,18.80654762317547,19090.272161169363,0.0,60.423821726349935,0.0,0.0
2809,18.80654762317547,19090.272161169363,0.0,60.423821726349935,0.0,0.0
2810,18.80654762317547,19090.272161169363,0.0,60.423821726349935,0.0,0.0
2811,18.80654762317547,19090.272161169363,0.0,60.423821726349935,0.0,0.0
2812,18.80654762317547,19090.272161169363,0.0,60.423821726349935,0.0,0.0
2813,18.80654762317547,19090.272161169363,0.0,60.423821726349935,0.0,0.0
2814,18.80654762317547,19090.272161169363,0.0,60.423821726349935,0.0,0.0
2815,18.80654762317547,19090.272161169363,0.0,60.423821726349935,0.0,0.0
2816,18.80654762317547,19090.272161169363,0.0,60.423821726349935,0.0,0.0
2817,18.80654762317547,19090.272161169363,0.0,60.423821726349935,0.0,0.0
2818,18.80654762317547,19090.272161169363,0.0,60.423821726349935,0.0,0.0
2819,18.80654762317547,19090.272161169363,0.0,60.423821726349935,0.0,0.0
2820,18.80654762317547,19090.272161169363,0.0,60.423821726349935,0.0,0.0
2821,18.80654762317547,19090.272161169363,0.0,60.423821726349935,0.0,0.0
2822,18.80654762317547,19090.272161169363,0.0,60.423821726349935,0.0,0.0
2823,18.80654762317547,19090.272161169363,0.0,60.423821726349935,0.0,0.0
2824,18.80654762317547,19090.272161169363,0.0,60.423821726349935,0.0,0.0
2825,18.80654762317547,19090.272161169363,0.0,60.423821726349935,0.0,0.0
2826,18.80654762317547,19090.272161169363,0.0,60.423821726349935,0.0,0.0
2827,18.80654762317547,19090.272161169363,0.0,60.423821726349935,0.0,0.0
2828,18.80654762317547,19090.272161169363,0.0,60.423821726349935,0.0,0.0
2829,18.80654762317547,19090.272161169363,0.0,60.423821726349935,0.0,0.0
2830,18.80654762317547,19090.272161169363,0.0,60.423821726349935,0.0,0.0
2831,18.80654762317547,19090.272161169363,0.0,60.423821726349935,0.0,0.0
2832,18.80654762317547,19090.272161169363,0.0,60.423821726349935,0.0,0.0
2833,18.80654762317547,19090.272161169363,0.0,60.423821726349935,0.0,0.0
2834,18.80654762317547,19090.272161169363,0.0,60.423821726349935,0.0,0.0
2835,18.80654762317547,19090.272161169363,0.0,60.423821726349935,0.0,0.0
2836,18.80654762317547,19090.272161169363,0.0,60.423821726349935,0.0,0.0
2837,18.80654762317547,19090.272161169363,0.0,60.423821726349935,0.0,0.0
2838,18.80654762317547,19090.272161169363,0.0,60.423821726349935,0.0,0.0
2839,18.80654762317547,19090.272161169363,0.0,60.423821726349935,0.0,0.0
2840,18.80654762317547,19090.272161169363,0.0,60.423821726349935,0.0,0.0
2841,18.80654762317547,19090.272161169363,0.0,60.423821726349935,0.0,0.0
2842,18.80654762317547,19090.272161169363,0.0,60.423821726349935,0.0,0.0
2843,18.80654762317547,19090.272161169363,0.0,60.423821726349935,0.0,0.0
2844,18.80654762317547,19090.272161169363,0.0,60.423821726349935,0.0,0.0
2845,18.80654762317547,19090.272161169363,0.0,60.423821726349935,0.0,0.0
2846,18.80654762317547,19090.272161169363,0.0,60.423821726349935,0.0,0.0
2847,18.80654762317547,19090.272161169363,0.0,60.423821726349935,0.0,0.0
2848,18.80654762317547,19090.272161169363,0.0,60.423821726349935,0.0,0.0
2849,18.80654762317547,19090.272161169363,0.0,60.423821726349935,0.0,0.0
2850,18.80654762317547,19090.272161169363,0.0,60.423821726349935,0.0,0.0
2851,18.80654762317547,19090.272161169363,0.0,60.423821726349935,0.0,0.0
2852,18.80654762317547,19090.272161169363,0.0,60.423821726349935,0.0,0.0
2853,18.80654762317547,19090.272161169363,0.0,60.423821726349935,0.0,0.0
2854,18.80654762317547,19090.272161169363,0.0,60.423821726349935,0.0,0.0
2855,18.80654762317547,19090.272161169363,0.0,60.423821726349935,0.0,0.0
2856,39.348969695428636,77927.60147927288,0.0,39.53079641948979,0.0,0.0
2857,39.348969695428636,77927.60147927288,0.0,39.53079641948979,0.0,0.0
2858,39.348969695428636,77927.60147927288,0.0,39.53079641948979,0.0,0.0
2859,39.348969695428636,77927.60147927288,0.0,39.53079641948979,0.0,0.0
2860,39.348969695428636,77927.60147927288,0.0,39.53079641948979,0.0,0.0
2861,39.348969695428636,77927.60147927288,0.0,39.53079641948979,0.0,0.0
2862,39.348969695428636,77927.60147927288,0.0,39.53079641948979,0.0,0.0
2863,39.348969695428636,77927.60147927288,0.0,39.53079641948979,0.0,0.0
2864,39.348969695428636,77927.60147927288,0.0,39.53079641948979,0.0,0.0
2865,39.348969695428636,77927.60147927288,0.0,39.53079641948979,0.0,0.0
2866,39.348969695428636,77927.60147927288,0.0,39.53079641948979,0.0,0.0
2867,39.348969695428636,77927.60147927288,0.0,39.53079641948979,0.0,0.0
2868,39.348969695428636,77927.60147927288,0.0,39.53079641948979,0.0,0.0
2869,39.348969695428636,77927.60147927288,0.0,39.53079641948979,0.0,0.0
2870,39.348969695428636,77927.60147927288,0.0,39.53079641948979,0.0,0.0
2871,39.348969695428636,77927.60147927288,0.0,39.53079641948979,0.0,0.0
2872,39.348969695428636,77927.60147927288,0.0,39.53079641948979,0.0,0.0
2873,39.348969695428636,77927.60147927288,0.0,39.53079641948979,0.0,0.0
2874,39.348969695428636,77927.60147927288,0.0,39.53079641948979,0.0,0.0
2875,39.348969695428636,77927.60147927288,0.0,39.53079641948979,0.0,0.0
2876,39.348969695428636,77927.60147927288,0.0,39.53079641948979,0.0,0.0
2877,39.348969695428636,77927.60147927288,0.0,39.53079641948979,0.0,0.0
2878,39.348969695428636,77927.60147927288,0.0,39.53079641948979,0.0,0.0
2879,39.348969695428636,77927.60147927288,0.0,39.53079641948979,0.0,0.0
2880,39.348969695428636,77927.60147927288,0.0,39.53079641948979,0.0,0.0
2881,39.348969695428636,77927.60147927288,0.0,39.53079641948979,0.0,0.0
2882,39.348969695428636,77927.60147927288,0.0,39.53079641948979,0.0,0.0
2883,39.348969695428636,77927.60147927288,0.0,39.53079641948979,0.0,0.0
2884,39.348969695428636,77927.60147927288,0.0,39.53079641948979,0.0,0.0
2885,39.348969695428636,77927.60147927288,0.0,39.53079641948979,0.0,0.0
2886,39.348969695428636,77927.60147927288,0.0,39.53079641948979,0.0,0.0
2887,39.348969695428636,77927.60147927288,0.0,39.53079641948979,0.0,0.0
2888,39.348969695428636,77927.60147927288,0.0,39.53079641948979,0.0,0.0
2889,39.348969695428636,77927.60147927288,0.0,39.53079641948979,0.0,0.0
2890,39.348969695428636,77927.60147927288,0.0,39.53079641948979,0.0,0.0
2891,39.348969695428636,77927.60147927288,0.0,39.53079641948979,0.0,0.0
2892,39.348969695428636,77927.60147927288,0.0,39.53079641948979,0.0,0.0
2893,39.348969695428636,77927.60147927288,0.0,39.53079641948979,0.0,0.0
2894,39.348969695428636,77927.60147927288,0.0,39.53079641948979,0.0,0.0
2895,39.348969695428636,77927.60147927288,0.0,39.53079641948979,0.0,0.0
2896,39.348969695428636,77927.60147927288,0.0,39.53079641948979,0.0,0.0
2897,39.348969695428636,77927.60147927288,0.0,39.53079641948979,0.0,0.0
2898,39.348969695428636,77927.60147927288,0.0,39.53079641948979,0.0,0.0
2899,39.348969695428636,77927.60147927288,0.0,39.53079641948979,0.0,0.0
2900,39.348969695428636,77927.60147927288,0.0,39.53079641948979,0.0,0.0
2901,39.348969695428636,77927.60147927288,0.0,39.53079641948979,0.0,0.0
2902,39.348969695428636,77927.60147927288,0.0,39.53079641948979,0.0,0.0
2903,39.348969695428636,77927.60147927288,0.0,39.53079641948979,0.0,0.0
2904,39.348969695428636,77927.60147927288,0.0,39.53079641948979,0.0,0.0
2905,39.348969695428636,77927.60147927288,0.0,39.53079641948979,0.0,0.0
2906,39.348969695428636,77927.60147927288,0.0,39.53079641948979,0.0,0.0
2907,39.348969695428636,77927.60147927288,0.0,39.53079641948979,0.0,0.0
2908,39.348969695428636,77927.60147927288,0.0,39.53079641948979,0.0,0.0
2909,39.348969695428636,77927.60147927288,0.0,39.53079641948979,0.0,0.0
2910,39.348969695428636,77927.60147927288,0.0,39.53079641948979,0.0,0.0
2911,39.348969695428636,77927.60147927288,0.0,39.53079641948979,0.0,0.0
2912,39.348969695428636,77927.60147927288,0.0,39.53079641948979,0.0,0.0
2913,39.348969695428636,77927.60147927288,0.0,39.53079641948979,0.0,0.0
2914,39.348969695428636,77927.60147927288,0.0,39.53079641948979,0.0,0.0
2915,39.348969695428636,77927.60147927288,0.0,39.53079641948979,0.0,0.0
2916,39.348969695428636,77927.60147927288,0.0,39.53079641948979,0.0,0.0
2917,39.348969695428636,77927.60147927288,0.0,39.53079641948979,0.0,0.0
2918,39.348969695428636,77927.60147927288,0.0,39.53079641948979,0.0,0.0
2919,39.348969695428636,77927.60147927288,0.0,39.53079641948979,0.0,0.0
2920,39.348969695428636,77927.60147927288,0.0,39.53079641948979,0.0,0.0
2921,39.348969695428636,77927.60147927288,0.0,39.53079641948979,0.0,0.0
2922,39.348969695428636,77927.60147927288,0.0,39.53079641948979,0.0,0.0
2923,39.348969695428636,77927.60147927288,0.0,39.53079641948979,0.0,0.0
2924,39.348969695428636,77927.60147927288,0.0,39.53079641948979,0.0,0.0
2925,39.348969695428636,77927.60147927288,0.0,39.53079641948979,0.0,0.0
2926,39.348969695428636,77927.60147927288,0.0,39.53079641948979,0.0,0.0
2927,39.348969695428636,77927.60147927288,0.0,39.53079641948979,0.0,0.0
2928,39.348969695428636,77927.60147927288,0.0,39.53079641948979,0.0,0.0
2929,39.348969695428636,77927.60147927288,0.0,39.53079641948979,0.0,0.0
2930,39.348969695428636,77927.60147927288,0.0,39.53079641948979,0.0,0.0
2931,39.348969695428636,77927.60147927288,0.0,39.53079641948979,0.0,0.0
2932,39.348969695428636,77927.60147927288,0.0,39.53079641948979,0.0,0.0
2933,39.348969695428636,77927.60147927288,0.0,39.53079641948979,0.0,0.0
2934,39.348969695428636,77927.60147927288,0.0,39.53079641948979,0.0,0.0
2935,39.348969695428636,77927.60147927288,0.0,39.53079641948979,0.0,0.0
2936,39.348969695428636,77927.60147927288,0.0,39.53079641948979,0.0,0.0
2937,39.348969695428636,77927.60147927288,0.0,39.53079641948979,0.0,0.0
2938,39.348969695428636,77927.60147927288,0.0,39.53079641948979,0.0,0.0
2939,39.348969695428636,77927.60147927288,0.0,39.53079641948979,0.0,0.0
2940,39.348969695428636,77927.60147927288,0.0,39.53079641948979,0.0,0.0
2941,39.348969695428636,77927.60147927288,0.0,39.53079641948979,0.0,0.0
2942,39.348969695428636,77927.60147927288,0.0,39.53079641948979,0.0,0.0
2943,39.348969695428636,77927.60147927288,0.0,39.53079641948979,0.0,0.0
2944,39.348969695428636,77927.60147927288,0.0,39.53079641948979,0.0,0.0
2945,39.348969695428636,77927.60147927288,0.0,39.53079641948979,0.0,0.0
2946,39.348969695428636,77927.60147927288,0.0,39.53079641948979,0.0,0.0
2947,39.348969695428636,77927.60147927288,0.0,39.53079641948979,0.0,0.0
2948,39.348969695428636,77927.60147927288,0.0,39.53079641948979,0.0,0.0
2949,39.348969695428636,77927.60147927288,0.0,39.53079641948979,0.0,0.0
2950,39.348969695428636,77927.60147927288,0.0,39.53079641948979,0.0,0.0
2951,39.348969695428636,77927.60147927288,0.0,39.53079641948979,0.0,0.0
2952,39.348969695428636,77927.60147927288,0.0,39.53079641948979,0.0,0.0
2953,39.348969695428636,77927.60147927288,0.0,39.53079641948979,0.0,0.0
2954,39.348969695428636,77927.60147927288,0.0,39.53079641948979,0.0,0.0
2955,39.348969695428636,77927.60147927288,0.0,39.53079641948979,0.0,0.0
2956,39.348969695428636,77927.60147927288,0.0,39.53079641948979,0.0,0.0
2957,39.348969695428636,77927.60147927288,0.0,39.53079641948979,0.0,0.0
2958,39.348969695428636,77927.60147927288,0.0,39.53079641948979,0.0,0.0
2959,39.348969695428636,77927.60147927288,0.0,39.53079641948979,0.0,0.0
2960,39.348969695428636,77927.60147927288,0.0,39.53079641948979,0.0,0.0
2961,39.348969695428636,77927.60147927288,0.0,39.53079641948979,0.0,0.0
2962,39.348969695428636,77927.60147927288,0.0,39.53079641948979,0.0,0.0
2963,39.348969695428636,77927.60147927288,0.0,39.53079641948979,0.0,0.0
2964,39.348969695428636,77927.60147927288,0.0,39.53079641948979,0.0,0.0
2965,39.348969695428636,77927.60147927288,0.0,39.53079641948979,0.0,0.0
2966,39.348969695428636,77927.60147927288,0.0,39.53079641948979,0.0,0.0
2967,39.348969695428636,77927.60147927288,0.0,39.53079641948979,0.0,0.0
2968,39.348969695428636,77927.60147927288,0.0,39.53079641948979,0.0,0.0
2969,39.348969695428636,77927.60147927288,0.0,39.53079641948979,0.0,0.0
2970,39.348969695428636,77927.60147927288,0.0,39.53079641948979,0.0,0.0
2971,39.348969695428636,77927.60147927288,0.0,39.53079641948979,0.0,0.0
2972,39.348969695428636,77927.60147927288,0.0,39.53079641948979,0.0,0.0
2973,39.348969695428636,77927.60147927288,0.0,39.53079641948979,0.0,0.0
2974,39.348969695428636,77927.60147927288,0.0,39.53079641948979,0.0,0.0
2975,39.348969695428636,77927.60147927288,0.0,39.53079641948979,0.0,0.0
2976,39.348969695428636,77927.60147927288,0.0,39.53079641948979,0.0,0.0
2977,39.348969695428636,77927.60147927288,0.0,39.53079641948979,0.0,0.0
2978,39.348969695428636,77927.60147927288,0.0,39.53079641948979,0.0,0.0
2979,39.348969695428636,77927.60147927288,0.0,39.53079641948979,0.0,0.0
2980,39.348969695428636,77927.60147927288,0.0,39.53079641948979,0.0,0.0
2981,39.348969695428636,77927.60147927288,0.0,39.53079641948979,0.0,0.0
2982,39.348969695428636,77927.60147927288,0.0,39.53079641948979,0.0,0.0
2983,39.348969695428636,77927.60147927288,0.0,39.53079641948979,0.0,0.0
2984,39.348969695428636,77927.60147927288,0.0,39.53079641948979,0.0,0.0
2985,39.348969695428636,77927.60147927288,0.0,39.53079641948979,0.0,0.0
2986,39.348969695428636,77927.60147927288,0.0,39.53079641948979,0.0,0.0
2987,39.348969695428636,77927.60147927288,0.0,39.53079641948979,0.0,0.0
2988,39.348969695428636,77927.60147927288,0.0,39.53079641948979,0.0,0.0
2989,39.348969695428636,77927.60147927288,0.0,39.53079641948979,0.0,0.0
2990,39.348969695428636,77927.60147927288,0.0,39.53079641948979,0.0,0.0
2991,39.348969695428636,77927.60147927288,0.0,39.53079641948979,0.0,0.0
2992,39.348969695428636,77927.60147927288,0.0,39.53079641948979,0.0,0.0
2993,39.348969695428636,77927.60147927288,0.0,39.53079641948979,0.0,0.0
2994,39.348969695428636,77927.60147927288,0.0,39.53079641948979,0.0,0.0
2995,39.348969695428636,77927.60147927288,0.0,39.53079641948979,0.0,0.0
2996,39.348969695428636,77927.60147927288,0.0,39.53079641948979,0.0,0.0
2997,39.348969695428636,77927.60147927288,0.0,39.53079641948979,0.0,0.0
2998,39.348969695428636,77927.60147927288,0.0,39.53079641948979,0.0,0.0
2999,39.348969695428636,77927.60147927288,0.0,39.53079641948979,0.0,0.0
3000,39.348969695428636,77927.60147927288,0.0,39.53079641948979,0.0,0.0
3001,39.348969695428636,77927.60147927288,0.0,39.53079641948979,0.0,0.0
3002,39.348969695428636,77927.60147927288,0.0,39.53079641948979,0.0,0.0
3003,39.348969695428636,77927.60147927288,0.0,39.53079641948979,0.0,0.0
3004,39.348969695428636,77927.60147927288,0.0,39.53079641948979,0.0,0.0
3005,39.348969695428636,77927.60147927288,0.0,39.53079641948979,0.0,0.0
3006,39.348969695428636,77927.60147927288,0.0,39.53079641948979,0.0,0.0
3007,39.348969695428636,77927.60147927288,0.0,39.53079641948979,0.0,0.0
3008,39.348969695428636,77927.60147927288,0.0,39.53079641948979,0.0,0.0
3009,39.348969695428636,77927.60147927288,0.0,39.53079641948979,0.0,0.0
3010,39.348969695428636,77927.60147927288,0.0,39.53079641948979,0.0,0.0
3011,39.348969695428636,77927.60147927288,0.0,39.53079641948979,0.0,0.0
3012,39.348969695428636,77927.60147927288,0.0,39.53079641948979,0.0,0.0
3013,39.348969695428636,77927.60147927288,0.0,39.53079641948979,0.0,0.0
3014,39.348969695428636,77927.60147927288,0.0,39.53079641948979,0.0,0.0
3015,39.348969695428636,77927.60147927288,0.0,39.53079641948979,0.0,0.0
3016,39.348969695428636,77927.60147927288,0.0,39.53079641948979,0.0,0.0
3017,39.348969695428636,77927.60147927288,0.0,39.53079641948979,0.0,0.0
3018,39.348969695428636,77927.60147927288,0.0,39.53079641948979,0.0,0.0
3019,39.348969695428636,77927.60147927288,0.0,39.53079641948979,0.0,0.0
3020,39.348969695428636,77927.60147927288,0.0,39.53079641948979,0.0,0.0
3021,39.348969695428636,77927.60147927288,0.0,39.53079641948979,0.0,0.0
3022,39.348969695428636,77927.60147927288,0.0,39.53079641948979,0.0,0.0
3023,39.348969695428636,77927.60147927288,0.0,39.53079641948979,0.0,0.0
3024,50.370718030734935,82154.56454918884,0.0,47.67313064257392,0.0,0.0
3025,50.370718030734935,82154.56454918884,0.0,47.67313064257392,0.0,0.0
3026,50.370718030734935,82154.56454918884,0.0,47.67313064257392,0.0,0.0
3027,50.370718030734935,82154.56454918884,0.0,47.67313064257392,0.0,0.0
3028,50.370718030734935,82154.56454918884,0.0,47.67313064257392,0.0,0.0
3029,50.370718030734935,82154.56454918884,0.0,47.67313064257392,0.0,0.0
3030,50.370718030734935,82154.56454918884,0.0,47.67313064257392,0.0,0.0
3031,50.370718030734935,82154.56454918884,0.0,47.67313064257392,0.0,0.0
3032,50.370718030734935,82154.56454918884,0.0,47.67313064257392,0.0,0.0
3033,50.370718030734935,82154.56454918884,0.0,47.67313064257392,0.0,0.0
3034,50.370718030734935,82154.56454918884,0.0,47.67313064257392,0.0,0.0
3035,50.370718030734935,82154.56454918884,0.0,47.67313064257392,0.0,0.0
3036,50.370718030734935,82154.56454918884,0.0,47.67313064257392,0.0,0.0
3037,50.370718030734935,82154.56454918884,0.0,47.67313064257392,0.0,0.0
3038,50.370718030734935,82154.56454918884,0.0,47.67313064257392,0.0,0.0
3039,50.370718030734935,82154.56454918884,0.0,47.67313064257392,0.0,0.0
3040,50.370718030734935,82154.56454918884,0.0,47.67313064257392,0.0,0.0
3041,50.370718030734935,82154.56454918884,0.0,47.67313064257392,0.0,0.0
3042,50.370718030734935,82154.56454918884,0.0,47.67313064257392,0.0,0.0
3043,50.370718030734935,82154.56454918884,0.0,47.67313064257392,0.0,0.0
3044,50.370718030734935,82154.56454918884,0.0,47.67313064257392,0.0,0.0
3045,50.370718030734935,82154.56454918884,0.0,47.67313064257392,0.0,0.0
3046,50.370718030734935,82154.56454918884,0.0,47.67313064257392,0.0,0.0
3047,50.370718030734935,82154.56454918884,0.0,47.67313064257392,0.0,0.0
3048,50.370718030734935,82154.56454918884,0.0,47.67313064257392,0.0,0.0
3049,50.370718030734935,82154.56454918884,0.0,47.67313064257392,0.0,0.0
3050,50.370718030734935,82154.56454918884,0.0,47.67313064257392,0.0,0.0
3051,50.370718030734935,82154.56454918884,0.0,47.67313064257392,0.0,0.0
3052,50.370718030734935,82154.56454918884,0.0,47.67313064257392,0.0,0.0
3053,50.370718030734935,82154.56454918884,0.0,47.67313064257392,0.0,0.0
3054,50.370718030734935,82154.56454918884,0.0,47.67313064257392,0.0,0.0
3055,50.370718030734935,82154.56454918884,0.0,47.67313064257392,0.0,0.0
3056,50.370718030734935,82154.56454918884,0.0,47.67313064257392,0.0,0.0
3057,50.370718030734935,82154.56454918884,0.0,47.67313064257392,0.0,0.0
3058,50.370718030734935,82154.56454918884,0.0,47.67313064257392,0.0,0.0
3059,50.370718030734935,82154.56454918884,0.0,47.67313064257392,0.0,0.0
3060,50.370718030734935,82154.56454918884,0.0,47.67313064257392,0.0,0.0
3061,50.370718030734935,82154.56454918884,0.0,47.67313064257392,0.0,0.0
3062,50.370718030734935,82154.56454918884,0.0,47.67313064257392,0.0,0.0
3063,50.370718030734935,82154.56454918884,0.0,47.67313064257392,0.0,0.0
3064,50.370718030734935,82154.56454918884,0.0,47.67313064257392,0.0,0.0
3065,50.370718030734935,82154.56454918884,0.0,47.67313064257392,0.0,0.0
3066,50.370718030734935,82154.56454918884,0.0,47.67313064257392,0.0,0.0
3067,50.370718030734935,82154.56454918884,0.0,47.67313064257392,0.0,0.0
3068,50.370718030734935,82154.56454918884,0.0,47.67313064257392,0.0,0.0
3069,50.370718030734935,82154.56454918884,0.0,47.67313064257392,0.0,0.0
3070,50.370718030734935,82154.56454918884,0.0,47.67313064257392,0.0,0.0
3071,50.370718030734935,82154.56454918884,0.0,47.67313064257392,0.0,0.0
3072,50.370718030734935,82154.56454918884,0.0,47.67313064257392,0.0,0.0
3073,50.370718030734935,82154.56454918884,0.0,47.67313064257392,0.0,0.0
3074,50.370718030734935,82154.56454918884,0.0,47.67313064257392,0.0,0.0
3075,50.370718030734935,82154.56454918884,0.0,47.67313064257392,0.0,0.0
3076,50.370718030734935,82154.56454918884,0.0,47.67313064257392,0.0,0.0
3077,50.370718030734935,82154.56454918884,0.0,47.67313064257392,0.0,0.0
3078,50.370718030734935,82154.56454918884,0.0,47.67313064257392,0.0,0.0
3079,50.370718030734935,82154.56454918884,0.0,47.67313064257392,0.0,0.0
3080,50.370718030734935,82154.56454918884,0.0,47.67313064257392,0.0,0.0
3081,50.370718030734935,82154.56454918884,0.0,47.67313064257392,0.0,0.0
3082,50.370718030734935,82154.56454918884,0.0,47.67313064257392,0.0,0.0
3083,50.370718030734935,82154.56454918884,0.0,47.67313064257392,0.0,0.0
3084,50.370718030734935,82154.56454918884,0.0,47.67313064257392,0.0,0.0
3085,50.370718030734935,82154.56454918884,0.0,47.67313064257392,0.0,0.0
3086,50.370718030734935,82154.56454918884,0.0,47.67313064257392,0.0,0.0
3087,50.370718030734935,82154.56454918884,0.0,47.67313064257392,0.0,0.0
3088,50.370718030734935,82154.56454918884,0.0,47.67313064257392,0.0,0.0
3089,50.370718030734935,82154.56454918884,0.0,47.67313064257392,0.0,0.0
3090,50.370718030734935,82154.56454918884,0.0,47.67313064257392,0.0,0.0
3091,50.370718030734935,82154.56454918884,0.0,47.67313064257392,0.0,0.0
3092,50.370718030734935,82154.56454918884,0.0,47.67313064257392,0.0,0.0
3093,50.370718030734935,82154.56454918884,0.0,47.67313064257392,0.0,0.0
3094,50.370718030734935,82154.56454918884,0.0,47.67313064257392,0.0,0.0
3095,50.370718030734935,82154.56454918884,0.0,47.67313064257392,0.0,0.0
3096,50.370718030734935,82154.56454918884,0.0,47.67313064257392,0.0,0.0
3097,50.370718030734935,82154.56454918884,0.0,47.67313064257392,0.0,0.0
3098,50.370718030734935,82154.56454918884,0.0,47.67313064257392,0.0,0.0
3099,50.370718030734935,82154.56454918884,0.0,47.67313064257392,0.0,0.0
3100,50.370718030734935,82154.56454918884,0.0,47.67313064257392,0.0,0.0
3101,50.370718030734935,82154.56454918884,0.0,47.67313064257392,0.0,0.0
3102,50.370718030734935,82154.56454918884,0.0,47.67313064257392,0.0,0.0
3103,50.370718030734935,82154.56454918884,0.0,47.67313064257392,0.0,0.0
3104,50.370718030734935,82154.56454918884,0.0,47.67313064257392,0.0,0.0
3105,50.370718030734935,82154.56454918884,0.0,47.67313064257392,0.0,0.0
3106,50.370718030734935,82154.56454918884,0.0,47.67313064257392,0.0,0.0
3107,50.370718030734935,82154.56454918884,0.0,47.67313064257392,0.0,0.0
3108,50.370718030734935,82154.56454918884,0.0,47.67313064257392,0.0,0.0
3109,50.370718030734935,82154.56454918884,0.0,47.67313064257392,0.0,0.0
3110,50.370718030734935,82154.56454918884,0.0,47.67313064257392,0.0,0.0
3111,50.370718030734935,82154.56454918884,0.0,47.67313064257392,0.0,0.0
3112,50.370718030734935,82154.56454918884,0.0,47.67313064257392,0.0,0.0
3113,50.370718030734935,82154.56454918884,0.0,47.67313064257392,0.0,0.0
3114,50.370718030734935,82154.56454918884,0.0,47.67313064257392,0.0,0.0
3115,50.370718030734935,82154.56454918884,0.0,47.67313064257392,0.0,0.0
3116,50.370718030734935,82154.56454918884,0.0,47.67313064257392,0.0,0.0
3117,50.370718030734935,82154.56454918884,0.0,47.67313064257392,0.0,0.0
3118,50.370718030734935,82154.56454918884,0.0,47.67313064257392,0.0,0.0
3119,50.370718030734935,82154.56454918884,0.0,47.67313064257392,0.0,0.0
3120,50.370718030734935,82154.56454918884,0.0,47.67313064257392,0.0,0.0
3121,50.370718030734935,82154.56454918884,0.0,47.67313064257392,0.0,0.0
3122,50.370718030734935,82154.56454918884,0.0,47.67313064257392,0.0,0.0
3123,50.370718030734935,82154.56454918884,0.0,47.67313064257392,0.0,0.0
3124,50.370718030734935,82154.56454918884,0.0,47.67313064257392,0.0,0.0
3125,50.370718030734935,82154.56454918884,0.0,47.67313064257392,0.0,0.0
3126,50.370718030734935,82154.56454918884,0.0,47.67313064257392,0.0,0.0
3127,50.370718030734935,82154.56454918884,0.0,47.67313064257392,0.0,0.0
3128,50.370718030734935,82154.56454918884,0.0,47.67313064257392,0.0,0.0
3129,50.370718030734935,82154.56454918884,0.0,47.67313064257392,0.0,0.0
3130,50.370718030734935,82154.56454918884,0.0,47.67313064257392,0.0,0.0
3131,50.370718030734935,82154.56454918884,0.0,47.67313064257392,0.0,0.0
3132,50.370718030734935,82154.56454918884,0.0,47.67313064257392,0.0,0.0
3133,50.370718030734935,82154.56454918884,0.0,47.67313064257392,0.0,0.0
3134,50.370718030734935,82154.56454918884,0.0,47.67313064257392,0.0,0.0
3135,50.370718030734935,82154.56454918884,0.0,47.67313064257392,0.0,0.0
3136,50.370718030734935,82154.56454918884,0.0,47.67313064257392,0.0,0.0
3137,50.370718030734935,82154.56454918884,0.0,47.67313064257392,0.0,0.0
3138,50.370718030734935,82154.56454918884,0.0,47.67313064257392,0.0,0.0
3139,50.370718030734935,82154.56454918884,0.0,47.67313064257392,0.0,0.0
3140,50.370718030734935,82154.56454918884,0.0,47.67313064257392,0.0,0.0
3141,50.370718030734935,82154.56454918884,0.0,47.67313064257392,0.0,0.0
3142,50.370718030734935,82154.56454918884,0.0,47.67313064257392,0.0,0.0
3143,50.370718030734935,82154.56454918884,0.0,47.67313064257392,0.0,0.0
3144,50.370718030734935,82154.56454918884,0.0,47.67313064257392,0.0,0.0
3145,50.370718030734935,82154.56454918884,0.0,47.67313064257392,0.0,0.0
3146,50.370718030734935,82154.56454918884,0.0,47.67313064257392,0.0,0.0
3147,50.370718030734935,82154.56454918884,0.0,47.67313064257392,0.0,0.0
3148,50.370718030734935,82154.56454918884,0.0,47.67313064257392,0.0,0.0
3149,50.370718030734935,82154.56454918884,0.0,47.67313064257392,0.0,0.0
3150,50.370718030734935,82154.56454918884,0.0,47.67313064257392,0.0,0.0
3151,50.370718030734935,82154.56454918884,0.0,47.67313064257392,0.0,0.0
3152,50.370718030734935,82154.56454918884,0.0,47.67313064257392,0.0,0.0
3153,50.370718030734935,82154.56454918884,0.0,47.67313064257392,0.0,0.0
3154,50.370718030734935,82154.56454918884,0.0,47.67313064257392,0.0,0.0
3155,50.370718030734935,82154.56454918884,0.0,47.67313064257392,0.0,0.0
3156,50.370718030734935,82154.56454918884,0.0,47.67313064257392,0.0,0.0
3157,50.370718030734935,82154.56454918884,0.0,47.67313064257392,0.0,0.0
3158,50.370718030734935,82154.56454918884,0.0,47.67313064257392,0.0,0.0
3159,50.370718030734935,82154.56454918884,0.0,47.67313064257392,0.0,0.0
3160,50.370718030734935,82154.56454918884,0.0,47.67313064257392,0.0,0.0
3161,50.370718030734935,82154.56454918884,0.0,47.67313064257392,0.0,0.0
3162,50.370718030734935,82154.56454918884,0.0,47.67313064257392,0.0,0.0
3163,50.370718030734935,82154.56454918884,0.0,47.67313064257392,0.0,0.0
3164,50.370718030734935,82154.56454918884,0.0,47.67313064257392,0.0,0.0
3165,50.370718030734935,82154.56454918884,0.0,47.67313064257392,0.0,0.0
3166,50.370718030734935,82154.56454918884,0.0,47.67313064257392,0.0,0.0
3167,50.370718030734935,82154.56454918884,0.0,47.67313064257392,0.0,0.0
3168,50.370718030734935,82154.56454918884,0.0,47.67313064257392,0.0,0.0
3169,50.370718030734935,82154.56454918884,0.0,47.67313064257392,0.0,0.0
3170,50.370718030734935,82154.56454918884,0.0,47.67313064257392,0.0,0.0
3171,50.370718030734935,82154.56454918884,0.0,47.67313064257392,0.0,0.0
3172,50.370718030734935,82154.56454918884,0.0,47.67313064257392,0.0,0.0
3173,50.370718030734935,82154.56454918884,0.0,47.67313064257392,0.0,0.0
3174,50.370718030734935,82154.56454918884,0.0,47.67313064257392,0.0,0.0
3175,50.370718030734935,82154.56454918884,0.0,47.67313064257392,0.0,0.0
3176,50.370718030734935,82154.56454918884,0.0,47.67313064257392,0.0,0.0
3177,50.370718030734935,82154.56454918884,0.0,47.67313064257392,0.0,0.0
3178,50.370718030734935,82154.56454918884,0.0,47.67313064257392,0.0,0.0
3179,50.370718030734935,82154.56454918884,0.0,47.67313064257392,0.0,0.0
3180,50.370718030734935,82154.56454918884,0.0,47.67313064257392,0.0,0.0
3181,50.370718030734935,82154.56454918884,0.0,47.67313064257392,0.0,0.0
3182,50.370718030734935,82154.56454918884,0.0,47.67313064257392,0.0,0.0
3183,50.370718030734935,82154.56454918884,0.0,47.67313064257392,0.0,0.0
3184,50.370718030734935,82154.56454918884,0.0,47.67313064257392,0.0,0.0
3185,50.370718030734935,82154.56454918884,0.0,47.67313064257392,0.0,0.0
3186,50.370718030734935,82154.56454918884,0.0,47.67313064257392,0.0,0.0
3187,50.370718030734935,82154.56454918884,0.0,47.67313064257392,0.0,0.0
3188,50.370718030734935,82154.56454918884,0.0,47.67313064257392,0.0,0.0
3189,50.370718030734935,82154.56454918884,0.0,47.67313064257392,0.0,0.0
3190,50.370718030734935,82154.56454918884,0.0,47.67313064257392,0.0,0.0
3191,50.370718030734935,82154.56454918884,0.0,47.67313064257392,0.0,0.0
3192,44.93870602206319,45603.20034782619,0.0,44.74132132954496,0.0,0.0
3193,44.93870602206319,45603.20034782619,0.0,44.74132132954496,0.0,0.0
3194,44.93870602206319,45603.20034782619,0.0,44.74132132954496,0.0,0.0
3195,44.93870602206319,45603.20034782619,0.0,44.74132132954496,0.0,0.0
3196,44.93870602206319,45603.20034782619,0.0,44.74132132954496,0.0,0.0
3197,44.93870602206319,45603.20034782619,0.0,44.74132132954496,0.0,0.0
3198,44.93870602206319,45603.20034782619,0.0,44.74132132954496,0.0,0.0
3199,44.93870602206319,45603.20034782619,0.0,44.74132132954496,0.0,0.0
3200,44.93870602206319,45603.20034782619,0.0,44.74132132954496,0.0,0.0
3201,44.93870602206319,45603.20034782619,0.0,44.74132132954496,0.0,0.0
3202,44.93870602206319,45603.20034782619,0.0,44.74132132954496,0.0,0.0
3203,44.93870602206319,45603.20034782619,0.0,44.74132132954496,0.0,0.0
3204,44.93870602206319,45603.20034782619,0.0,44.74132132954496,0.0,0.0
3205,44.93870602206319,45603.20034782619,0.0,44.74132132954496,0.0,0.0
3206,44.93870602206319,45603.20034782619,0.0,44.74132132954496,0.0,0.0
3207,44.93870602206319,45603.20034782619,0.0,44.74132132954496,0.0,0.0
3208,44.93870602206319,45603.20034782619,0.0,44.74132132954496,0.0,0.0
3209,44.93870602206319,45603.20034782619,0.0,44.74132132954496,0.0,0.0
3210,44.93870602206319,45603.20034782619,0.0,44.74132132954496,0.0,0.0
3211,44.93870602206319,45603.20034782619,0.0,44.74132132954496,0.0,0.0
3212,44.93870602206319,45603.20034782619,0.0,44.74132132954496,0.0,0.0
3213,44.93870602206319,45603.20034782619,0.0,44.74132132954496,0.0,0.0
3214,44.93870602206319,45603.20034782619,0.0,44.74132132954496,0.0,0.0
3215,44.93870602206319,45603.20034782619,0.0,44.74132132954496,0.0,0.0
3216,44.93870602206319,45603.20034782619,0.0,44.74132132954496,0.0,0.0
3217,44.93870602206319,45603.20034782619,0.0,44.74132132954496,0.0,0.0
3218,44.93870602206319,45603.20034782619,0.0,44.74132132954496,0.0,0.0
3219,44.93870602206319,45603.20034782619,0.0,44.74132132954496,0.0,0.0
3220,44.93870602206319,45603.20034782619,0.0,44.74132132954496,0.0,0.0
3221,44.93870602206319,45603.20034782619,0.0,44.74132132954496,0.0,0.0
3222,44.93870602206319,45603.20034782619,0.0,44.74132132954496,0.0,0.0
3223,44.93870602206319,45603.20034782619,0.0,44.74132132954496,0.0,0.0
3224,44.93870602206319,45603.20034782619,0.0,44.74132132954496,0.0,0.0
3225,44.93870602206319,45603.20034782619,0.0,44.74132132954496,0.0,0.0
3226,44.93870602206319,45603.20034782619,0.0,44.74132132954496,0.0,0.0
3227,44.93870602206319,45603.20034782619,0.0,44.74132132954496,0.0,0.0
3228,44.93870602206319,45603.20034782619,0.0,44.74132132954496,0.0,0.0
3229,44.93870602206319,45603.20034782619,0.0,44.74132132954496,0.0,0.0
3230,44.93870602206319,45603.20034782619,0.0,44.74132132954496,0.0,0.0
3231,44.93870602206319,45603.20034782619,0.0,44.74132132954496,0.0,0.0
3232,44.93870602206319,45603.20034782619,0.0,44.74132132954496,0.0,0.0
3233,44.93870602206319,45603.20034782619,0.0,44.74132132954496,0.0,0.0
3234,44.93870602206319,45603.20034782619,0.0,44.74132132954496,0.0,0.0
3235,44.93870602206319,45603.20034782619,0.0,44.74132132954496,0.0,0.0
3236,44.93870602206319,45603.20034782619,0.0,44.74132132954496,0.0,0.0
3237,44.93870602206319,45603.20034782619,0.0,44.74132132954496,0.0,0.0
3238,44.93870602206319,45603.20034782619,0.0,44.74132132954496,0.0,0.0
3239,44.93870602206319,45603.20034782619,0.0,44.74132132954496,0.0,0.0
3240,44.93870602206319,45603.20034782619,0.0,44.74132132954496,0.0,0.0
3241,44.93870602206319,45603.20034782619,0.0,44.74132132954496,0.0,0.0
3242,44.93870602206319,45603.20034782619,0.0,44.74132132954496,0.0,0.0
3243,44.93870602206319,45603.20034782619,0.0,44.74132132954496,0.0,0.0
3244,44.93870602206319,45603.20034782619,0.0,44.74132132954496,0.0,0.0
3245,44.93870602206319,45603.20034782619,0.0,44.74132132954496,0.0,0.0
3246,44.93870602206319,45603.20034782619,0.0,44.74132132954496,0.0,0.0
3247,44.93870602206319,45603.20034782619,0.0,44.74132132954496,0.0,0.0
3248,44.93870602206319,45603.20034782619,0.0,44.74132132954496,0.0,0.0
3249,44.93870602206319,45603.20034782619,0.0,44.74132132954496,0.0,0.0
3250,44.93870602206319,45603.20034782619,0.0,44.74132132954496,0.0,0.0
3251,44.93870602206319,45603.20034782619,0.0,44.74132132954496,0.0,0.0
3252,44.93870602206319,45603.20034782619,0.0,44.74132132954496,0.0,0.0
3253,44.93870602206319,45603.20034782619,0.0,44.74132132954496,0.0,0.0
3254,44.93870602206319,45603.20034782619,0.0,44.74132132954496,0.0,0.0
3255,44.93870602206319,45603.20034782619,0.0,44.74132132954496,0.0,0.0
3256,44.93870602206319,45603.20034782619,0.0,44.74132132954496,0.0,0.0
3257,44.93870602206319,45603.20034782619,0.0,44.74132132954496,0.0,0.0
3258,44.93870602206319,45603.20034782619,0.0,44.74132132954496,0.0,0.0
3259,44.93870602206319,45603.20034782619,0.0,44.74132132954496,0.0,0.0
3260,44.93870602206319,45603.20034782619,0.0,44.74132132954496,0.0,0.0
3261,44.93870602206319,45603.20034782619,0.0,44.74132132954496,0.0,0.0
3262,44.93870602206319,45603.20034782619,0.0,44.74132132954496,0.0,0.0
3263,44.93870602206319,45603.20034782619,0.0,44.74132132954496,0.0,0.0
3264,44.93870602206319,45603.20034782619,0.0,44.74132132954496,0.0,0.0
3265,44.93870602206319,45603.20034782619,0.0,44.74132132954496,0.0,0.0
3266,44.93870602206319,45603.20034782619,0.0,44.74132132954496,0.0,0.0
3267,44.93870602206319,45603.20034782619,0.0,44.74132132954496,0.0,0.0
3268,44.93870602206319,45603.20034782619,0.0,44.74132132954496,0.0,0.0
3269,44.93870602206319,45603.20034782619,0.0,44.74132132954496,0.0,0.0
3270,44.93870602206319,45603.20034782619,0.0,44.74132132954496,0.0,0.0
3271,44.93870602206319,45603.20034782619,0.0,44.74132132954496,0.0,0.0
3272,44.93870602206319,45603.20034782619,0.0,44.74132132954496,0.0,0.0
3273,44.93870602206319,45603.20034782619,0.0,44.74132132954496,0.0,0.0
3274,44.93870602206319,45603.20034782619,0.0,44.74132132954496,0.0,0.0
3275,44.93870602206319,45603.20034782619,0.0,44.74132132954496,0.0,0.0
3276,44.93870602206319,45603.20034782619,0.0,44.74132132954496,0.0,0.0
3277,44.93870602206319,45603.20034782619,0.0,44.74132132954496,0.0,0.0
3278,44.93870602206319,45603.20034782619,0.0,44.74132132954496,0.0,0.0
3279,44.93870602206319,45603.20034782619,0.0,44.74132132954496,0.0,0.0
3280,44.93870602206319,45603.20034782619,0.0,44.74132132954496,0.0,0.0
3281,44.93870602206319,45603.20034782619,0.0,44.74132132954496,0.0,0.0
3282,44.93870602206319,45603.20034782619,0.0,44.74132132954496,0.0,0.0
3283,44.93870602206319,45603.20034782619,0.0,44.74132132954496,0.0,0.0
3284,44.93870602206319,45603.20034782619,0.0,44.74132132954496,0.0,0.0
3285,44.93870602206319,45603.20034782619,0.0,44.74132132954496,0.0,0.0
3286,44.93870602206319,45603.20034782619,0.0,44.74132132954496,0.0,0.0
3287,44.93870602206319,45603.20034782619,0.0,44.74132132954496,0.0,0.0
3288,44.93870602206319,45603.20034782619,0.0,44.74132132954496,0.0,0.0
3289,44.93870602206319,45603.20034782619,0.0,44.74132132954496,0.0,0.0
3290,44.93870602206319,45603.20034782619,0.0,44.74132132954496,0.0,0.0
3291,44.93870602206319,45603.20034782619,0.0,44.74132132954496,0.0,0.0
3292,44.93870602206319,45603.20034782619,0.0,44.74132132954496,0.0,0.0
3293,44.93870602206319,45603.20034782619,0.0,44.74132132954496,0.0,0.0
3294,44.93870602206319,45603.20034782619,0.0,44.74132132954496,0.0,0.0
3295,44.93870602206319,45603.20034782619,0.0,44.74132132954496,0.0,0.0
3296,44.93870602206319,45603.20034782619,0.0,44.74132132954496,0.0,0.0
3297,44.93870602206319,45603.20034782619,0.0,44.74132132954496,0.0,0.0
3298,44.93870602206319,45603.20034782619,0.0,44.74132132954496,0.0,0.0
3299,44.93870602206319,45603.20034782619,0.0,44.74132132954496,0.0,0.0
3300,44.93870602206319,45603.20034782619,0.0,44.74132132954496,0.0,0.0
3301,44.93870602206319,45603.20034782619,0.0,44.74132132954496,0.0,0.0
3302,44.93870602206319,45603.20034782619,0.0,44.74132132954496,0.0,0.0
3303,44.93870602206319,45603.20034782619,0.0,44.74132132954496,0.0,0.0
3304,44.93870602206319,45603.20034782619,0.0,44.74132132954496,0.0,0.0
3305,44.93870602206319,45603.20034782619,0.0,44.74132132954496,0.0,0.0
3306,44.93870602206319,45603.20034782619,0.0,44.74132132954496,0.0,0.0
3307,44.93870602206319,45603.20034782619,0.0,44.74132132954496,0.0,0.0
3308,44.93870602206319,45603.20034782619,0.0,44.74132132954496,0.0,0.0
3309,44.93870602206319,45603.20034782619,0.0,44.74132132954496,0.0,0.0
3310,44.93870602206319,45603.20034782619,0.0,44.74132132954496,0.0,0.0
3311,44.93870602206319,45603.20034782619,0.0,44.74132132954496,0.0,0.0
3312,44.93870602206319,45603.20034782619,0.0,44.74132132954496,0.0,0.0
3313,44.93870602206319,45603.20034782619,0.0,44.74132132954496,0.0,0.0
3314,44.93870602206319,45603.20034782619,0.0,44.74132132954496,0.0,0.0
3315,44.93870602206319,45603.20034782619,0.0,44.74132132954496,0.0,0.0
3316,44.93870602206319,45603.20034782619,0.0,44.74132132954496,0.0,0.0
3317,44.93870602206319,45603.20034782619,0.0,44.74132132954496,0.0,0.0
3318,44.93870602206319,45603.20034782619,0.0,44.74132132954496,0.0,0.0
3319,44.93870602206319,45603.20034782619,0.0,44.74132132954496,0.0,0.0
3320,44.93870602206319,45603.20034782619,0.0,44.74132132954496,0.0,0.0
3321,44.93870602206319,45603.20034782619,0.0,44.74132132954496,0.0,0.0
3322,44.93870602206319,45603.20034782619,0.0,44.74132132954496,0.0,0.0
3323,44.93870602206319,45603.20034782619,0.0,44.74132132954496,0.0,0.0
3324,44.93870602206319,45603.20034782619,0.0,44.74132132954496,0.0,0.0
3325,44.93870602206319,45603.20034782619,0.0,44.74132132954496,0.0,0.0
3326,44.93870602206319,45603.20034782619,0.0,44.74132132954496,0.0,0.0
3327,44.93870602206319,45603.20034782619,0.0,44.74132132954496,0.0,0.0
3328,44.93870602206319,45603.20034782619,0.0,44.74132132954496,0.0,0.0
3329,44.93870602206319,45603.20034782619,0.0,44.74132132954496,0.0,0.0
3330,44.93870602206319,45603.20034782619,0.0,44.74132132954496,0.0,0.0
3331,44.93870602206319,45603.20034782619,0.0,44.74132132954496,0.0,0.0
3332,44.93870602206319,45603.20034782619,0.0,44.74132132954496,0.0,0.0
3333,44.93870602206319,45603.20034782619,0.0,44.74132132954496,0.0,0.0
3334,44.93870602206319,45603.20034782619,0.0,44.74132132954496,0.0,0.0
3335,44.93870602206319,45603.20034782619,0.0,44.74132132954496,0.0,0.0
3336,44.93870602206319,45603.20034782619,0.0,44.74132132954496,0.0,0.0
3337,44.93870602206319,45603.20034782619,0.0,44.74132132954496,0.0,0.0
3338,44.93870602206319,45603.20034782619,0.0,44.74132132954496,0.0,0.0
3339,44.93870602206319,45603.20034782619,0.0,44.74132132954496,0.0,0.0
3340,44.93870602206319,45603.20034782619,0.0,44.74132132954496,0.0,0.0
3341,44.93870602206319,45603.20034782619,0.0,44.74132132954496,0.0,0.0
3342,44.93870602206319,45603.20034782619,0.0,44.74132132954496,0.0,0.0
3343,44.93870602206319,45603.20034782619,0.0,44.74132132954496,0.0,0.0
3344,44.93870602206319,45603.20034782619,0.0,44.74132132954496,0.0,0.0
3345,44.93870602206319,45603.20034782619,0.0,44.74132132954496,0.0,0.0
3346,44.93870602206319,45603.20034782619,0.0,44.74132132954496,0.0,0.0
3347,44.93870602206319,45603.20034782619,0.0,44.74132132954496,0.0,0.0
3348,44.93870602206319,45603.20034782619,0.0,44.74132132954496,0.0,0.0
3349,44.93870602206319,45603.20034782619,0.0,44.74132132954496,0.0,0.0
3350,44.93870602206319,45603.20034782619,0.0,44.74132132954496,0.0,0.0
3351,44.93870602206319,45603.20034782619,0.0,44.74132132954496,0.0,0.0
3352,44.93870602206319,45603.20034782619,0.0,44.74132132954496,0.0,0.0
3353,44.93870602206319,45603.20034782619,0.0,44.74132132954496,0.0,0.0
3354,44.93870602206319,45603.20034782619,0.0,44.74132132954496,0.0,0.0
3355,44.93870602206319,45603.20034782619,0.0,44.74132132954496,0.0,0.0
3356,44.93870602206319,45603.20034782619,0.0,44.74132132954496,0.0,0.0
3357,44.93870602206319,45603.20034782619,0.0,44.74132132954496,0.0,0.0
3358,44.93870602206319,45603.20034782619,0.0,44.74132132954496,0.0,0.0
3359,44.93870602206319,45603.20034782619,0.0,44.74132132954496,0.0,0.0
3360,40.195192933090155,34869.963882532196,0.0,56.00276398493621,0.0,0.0
3361,40.195192933090155,34869.963882532196,0.0,56.00276398493621,0.0,0.0
3362,40.195192933090155,34869.963882532196,0.0,56.00276398493621,0.0,0.0
3363,40.195192933090155,34869.963882532196,0.0,56.00276398493621,0.0,0.0
3364,40.195192933090155,34869.963882532196,0.0,56.00276398493621,0.0,0.0
3365,40.195192933090155,34869.963882532196,0.0,56.00276398493621,0.0,0.0
3366,40.195192933090155,34869.963882532196,0.0,56.00276398493621,0.0,0.0
3367,40.195192933090155,34869.963882532196,0.0,56.00276398493621,0.0,0.0
3368,40.195192933090155,34869.963882532196,0.0,56.00276398493621,0.0,0.0
3369,40.195192933090155,34869.963882532196,0.0,56.00276398493621,0.0,0.0
3370,40.195192933090155,34869.963882532196,0.0,56.00276398493621,0.0,0.0
3371,40.195192933090155,34869.963882532196,0.0,56.00276398493621,0.0,0.0
3372,40.195192933090155,34869.963882532196,0.0,56.00276398493621,0.0,0.0
3373,40.195192933090155,34869.963882532196,0.0,56.00276398493621,0.0,0.0
3374,40.195192933090155,34869.963882532196,0.0,56.00276398493621,0.0,0.0
3375,40.195192933090155,34869.963882532196,0.0,56.00276398493621,0.0,0.0
3376,40.195192933090155,34869.963882532196,0.0,56.00276398493621,0.0,0.0
3377,40.195192933090155,34869.963882532196,0.0,56.00276398493621,0.0,0.0
3378,40.195192933090155,34869.963882532196,0.0,56.00276398493621,0.0,0.0
3379,40.195192933090155,34869.963882532196,0.0,56.00276398493621,0.0,0.0
3380,40.195192933090155,34869.963882532196,0.0,56.00276398493621,0.0,0.0
3381,40.195192933090155,34869.963882532196,0.0,56.00276398493621,0.0,0.0
3382,40.195192933090155,34869.963882532196,0.0,56.00276398493621,0.0,0.0
3383,40.195192933090155,34869.963882532196,0.0,56.00276398493621,0.0,0.0
3384,40.195192933090155,34869.963882532196,0.0,56.00276398493621,0.0,0.0
3385,40.195192933090155,34869.963882532196,0.0,56.00276398493621,0.0,0.0
3386,40.195192933090155,34869.963882532196,0.0,56.00276398493621,0.0,0.0
3387,40.195192933090155,34869.963882532196,0.0,56.00276398493621,0.0,0.0
3388,40.195192933090155,34869.963882532196,0.0,56.00276398493621,0.0,0.0
3389,40.195192933090155,34869.963882532196,0.0,56.00276398493621,0.0,0.0
3390,40.195192933090155,34869.963882532196,0.0,56.00276398493621,0.0,0.0
3391,40.195192933090155,34869.963882532196,0.0,56.00276398493621,0.0,0.0
3392,40.195192933090155,34869.963882532196,0.0,56.00276398493621,0.0,0.0
3393,40.195192933090155,34869.963882532196,0.0,56.00276398493621,0.0,0.0
3394,40.195192933090155,34869.963882532196,0.0,56.00276398493621,0.0,0.0
3395,40.195192933090155,34869.963882532196,0.0,56.00276398493621,0.0,0.0
3396,40.195192933090155,34869.963882532196,0.0,56.00276398493621,0.0,0.0
3397,40.195192933090155,34869.963882532196,0.0,56.00276398493621,0.0,0.0
3398,40.195192933090155,34869.963882532196,0.0,56.00276398493621,0.0,0.0
3399,40.195192933090155,34869.963882532196,0.0,56.00276398493621,0.0,0.0
3400,40.195192933090155,34869.963882532196,0.0,56.00276398493621,0.0,0.0
3401,40.195192933090155,34869.963882532196,0.0,56.00276398493621,0.0,0.0
3402,40.195192933090155,34869.963882532196,0.0,56.00276398493621,0.0,0.0
3403,40.195192933090155,34869.963882532196,0.0,56.00276398493621,0.0,0.0
3404,40.195192933090155,34869.963882532196,0.0,56.00276398493621,0.0,0.0
3405,40.195192933090155,34869.963882532196,0.0,56.00276398493621,0.0,0.0
3406,40.195192933090155,34869.963882532196,0.0,56.00276398493621,0.0,0.0
3407,40.195192933090155,34869.963882532196,0.0,56.00276398493621,0.0,0.0
3408,40.195192933090155,34869.963882532196,0.0,56.00276398493621,0.0,0.0
3409,40.195192933090155,34869.963882532196,0.0,56.00276398493621,0.0,0.0
3410,40.195192933090155,34869.963882532196,0.0,56.00276398493621,0.0,0.0
3411,40.195192933090155,34869.963882532196,0.0,56.00276398493621,0.0,0.0
3412,40.195192933090155,34869.963882532196,0.0,56.00276398493621,0.0,0.0
3413,40.195192933090155,34869.963882532196,0.0,56.00276398493621,0.0,0.0
3414,40.195192933090155,34869.963882532196,0.0,56.00276398493621,0.0,0.0
3415,40.195192933090155,34869.963882532196,0.0,56.00276398493621,0.0,0.0
3416,40.195192933090155,34869.963882532196,0.0,56.00276398493621,0.0,0.0
3417,40.195192933090155,34869.963882532196,0.0,56.00276398493621,0.0,0.0
3418,40.195192933090155,34869.963882532196,0.0,56.00276398493621,0.0,0.0
3419,40.195192933090155,34869.963882532196,0.0,56.00276398493621,0.0,0.0
3420,40.195192933090155,34869.963882532196,0.0,56.00276398493621,0.0,0.0
3421,40.195192933090155,34869.963882532196,0.0,56.00276398493621,0.0,0.0
3422,40.195192933090155,34869.963882532196,0.0,56.00276398493621,0.0,0.0
3423,40.195192933090155,34869.963882532196,0.0,56.00276398493621,0.0,0.0
3424,40.195192933090155,34869.963882532196,0.0,56.00276398493621,0.0,0.0
3425,40.195192933090155,34869.963882532196,0.0,56.00276398493621,0.0,0.0
3426,40.195192933090155,34869.963882532196,0.0,56.00276398493621,0.0,0.0
3427,40.195192933090155,34869.963882532196,0.0,56.00276398493621,0.0,0.0
3428,40.195192933090155,34869.963882532196,0.0,56.00276398493621,0.0,0.0
3429,40.195192933090155,34869.963882532196,0.0,56.00276398493621,0.0,0.0
3430,40.195192933090155,34869.963882532196,0.0,56.00276398493621,0.0,0.0
3431,40.195192933090155,34869.963882532196,0.0,56.00276398493621,0.0,0.0
3432,40.195192933090155,34869.963882532196,0.0,56.00276398493621,0.0,0.0
3433,40.195192933090155,34869.963882532196,0.0,56.00276398493621,0.0,0.0
3434,40.195192933090155,34869.963882532196,0.0,56.00276398493621,0.0,0.0
3435,40.195192933090155,34869.963882532196,0.0,56.00276398493621,0.0,0.0
3436,40.195192933090155,34869.963882532196,0.0,56.00276398493621,0.0,0.0
3437,40.195192933090155,34869.963882532196,0.0,56.00276398493621,0.0,0.0
3438,40.195192933090155,34869.963882532196,0.0,56.00276398493621,0.0,0.0
3439,40.195192933090155,34869.963882532196,0.0,56.00276398493621,0.0,0.0
3440,40.195192933090155,34869.963882532196,0.0,56.00276398493621,0.0,0.0
3441,40.195192933090155,34869.963882532196,0.0,56.00276398493621,0.0,0.0
3442,40.195192933090155,34869.963882532196,0.0,56.00276398493621,0.0,0.0
3443,40.195192933090155,34869.963882532196,0.0,56.00276398493621,0.0,0.0
3444,40.195192933090155,34869.963882532196,0.0,56.00276398493621,0.0,0.0
3445,40.195192933090155,34869.963882532196,0.0,56.00276398493621,0.0,0.0
3446,40.195192933090155,34869.963882532196,0.0,56.00276398493621,0.0,0.0
3447,40.195192933090155,34869.963882532196,0.0,56.00276398493621,0.0,0.0
3448,40.195192933090155,34869.963882532196,0.0,56.00276398493621,0.0,0.0
3449,40.195192933090155,34869.963882532196,0.0,56.00276398493621,0.0,0.0
3450,40.195192933090155,34869.963882532196,0.0,56.00276398493621,0.0,0.0
3451,40.195192933090155,34869.963882532196,0.0,56.00276398493621,0.0,0.0
3452,40.195192933090155,34869.963882532196,0.0,56.00276398493621,0.0,0.0
3453,40.195192933090155,34869.963882532196,0.0,56.00276398493621,0.0,0.0
3454,40.195192933090155,34869.963882532196,0.0,56.00276398493621,0.0,0.0
3455,40.195192933090155,34869.963882532196,0.0,56.00276398493621,0.0,0.0
3456,40.195192933090155,34869.963882532196,0.0,56.00276398493621,0.0,0.0
3457,40.195192933090155,34869.963882532196,0.0,56.00276398493621,0.0,0.0
3458,40.195192933090155,34869.963882532196,0.0,56.00276398493621,0.0,0.0
3459,40.195192933090155,34869.963882532196,0.0,56.00276398493621,0.0,0.0
3460,40.195192933090155,34869.963882532196,0.0,56.00276398493621,0.0,0.0
3461,40.195192933090155,34869.963882532196,0.0,56.00276398493621,0.0,0.0
3462,40.195192933090155,34869.963882532196,0.0,56.00276398493621,0.0,0.0
3463,40.195192933090155,34869.963882532196,0.0,56.00276398493621,0.0,0.0
3464,40.195192933090155,34869.963882532196,0.0,56.00276398493621,0.0,0.0
3465,40.195192933090155,34869.963882532196,0.0,56.00276398493621,0.0,0.0
3466,40.195192933090155,34869.963882532196,0.0,56.00276398493621,0.0,0.0
3467,40.195192933090155,34869.963882532196,0.0,56.00276398493621,0.0,0.0
3468,40.195192933090155,34869.963882532196,0.0,56.00276398493621,0.0,0.0
3469,40.195192933090155,34869.963882532196,0.0,56.00276398493621,0.0,0.0
3470,40.195192933090155,34869.963882532196,0.0,56.00276398493621,0.0,0.0
3471,40.195192933090155,34869.963882532196,0.0,56.00276398493621,0.0,0.0
3472,40.195192933090155,34869.963882532196,0.0,56.00276398493621,0.0,0.0
3473,40.195192933090155,34869.963882532196,0.0,56.00276398493621,0.0,0.0
3474,40.195192933090155,34869.963882532196,0.0,56.00276398493621,0.0,0.0
3475,40.195192933090155,34869.963882532196,0.0,56.00276398493621,0.0,0.0
3476,40.195192933090155,34869.963882532196,0.0,56.00276398493621,0.0,0.0
3477,40.195192933090155,34869.963882532196,0.0,56.00276398493621,0.0,0.0
3478,40.195192933090155,34869.963882532196,0.0,56.00276398493621,0.0,0.0
3479,40.195192933090155,34869.963882532196,0.0,56.00276398493621,0.0,0.0
3480,40.195192933090155,34869.963882532196,0.0,56.00276398493621,0.0,0.0
3481,40.195192933090155,34869.963882532196,0.0,56.00276398493621,0.0,0.0
3482,40.195192933090155,34869.963882532196,0.0,56.00276398493621,0.0,0.0
3483,40.195192933090155,34869.963882532196,0.0,56.00276398493621,0.0,0.0
3484,40.195192933090155,34869.963882532196,0.0,56.00276398493621,0.0,0.0
3485,40.195192933090155,34869.963882532196,0.0,56.00276398493621,0.0,0.0
3486,40.195192933090155,34869.963882532196,0.0,56.00276398493621,0.0,0.0
3487,40.195192933090155,34869.963882532196,0.0,56.00276398493621,0.0,0.0
3488,40.195192933090155,34869.963882532196,0.0,56.00276398493621,0.0,0.0
3489,40.195192933090155,34869.963882532196,0.0,56.00276398493621,0.0,0.0
3490,40.195192933090155,34869.963882532196,0.0,56.00276398493621,0.0,0.0
3491,40.195192933090155,34869.963882532196,0.0,56.00276398493621,0.0,0.0
3492,40.195192933090155,34869.963882532196,0.0,56.00276398493621,0.0,0.0
3493,40.195192933090155,34869.963882532196,0.0,56.00276398493621,0.0,0.0
3494,40.195192933090155,34869.963882532196,0.0,56.00276398493621,0.0,0.0
3495,40.195192933090155,34869.963882532196,0.0,56.00276398493621,0.0,0.0
3496,40.195192933090155,34869.963882532196,0.0,56.00276398493621,0.0,0.0
3497,40.195192933090155,34869.963882532196,0.0,56.00276398493621,0.0,0.0
3498,40.195192933090155,34869.963882532196,0.0,56.00276398493621,0.0,0.0
3499,40.195192933090155,34869.963882532196,0.0,56.00276398493621,0.0,0.0
3500,40.195192933090155,34869.963882532196,0.0,56.00276398493621,0.0,0.0
3501,40.195192933090155,34869.963882532196,0.0,56.00276398493621,0.0,0.0
3502,40.195192933090155,34869.963882532196,0.0,56.00276398493621,0.0,0.0
3503,40.195192933090155,34869.963882532196,0.0,56.00276398493621,0.0,0.0
3504,40.195192933090155,34869.963882532196,0.0,56.00276398493621,0.0,0.0
3505,40.195192933090155,34869.963882532196,0.0,56.00276398493621,0.0,0.0
3506,40.195192933090155,34869.963882532196,0.0,56.00276398493621,0.0,0.0
3507,40.195192933090155,34869.963882532196,0.0,56.00276398493621,0.0,0.0
3508,40.195192933090155,34869.963882532196,0.0,56.00276398493621,0.0,0.0
3509,40.195192933090155,34869.963882532196,0.0,56.00276398493621,0.0,0.0
3510,40.195192933090155,34869.963882532196,0.0,56.00276398493621,0.0,0.0
3511,40.195192933090155,34869.963882532196,0.0,56.00276398493621,0.0,0.0
3512,40.195192933090155,34869.963882532196,0.0,56.00276398493621,0.0,0.0
3513,40.195192933090155,34869.963882532196,0.0,56.00276398493621,0.0,0.0
3514,40.195192933090155,34869.963882532196,0.0,56.00276398493621,0.0,0.0
3515,40.195192933090155,34869.963882532196,0.0,56.00276398493621,0.0,0.0
3516,40.195192933090155,34869.963882532196,0.0,56.00276398493621,0.0,0.0
3517,40.195192933090155,34869.963882532196,0.0,56.00276398493621,0.0,0.0
3518,40.195192933090155,34869.963882532196,0.0,56.00276398493621,0.0,0.0
3519,40.195192933090155,34869.963882532196,0.0,56.00276398493621,0.0,0.0
3520,40.195192933090155,34869.963882532196,0.0,56.00276398493621,0.0,0.0
3521,40.195192933090155,34869.963882532196,0.0,56.00276398493621,0.0,0.0
3522,40.195192933090155,34869.963882532196,0.0,56.00276398493621,0.0,0.0
3523,40.195192933090155,34869.963882532196,0.0,56.00276398493621,0.0,0.0
3524,40.195192933090155,34869.963882532196,0.0,56.00276398493621,0.0,0.0
3525,40.195192933090155,34869.963882532196,0.0,56.00276398493621,0.0,0.0
3526,40.195192933090155,34869.963882532196,0.0,56.00276398493621,0.0,0.0
3527,40.195192933090155,34869.963882532196,0.0,56.00276398493621,0.0,0.0
3528,35.338968960204646,64228.92636479541,0.0,74.09928622909803,0.0,0.0
3529,35.338968960204646,64228.92636479541,0.0,74.09928622909803,0.0,0.0
3530,35.338968960204646,64228.92636479541,0.0,74.09928622909803,0.0,0.0
3531,35.338968960204646,64228.92636479541,0.0,74.09928622909803,0.0,0.0
3532,35.338968960204646,64228.92636479541,0.0,74.09928622909803,0.0,0.0
3533,35.338968960204646,64228.92636479541,0.0,74.09928622909803,0.0,0.0
3534,35.338968960204646,64228.92636479541,0.0,74.09928622909803,0.0,0.0
3535,35.338968960204646,64228.92636479541,0.0,74.09928622909803,0.0,0.0
3536,35.338968960204646,64228.92636479541,0.0,74.09928622909803,0.0,0.0
3537,35.338968960204646,64228.92636479541,0.0,74.09928622909803,0.0,0.0
3538,35.338968960204646,64228.92636479541,0.0,74.09928622909803,0.0,0.0
3539,35.338968960204646,64228.92636479541,0.0,74.09928622909803,0.0,0.0
3540,35.338968960204646,64228.92636479541,0.0,74.09928622909803,0.0,0.0
3541,35.338968960204646,64228.92636479541,0.0,74.09928622909803,0.0,0.0
3542,35.338968960204646,64228.92636479541,0.0,74.09928622909803,0.0,0.0
3543,35.338968960204646,64228.92636479541,0.0,74.09928622909803,0.0,0.0
3544,35.338968960204646,64228.92636479541,0.0,74.09928622909803,0.0,0.0
3545,35.338968960204646,64228.92636479541,0.0,74.09928622909803,0.0,0.0
3546,35.338968960204646,64228.92636479541,0.0,74.09928622909803,0.0,0.0
3547,35.338968960204646,64228.92636479541,0.0,74.09928622909803,0.0,0.0
3548,35.338968960204646,64228.92636479541,0.0,74.09928622909803,0.0,0.0
3549,35.338968960204646,64228.92636479541,0.0,74.09928622909803,0.0,0.0
3550,35.338968960204646,64228.92636479541,0.0,74.09928622909803,0.0,0.0
3551,35.338968960204646,64228.92636479541,0.0,74.09928622909803,0.0,0.0
3552,35.338968960204646,64228.92636479541,0.0,74.09928622909803,0.0,0.0
3553,35.338968960204646,64228.92636479541,0.0,74.09928622909803,0.0,0.0
3554,35.338968960204646,64228.92636479541,0.0,74.09928622909803,0.0,0.0
3555,35.338968960204646,64228.92636479541,0.0,74.09928622909803,0.0,0.0
3556,35.338968960204646,64228.92636479541,0.0,74.09928622909803,0.0,0.0
3557,35.338968960204646,64228.92636479541,0.0,74.09928622909803,0.0,0.0
3558,35.338968960204646,64228.92636479541,0.0,74.09928622909803,0.0,0.0
3559,35.338968960204646,64228.92636479541,0.0,74.09928622909803,0.0,0.0
3560,35.338968960204646,64228.92636479541,0.0,74.09928622909803,0.0,0.0
3561,35.338968960204646,64228.92636479541,0.0,74.09928622909803,0.0,0.0
3562,35.338968960204646,64228.92636479541,0.0,74.09928622909803,0.0,0.0
3563,35.338968960204646,64228.92636479541,0.0,74.09928622909803,0.0,0.0
3564,35.338968960204646,64228.92636479541,0.0,74.09928622909803,0.0,0.0
3565,35.338968960204646,64228.92636479541,0.0,74.09928622909803,0.0,0.0
3566,35.338968960204646,64228.92636479541,0.0,74.09928622909803,0.0,0.0
3567,35.338968960204646,64228.92636479541,0.0,74.09928622909803,0.0,0.0
3568,35.338968960204646,64228.92636479541,0.0,74.09928622909803,0.0,0.0
3569,35.338968960204646,64228.92636479541,0.0,74.09928622909803,0.0,0.0
3570,35.338968960204646,64228.92636479541,0.0,74.09928622909803,0.0,0.0
3571,35.338968960204646,64228.92636479541,0.0,74.09928622909803,0.0,0.0
3572,35.338968960204646,64228.92636479541,0.0,74.09928622909803,0.0,0.0
3573,35.338968960204646,64228.92636479541,0.0,74.09928622909803,0.0,0.0
3574,35.338968960204646,64228.92636479541,0.0,74.09928622909803,0.0,0.0
3575,35.338968960204646,64228.92636479541,0.0,74.09928622909803,0.0,0.0
3576,35.338968960204646,64228.92636479541,0.0,74.09928622909803,0.0,0.0
3577,35.338968960204646,64228.92636479541,0.0,74.09928622909803,0.0,0.0
3578,35.338968960204646,64228.92636479541,0.0,74.09928622909803,0.0,0.0
3579,35.338968960204646,64228.92636479541,0.0,74.09928622909803,0.0,0.0
3580,35.338968960204646,64228.92636479541,0.0,74.09928622909803,0.0,0.0
3581,35.338968960204646,64228.92636479541,0.0,74.09928622909803,0.0,0.0
3582,35.338968960204646,64228.92636479541,0.0,74.09928622909803,0.0,0.0
3583,35.338968960204646,64228.92636479541,0.0,74.09928622909803,0.0,0.0
3584,35.338968960204646,64228.92636479541,0.0,74.09928622909803,0.0,0.0
3585,35.338968960204646,64228.92636479541,0.0,74.09928622909803,0.0,0.0
3586,35.338968960204646,64228.92636479541,0.0,74.09928622909803,0.0,0.0
3587,35.338968960204646,64228.92636479541,0.0,74.09928622909803,0.0,0.0
3588,35.338968960204646,64228.92636479541,0.0,74.09928622909803,0.0,0.0
3589,35.338968960204646,64228.92636479541,0.0,74.09928622909803,0.0,0.0
3590,35.338968960204646,64228.92636479541,0.0,74.09928622909803,0.0,0.0
3591,35.338968960204646,64228.92636479541,0.0,74.09928622909803,0.0,0.0
3592,35.338968960204646,64228.92636479541,0.0,74.09928622909803,0.0,0.0
3593,35.338968960204646,64228.92636479541,0.0,74.09928622909803,0.0,0.0
3594,35.338968960204646,64228.92636479541,0.0,74.09928622909803,0.0,0.0
3595,35.338968960204646,64228.92636479541,0.0,74.09928622909803,0.0,0.0
3596,35.338968960204646,64228.92636479541,0.0,74.09928622909803,0.0,0.0
3597,35.338968960204646,64228.92636479541,0.0,74.09928622909803,0.0,0.0
3598,35.338968960204646,64228.92636479541,0.0,74.09928622909803,0.0,0.0
3599,35.338968960204646,64228.92636479541,0.0,74.09928622909803,0.0,0.0
3600,35.338968960204646,64228.92636479541,0.0,74.09928622909803,0.0,0.0
3601,35.338968960204646,64228.92636479541,0.0,74.09928622909803,0.0,0.0
3602,35.338968960204646,64228.92636479541,0.0,74.09928622909803,0.0,0.0
3603,35.338968960204646,64228.92636479541,0.0,74.09928622909803,0.0,0.0
3604,35.338968960204646,64228.92636479541,0.0,74.09928622909803,0.0,0.0
3605,35.338968960204646,64228.92636479541,0.0,74.09928622909803,0.0,0.0
3606,35.338968960204646,64228.92636479541,0.0,74.09928622909803,0.0,0.0
3607,35.338968960204646,64228.92636479541,0.0,74.09928622909803,0.0,0.0
3608,35.338968960204646,64228.92636479541,0.0,74.09928622909803,0.0,0.0
3609,35.338968960204646,64228.92636479541,0.0,74.09928622909803,0.0,0.0
3610,35.338968960204646,64228.92636479541,0.0,74.09928622909803,0.0,0.0
3611,35.338968960204646,64228.92636479541,0.0,74.09928622909803,0.0,0.0
3612,35.338968960204646,64228.92636479541,0.0,74.09928622909803,0.0,0.0
3613,35.338968960204646,64228.92636479541,0.0,74.09928622909803,0.0,0.0
3614,35.338968960204646,64228.92636479541,0.0,74.09928622909803,0.0,0.0
3615,35.338968960204646,64228.92636479541,0.0,74.09928622909803,0.0,0.0
3616,35.338968960204646,64228.92636479541,0.0,74.09928622909803,0.0,0.0
3617,35.338968960204646,64228.92636479541,0.0,74.09928622909803,0.0,0.0
3618,35.338968960204646,64228.92636479541,0.0,74.09928622909803,0.0,0.0
3619,35.338968960204646,64228.92636479541,0.0,74.09928622909803,0.0,0.0
3620,35.338968960204646,64228.92636479541,0.0,74.09928622909803,0.0,0.0
3621,35.338968960204646,64228.92636479541,0.0,74.09928622909803,0.0,0.0
3622,35.338968960204646,64228.92636479541,0.0,74.09928622909803,0.0,0.0
3623,35.338968960204646,64228.92636479541,0.0,74.09928622909803,0.0,0.0
3624,35.338968960204646,64228.92636479541,0.0,74.09928622909803,0.0,0.0
3625,35.338968960204646,64228.92636479541,0.0,74.09928622909803,0.0,0.0
3626,35.338968960204646,64228.92636479541,0.0,74.09928622909803,0.0,0.0
3627,35.338968960204646,64228.92636479541,0.0,74.09928622909803,0.0,0.0
3628,35.338968960204646,64228.92636479541,0.0,74.09928622909803,0.0,0.0
3629,35.338968960204646,64228.92636479541,0.0,74.09928622909803,0.0,0.0
3630,35.338968960204646,64228.92636479541,0.0,74.09928622909803,0.0,0.0
3631,35.338968960204646,64228.92636479541,0.0,74.09928622909803,0.0,0.0
3632,35.338968960204646,64228.92636479541,0.0,74.09928622909803,0.0,0.0
3633,35.338968960204646,64228.92636479541,0.0,74.09928622909803,0.0,0.0
3634,35.338968960204646,64228.92636479541,0.0,74.09928622909803,0.0,0.0
3635,35.338968960204646,64228.92636479541,0.0,74.09928622909803,0.0,0.0
3636,35.338968960204646,64228.92636479541,0.0,74.09928622909803,0.0,0.0
3637,35.338968960204646,64228.92636479541,0.0,74.09928622909803,0.0,0.0
3638,35.338968960204646,64228.92636479541,0.0,74.09928622909803,0.0,0.0
3639,35.338968960204646,64228.92636479541,0.0,74.09928622909803,0.0,0.0
3640,35.338968960204646,64228.92636479541,0.0,74.09928622909803,0.0,0.0
3641,35.338968960204646,64228.92636479541,0.0,74.09928622909803,0.0,0.0
3642,35.338968960204646,64228.92636479541,0.0,74.09928622909803,0.0,0.0
3643,35.338968960204646,64228.92636479541,0.0,74.09928622909803,0.0,0.0
3644,35.338968960204646,64228.92636479541,0.0,74.09928622909803,0.0,0.0
3645,35.338968960204646,64228.92636479541,0.0,74.09928622909803,0.0,0.0
3646,35.338968960204646,64228.92636479541,0.0,74.09928622909803,0.0,0.0
3647,35.338968960204646,64228.92636479541,0.0,74.09928622909803,0.0,0.0
3648,35.338968960204646,64228.92636479541,0.0,74.09928622909803,0.0,0.0
3649,35.338968960204646,64228.92636479541,0.0,74.09928622909803,0.0,0.0
3650,35.338968960204646,64228.92636479541,0.0,74.09928622909803,0.0,0.0
3651,35.338968960204646,64228.92636479541,0.0,74.09928622909803,0.0,0.0
3652,35.338968960204646,64228.92636479541,0.0,74.09928622909803,0.0,0.0
3653,35.338968960204646,64228.92636479541,0.0,74.09928622909803,0.0,0.0
3654,35.338968960204646,64228.92636479541,0.0,74.09928622909803,0.0,0.0
3655,35.338968960204646,64228.92636479541,0.0,74.09928622909803,0.0,0.0
3656,35.338968960204646,64228.92636479541,0.0,74.09928622909803,0.0,0.0
3657,35.338968960204646,64228.92636479541,0.0,74.09928622909803,0.0,0.0
3658,35.338968960204646,64228.92636479541,0.0,74.09928622909803,0.0,0.0
3659,35.338968960204646,64228.92636479541,0.0,74.09928622909803,0.0,0.0
3660,35.338968960204646,64228.92636479541,0.0,74.09928622909803,0.0,0.0
3661,35.338968960204646,64228.92636479541,0.0,74.09928622909803,0.0,0.0
3662,35.338968960204646,64228.92636479541,0.0,74.09928622909803,0.0,0.0
3663,35.338968960204646,64228.92636479541,0.0,74.09928622909803,0.0,0.0
3664,35.338968960204646,64228.92636479541,0.0,74.09928622909803,0.0,0.0
3665,35.338968960204646,64228.92636479541,0.0,74.09928622909803,0.0,0.0
3666,35.338968960204646,64228.92636479541,0.0,74.09928622909803,0.0,0.0
3667,35.338968960204646,64228.92636479541,0.0,74.09928622909803,0.0,0.0
3668,35.338968960204646,64228.92636479541,0.0,74.09928622909803,0.0,0.0
3669,35.338968960204646,64228.92636479541,0.0,74.09928622909803,0.0,0.0
3670,35.338968960204646,64228.92636479541,0.0,74.09928622909803,0.0,0.0
3671,35.338968960204646,64228.92636479541,0.0,74.09928622909803,0.0,0.0
3672,35.338968960204646,64228.92636479541,0.0,74.09928622909803,0.0,0.0
3673,35.338968960204646,64228.92636479541,0.0,74.09928622909803,0.0,0.0
3674,35.338968960204646,64228.92636479541,0.0,74.09928622909803,0.0,0.0
3675,35.338968960204646,64228.92636479541,0.0,74.09928622909803,0.0,0.0
3676,35.338968960204646,64228.92636479541,0.0,74.09928622909803,0.0,0.0
3677,35.338968960204646,64228.92636479541,0.0,74.09928622909803,0.0,0.0
3678,35.338968960204646,64228.92636479541,0.0,74.09928622909803,0.0,0.0
3679,35.338968960204646,64228.92636479541,0.0,74.09928622909803,0.0,0.0
3680,35.338968960204646,64228.92636479541,0.0,74.09928622909803,0.0,0.0
3681,35.338968960204646,64228.92636479541,0.0,74.09928622909803,0.0,0.0
3682,35.338968960204646,64228.92636479541,0.0,74.09928622909803,0.0,0.0
3683,35.338968960204646,64228.92636479541,0.0,74.09928622909803,0.0,0.0
3684,35.338968960204646,64228.92636479541,0.0,74.09928622909803,0.0,0.0
3685,35.338968960204646,64228.92636479541,0.0,74.09928622909803,0.0,0.0
3686,35.338968960204646,64228.92636479541,0.0,74.09928622909803,0.0,0.0
3687,35.338968960204646,64228.92636479541,0.0,74.09928622909803,0.0,0.0
3688,35.338968960204646,64228.92636479541,0.0,74.09928622909803,0.0,0.0
3689,35.338968960204646,64228.92636479541,0.0,74.09928622909803,0.0,0.0
3690,35.338968960204646,64228.92636479541,0.0,74.09928622909803,0.0,0.0
3691,35.338968960204646,64228.92636479541,0.0,74.09928622909803,0.0,0.0
3692,35.338968960204646,64228.92636479541,0.0,74.09928622909803,0.0,0.0
3693,35.338968960204646,64228.92636479541,0.0,74.09928622909803,0.0,0.0
3694,35.338968960204646,64228.92636479541,0.0,74.09928622909803,0.0,0.0
3695,35.338968960204646,64228.92636479541,0.0,74.09928622909803,0.0,0.0
3696,29.743112415866452,62743.643855188755,0.0,85.86899335960715,0.0,0.0
3697,29.743112415866452,62743.643855188755,0.0,85.86899335960715,0.0,0.0
3698,29.743112415866452,62743.643855188755,0.0,85.86899335960715,0.0,0.0
3699,29.743112415866452,62743.643855188755,0.0,85.86899335960715,0.0,0.0
3700,29.743112415866452,62743.643855188755,0.0,85.86899335960715,0.0,0.0
3701,29.743112415866452,62743.643855188755,0.0,85.86899335960715,0.0,0.0
3702,29.743112415866452,62743.643855188755,0.0,85.86899335960715,0.0,0.0
3703,29.743112415866452,62743.643855188755,0.0,85.86899335960715,0.0,0.0
3704,29.743112415866452,62743.643855188755,0.0,85.86899335960715,0.0,0.0
3705,29.743112415866452,62743.643855188755,0.0,85.86899335960715,0.0,0.0
3706,29.743112415866452,62743.643855188755,0.0,85.86899335960715,0.0,0.0
3707,29.743112415866452,62743.643855188755,0.0,85.86899335960715,0.0,0.0
3708,29.743112415866452,62743.643855188755,0.0,85.86899335960715,0.0,0.0
3709,29.743112415866452,62743.643855188755,0.0,85.86899335960715,0.0,0.0
3710,29.743112415866452,62743.643855188755,0.0,85.86899335960715,0.0,0.0
3711,29.743112415866452,62743.643855188755,0.0,85.86899335960715,0.0,0.0
3712,29.743112415866452,62743.643855188755,0.0,85.86899335960715,0.0,0.0
3713,29.743112415866452,62743.643855188755,0.0,85.86899335960715,0.0,0.0
3714,29.743112415866452,62743.643855188755,0.0,85.86899335960715,0.0,0.0
3715,29.743112415866452,62743.643855188755,0.0,85.86899335960715,0.0,0.0
3716,29.743112415866452,62743.643855188755,0.0,85.86899335960715,0.0,0.0
3717,29.743112415866452,62743.643855188755,0.0,85.86899335960715,0.0,0.0
3718,29.743112415866452,62743.643855188755,0.0,85.86899335960715,0.0,0.0
3719,29.743112415866452,62743.643855188755,0.0,85.86899335960715,0.0,0.0
3720,29.743112415866452,62743.643855188755,0.0,85.86899335960715,0.0,0.0
3721,29.743112415866452,62743.643855188755,0.0,85.86899335960715,0.0,0.0
3722,29.743112415866452,62743.643855188755,0.0,85.86899335960715,0.0,0.0
3723,29.743112415866452,62743.643855188755,0.0,85.86899335960715,0.0,0.0
3724,29.743112415866452,62743.643855188755,0.0,85.86899335960715,0.0,0.0
3725,29.743112415866452,62743.643855188755,0.0,85.86899335960715,0.0,0.0
3726,29.743112415866452,62743.643855188755,0.0,85.86899335960715,0.0,0.0
3727,29.743112415866452,62743.643855188755,0.0,85.86899335960715,0.0,0.0
3728,29.743112415866452,62743.643855188755,0.0,85.86899335960715,0.0,0.0
3729,29.743112415866452,62743.643855188755,0.0,85.86899335960715,0.0,0.0
3730,29.743112415866452,62743.643855188755,0.0,85.86899335960715,0.0,0.0
3731,29.743112415866452,62743.643855188755,0.0,85.86899335960715,0.0,0.0
3732,29.743112415866452,62743.643855188755,0.0,85.86899335960715,0.0,0.0
3733,29.743112415866452,62743.643855188755,0.0,85.86899335960715,0.0,0.0
3734,29.743112415866452,62743.643855188755,0.0,85.86899335960715,0.0,0.0
3735,29.743112415866452,62743.643855188755,0.0,85.86899335960715,0.0,0.0
3736,29.743112415866452,62743.643855188755,0.0,85.86899335960715,0.0,0.0
3737,29.743112415866452,62743.643855188755,0.0,85.86899335960715,0.0,0.0
3738,29.743112415866452,62743.643855188755,0.0,85.86899335960715,0.0,0.0
3739,29.743112415866452,62743.643855188755,0.0,85.86899335960715,0.0,0.0
3740,29.743112415866452,62743.643855188755,0.0,85.86899335960715,0.0,0.0
3741,29.743112415866452,62743.643855188755,0.0,85.86899335960715,0.0,0.0
3742,29.743112415866452,62743.643855188755,0.0,85.86899335960715,0.0,0.0
3743,29.743112415866452,62743.643855188755,0.0,85.86899335960715,0.0,0.0
3744,29.743112415866452,62743.643855188755,0.0,85.86899335960715,0.0,0.0
3745,29.743112415866452,62743.643855188755,0.0,85.86899335960715,0.0,0.0
3746,29.743112415866452,62743.643855188755,0.0,85.86899335960715,0.0,0.0
3747,29.743112415866452,62743.643855188755,0.0,85.86899335960715,0.0,0.0
3748,29.743112415866452,62743.643855188755,0.0,85.86899335960715,0.0,0.0
3749,29.743112415866452,62743.643855188755,0.0,85.86899335960715,0.0,0.0
3750,29.743112415866452,62743.643855188755,0.0,85.86899335960715,0.0,0.0
3751,29.743112415866452,62743.643855188755,0.0,85.86899335960715,0.0,0.0
3752,29.743112415866452,62743.643855188755,0.0,85.86899335960715,0.0,0.0
3753,29.743112415866452,62743.643855188755,0.0,85.86899335960715,0.0,0.0
3754,29.743112415866452,62743.643855188755,0.0,85.86899335960715,0.0,0.0
3755,29.743112415866452,62743.643855188755,0.0,85.86899335960715,0.0,0.0
3756,29.743112415866452,62743.643855188755,0.0,85.86899335960715,0.0,0.0
3757,29.743112415866452,62743.643855188755,0.0,85.86899335960715,0.0,0.0
3758,29.743112415866452,62743.643855188755,0.0,85.86899335960715,0.0,0.0
3759,29.743112415866452,62743.643855188755,0.0,85.86899335960715,0.0,0.0
3760,29.743112415866452,62743.643855188755,0.0,85.86899335960715,0.0,0.0
3761,29.743112415866452,62743.643855188755,0.0,85.86899335960715,0.0,0.0
3762,29.743112415866452,62743.643855188755,0.0,85.86899335960715,0.0,0.0
3763,29.743112415866452,62743.643855188755,0.0,85.86899335960715,0.0,0.0
3764,29.743112415866452,62743.643855188755,0.0,85.86899335960715,0.0,0.0
3765,29.743112415866452,62743.643855188755,0.0,85.86899335960715,0.0,0.0
3766,29.743112415866452,62743.643855188755,0.0,85.86899335960715,0.0,0.0
3767,29.743112415866452,62743.643855188755,0.0,85.86899335960715,0.0,0.0
3768,29.743112415866452,62743.643855188755,0.0,85.86899335960715,0.0,0.0
3769,29.743112415866452,62743.643855188755,0.0,85.86899335960715,0.0,0.0
3770,29.743112415866452,62743.643855188755,0.0,85.86899335960715,0.0,0.0
3771,29.743112415866452,62743.643855188755,0.0,85.86899335960715,0.0,0.0
3772,29.743112415866452,62743.643855188755,0.0,85.86899335960715,0.0,0.0
3773,29.743112415866452,62743.643855188755,0.0,85.86899335960715,0.0,0.0
3774,29.743112415866452,62743.643855188755,0.0,85.86899335960715,0.0,0.0
3775,29.743112415866452,62743.643855188755,0.0,85.86899335960715,0.0,0.0
3776,29.743112415866452,62743.643855188755,0.0,85.86899335960715,0.0,0.0
3777,29.743112415866452,62743.643855188755,0.0,85.86899335960715,0.0,0.0
3778,29.743112415866452,62743.643855188755,0.0,85.86899335960715,0.0,0.0
3779,29.743112415866452,62743.643855188755,0.0,85.86899335960715,0.0,0.0
3780,29.743112415866452,62743.643855188755,0.0,85.86899335960715,0.0,0.0
3781,29.743112415866452,62743.643855188755,0.0,85.86899335960715,0.0,0.0
3782,29.743112415866452,62743.643855188755,0.0,85.86899335960715,0.0,0.0
3783,29.743112415866452,62743.643855188755,0.0,85.86899335960715,0.0,0.0
3784,29.743112415866452,62743.643855188755,0.0,85.86899335960715,0.0,0.0
3785,29.743112415866452,62743.643855188755,0.0,85.86899335960715,0.0,0.0
3786,29.743112415866452,62743.643855188755,0.0,85.86899335960715,0.0,0.0
3787,29.743112415866452,62743.643855188755,0.0,85.86899335960715,0.0,0.0
3788,29.743112415866452,62743.643855188755,0.0,85.86899335960715,0.0,0.0
3789,29.743112415866452,62743.643855188755,0.0,85.86899335960715,0.0,0.0
3790,29.743112415866452,62743.643855188755,0.0,85.86899335960715,0.0,0.0
3791,29.743112415866452,62743.643855188755,0.0,85.86899335960715,0.0,0.0
3792,29.743112415866452,62743.643855188755,0.0,85.86899335960715,0.0,0.0
3793,29.743112415866452,62743.643855188755,0.0,85.86899335960715,0.0,0.0
3794,29.743112415866452,62743.643855188755,0.0,85.86899335960715,0.0,0.0
3795,29.743112415866452,62743.643855188755,0.0,85.86899335960715,0.0,0.0
3796,29.743112415866452,62743.643855188755,0.0,85.86899335960715,0.0,0.0
3797,29.743112415866452,62743.643855188755,0.0,85.86899335960715,0.0,0.0
3798,29.743112415866452,62743.643855188755,0.0,85.86899335960715,0.0,0.0
3799,29.743112415866452,62743.643855188755,0.0,85.86899335960715,0.0,0.0
3800,29.743112415866452,62743.643855188755,0.0,85.86899335960715,0.0,0.0
3801,29.743112415866452,62743.643855188755,0.0,85.86899335960715,0.0,0.0
3802,29.743112415866452,62743.643855188755,0.0,85.86899335960715,0.0,0.0
3803,29.743112415866452,62743.643855188755,0.0,85.86899335960715,0.0,0.0
3804,29.743112415866452,62743.643855188755,0.0,85.86899335960715,0.0,0.0
3805,29.743112415866452,62743.643855188755,0.0,85.86899335960715,0.0,0.0
3806,29.743112415866452,62743.643855188755,0.0,85.86899335960715,0.0,0.0
3807,29.743112415866452,62743.643855188755,0.0,85.86899335960715,0.0,0.0
3808,29.743112415866452,62743.643855188755,0.0,85.86899335960715,0.0,0.0
3809,29.743112415866452,62743.643855188755,0.0,85.86899335960715,0.0,0.0
3810,29.743112415866452,62743.643855188755,0.0,85.86899335960715,0.0,0.0
3811,29.743112415866452,62743.643855188755,0.0,85.86899335960715,0.0,0.0
3812,29.743112415866452,62743.643855188755,0.0,85.86899335960715,0.0,0.0
3813,29.743112415866452,62743.643855188755,0.0,85.86899335960715,0.0,0.0
3814,29.743112415866452,62743.643855188755,0.0,85.86899335960715,0.0,0.0
3815,29.743112415866452,62743.643855188755,0.0,85.86899335960715,0.0,0.0
3816,29.743112415866452,62743.643855188755,0.0,85.86899335960715,0.0,0.0
3817,29.743112415866452,62743.643855188755,0.0,85.86899335960715,0.0,0.0
3818,29.743112415866452,62743.643855188755,0.0,85.86899335960715,0.0,0.0
3819,29.743112415866452,62743.643855188755,0.0,85.86899335960715,0.0,0.0
3820,29.743112415866452,62743.643855188755,0.0,85.86899335960715,0.0,0.0
3821,29.743112415866452,62743.643855188755,0.0,85.86899335960715,0.0,0.0
3822,29.743112415866452,62743.643855188755,0.0,85.86899335960715,0.0,0.0
3823,29.743112415866452,62743.643855188755,0.0,85.86899335960715,0.0,0.0
3824,29.743112415866452,62743.643855188755,0.0,85.86899335960715,0.0,0.0
3825,29.743112415866452,62743.643855188755,0.0,85.86899335960715,0.0,0.0
3826,29.743112415866452,62743.643855188755,0.0,85.86899335960715,0.0,0.0
3827,29.743112415866452,62743.643855188755,0.0,85.86899335960715,0.0,0.0
3828,29.743112415866452,62743.643855188755,0.0,85.86899335960715,0.0,0.0
3829,29.743112415866452,62743.643855188755,0.0,85.86899335960715,0.0,0.0
3830,29.743112415866452,62743.643855188755,0.0,85.86899335960715,0.0,0.0
3831,29.743112415866452,62743.643855188755,0.0,85.86899335960715,0.0,0.0
3832,29.743112415866452,62743.643855188755,0.0,85.86899335960715,0.0,0.0
3833,29.743112415866452,62743.643855188755,0.0,85.86899335960715,0.0,0.0
3834,29.743112415866452,62743.643855188755,0.0,85.86899335960715,0.0,0.0
3835,29.743112415866452,62743.643855188755,0.0,85.86899335960715,0.0,0.0
3836,29.743112415866452,62743.643855188755,0.0,85.86899335960715,0.0,0.0
3837,29.743112415866452,62743.643855188755,0.0,85.86899335960715,0.0,0.0
3838,29.743112415866452,62743.643855188755,0.0,85.86899335960715,0.0,0.0
3839,29.743112415866452,62743.643855188755,0.0,85.86899335960715,0.0,0.0
3840,29.743112415866452,62743.643855188755,0.0,85.86899335960715,0.0,0.0
3841,29.743112415866452,62743.643855188755,0.0,85.86899335960715,0.0,0.0
3842,29.743112415866452,62743.643855188755,0.0,85.86899335960715,0.0,0.0
3843,29.743112415866452,62743.643855188755,0.0,85.86899335960715,0.0,0.0
3844,29.743112415866452,62743.643855188755,0.0,85.86899335960715,0.0,0.0
3845,29.743112415866452,62743.643855188755,0.0,85.86899335960715,0.0,0.0
3846,29.743112415866452,62743.643855188755,0.0,85.86899335960715,0.0,0.0
3847,29.743112415866452,62743.643855188755,0.0,85.86899335960715,0.0,0.0
3848,29.743112415866452,62743.643855188755,0.0,85.86899335960715,0.0,0.0
3849,29.743112415866452,62743.643855188755,0.0,85.86899335960715,0.0,0.0
3850,29.743112415866452,62743.643855188755,0.0,85.86899335960715,0.0,0.0
3851,29.743112415866452,62743.643855188755,0.0,85.86899335960715,0.0,0.0
3852,29.743112415866452,62743.643855188755,0.0,85.86899335960715,0.0,0.0
3853,29.743112415866452,62743.643855188755,0.0,85.86899335960715,0.0,0.0
3854,29.743112415866452,62743.643855188755,0.0,85.86899335960715,0.0,0.0
3855,29.743112415866452,62743.643855188755,0.0,85.86899335960715,0.0,0.0
3856,29.743112415866452,62743.643855188755,0.0,85.86899335960715,0.0,0.0
3857,29.743112415866452,62743.643855188755,0.0,85.86899335960715,0.0,0.0
3858,29.743112415866452,62743.643855188755,0.0,85.86899335960715,0.0,0.0
3859,29.743112415866452,62743.643855188755,0.0,85.86899335960715,0.0,0.0
3860,29.743112415866452,62743.643855188755,0.0,85.86899335960715,0.0,0.0
3861,29.743112415866452,62743.643855188755,0.0,85.86899335960715,0.0,0.0
3862,29.743112415866452,62743.643855188755,0.0,85.86899335960715,0.0,0.0
3863,29.743112415866452,62743.643855188755,0.0,85.86899335960715,0.0,0.0
3864,28.13027480018045,29583.528195017665,0.0,95.71380166819077,0.0,0.0
3865,28.13027480018045,29583.528195017665,0.0,95.71380166819077,0.0,0.0
3866,28.13027480018045,29583.528195017665,0.0,95.71380166819077,0.0,0.0
3867,28.13027480018045,29583.528195017665,0.0,95.71380166819077,0.0,0.0
3868,28.13027480018045,29583.528195017665,0.0,95.71380166819077,0.0,0.0
3869,28.13027480018045,29583.528195017665,0.0,95.71380166819077,0.0,0.0
3870,28.13027480018045,29583.528195017665,0.0,95.71380166819077,0.0,0.0
3871,28.13027480018045,29583.528195017665,0.0,95.71380166819077,0.0,0.0
3872,28.13027480018045,29583.528195017665,0.0,95.71380166819077,0.0,0.0
3873,28.13027480018045,29583.528195017665,0.0,95.71380166819077,0.0,0.0
3874,28.13027480018045,29583.528195017665,0.0,95.71380166819077,0.0,0.0
3875,28.13027480018045,29583.528195017665,0.0,95.71380166819077,0.0,0.0
3876,28.13027480018045,29583.528195017665,0.0,95.71380166819077,0.0,0.0
3877,28.13027480018045,29583.528195017665,0.0,95.71380166819077,0.0,0.0
3878,28.13027480018045,29583.528195017665,0.0,95.71380166819077,0.0,0.0
3879,28.13027480018045,29583.528195017665,0.0,95.71380166819077,0.0,0.0
3880,28.13027480018045,29583.528195017665,0.0,95.71380166819077,0.0,0.0
3881,28.13027480018045,29583.528195017665,0.0,95.71380166819077,0.0,0.0
3882,28.13027480018045,29583.528195017665,0.0,95.71380166819077,0.0,0.0
3883,28.13027480018045,29583.528195017665,0.0,95.71380166819077,0.0,0.0
3884,28.13027480018045,29583.528195017665,0.0,95.71380166819077,0.0,0.0
3885,28.13027480018045,29583.528195017665,0.0,95.71380166819077,0.0,0.0
3886,28.13027480018045,29583.528195017665,0.0,95.71380166819077,0.0,0.0
3887,28.13027480018045,29583.528195017665,0.0,95.71380166819077,0.0,0.0
3888,28.13027480018045,29583.528195017665,0.0,95.71380166819077,0.0,0.0
3889,28.13027480018045,29583.528195017665,0.0,95.71380166819077,0.0,0.0
3890,28.13027480018045,29583.528195017665,0.0,95.71380166819077,0.0,0.0
3891,28.13027480018045,29583.528195017665,0.0,95.71380166819077,0.0,0.0
3892,28.13027480018045,29583.528195017665,0.0,95.71380166819077,0.0,0.0
3893,28.13027480018045,29583.528195017665,0.0,95.71380166819077,0.0,0.0
3894,28.13027480018045,29583.528195017665,0.0,95.71380166819077,0.0,0.0
3895,28.13027480018045,29583.528195017665,0.0,95.71380166819077,0.0,0.0
3896,28.13027480018045,29583.528195017665,0.0,95.71380166819077,0.0,0.0
3897,28.13027480018045,29583.528195017665,0.0,95.71380166819077,0.0,0.0
3898,28.13027480018045,29583.528195017665,0.0,95.71380166819077,0.0,0.0
3899,28.13027480018045,29583.528195017665,0.0,95.71380166819077,0.0,0.0
3900,28.13027480018045,29583.528195017665,0.0,95.71380166819077,0.0,0.0
3901,28.13027480018045,29583.528195017665,0.0,95.71380166819077,0.0,0.0
3902,28.13027480018045,29583.528195017665,0.0,95.71380166819077,0.0,0.0
3903,28.13027480018045,29583.528195017665,0.0,95.71380166819077,0.0,0.0
3904,28.13027480018045,29583.528195017665,0.0,95.71380166819077,0.0,0.0
3905,28.13027480018045,29583.528195017665,0.0,95.71380166819077,0.0,0.0
3906,28.13027480018045,29583.528195017665,0.0,95.71380166819077,0.0,0.0
3907,28.13027480018045,29583.528195017665,0.0,95.71380166819077,0.0,0.0
3908,28.13027480018045,29583.528195017665,0.0,95.71380166819077,0.0,0.0
3909,28.13027480018045,29583.528195017665,0.0,95.71380166819077,0.0,0.0
3910,28.13027480018045,29583.528195017665,0.0,95.71380166819077,0.0,0.0
3911,28.13027480018045,29583.528195017665,0.0,95.71380166819077,0.0,0.0
3912,28.13027480018045,29583.528195017665,0.0,95.71380166819077,0.0,0.0
3913,28.13027480018045,29583.528195017665,0.0,95.71380166819077,0.0,0.0
3914,28.13027480018045,29583.528195017665,0.0,95.71380166819077,0.0,0.0
3915,28.13027480018045,29583.528195017665,0.0,95.71380166819077,0.0,0.0
3916,28.13027480018045,29583.528195017665,0.0,95.71380166819077,0.0,0.0
3917,28.13027480018045,29583.528195017665,0.0,95.71380166819077,0.0,0.0
3918,28.13027480018045,29583.528195017665,0.0,95.71380166819077,0.0,0.0
3919,28.13027480018045,29583.528195017665,0.0,95.71380166819077,0.0,0.0
3920,28.13027480018045,29583.528195017665,0.0,95.71380166819077,0.0,0.0
3921,28.13027480018045,29583.528195017665,0.0,95.71380166819077,0.0,0.0
3922,28.13027480018045,29583.528195017665,0.0,95.71380166819077,0.0,0.0
3923,28.13027480018045,29583.528195017665,0.0,95.71380166819077,0.0,0.0
3924,28.13027480018045,29583.528195017665,0.0,95.71380166819077,0.0,0.0
3925,28.13027480018045,29583.528195017665,0.0,95.71380166819077,0.0,0.0
3926,28.13027480018045,29583.528195017665,0.0,95.71380166819077,0.0,0.0
3927,28.13027480018045,29583.528195017665,0.0,95.71380166819077,0.0,0.0
3928,28.13027480018045,29583.528195017665,0.0,95.71380166819077,0.0,0.0
3929,28.13027480018045,29583.528195017665,0.0,95.71380166819077,0.0,0.0
3930,28.13027480018045,29583.528195017665,0.0,95.71380166819077,0.0,0.0
3931,28.13027480018045,29583.528195017665,0.0,95.71380166819077,0.0,0.0
3932,28.13027480018045,29583.528195017665,0.0,95.71380166819077,0.0,0.0
3933,28.13027480018045,29583.528195017665,0.0,95.71380166819077,0.0,0.0
3934,28.13027480018045,29583.528195017665,0.0,95.71380166819077,0.0,0.0
3935,28.13027480018045,29583.528195017665,0.0,95.71380166819077,0.0,0.0
3936,28.13027480018045,29583.528195017665,0.0,95.71380166819077,0.0,0.0
3937,28.13027480018045,29583.528195017665,0.0,95.71380166819077,0.0,0.0
3938,28.13027480018045,29583.528195017665,0.0,95.71380166819077,0.0,0.0
3939,28.13027480018045,29583.528195017665,0.0,95.71380166819077,0.0,0.0
3940,28.13027480018045,29583.528195017665,0.0,95.71380166819077,0.0,0.0
3941,28.13027480018045,29583.528195017665,0.0,95.71380166819077,0.0,0.0
3942,28.13027480018045,29583.528195017665,0.0,95.71380166819077,0.0,0.0
3943,28.13027480018045,29583.528195017665,0.0,95.71380166819077,0.0,0.0
3944,28.13027480018045,29583.528195017665,0.0,95.71380166819077,0.0,0.0
3945,28.13027480018045,29583.528195017665,0.0,95.71380166819077,0.0,0.0
3946,28.13027480018045,29583.528195017665,0.0,95.71380166819077,0.0,0.0
3947,28.13027480018045,29583.528195017665,0.0,95.71380166819077,0.0,0.0
3948,28.13027480018045,29583.528195017665,0.0,95.71380166819077,0.0,0.0
3949,28.13027480018045,29583.528195017665,0.0,95.71380166819077,0.0,0.0
3950,28.13027480018045,29583.528195017665,0.0,95.71380166819077,0.0,0.0
3951,28.13027480018045,29583.528195017665,0.0,95.71380166819077,0.0,0.0
3952,28.13027480018045,29583.528195017665,0.0,95.71380166819077,0.0,0.0
3953,28.13027480018045,29583.528195017665,0.0,95.71380166819077,0.0,0.0
3954,28.13027480018045,29583.528195017665,0.0,95.71380166819077,0.0,0.0
3955,28.13027480018045,29583.528195017665,0.0,95.71380166819077,0.0,0.0
3956,28.13027480018045,29583.528195017665,0.0,95.71380166819077,0.0,0.0
3957,28.13027480018045,29583.528195017665,0.0,95.71380166819077,0.0,0.0
3958,28.13027480018045,29583.528195017665,0.0,95.71380166819077,0.0,0.0
3959,28.13027480018045,29583.528195017665,0.0,95.71380166819077,0.0,0.0
3960,28.13027480018045,29583.528195017665,0.0,95.71380166819077,0.0,0.0
3961,28.13027480018045,29583.528195017665,0.0,95.71380166819077,0.0,0.0
3962,28.13027480018045,29583.528195017665,0.0,95.71380166819077,0.0,0.0
3963,28.13027480018045,29583.528195017665,0.0,95.71380166819077,0.0,0.0
3964,28.13027480018045,29583.528195017665,0.0,95.71380166819077,0.0,0.0
3965,28.13027480018045,29583.528195017665,0.0,95.71380166819077,0.0,0.0
3966,28.13027480018045,29583.528195017665,0.0,95.71380166819077,0.0,0.0
3967,28.13027480018045,29583.528195017665,0.0,95.71380166819077,0.0,0.0
3968,28.13027480018045,29583.528195017665,0.0,95.71380166819077,0.0,0.0
3969,28.13027480018045,29583.528195017665,0.0,95.71380166819077,0.0,0.0
3970,28.13027480018045,29583.528195017665,0.0,95.71380166819077,0.0,0.0
3971,28.13027480018045,29583.528195017665,0.0,95.71380166819077,0.0,0.0
3972,28.13027480018045,29583.528195017665,0.0,95.71380166819077,0.0,0.0
3973,28.13027480018045,29583.528195017665,0.0,95.71380166819077,0.0,0.0
3974,28.13027480018045,29583.528195017665,0.0,95.71380166819077,0.0,0.0
3975,28.13027480018045,29583.528195017665,0.0,95.71380166819077,0.0,0.0
3976,28.13027480018045,29583.528195017665,0.0,95.71380166819077,0.0,0.0
3977,28.13027480018045,29583.528195017665,0.0,95.71380166819077,0.0,0.0
3978,28.13027480018045,29583.528195017665,0.0,95.71380166819077,0.0,0.0
3979,28.13027480018045,29583.528195017665,0.0,95.71380166819077,0.0,0.0
3980,28.13027480018045,29583.528195017665,0.0,95.71380166819077,0.0,0.0
3981,28.13027480018045,29583.528195017665,0.0,95.71380166819077,0.0,0.0
3982,28.13027480018045,29583.528195017665,0.0,95.71380166819077,0.0,0.0
3983,28.13027480018045,29583.528195017665,0.0,95.71380166819077,0.0,0.0
3984,28.13027480018045,29583.528195017665,0.0,95.71380166819077,0.0,0.0
3985,28.13027480018045,29583.528195017665,0.0,95.71380166819077,0.0,0.0
3986,28.13027480018045,29583.528195017665,0.0,95.71380166819077,0.0,0.0
3987,28.13027480018045,29583.528195017665,0.0,95.71380166819077,0.0,0.0
3988,28.13027480018045,29583.528195017665,0.0,95.71380166819077,0.0,0.0
3989,28.13027480018045,29583.528195017665,0.0,95.71380166819077,0.0,0.0
3990,28.13027480018045,29583.528195017665,0.0,95.71380166819077,0.0,0.0
3991,28.13027480018045,29583.528195017665,0.0,95.71380166819077,0.0,0.0
3992,28.13027480018045,29583.528195017665,0.0,95.71380166819077,0.0,0.0
3993,28.13027480018045,29583.528195017665,0.0,95.71380166819077,0.0,0.0
3994,28.13027480018045,29583.528195017665,0.0,95.71380166819077,0.0,0.0
3995,28.13027480018045,29583.528195017665,0.0,95.71380166819077,0.0,0.0
3996,28.13027480018045,29583.528195017665,0.0,95.71380166819077,0.0,0.0
3997,28.13027480018045,29583.528195017665,0.0,95.71380166819077,0.0,0.0
3998,28.13027480018045,29583.528195017665,0.0,95.71380166819077,0.0,0.0
3999,28.13027480018045,29583.528195017665,0.0,95.71380166819077,0.0,0.0
4000,28.13027480018045,29583.528195017665,0.0,95.71380166819077,0.0,0.0
4001,28.13027480018045,29583.528195017665,0.0,95.71380166819077,0.0,0.0
4002,28.13027480018045,29583.528195017665,0.0,95.71380166819077,0.0,0.0
4003,28.13027480018045,29583.528195017665,0.0,95.71380166819077,0.0,0.0
4004,28.13027480018045,29583.528195017665,0.0,95.71380166819077,0.0,0.0
4005,28.13027480018045,29583.528195017665,0.0,95.71380166819077,0.0,0.0
4006,28.13027480018045,29583.528195017665,0.0,95.71380166819077,0.0,0.0
4007,28.13027480018045,29583.528195017665,0.0,95.71380166819077,0.0,0.0
4008,28.13027480018045,29583.528195017665,0.0,95.71380166819077,0.0,0.0
4009,28.13027480018045,29583.528195017665,0.0,95.71380166819077,0.0,0.0
4010,28.13027480018045,29583.528195017665,0.0,95.71380166819077,0.0,0.0
4011,28.13027480018045,29583.528195017665,0.0,95.71380166819077,0.0,0.0
4012,28.13027480018045,29583.528195017665,0.0,95.71380166819077,0.0,0.0
4013,28.13027480018045,29583.528195017665,0.0,95.71380166819077,0.0,0.0
4014,28.13027480018045,29583.528195017665,0.0,95.71380166819077,0.0,0.0
4015,28.13027480018045,29583.528195017665,0.0,95.71380166819077,0.0,0.0
4016,28.13027480018045,29583.528195017665,0.0,95.71380166819077,0.0,0.0
4017,28.13027480018045,29583.528195017665,0.0,95.71380166819077,0.0,0.0
4018,28.13027480018045,29583.528195017665,0.0,95.71380166819077,0.0,0.0
4019,28.13027480018045,29583.528195017665,0.0,95.71380166819077,0.0,0.0
4020,28.13027480018045,29583.528195017665,0.0,95.71380166819077,0.0,0.0
4021,28.13027480018045,29583.528195017665,0.0,95.71380166819077,0.0,0.0
4022,28.13027480018045,29583.528195017665,0.0,95.71380166819077,0.0,0.0
4023,28.13027480018045,29583.528195017665,0.0,95.71380166819077,0.0,0.0
4024,28.13027480018045,29583.528195017665,0.0,95.71380166819077,0.0,0.0
4025,28.13027480018045,29583.528195017665,0.0,95.71380166819077,0.0,0.0
4026,28.13027480018045,29583.528195017665,0.0,95.71380166819077,0.0,0.0
4027,28.13027480018045,29583.528195017665,0.0,95.71380166819077,0.0,0.0
4028,28.13027480018045,29583.528195017665,0.0,95.71380166819077,0.0,0.0
4029,28.13027480018045,29583.528195017665,0.0,95.71380166819077,0.0,0.0
4030,28.13027480018045,29583.528195017665,0.0,95.71380166819077,0.0,0.0
4031,28.13027480018045,29583.528195017665,0.0,95.71380166819077,0.0,0.0
4032,33.20881269775105,36832.867512319164,0.0,114.6272792119828,0.0,0.0
4033,33.20881269775105,36832.867512319164,0.0,114.6272792119828,0.0,0.0
4034,33.20881269775105,36832.867512319164,0.0,114.6272792119828,0.0,0.0
4035,33.20881269775105,36832.867512319164,0.0,114.6272792119828,0.0,0.0
4036,33.20881269775105,36832.867512319164,0.0,114.6272792119828,0.0,0.0
4037,33.20881269775105,36832.867512319164,0.0,114.6272792119828,0.0,0.0
4038,33.20881269775105,36832.867512319164,0.0,114.6272792119828,0.0,0.0
4039,33.20881269775105,36832.867512319164,0.0,114.6272792119828,0.0,0.0
4040,33.20881269775105,36832.867512319164,0.0,114.6272792119828,0.0,0.0
4041,33.20881269775105,36832.867512319164,0.0,114.6272792119828,0.0,0.0
4042,33.20881269775105,36832.867512319164,0.0,114.6272792119828,0.0,0.0
4043,33.20881269775105,36832.867512319164,0.0,114.6272792119828,0.0,0.0
4044,33.20881269775105,36832.867512319164,0.0,114.6272792119828,0.0,0.0
4045,33.20881269775105,36832.867512319164,0.0,114.6272792119828,0.0,0.0
4046,33.20881269775105,36832.867512319164,0.0,114.6272792119828,0.0,0.0
4047,33.20881269775105,36832.867512319164,0.0,114.6272792119828,0.0,0.0
4048,33.20881269775105,36832.867512319164,0.0,114.6272792119828,0.0,0.0
4049,33.20881269775105,36832.867512319164,0.0,114.6272792119828,0.0,0.0
4050,33.20881269775105,36832.867512319164,0.0,114.6272792119828,0.0,0.0
4051,33.20881269775105,36832.867512319164,0.0,114.6272792119828,0.0,0.0
4052,33.20881269775105,36832.867512319164,0.0,114.6272792119828,0.0,0.0
4053,33.20881269775105,36832.867512319164,0.0,114.6272792119828,0.0,0.0
4054,33.20881269775105,36832.867512319164,0.0,114.6272792119828,0.0,0.0
4055,33.20881269775105,36832.867512319164,0.0,114.6272792119828,0.0,0.0
4056,33.20881269775105,36832.867512319164,0.0,114.6272792119828,0.0,0.0
4057,33.20881269775105,36832.867512319164,0.0,114.6272792119828,0.0,0.0
4058,33.20881269775105,36832.867512319164,0.0,114.6272792119828,0.0,0.0
4059,33.20881269775105,36832.867512319164,0.0,114.6272792119828,0.0,0.0
4060,33.20881269775105,36832.867512319164,0.0,114.6272792119828,0.0,0.0
4061,33.20881269775105,36832.867512319164,0.0,114.6272792119828,0.0,0.0
4062,33.20881269775105,36832.867512319164,0.0,114.6272792119828,0.0,0.0
4063,33.20881269775105,36832.867512319164,0.0,114.6272792119828,0.0,0.0
4064,33.20881269775105,36832.867512319164,0.0,114.6272792119828,0.0,0.0
4065,33.20881269775105,36832.867512319164,0.0,114.6272792119828,0.0,0.0
4066,33.20881269775105,36832.867512319164,0.0,114.6272792119828,0.0,0.0
4067,33.20881269775105,36832.867512319164,0.0,114.6272792119828,0.0,0.0
4068,33.20881269775105,36832.867512319164,0.0,114.6272792119828,0.0,0.0
4069,33.20881269775105,36832.867512319164,0.0,114.6272792119828,0.0,0.0
4070,33.20881269775105,36832.867512319164,0.0,114.6272792119828,0.0,0.0
4071,33.20881269775105,36832.867512319164,0.0,114.6272792119828,0.0,0.0
4072,33.20881269775105,36832.867512319164,0.0,114.6272792119828,0.0,0.0
4073,33.20881269775105,36832.867512319164,0.0,114.6272792119828,0.0,0.0
4074,33.20881269775105,36832.867512319164,0.0,114.6272792119828,0.0,0.0
4075,33.20881269775105,36832.867512319164,0.0,114.6272792119828,0.0,0.0
4076,33.20881269775105,36832.867512319164,0.0,114.6272792119828,0.0,0.0
4077,33.20881269775105,36832.867512319164,0.0,114.6272792119828,0.0,0.0
4078,33.20881269775105,36832.867512319164,0.0,114.6272792119828,0.0,0.0
4079,33.20881269775105,36832.867512319164,0.0,114.6272792119828,0.0,0.0
4080,33.20881269775105,36832.867512319164,0.0,114.6272792119828,0.0,0.0
4081,33.20881269775105,36832.867512319164,0.0,114.6272792119828,0.0,0.0
4082,33.20881269775105,36832.867512319164,0.0,114.6272792119828,0.0,0.0
4083,33.20881269775105,36832.867512319164,0.0,114.6272792119828,0.0,0.0
4084,33.20881269775105,36832.867512319164,0.0,114.6272792119828,0.0,0.0
4085,33.20881269775105,36832.867512319164,0.0,114.6272792119828,0.0,0.0
4086,33.20881269775105,36832.867512319164,0.0,114.6272792119828,0.0,0.0
4087,33.20881269775105,36832.867512319164,0.0,114.6272792119828,0.0,0.0
4088,33.20881269775105,36832.867512319164,0.0,114.6272792119828,0.0,0.0
4089,33.20881269775105,36832.867512319164,0.0,114.6272792119828,0.0,0.0
4090,33.20881269775105,36832.867512319164,0.0,114.6272792119828,0.0,0.0
4091,33.20881269775105,36832.867512319164,0.0,114.6272792119828,0.0,0.0
4092,33.20881269775105,36832.867512319164,0.0,114.6272792119828,0.0,0.0
4093,33.20881269775105,36832.867512319164,0.0,114.6272792119828,0.0,0.0
4094,33.20881269775105,36832.867512319164,0.0,114.6272792119828,0.0,0.0
4095,33.20881269775105,36832.867512319164,0.0,114.6272792119828,0.0,0.0
4096,33.20881269775105,36832.867512319164,0.0,114.6272792119828,0.0,0.0
4097,33.20881269775105,36832.867512319164,0.0,114.6272792119828,0.0,0.0
4098,33.20881269775105,36832.867512319164,0.0,114.6272792119828,0.0,0.0
4099,33.20881269775105,36832.867512319164,0.0,114.6272792119828,0.0,0.0
4100,33.20881269775105,36832.867512319164,0.0,114.6272792119828,0.0,0.0
4101,33.20881269775105,36832.867512319164,0.0,114.6272792119828,0.0,0.0
4102,33.20881269775105,36832.867512319164,0.0,114.6272792119828,0.0,0.0
4103,33.20881269775105,36832.867512319164,0.0,114.6272792119828,0.0,0.0
4104,33.20881269775105,36832.867512319164,0.0,114.6272792119828,0.0,0.0
4105,33.20881269775105,36832.867512319164,0.0,114.6272792119828,0.0,0.0
4106,33.20881269775105,36832.867512319164,0.0,114.6272792119828,0.0,0.0
4107,33.20881269775105,36832.867512319164,0.0,114.6272792119828,0.0,0.0
4108,33.20881269775105,36832.867512319164,0.0,114.6272792119828,0.0,0.0
4109,33.20881269775105,36832.867512319164,0.0,114.6272792119828,0.0,0.0
4110,33.20881269775105,36832.867512319164,0.0,114.6272792119828,0.0,0.0
4111,33.20881269775105,36832.867512319164,0.0,114.6272792119828,0.0,0.0
4112,33.20881269775105,36832.867512319164,0.0,114.6272792119828,0.0,0.0
4113,33.20881269775105,36832.867512319164,0.0,114.6272792119828,0.0,0.0
4114,33.20881269775105,36832.867512319164,0.0,114.6272792119828,0.0,0.0
4115,33.20881269775105,36832.867512319164,0.0,114.6272792119828,0.0,0.0
4116,33.20881269775105,36832.867512319164,0.0,114.6272792119828,0.0,0.0
4117,33.20881269775105,36832.867512319164,0.0,114.6272792119828,0.0,0.0
4118,33.20881269775105,36832.867512319164,0.0,114.6272792119828,0.0,0.0
4119,33.20881269775105,36832.867512319164,0.0,114.6272792119828,0.0,0.0
4120,33.20881269775105,36832.867512319164,0.0,114.6272792119828,0.0,0.0
4121,33.20881269775105,36832.867512319164,0.0,114.6272792119828,0.0,0.0
4122,33.20881269775105,36832.867512319164,0.0,114.6272792119828,0.0,0.0
4123,33.20881269775105,36832.867512319164,0.0,114.6272792119828,0.0,0.0
4124,33.20881269775105,36832.867512319164,0.0,114.6272792119828,0.0,0.0
4125,33.20881269775105,36832.867512319164,0.0,114.6272792119828,0.0,0.0
4126,33.20881269775105,36832.867512319164,0.0,114.6272792119828,0.0,0.0
4127,33.20881269775105,36832.867512319164,0.0,114.6272792119828,0.0,0.0
4128,33.20881269775105,36832.867512319164,0.0,114.6272792119828,0.0,0.0
4129,33.20881269775105,36832.867512319164,0.0,114.6272792119828,0.0,0.0
4130,33.20881269775105,36832.867512319164,0.0,114.6272792119828,0.0,0.0
4131,33.20881269775105,36832.867512319164,0.0,114.6272792119828,0.0,0.0
4132,33.20881269775105,36832.867512319164,0.0,114.6272792119828,0.0,0.0
4133,33.20881269775105,36832.867512319164,0.0,114.6272792119828,0.0,0.0
4134,33.20881269775105,36832.867512319164,0.0,114.6272792119828,0.0,0.0
4135,33.20881269775105,36832.867512319164,0.0,114.6272792119828,0.0,0.0
4136,33.20881269775105,36832.867512319164,0.0,114.6272792119828,0.0,0.0
4137,33.20881269775105,36832.867512319164,0.0,114.6272792119828,0.0,0.0
4138,33.20881269775105,36832.867512319164,0.0,114.6272792119828,0.0,0.0
4139,33.20881269775105,36832.867512319164,0.0,114.6272792119828,0.0,0.0
4140,33.20881269775105,36832.867512319164,0.0,114.6272792119828,0.0,0.0
4141,33.20881269775105,36832.867512319164,0.0,114.6272792119828,0.0,0.0
4142,33.20881269775105,36832.867512319164,0.0,114.6272792119828,0.0,0.0
4143,33.20881269775105,36832.867512319164,0.0,114.6272792119828,0.0,0.0
4144,33.20881269775105,36832.867512319164,0.0,114.6272792119828,0.0,0.0
4145,33.20881269775105,36832.867512319164,0.0,114.6272792119828,0.0,0.0
4146,33.20881269775105,36832.867512319164,0.0,114.6272792119828,0.0,0.0
4147,33.20881269775105,36832.867512319164,0.0,114.6272792119828,0.0,0.0
4148,33.20881269775105,36832.867512319164,0.0,114.6272792119828,0.0,0.0
4149,33.20881269775105,36832.867512319164,0.0,114.6272792119828,0.0,0.0
4150,33.20881269775105,36832.867512319164,0.0,114.6272792119828,0.0,0.0
4151,33.20881269775105,36832.867512319164,0.0,114.6272792119828,0.0,0.0
4152,33.20881269775105,36832.867512319164,0.0,114.6272792119828,0.0,0.0
4153,33.20881269775105,36832.867512319164,0.0,114.6272792119828,0.0,0.0
4154,33.20881269775105,36832.867512319164,0.0,114.6272792119828,0.0,0.0
4155,33.20881269775105,36832.867512319164,0.0,114.6272792119828,0.0,0.0
4156,33.20881269775105,36832.867512319164,0.0,114.6272792119828,0.0,0.0
4157,33.20881269775105,36832.867512319164,0.0,114.6272792119828,0.0,0.0
4158,33.20881269775105,36832.867512319164,0.0,114.6272792119828,0.0,0.0
4159,33.20881269775105,36832.867512319164,0.0,114.6272792119828,0.0,0.0
4160,33.20881269775105,36832.867512319164,0.0,114.6272792119828,0.0,0.0
4161,33.20881269775105,36832.867512319164,0.0,114.6272792119828,0.0,0.0
4162,33.20881269775105,36832.867512319164,0.0,114.6272792119828,0.0,0.0
4163,33.20881269775105,36832.867512319164,0.0,114.6272792119828,0.0,0.0
4164,33.20881269775105,36832.867512319164,0.0,114.6272792119828,0.0,0.0
4165,33.20881269775105,36832.867512319164,0.0,114.6272792119828,0.0,0.0
4166,33.20881269775105,36832.867512319164,0.0,114.6272792119828,0.0,0.0
4167,33.20881269775105,36832.867512319164,0.0,114.6272792119828,0.0,0.0
4168,33.20881269775105,36832.867512319164,0.0,114.6272792119828,0.0,0.0
4169,33.20881269775105,36832.867512319164,0.0,114.6272792119828,0.0,0.0
4170,33.20881269775105,36832.867512319164,0.0,114.6272792119828,0.0,0.0
4171,33.20881269775105,36832.867512319164,0.0,114.6272792119828,0.0,0.0
4172,33.20881269775105,36832.867512319164,0.0,114.6272792119828,0.0,0.0
4173,33.20881269775105,36832.867512319164,0.0,114.6272792119828,0.0,0.0
4174,33.20881269775105,36832.867512319164,0.0,114.6272792119828,0.0,0.0
4175,33.20881269775105,36832.867512319164,0.0,114.6272792119828,0.0,0.0
4176,33.20881269775105,36832.867512319164,0.0,114.6272792119828,0.0,0.0
4177,33.20881269775105,36832.867512319164,0.0,114.6272792119828,0.0,0.0
4178,33.20881269775105,36832.867512319164,0.0,114.6272792119828,0.0,0.0
4179,33.20881269775105,36832.867512319164,0.0,114.6272792119828,0.0,0.0
4180,33.20881269775105,36832.867512319164,0.0,114.6272792119828,0.0,0.0
4181,33.20881269775105,36832.867512319164,0.0,114.6272792119828,0.0,0.0
4182,33.20881269775105,36832.867512319164,0.0,114.6272792119828,0.0,0.0
4183,33.20881269775105,36832.867512319164,0.0,114.6272792119828,0.0,0.0
4184,33.20881269775105,36832.867512319164,0.0,114.6272792119828,0.0,0.0
4185,33.20881269775105,36832.867512319164,0.0,114.6272792119828,0.0,0.0
4186,33.20881269775105,36832.867512319164,0.0,114.6272792119828,0.0,0.0
4187,33.20881269775105,36832.867512319164,0.0,114.6272792119828,0.0,0.0
4188,33.20881269775105,36832.867512319164,0.0,114.6272792119828,0.0,0.0
4189,33.20881269775105,36832.867512319164,0.0,114.6272792119828,0.0,0.0
4190,33.20881269775105,36832.867512319164,0.0,114.6272792119828,0.0,0.0
4191,33.20881269775105,36832.867512319164,0.0,114.6272792119828,0.0,0.0
4192,33.20881269775105,36832.867512319164,0.0,114.6272792119828,0.0,0.0
4193,33.20881269775105,36832.867512319164,0.0,114.6272792119828,0.0,0.0
4194,33.20881269775105,36832.867512319164,0.0,114.6272792119828,0.0,0.0
4195,33.20881269775105,36832.867512319164,0.0,114.6272792119828,0.0,0.0
4196,33.20881269775105,36832.867512319164,0.0,114.6272792119828,0.0,0.0
4197,33.20881269775105,36832.867512319164,0.0,114.6272792119828,0.0,0.0
4198,33.20881269775105,36832.867512319164,0.0,114.6272792119828,0.0,0.0
4199,33.20881269775105,36832.867512319164,0.0,114.6272792119828,0.0,0.0
4200,25.781921695424572,26959.271030059368,0.0,139.84904073671564,0.0,0.0
4201,25.781921695424572,26959.271030059368,0.0,139.84904073671564,0.0,0.0
4202,25.781921695424572,26959.271030059368,0.0,139.84904073671564,0.0,0.0
4203,25.781921695424572,26959.271030059368,0.0,139.84904073671564,0.0,0.0
4204,25.781921695424572,26959.271030059368,0.0,139.84904073671564,0.0,0.0
4205,25.781921695424572,26959.271030059368,0.0,139.84904073671564,0.0,0.0
4206,25.781921695424572,26959.271030059368,0.0,139.84904073671564,0.0,0.0
4207,25.781921695424572,26959.271030059368,0.0,139.84904073671564,0.0,0.0
4208,25.781921695424572,26959.271030059368,0.0,139.84904073671564,0.0,0.0
4209,25.781921695424572,26959.271030059368,0.0,139.84904073671564,0.0,0.0
4210,25.781921695424572,26959.271030059368,0.0,139.84904073671564,0.0,0.0
4211,25.781921695424572,26959.271030059368,0.0,139.84904073671564,0.0,0.0
4212,25.781921695424572,26959.271030059368,0.0,139.84904073671564,0.0,0.0
4213,25.781921695424572,26959.271030059368,0.0,139.84904073671564,0.0,0.0
4214,25.781921695424572,26959.271030059368,0.0,139.84904073671564,0.0,0.0
4215,25.781921695424572,26959.271030059368,0.0,139.84904073671564,0.0,0.0
4216,25.781921695424572,26959.271030059368,0.0,139.84904073671564,0.0,0.0
4217,25.781921695424572,26959.271030059368,0.0,139.84904073671564,0.0,0.0
4218,25.781921695424572,26959.271030059368,0.0,139.84904073671564,0.0,0.0
4219,25.781921695424572,26959.271030059368,0.0,139.84904073671564,0.0,0.0
4220,25.781921695424572,26959.271030059368,0.0,139.84904073671564,0.0,0.0
4221,25.781921695424572,26959.271030059368,0.0,139.84904073671564,0.0,0.0
4222,25.781921695424572,26959.271030059368,0.0,139.84904073671564,0.0,0.0
4223,25.781921695424572,26959.271030059368,0.0,139.84904073671564,0.0,0.0
4224,25.781921695424572,26959.271030059368,0.0,139.84904073671564,0.0,0.0
4225,25.781921695424572,26959.271030059368,0.0,139.84904073671564,0.0,0.0
4226,25.781921695424572,26959.271030059368,0.0,139.84904073671564,0.0,0.0
4227,25.781921695424572,26959.271030059368,0.0,139.84904073671564,0.0,0.0
4228,25.781921695424572,26959.271030059368,0.0,139.84904073671564,0.0,0.0
4229,25.781921695424572,26959.271030059368,0.0,139.84904073671564,0.0,0.0
4230,25.781921695424572,26959.271030059368,0.0,139.84904073671564,0.0,0.0
4231,25.781921695424572,26959.271030059368,0.0,139.84904073671564,0.0,0.0
4232,25.781921695424572,26959.271030059368,0.0,139.84904073671564,0.0,0.0
4233,25.781921695424572,26959.271030059368,0.0,139.84904073671564,0.0,0.0
4234,25.781921695424572,26959.271030059368,0.0,139.84904073671564,0.0,0.0
4235,25.781921695424572,26959.271030059368,0.0,139.84904073671564,0.0,0.0
4236,25.781921695424572,26959.271030059368,0.0,139.84904073671564,0.0,0.0
4237,25.781921695424572,26959.271030059368,0.0,139.84904073671564,0.0,0.0
4238,25.781921695424572,26959.271030059368,0.0,139.84904073671564,0.0,0.0
4239,25.781921695424572,26959.271030059368,0.0,139.84904073671564,0.0,0.0
4240,25.781921695424572,26959.271030059368,0.0,139.84904073671564,0.0,0.0
4241,25.781921695424572,26959.271030059368,0.0,139.84904073671564,0.0,0.0
4242,25.781921695424572,26959.271030059368,0.0,139.84904073671564,0.0,0.0
4243,25.781921695424572,26959.271030059368,0.0,139.84904073671564,0.0,0.0
4244,25.781921695424572,26959.271030059368,0.0,139.84904073671564,0.0,0.0
4245,25.781921695424572,26959.271030059368,0.0,139.84904073671564,0.0,0.0
4246,25.781921695424572,26959.271030059368,0.0,139.84904073671564,0.0,0.0
4247,25.781921695424572,26959.271030059368,0.0,139.84904073671564,0.0,0.0
4248,25.781921695424572,26959.271030059368,0.0,139.84904073671564,0.0,0.0
4249,25.781921695424572,26959.271030059368,0.0,139.84904073671564,0.0,0.0
4250,25.781921695424572,26959.271030059368,0.0,139.84904073671564,0.0,0.0
4251,25.781921695424572,26959.271030059368,0.0,139.84904073671564,0.0,0.0
4252,25.781921695424572,26959.271030059368,0.0,139.84904073671564,0.0,0.0
4253,25.781921695424572,26959.271030059368,0.0,139.84904073671564,0.0,0.0
4254,25.781921695424572,26959.271030059368,0.0,139.84904073671564,0.0,0.0
4255,25.781921695424572,26959.271030059368,0.0,139.84904073671564,0.0,0.0
4256,25.781921695424572,26959.271030059368,0.0,139.84904073671564,0.0,0.0
4257,25.781921695424572,26959.271030059368,0.0,139.84904073671564,0.0,0.0
4258,25.781921695424572,26959.271030059368,0.0,139.84904073671564,0.0,0.0
4259,25.781921695424572,26959.271030059368,0.0,139.84904073671564,0.0,0.0
4260,25.781921695424572,26959.271030059368,0.0,139.84904073671564,0.0,0.0
4261,25.781921695424572,26959.271030059368,0.0,139.84904073671564,0.0,0.0
4262,25.781921695424572,26959.271030059368,0.0,139.84904073671564,0.0,0.0
4263,25.781921695424572,26959.271030059368,0.0,139.84904073671564,0.0,0.0
4264,25.781921695424572,26959.271030059368,0.0,139.84904073671564,0.0,0.0
4265,25.781921695424572,26959.271030059368,0.0,139.84904073671564,0.0,0.0
4266,25.781921695424572,26959.271030059368,0.0,139.84904073671564,0.0,0.0
4267,25.781921695424572,26959.271030059368,0.0,139.84904073671564,0.0,0.0
4268,25.781921695424572,26959.271030059368,0.0,139.84904073671564,0.0,0.0
4269,25.781921695424572,26959.271030059368,0.0,139.84904073671564,0.0,0.0
4270,25.781921695424572,26959.271030059368,0.0,139.84904073671564,0.0,0.0
4271,25.781921695424572,26959.271030059368,0.0,139.84904073671564,0.0,0.0
4272,25.781921695424572,26959.271030059368,0.0,139.84904073671564,0.0,0.0
4273,25.781921695424572,26959.271030059368,0.0,139.84904073671564,0.0,0.0
4274,25.781921695424572,26959.271030059368,0.0,139.84904073671564,0.0,0.0
4275,25.781921695424572,26959.271030059368,0.0,139.84904073671564,0.0,0.0
4276,25.781921695424572,26959.271030059368,0.0,139.84904073671564,0.0,0.0
4277,25.781921695424572,26959.271030059368,0.0,139.84904073671564,0.0,0.0
4278,25.781921695424572,26959.271030059368,0.0,139.84904073671564,0.0,0.0
4279,25.781921695424572,26959.271030059368,0.0,139.84904073671564,0.0,0.0
4280,25.781921695424572,26959.271030059368,0.0,139.84904073671564,0.0,0.0
4281,25.781921695424572,26959.271030059368,0.0,139.84904073671564,0.0,0.0
4282,25.781921695424572,26959.271030059368,0.0,139.84904073671564,0.0,0.0
4283,25.781921695424572,26959.271030059368,0.0,139.84904073671564,0.0,0.0
4284,25.781921695424572,26959.271030059368,0.0,139.84904073671564,0.0,0.0
4285,25.781921695424572,26959.271030059368,0.0,139.84904073671564,0.0,0.0
4286,25.781921695424572,26959.271030059368,0.0,139.84904073671564,0.0,0.0
4287,25.781921695424572,26959.271030059368,0.0,139.84904073671564,0.0,0.0
4288,25.781921695424572,26959.271030059368,0.0,139.84904073671564,0.0,0.0
4289,25.781921695424572,26959.271030059368,0.0,139.84904073671564,0.0,0.0
4290,25.781921695424572,26959.271030059368,0.0,139.84904073671564,0.0,0.0
4291,25.781921695424572,26959.271030059368,0.0,139.84904073671564,0.0,0.0
4292,25.781921695424572,26959.271030059368,0.0,139.84904073671564,0.0,0.0
4293,25.781921695424572,26959.271030059368,0.0,139.84904073671564,0.0,0.0
4294,25.781921695424572,26959.271030059368,0.0,139.84904073671564,0.0,0.0
4295,25.781921695424572,26959.271030059368,0.0,139.84904073671564,0.0,0.0
4296,25.781921695424572,26959.271030059368,0.0,139.84904073671564,0.0,0.0
4297,25.781921695424572,26959.271030059368,0.0,139.84904073671564,0.0,0.0
4298,25.781921695424572,26959.271030059368,0.0,139.84904073671564,0.0,0.0
4299,25.781921695424572,26959.271030059368,0.0,139.84904073671564,0.0,0.0
4300,25.781921695424572,26959.271030059368,0.0,139.84904073671564,0.0,0.0
4301,25.781921695424572,26959.271030059368,0.0,139.84904073671564,0.0,0.0
4302,25.781921695424572,26959.271030059368,0.0,139.84904073671564,0.0,0.0
4303,25.781921695424572,26959.271030059368,0.0,139.84904073671564,0.0,0.0
4304,25.781921695424572,26959.271030059368,0.0,139.84904073671564,0.0,0.0
4305,25.781921695424572,26959.271030059368,0.0,139.84904073671564,0.0,0.0
4306,25.781921695424572,26959.271030059368,0.0,139.84904073671564,0.0,0.0
4307,25.781921695424572,26959.271030059368,0.0,139.84904073671564,0.0,0.0
4308,25.781921695424572,26959.271030059368,0.0,139.84904073671564,0.0,0.0
4309,25.781921695424572,26959.271030059368,0.0,139.84904073671564,0.0,0.0
4310,25.781921695424572,26959.271030059368,0.0,139.84904073671564,0.0,0.0
4311,25.781921695424572,26959.271030059368,0.0,139.84904073671564,0.0,0.0
4312,25.781921695424572,26959.271030059368,0.0,139.84904073671564,0.0,0.0
4313,25.781921695424572,26959.271030059368,0.0,139.84904073671564,0.0,0.0
4314,25.781921695424572,26959.271030059368,0.0,139.84904073671564,0.0,0.0
4315,25.781921695424572,26959.271030059368,0.0,139.84904073671564,0.0,0.0
4316,25.781921695424572,26959.271030059368,0.0,139.84904073671564,0.0,0.0
4317,25.781921695424572,26959.271030059368,0.0,139.84904073671564,0.0,0.0
4318,25.781921695424572,26959.271030059368,0.0,139.84904073671564,0.0,0.0
4319,25.781921695424572,26959.271030059368,0.0,139.84904073671564,0.0,0.0
4320,25.781921695424572,26959.271030059368,0.0,139.84904073671564,0.0,0.0
4321,25.781921695424572,26959.271030059368,0.0,139.84904073671564,0.0,0.0
4322,25.781921695424572,26959.271030059368,0.0,139.84904073671564,0.0,0.0
4323,25.781921695424572,26959.271030059368,0.0,139.84904073671564,0.0,0.0
4324,25.781921695424572,26959.271030059368,0.0,139.84904073671564,0.0,0.0
4325,25.781921695424572,26959.271030059368,0.0,139.84904073671564,0.0,0.0
4326,25.781921695424572,26959.271030059368,0.0,139.84904073671564,0.0,0.0
4327,25.781921695424572,26959.271030059368,0.0,139.84904073671564,0.0,0.0
4328,25.781921695424572,26959.271030059368,0.0,139.84904073671564,0.0,0.0
4329,25.781921695424572,26959.271030059368,0.0,139.84904073671564,0.0,0.0
4330,25.781921695424572,26959.271030059368,0.0,139.84904073671564,0.0,0.0
4331,25.781921695424572,26959.271030059368,0.0,139.84904073671564,0.0,0.0
4332,25.781921695424572,26959.271030059368,0.0,139.84904073671564,0.0,0.0
4333,25.781921695424572,26959.271030059368,0.0,139.84904073671564,0.0,0.0
4334,25.781921695424572,26959.271030059368,0.0,139.84904073671564,0.0,0.0
4335,25.781921695424572,26959.271030059368,0.0,139.84904073671564,0.0,0.0
4336,25.781921695424572,26959.271030059368,0.0,139.84904073671564,0.0,0.0
4337,25.781921695424572,26959.271030059368,0.0,139.84904073671564,0.0,0.0
4338,25.781921695424572,26959.271030059368,0.0,139.84904073671564,0.0,0.0
4339,25.781921695424572,26959.271030059368,0.0,139.84904073671564,0.0,0.0
4340,25.781921695424572,26959.271030059368,0.0,139.84904073671564,0.0,0.0
4341,25.781921695424572,26959.271030059368,0.0,139.84904073671564,0.0,0.0
4342,25.781921695424572,26959.271030059368,0.0,139.84904073671564,0.0,0.0
4343,25.781921695424572,26959.271030059368,0.0,139.84904073671564,0.0,0.0
4344,25.781921695424572,26959.271030059368,0.0,139.84904073671564,0.0,0.0
4345,25.781921695424572,26959.271030059368,0.0,139.84904073671564,0.0,0.0
4346,25.781921695424572,26959.271030059368,0.0,139.84904073671564,0.0,0.0
4347,25.781921695424572,26959.271030059368,0.0,139.84904073671564,0.0,0.0
4348,25.781921695424572,26959.271030059368,0.0,139.84904073671564,0.0,0.0
4349,25.781921695424572,26959.271030059368,0.0,139.84904073671564,0.0,0.0
4350,25.781921695424572,26959.271030059368,0.0,139.84904073671564,0.0,0.0
4351,25.781921695424572,26959.271030059368,0.0,139.84904073671564,0.0,0.0
4352,25.781921695424572,26959.271030059368,0.0,139.84904073671564,0.0,0.0
4353,25.781921695424572,26959.271030059368,0.0,139.84904073671564,0.0,0.0
4354,25.781921695424572,26959.271030059368,0.0,139.84904073671564,0.0,0.0
4355,25.781921695424572,26959.271030059368,0.0,139.84904073671564,0.0,0.0
4356,25.781921695424572,26959.271030059368,0.0,139.84904073671564,0.0,0.0
4357,25.781921695424572,26959.271030059368,0.0,139.84904073671564,0.0,0.0
4358,25.781921695424572,26959.271030059368,0.0,139.84904073671564,0.0,0.0
4359,25.781921695424572,26959.271030059368,0.0,139.84904073671564,0.0,0.0
4360,25.781921695424572,26959.271030059368,0.0,139.84904073671564,0.0,0.0
4361,25.781921695424572,26959.271030059368,0.0,139.84904073671564,0.0,0.0
4362,25.781921695424572,26959.271030059368,0.0,139.84904073671564,0.0,0.0
4363,25.781921695424572,26959.271030059368,0.0,139.84904073671564,0.0,0.0
4364,25.781921695424572,26959.271030059368,0.0,139.84904073671564,0.0,0.0
4365,25.781921695424572,26959.271030059368,0.0,139.84904073671564,0.0,0.0
4366,25.781921695424572,26959.271030059368,0.0,139.84904073671564,0.0,0.0
4367,25.781921695424572,26959.271030059368,0.0,139.84904073671564,0.0,0.0
4368,24.75054738146722,35569.38359246896,0.0,156.24484142568434,0.0,0.0
4369,24.75054738146722,35569.38359246896,0.0,156.24484142568434,0.0,0.0
4370,24.75054738146722,35569.38359246896,0.0,156.24484142568434,0.0,0.0
4371,24.75054738146722,35569.38359246896,0.0,156.24484142568434,0.0,0.0
4372,24.75054738146722,35569.38359246896,0.0,156.24484142568434,0.0,0.0
4373,24.75054738146722,35569.38359246896,0.0,156.24484142568434,0.0,0.0
4374,24.75054738146722,35569.38359246896,0.0,156.24484142568434,0.0,0.0
4375,24.75054738146722,35569.38359246896,0.0,156.24484142568434,0.0,0.0
4376,24.75054738146722,35569.38359246896,0.0,156.24484142568434,0.0,0.0
4377,24.75054738146722,35569.38359246896,0.0,156.24484142568434,0.0,0.0
4378,24.75054738146722,35569.38359246896,0.0,156.24484142568434,0.0,0.0
4379,24.75054738146722,35569.38359246896,0.0,156.24484142568434,0.0,0.0
4380,24.75054738146722,35569.38359246896,0.0,156.24484142568434,0.0,0.0
4381,24.75054738146722,35569.38359246896,0.0,156.24484142568434,0.0,0.0
4382,24.75054738146722,35569.38359246896,0.0,156.24484142568434,0.0,0.0
4383,24.75054738146722,35569.38359246896,0.0,156.24484142568434,0.0,0.0
4384,24.75054738146722,35569.38359246896,0.0,156.24484142568434,0.0,0.0
4385,24.75054738146722,35569.38359246896,0.0,156.24484142568434,0.0,0.0
4386,24.75054738146722,35569.38359246896,0.0,156.24484142568434,0.0,0.0
4387,24.75054738146722,35569.38359246896,0.0,156.24484142568434,0.0,0.0
4388,24.75054738146722,35569.38359246896,0.0,156.24484142568434,0.0,0.0
4389,24.75054738146722,35569.38359246896,0.0,156.24484142568434,0.0,0.0
4390,24.75054738146722,35569.38359246896,0.0,156.24484142568434,0.0,0.0
4391,24.75054738146722,35569.38359246896,0.0,156.24484142568434,0.0,0.0
4392,24.75054738146722,35569.38359246896,0.0,156.24484142568434,0.0,0.0
4393,24.75054738146722,35569.38359246896,0.0,156.24484142568434,0.0,0.0
4394,24.75054738146722,35569.38359246896,0.0,156.24484142568434,0.0,0.0
4395,24.75054738146722,35569.38359246896,0.0,156.24484142568434,0.0,0.0
4396,24.75054738146722,35569.38359246896,0.0,156.24484142568434,0.0,0.0
4397,24.75054738146722,35569.38359246896,0.0,156.24484142568434,0.0,0.0
4398,24.75054738146722,35569.38359246896,0.0,156.24484142568434,0.0,0.0
4399,24.75054738146722,35569.38359246896,0.0,156.24484142568434,0.0,0.0
4400,24.75054738146722,35569.38359246896,0.0,156.24484142568434,0.0,0.0
4401,24.75054738146722,35569.38359246896,0.0,156.24484142568434,0.0,0.0
4402,24.75054738146722,35569.38359246896,0.0,156.24484142568434,0.0,0.0
4403,24.75054738146722,35569.38359246896,0.0,156.24484142568434,0.0,0.0
4404,24.75054738146722,35569.38359246896,0.0,156.24484142568434,0.0,0.0
4405,24.75054738146722,35569.38359246896,0.0,156.24484142568434,0.0,0.0
4406,24.75054738146722,35569.38359246896,0.0,156.24484142568434,0.0,0.0
4407,24.75054738146722,35569.38359246896,0.0,156.24484142568434,0.0,0.0
4408,24.75054738146722,35569.38359246896,0.0,156.24484142568434,0.0,0.0
4409,24.75054738146722,35569.38359246896,0.0,156.24484142568434,0.0,0.0
4410,24.75054738146722,35569.38359246896,0.0,156.24484142568434,0.0,0.0
4411,24.75054738146722,35569.38359246896,0.0,156.24484142568434,0.0,0.0
4412,24.75054738146722,35569.38359246896,0.0,156.24484142568434,0.0,0.0
4413,24.75054738146722,35569.38359246896,0.0,156.24484142568434,0.0,0.0
4414,24.75054738146722,35569.38359246896,0.0,156.24484142568434,0.0,0.0
4415,24.75054738146722,35569.38359246896,0.0,156.24484142568434,0.0,0.0
4416,24.75054738146722,35569.38359246896,0.0,156.24484142568434,0.0,0.0
4417,24.75054738146722,35569.38359246896,0.0,156.24484142568434,0.0,0.0
4418,24.75054738146722,35569.38359246896,0.0,156.24484142568434,0.0,0.0
4419,24.75054738146722,35569.38359246896,0.0,156.24484142568434,0.0,0.0
4420,24.75054738146722,35569.38359246896,0.0,156.24484142568434,0.0,0.0
4421,24.75054738146722,35569.38359246896,0.0,156.24484142568434,0.0,0.0
4422,24.75054738146722,35569.38359246896,0.0,156.24484142568434,0.0,0.0
4423,24.75054738146722,35569.38359246896,0.0,156.24484142568434,0.0,0.0
4424,24.75054738146722,35569.38359246896,0.0,156.24484142568434,0.0,0.0
4425,24.75054738146722,35569.38359246896,0.0,156.24484142568434,0.0,0.0
4426,24.75054738146722,35569.38359246896,0.0,156.24484142568434,0.0,0.0
4427,24.75054738146722,35569.38359246896,0.0,156.24484142568434,0.0,0.0
4428,24.75054738146722,35569.38359246896,0.0,156.24484142568434,0.0,0.0
4429,24.75054738146722,35569.38359246896,0.0,156.24484142568434,0.0,0.0
4430,24.75054738146722,35569.38359246896,0.0,156.24484142568434,0.0,0.0
4431,24.75054738146722,35569.38359246896,0.0,156.24484142568434,0.0,0.0
4432,24.75054738146722,35569.38359246896,0.0,156.24484142568434,0.0,0.0
4433,24.75054738146722,35569.38359246896,0.0,156.24484142568434,0.0,0.0
4434,24.75054738146722,35569.38359246896,0.0,156.24484142568434,0.0,0.0
4435,24.75054738146722,35569.38359246896,0.0,156.24484142568434,0.0,0.0
4436,24.75054738146722,35569.38359246896,0.0,156.24484142568434,0.0,0.0
4437,24.75054738146722,35569.38359246896,0.0,156.24484142568434,0.0,0.0
4438,24.75054738146722,35569.38359246896,0.0,156.24484142568434,0.0,0.0
4439,24.75054738146722,35569.38359246896,0.0,156.24484142568434,0.0,0.0
4440,24.75054738146722,35569.38359246896,0.0,156.24484142568434,0.0,0.0
4441,24.75054738146722,35569.38359246896,0.0,156.24484142568434,0.0,0.0
4442,24.75054738146722,35569.38359246896,0.0,156.24484142568434,0.0,0.0
4443,24.75054738146722,35569.38359246896,0.0,156.24484142568434,0.0,0.0
4444,24.75054738146722,35569.38359246896,0.0,156.24484142568434,0.0,0.0
4445,24.75054738146722,35569.38359246896,0.0,156.24484142568434,0.0,0.0
4446,24.75054738146722,35569.38359246896,0.0,156.24484142568434,0.0,0.0
4447,24.75054738146722,35569.38359246896,0.0,156.24484142568434,0.0,0.0
4448,24.75054738146722,35569.38359246896,0.0,156.24484142568434,0.0,0.0
4449,24.75054738146722,35569.38359246896,0.0,156.24484142568434,0.0,0.0
4450,24.75054738146722,35569.38359246896,0.0,156.24484142568434,0.0,0.0
4451,24.75054738146722,35569.38359246896,0.0,156.24484142568434,0.0,0.0
4452,24.75054738146722,35569.38359246896,0.0,156.24484142568434,0.0,0.0
4453,24.75054738146722,35569.38359246896,0.0,156.24484142568434,0.0,0.0
4454,24.75054738146722,35569.38359246896,0.0,156.24484142568434,0.0,0.0
4455,24.75054738146722,35569.38359246896,0.0,156.24484142568434,0.0,0.0
4456,24.75054738146722,35569.38359246896,0.0,156.24484142568434,0.0,0.0
4457,24.75054738146722,35569.38359246896,0.0,156.24484142568434,0.0,0.0
4458,24.75054738146722,35569.38359246896,0.0,156.24484142568434,0.0,0.0
4459,24.75054738146722,35569.38359246896,0.0,156.24484142568434,0.0,0.0
4460,24.75054738146722,35569.38359246896,0.0,156.24484142568434,0.0,0.0
4461,24.75054738146722,35569.38359246896,0.0,156.24484142568434,0.0,0.0
4462,24.75054738146722,35569.38359246896,0.0,156.24484142568434,0.0,0.0
4463,24.75054738146722,35569.38359246896,0.0,156.24484142568434,0.0,0.0
4464,24.75054738146722,35569.38359246896,0.0,156.24484142568434,0.0,0.0
4465,24.75054738146722,35569.38359246896,0.0,156.24484142568434,0.0,0.0
4466,24.75054738146722,35569.38359246896,0.0,156.24484142568434,0.0,0.0
4467,24.75054738146722,35569.38359246896,0.0,156.24484142568434,0.0,0.0
4468,24.75054738146722,35569.38359246896,0.0,156.24484142568434,0.0,0.0
4469,24.75054738146722,35569.38359246896,0.0,156.24484142568434,0.0,0.0
4470,24.75054738146722,35569.38359246896,0.0,156.24484142568434,0.0,0.0
4471,24.75054738146722,35569.38359246896,0.0,156.24484142568434,0.0,0.0
4472,24.75054738146722,35569.38359246896,0.0,156.24484142568434,0.0,0.0
4473,24.75054738146722,35569.38359246896,0.0,156.24484142568434,0.0,0.0
4474,24.75054738146722,35569.38359246896,0.0,156.24484142568434,0.0,0.0
4475,24.75054738146722,35569.38359246896,0.0,156.24484142568434,0.0,0.0
4476,24.75054738146722,35569.38359246896,0.0,156.24484142568434,0.0,0.0
4477,24.75054738146722,35569.38359246896,0.0,156.24484142568434,0.0,0.0
4478,24.75054738146722,35569.38359246896,0.0,156.24484142568434,0.0,0.0
4479,24.75054738146722,35569.38359246896,0.0,156.24484142568434,0.0,0.0
4480,24.75054738146722,35569.38359246896,0.0,156.24484142568434,0.0,0.0
4481,24.75054738146722,35569.38359246896,0.0,156.24484142568434,0.0,0.0
4482,24.75054738146722,35569.38359246896,0.0,156.24484142568434,0.0,0.0
4483,24.75054738146722,35569.38359246896,0.0,156.24484142568434,0.0,0.0
4484,24.75054738146722,35569.38359246896,0.0,156.24484142568434,0.0,0.0
4485,24.75054738146722,35569.38359246896,0.0,156.24484142568434,0.0,0.0
4486,24.75054738146722,35569.38359246896,0.0,156.24484142568434,0.0,0.0
4487,24.75054738146722,35569.38359246896,0.0,156.24484142568434,0.0,0.0
4488,24.75054738146722,35569.38359246896,0.0,156.24484142568434,0.0,0.0
4489,24.75054738146722,35569.38359246896,0.0,156.24484142568434,0.0,0.0
4490,24.75054738146722,35569.38359246896,0.0,156.24484142568434,0.0,0.0
4491,24.75054738146722,35569.38359246896,0.0,156.24484142568434,0.0,0.0
4492,24.75054738146722,35569.38359246896,0.0,156.24484142568434,0.0,0.0
4493,24.75054738146722,35569.38359246896,0.0,156.24484142568434,0.0,0.0
4494,24.75054738146722,35569.38359246896,0.0,156.24484142568434,0.0,0.0
4495,24.75054738146722,35569.38359246896,0.0,156.24484142568434,0.0,0.0
4496,24.75054738146722,35569.38359246896,0.0,156.24484142568434,0.0,0.0
4497,24.75054738146722,35569.38359246896,0.0,156.24484142568434,0.0,0.0
4498,24.75054738146722,35569.38359246896,0.0,156.24484142568434,0.0,0.0
4499,24.75054738146722,35569.38359246896,0.0,156.24484142568434,0.0,0.0
4500,24.75054738146722,35569.38359246896,0.0,156.24484142568434,0.0,0.0
4501,24.75054738146722,35569.38359246896,0.0,156.24484142568434,0.0,0.0
4502,24.75054738146722,35569.38359246896,0.0,156.24484142568434,0.0,0.0
4503,24.75054738146722,35569.38359246896,0.0,156.24484142568434,0.0,0.0
4504,24.75054738146722,35569.38359246896,0.0,156.24484142568434,0.0,0.0
4505,24.75054738146722,35569.38359246896,0.0,156.24484142568434,0.0,0.0
4506,24.75054738146722,35569.38359246896,0.0,156.24484142568434,0.0,0.0
4507,24.75054738146722,35569.38359246896,0.0,156.24484142568434,0.0,0.0
4508,24.75054738146722,35569.38359246896,0.0,156.24484142568434,0.0,0.0
4509,24.75054738146722,35569.38359246896,0.0,156.24484142568434,0.0,0.0
4510,24.75054738146722,35569.38359246896,0.0,156.24484142568434,0.0,0.0
4511,24.75054738146722,35569.38359246896,0.0,156.24484142568434,0.0,0.0
4512,24.75054738146722,35569.38359246896,0.0,156.24484142568434,0.0,0.0
4513,24.75054738146722,35569.38359246896,0.0,156.24484142568434,0.0,0.0
4514,24.75054738146722,35569.38359246896,0.0,156.24484142568434,0.0,0.0
4515,24.75054738146722,35569.38359246896,0.0,156.24484142568434,0.0,0.0
4516,24.75054738146722,35569.38359246896,0.0,156.24484142568434,0.0,0.0
4517,24.75054738146722,35569.38359246896,0.0,156.24484142568434,0.0,0.0
4518,24.75054738146722,35569.38359246896,0.0,156.24484142568434,0.0,0.0
4519,24.75054738146722,35569.38359246896,0.0,156.24484142568434,0.0,0.0
4520,24.75054738146722,35569.38359246896,0.0,156.24484142568434,0.0,0.0
4521,24.75054738146722,35569.38359246896,0.0,156.24484142568434,0.0,0.0
4522,24.75054738146722,35569.38359246896,0.0,156.24484142568434,0.0,0.0
4523,24.75054738146722,35569.38359246896,0.0,156.24484142568434,0.0,0.0
4524,24.75054738146722,35569.38359246896,0.0,156.24484142568434,0.0,0.0
4525,24.75054738146722,35569.38359246896,0.0,156.24484142568434,0.0,0.0
4526,24.75054738146722,35569.38359246896,0.0,156.24484142568434,0.0,0.0
4527,24.75054738146722,35569.38359246896,0.0,156.24484142568434,0.0,0.0
4528,24.75054738146722,35569.38359246896,0.0,156.24484142568434,0.0,0.0
4529,24.75054738146722,35569.38359246896,0.0,156.24484142568434,0.0,0.0
4530,24.75054738146722,35569.38359246896,0.0,156.24484142568434,0.0,0.0
4531,24.75054738146722,35569.38359246896,0.0,156.24484142568434,0.0,0.0
4532,24.75054738146722,35569.38359246896,0.0,156.24484142568434,0.0,0.0
4533,24.75054738146722,35569.38359246896,0.0,156.24484142568434,0.0,0.0
4534,24.75054738146722,35569.38359246896,0.0,156.24484142568434,0.0,0.0
4535,24.75054738146722,35569.38359246896,0.0,156.24484142568434,0.0,0.0
4536,22.076726554588884,24476.903028398014,0.0,124.79289603517243,0.0,0.0
4537,22.076726554588884,24476.903028398014,0.0,124.79289603517243,0.0,0.0
4538,22.076726554588884,24476.903028398014,0.0,124.79289603517243,0.0,0.0
4539,22.076726554588884,24476.903028398014,0.0,124.79289603517243,0.0,0.0
4540,22.076726554588884,24476.903028398014,0.0,124.79289603517243,0.0,0.0
4541,22.076726554588884,24476.903028398014,0.0,124.79289603517243,0.0,0.0
4542,22.076726554588884,24476.903028398014,0.0,124.79289603517243,0.0,0.0
4543,22.076726554588884,24476.903028398014,0.0,124.79289603517243,0.0,0.0
4544,22.076726554588884,24476.903028398014,0.0,124.79289603517243,0.0,0.0
4545,22.076726554588884,24476.903028398014,0.0,124.79289603517243,0.0,0.0
4546,22.076726554588884,24476.903028398014,0.0,124.79289603517243,0.0,0.0
4547,22.076726554588884,24476.903028398014,0.0,124.79289603517243,0.0,0.0
4548,22.076726554588884,24476.903028398014,0.0,124.79289603517243,0.0,0.0
4549,22.076726554588884,24476.903028398014,0.0,124.79289603517243,0.0,0.0
4550,22.076726554588884,24476.903028398014,0.0,124.79289603517243,0.0,0.0
4551,22.076726554588884,24476.903028398014,0.0,124.79289603517243,0.0,0.0
4552,22.076726554588884,24476.903028398014,0.0,124.79289603517243,0.0,0.0
4553,22.076726554588884,24476.903028398014,0.0,124.79289603517243,0.0,0.0
4554,22.076726554588884,24476.903028398014,0.0,124.79289603517243,0.0,0.0
4555,22.076726554588884,24476.903028398014,0.0,124.79289603517243,0.0,0.0
4556,22.076726554588884,24476.903028398014,0.0,124.79289603517243,0.0,0.0
4557,22.076726554588884,24476.903028398014,0.0,124.79289603517243,0.0,0.0
4558,22.076726554588884,24476.903028398014,0.0,124.79289603517243,0.0,0.0
4559,22.076726554588884,24476.903028398014,0.0,124.79289603517243,0.0,0.0
4560,22.076726554588884,24476.903028398014,0.0,124.79289603517243,0.0,0.0
4561,22.076726554588884,24476.903028398014,0.0,124.79289603517243,0.0,0.0
4562,22.076726554588884,24476.903028398014,0.0,124.79289603517243,0.0,0.0
4563,22.076726554588884,24476.903028398014,0.0,124.79289603517243,0.0,0.0
4564,22.076726554588884,24476.903028398014,0.0,124.79289603517243,0.0,0.0
4565,22.076726554588884,24476.903028398014,0.0,124.79289603517243,0.0,0.0
4566,22.076726554588884,24476.903028398014,0.0,124.79289603517243,0.0,0.0
4567,22.076726554588884,24476.903028398014,0.0,124.79289603517243,0.0,0.0
4568,22.076726554588884,24476.903028398014,0.0,124.79289603517243,0.0,0.0
4569,22.076726554588884,24476.903028398014,0.0,124.79289603517243,0.0,0.0
4570,22.076726554588884,24476.903028398014,0.0,124.79289603517243,0.0,0.0
4571,22.076726554588884,24476.903028398014,0.0,124.79289603517243,0.0,0.0
4572,22.076726554588884,24476.903028398014,0.0,124.79289603517243,0.0,0.0
4573,22.076726554588884,24476.903028398014,0.0,124.79289603517243,0.0,0.0
4574,22.076726554588884,24476.903028398014,0.0,124.79289603517243,0.0,0.0
4575,22.076726554588884,24476.903028398014,0.0,124.79289603517243,0.0,0.0
4576,22.076726554588884,24476.903028398014,0.0,124.79289603517243,0.0,0.0
4577,22.076726554588884,24476.903028398014,0.0,124.79289603517243,0.0,0.0
4578,22.076726554588884,24476.903028398014,0.0,124.79289603517243,0.0,0.0
4579,22.076726554588884,24476.903028398014,0.0,124.79289603517243,0.0,0.0
4580,22.076726554588884,24476.903028398014,0.0,124.79289603517243,0.0,0.0
4581,22.076726554588884,24476.903028398014,0.0,124.79289603517243,0.0,0.0
4582,22.076726554588884,24476.903028398014,0.0,124.79289603517243,0.0,0.0
4583,22.076726554588884,24476.903028398014,0.0,124.79289603517243,0.0,0.0
4584,22.076726554588884,24476.903028398014,0.0,124.79289603517243,0.0,0.0
4585,22.076726554588884,24476.903028398014,0.0,124.79289603517243,0.0,0.0
4586,22.076726554588884,24476.903028398014,0.0,124.79289603517243,0.0,0.0
4587,22.076726554588884,24476.903028398014,0.0,124.79289603517243,0.0,0.0
4588,22.076726554588884,24476.903028398014,0.0,124.79289603517243,0.0,0.0
4589,22.076726554588884,24476.903028398014,0.0,124.79289603517243,0.0,0.0
4590,22.076726554588884,24476.903028398014,0.0,124.79289603517243,0.0,0.0
4591,22.076726554588884,24476.903028398014,0.0,124.79289603517243,0.0,0.0
4592,22.076726554588884,24476.903028398014,0.0,124.79289603517243,0.0,0.0
4593,22.076726554588884,24476.903028398014,0.0,124.79289603517243,0.0,0.0
4594,22.076726554588884,24476.903028398014,0.0,124.79289603517243,0.0,0.0
4595,22.076726554588884,24476.903028398014,0.0,124.79289603517243,0.0,0.0
4596,22.076726554588884,24476.903028398014,0.0,124.79289603517243,0.0,0.0
4597,22.076726554588884,24476.903028398014,0.0,124.79289603517243,0.0,0.0
4598,22.076726554588884,24476.903028398014,0.0,124.79289603517243,0.0,0.0
4599,22.076726554588884,24476.903028398014,0.0,124.79289603517243,0.0,0.0
4600,22.076726554588884,24476.903028398014,0.0,124.79289603517243,0.0,0.0
4601,22.076726554588884,24476.903028398014,0.0,124.79289603517243,0.0,0.0
4602,22.076726554588884,24476.903028398014,0.0,124.79289603517243,0.0,0.0
4603,22.076726554588884,24476.903028398014,0.0,124.79289603517243,0.0,0.0
4604,22.076726554588884,24476.903028398014,0.0,124.79289603517243,0.0,0.0
4605,22.076726554588884,24476.903028398014,0.0,124.79289603517243,0.0,0.0
4606,22.076726554588884,24476.903028398014,0.0,124.79289603517243,0.0,0.0
4607,22.076726554588884,24476.903028398014,0.0,124.79289603517243,0.0,0.0
4608,22.076726554588884,24476.903028398014,0.0,124.79289603517243,0.0,0.0
4609,22.076726554588884,24476.903028398014,0.0,124.79289603517243,0.0,0.0
4610,22.076726554588884,24476.903028398014,0.0,124.79289603517243,0.0,0.0
4611,22.076726554588884,24476.903028398014,0.0,124.79289603517243,0.0,0.0
4612,22.076726554588884,24476.903028398014,0.0,124.79289603517243,0.0,0.0
4613,22.076726554588884,24476.903028398014,0.0,124.79289603517243,0.0,0.0
4614,22.076726554588884,24476.903028398014,0.0,124.79289603517243,0.0,0.0
4615,22.076726554588884,24476.903028398014,0.0,124.79289603517243,0.0,0.0
4616,22.076726554588884,24476.903028398014,0.0,124.79289603517243,0.0,0.0
4617,22.076726554588884,24476.903028398014,0.0,124.79289603517243,0.0,0.0
4618,22.076726554588884,24476.903028398014,0.0,124.79289603517243,0.0,0.0
4619,22.076726554588884,24476.903028398014,0.0,124.79289603517243,0.0,0.0
4620,22.076726554588884,24476.903028398014,0.0,124.79289603517243,0.0,0.0
4621,22.076726554588884,24476.903028398014,0.0,124.79289603517243,0.0,0.0
4622,22.076726554588884,24476.903028398014,0.0,124.79289603517243,0.0,0.0
4623,22.076726554588884,24476.903028398014,0.0,124.79289603517243,0.0,0.0
4624,22.076726554588884,24476.903028398014,0.0,124.79289603517243,0.0,0.0
4625,22.076726554588884,24476.903028398014,0.0,124.79289603517243,0.0,0.0
4626,22.076726554588884,24476.903028398014,0.0,124.79289603517243,0.0,0.0
4627,22.076726554588884,24476.903028398014,0.0,124.79289603517243,0.0,0.0
4628,22.076726554588884,24476.903028398014,0.0,124.79289603517243,0.0,0.0
4629,22.076726554588884,24476.903028398014,0.0,124.79289603517243,0.0,0.0
4630,22.076726554588884,24476.903028398014,0.0,124.79289603517243,0.0,0.0
4631,22.076726554588884,24476.903028398014,0.0,124.79289603517243,0.0,0.0
4632,22.076726554588884,24476.903028398014,0.0,124.79289603517243,0.0,0.0
4633,22.076726554588884,24476.903028398014,0.0,124.79289603517243,0.0,0.0
4634,22.076726554588884,24476.903028398014,0.0,124.79289603517243,0.0,0.0
4635,22.076726554588884,24476.903028398014,0.0,124.79289603517243,0.0,0.0
4636,22.076726554588884,24476.903028398014,0.0,124.79289603517243,0.0,0.0
4637,22.076726554588884,24476.903028398014,0.0,124.79289603517243,0.0,0.0
4638,22.076726554588884,24476.903028398014,0.0,124.79289603517243,0.0,0.0
4639,22.076726554588884,24476.903028398014,0.0,124.79289603517243,0.0,0.0
4640,22.076726554588884,24476.903028398014,0.0,124.79289603517243,0.0,0.0
4641,22.076726554588884,24476.903028398014,0.0,124.79289603517243,0.0,0.0
4642,22.076726554588884,24476.903028398014,0.0,124.79289603517243,0.0,0.0
4643,22.076726554588884,24476.903028398014,0.0,124.79289603517243,0.0,0.0
4644,22.076726554588884,24476.903028398014,0.0,124.79289603517243,0.0,0.0
4645,22.076726554588884,24476.903028398014,0.0,124.79289603517243,0.0,0.0
4646,22.076726554588884,24476.903028398014,0.0,124.79289603517243,0.0,0.0
4647,22.076726554588884,24476.903028398014,0.0,124.79289603517243,0.0,0.0
4648,22.076726554588884,24476.903028398014,0.0,124.79289603517243,0.0,0.0
4649,22.076726554588884,24476.903028398014,0.0,124.79289603517243,0.0,0.0
4650,22.076726554588884,24476.903028398014,0.0,124.79289603517243,0.0,0.0
4651,22.076726554588884,24476.903028398014,0.0,124.79289603517243,0.0,0.0
4652,22.076726554588884,24476.903028398014,0.0,124.79289603517243,0.0,0.0
4653,22.076726554588884,24476.903028398014,0.0,124.79289603517243,0.0,0.0
4654,22.076726554588884,24476.903028398014,0.0,124.79289603517243,0.0,0.0
4655,22.076726554588884,24476.903028398014,0.0,124.79289603517243,0.0,0.0
4656,22.076726554588884,24476.903028398014,0.0,124.79289603517243,0.0,0.0
4657,22.076726554588884,24476.903028398014,0.0,124.79289603517243,0.0,0.0
4658,22.076726554588884,24476.903028398014,0.0,124.79289603517243,0.0,0.0
4659,22.076726554588884,24476.903028398014,0.0,124.79289603517243,0.0,0.0
4660,22.076726554588884,24476.903028398014,0.0,124.79289603517243,0.0,0.0
4661,22.076726554588884,24476.903028398014,0.0,124.79289603517243,0.0,0.0
4662,22.076726554588884,24476.903028398014,0.0,124.79289603517243,0.0,0.0
4663,22.076726554588884,24476.903028398014,0.0,124.79289603517243,0.0,0.0
4664,22.076726554588884,24476.903028398014,0.0,124.79289603517243,0.0,0.0
4665,22.076726554588884,24476.903028398014,0.0,124.79289603517243,0.0,0.0
4666,22.076726554588884,24476.903028398014,0.0,124.79289603517243,0.0,0.0
4667,22.076726554588884,24476.903028398014,0.0,124.79289603517243,0.0,0.0
4668,22.076726554588884,24476.903028398014,0.0,124.79289603517243,0.0,0.0
4669,22.076726554588884,24476.903028398014,0.0,124.79289603517243,0.0,0.0
4670,22.076726554588884,24476.903028398014,0.0,124.79289603517243,0.0,0.0
4671,22.076726554588884,24476.903028398014,0.0,124.79289603517243,0.0,0.0
4672,22.076726554588884,24476.903028398014,0.0,124.79289603517243,0.0,0.0
4673,22.076726554588884,24476.903028398014,0.0,124.79289603517243,0.0,0.0
4674,22.076726554588884,24476.903028398014,0.0,124.79289603517243,0.0,0.0
4675,22.076726554588884,24476.903028398014,0.0,124.79289603517243,0.0,0.0
4676,22.076726554588884,24476.903028398014,0.0,124.79289603517243,0.0,0.0
4677,22.076726554588884,24476.903028398014,0.0,124.79289603517243,0.0,0.0
4678,22.076726554588884,24476.903028398014,0.0,124.79289603517243,0.0,0.0
4679,22.076726554588884,24476.903028398014,0.0,124.79289603517243,0.0,0.0
4680,22.076726554588884,24476.903028398014,0.0,124.79289603517243,0.0,0.0
4681,22.076726554588884,24476.903028398014,0.0,124.79289603517243,0.0,0.0
4682,22.076726554588884,24476.903028398014,0.0,124.79289603517243,0.0,0.0
4683,22.076726554588884,24476.903028398014,0.0,124.79289603517243,0.0,0.0
4684,22.076726554588884,24476.903028398014,0.0,124.79289603517243,0.0,0.0
4685,22.076726554588884,24476.903028398014,0.0,124.79289603517243,0.0,0.0
4686,22.076726554588884,24476.903028398014,0.0,124.79289603517243,0.0,0.0
4687,22.076726554588884,24476.903028398014,0.0,124.79289603517243,0.0,0.0
4688,22.076726554588884,24476.903028398014,0.0,124.79289603517243,0.0,0.0
4689,22.076726554588884,24476.903028398014,0.0,124.79289603517243,0.0,0.0
4690,22.076726554588884,24476.903028398014,0.0,124.79289603517243,0.0,0.0
4691,22.076726554588884,24476.903028398014,0.0,124.79289603517243,0.0,0.0
4692,22.076726554588884,24476.903028398014,0.0,124.79289603517243,0.0,0.0
4693,22.076726554588884,24476.903028398014,0.0,124.79289603517243,0.0,0.0
4694,22.076726554588884,24476.903028398014,0.0,124.79289603517243,0.0,0.0
4695,22.076726554588884,24476.903028398014,0.0,124.79289603517243,0.0,0.0
4696,22.076726554588884,24476.903028398014,0.0,124.79289603517243,0.0,0.0
4697,22.076726554588884,24476.903028398014,0.0,124.79289603517243,0.0,0.0
4698,22.076726554588884,24476.903028398014,0.0,124.79289603517243,0.0,0.0
4699,22.076726554588884,24476.903028398014,0.0,124.79289603517243,0.0,0.0
4700,22.076726554588884,24476.903028398014,0.0,124.79289603517243,0.0,0.0
4701,22.076726554588884,24476.903028398014,0.0,124.79289603517243,0.0,0.0
4702,22.076726554588884,24476.903028398014,0.0,124.79289603517243,0.0,0.0
4703,22.076726554588884,24476.903028398014,0.0,124.79289603517243,0.0,0.0
4704,11.128600687704012,28367.239870175243,0.0,117.84960281438421,0.0,0.0
4705,11.128600687704012,28367.239870175243,0.0,117.84960281438421,0.0,0.0
4706,11.128600687704012,28367.239870175243,0.0,117.84960281438421,0.0,0.0
4707,11.128600687704012,28367.239870175243,0.0,117.84960281438421,0.0,0.0
4708,11.128600687704012,28367.239870175243,0.0,117.84960281438421,0.0,0.0
4709,11.128600687704012,28367.239870175243,0.0,117.84960281438421,0.0,0.0
4710,11.128600687704012,28367.239870175243,0.0,117.84960281438421,0.0,0.0
4711,11.128600687704012,28367.239870175243,0.0,117.84960281438421,0.0,0.0
4712,11.128600687704012,28367.239870175243,0.0,117.84960281438421,0.0,0.0
4713,11.128600687704012,28367.239870175243,0.0,117.84960281438421,0.0,0.0
4714,11.128600687704012,28367.239870175243,0.0,117.84960281438421,0.0,0.0
4715,11.128600687704012,28367.239870175243,0.0,117.84960281438421,0.0,0.0
4716,11.128600687704012,28367.239870175243,0.0,117.84960281438421,0.0,0.0
4717,11.128600687704012,28367.239870175243,0.0,117.84960281438421,0.0,0.0
4718,11.128600687704012,28367.239870175243,0.0,117.84960281438421,0.0,0.0
4719,11.128600687704012,28367.239870175243,0.0,117.84960281438421,0.0,0.0
4720,11.128600687704012,28367.239870175243,0.0,117.84960281438421,0.0,0.0
4721,11.128600687704012,28367.239870175243,0.0,117.84960281438421,0.0,0.0
4722,11.128600687704012,28367.239870175243,0.0,117.84960281438421,0.0,0.0
4723,11.128600687704012,28367.239870175243,0.0,117.84960281438421,0.0,0.0
4724,11.128600687704012,28367.239870175243,0.0,117.84960281438421,0.0,0.0
4725,11.128600687704012,28367.239870175243,0.0,117.84960281438421,0.0,0.0
4726,11.128600687704012,28367.239870175243,0.0,117.84960281438421,0.0,0.0
4727,11.128600687704012,28367.239870175243,0.0,117.84960281438421,0.0,0.0
4728,11.128600687704012,28367.239870175243,0.0,117.84960281438421,0.0,0.0
4729,11.128600687704012,28367.239870175243,0.0,117.84960281438421,0.0,0.0
4730,11.128600687704012,28367.239870175243,0.0,117.84960281438421,0.0,0.0
4731,11.128600687704012,28367.239870175243,0.0,117.84960281438421,0.0,0.0
4732,11.128600687704012,28367.239870175243,0.0,117.84960281438421,0.0,0.0
4733,11.128600687704012,28367.239870175243,0.0,117.84960281438421,0.0,0.0
4734,11.128600687704012,28367.239870175243,0.0,117.84960281438421,0.0,0.0
4735,11.128600687704012,28367.239870175243,0.0,117.84960281438421,0.0,0.0
4736,11.128600687704012,28367.239870175243,0.0,117.84960281438421,0.0,0.0
4737,11.128600687704012,28367.239870175243,0.0,117.84960281438421,0.0,0.0
4738,11.128600687704012,28367.239870175243,0.0,117.84960281438421,0.0,0.0
4739,11.128600687704012,28367.239870175243,0.0,117.84960281438421,0.0,0.0
4740,11.128600687704012,28367.239870175243,0.0,117.84960281438421,0.0,0.0
4741,11.128600687704012,28367.239870175243,0.0,117.84960281438421,0.0,0.0
4742,11.128600687704012,28367.239870175243,0.0,117.84960281438421,0.0,0.0
4743,11.128600687704012,28367.239870175243,0.0,117.84960281438421,0.0,0.0
4744,11.128600687704012,28367.239870175243,0.0,117.84960281438421,0.0,0.0
4745,11.128600687704012,28367.239870175243,0.0,117.84960281438421,0.0,0.0
4746,11.128600687704012,28367.239870175243,0.0,117.84960281438421,0.0,0.0
4747,11.128600687704012,28367.239870175243,0.0,117.84960281438421,0.0,0.0
4748,11.128600687704012,28367.239870175243,0.0,117.84960281438421,0.0,0.0
4749,11.128600687704012,28367.239870175243,0.0,117.84960281438421,0.0,0.0
4750,11.128600687704012,28367.239870175243,0.0,117.84960281438421,0.0,0.0
4751,11.128600687704012,28367.239870175243,0.0,117.84960281438421,0.0,0.0
4752,11.128600687704012,28367.239870175243,0.0,117.84960281438421,0.0,0.0
4753,11.128600687704012,28367.239870175243,0.0,117.84960281438421,0.0,0.0
4754,11.128600687704012,28367.239870175243,0.0,117.84960281438421,0.0,0.0
4755,11.128600687704012,28367.239870175243,0.0,117.84960281438421,0.0,0.0
4756,11.128600687704012,28367.239870175243,0.0,117.84960281438421,0.0,0.0
4757,11.128600687704012,28367.239870175243,0.0,117.84960281438421,0.0,0.0
4758,11.128600687704012,28367.239870175243,0.0,117.84960281438421,0.0,0.0
4759,11.128600687704012,28367.239870175243,0.0,117.84960281438421,0.0,0.0
4760,11.128600687704012,28367.239870175243,0.0,117.84960281438421,0.0,0.0
4761,11.128600687704012,28367.239870175243,0.0,117.84960281438421,0.0,0.0
4762,11.128600687704012,28367.239870175243,0.0,117.84960281438421,0.0,0.0
4763,11.128600687704012,28367.239870175243,0.0,117.84960281438421,0.0,0.0
4764,11.128600687704012,28367.239870175243,0.0,117.84960281438421,0.0,0.0
4765,11.128600687704012,28367.239870175243,0.0,117.84960281438421,0.0,0.0
4766,11.128600687704012,28367.239870175243,0.0,117.84960281438421,0.0,0.0
4767,11.128600687704012,28367.239870175243,0.0,117.84960281438421,0.0,0.0
4768,11.128600687704012,28367.239870175243,0.0,117.84960281438421,0.0,0.0
4769,11.128600687704012,28367.239870175243,0.0,117.84960281438421,0.0,0.0
4770,11.128600687704012,28367.239870175243,0.0,117.84960281438421,0.0,0.0
4771,11.128600687704012,28367.239870175243,0.0,117.84960281438421,0.0,0.0
4772,11.128600687704012,28367.239870175243,0.0,117.84960281438421,0.0,0.0
4773,11.128600687704012,28367.239870175243,0.0,117.84960281438421,0.0,0.0
4774,11.128600687704012,28367.239870175243,0.0,117.84960281438421,0.0,0.0
4775,11.128600687704012,28367.239870175243,0.0,117.84960281438421,0.0,0.0
4776,11.128600687704012,28367.239870175243,0.0,117.84960281438421,0.0,0.0
4777,11.128600687704012,28367.239870175243,0.0,117.84960281438421,0.0,0.0
4778,11.128600687704012,28367.239870175243,0.0,117.84960281438421,0.0,0.0
4779,11.128600687704012,28367.239870175243,0.0,117.84960281438421,0.0,0.0
4780,11.128600687704012,28367.239870175243,0.0,117.84960281438421,0.0,0.0
4781,11.128600687704012,28367.239870175243,0.0,117.84960281438421,0.0,0.0
4782,11.128600687704012,28367.239870175243,0.0,117.84960281438421,0.0,0.0
4783,11.128600687704012,28367.239870175243,0.0,117.84960281438421,0.0,0.0
4784,11.128600687704012,28367.239870175243,0.0,117.84960281438421,0.0,0.0
4785,11.128600687704012,28367.239870175243,0.0,117.84960281438421,0.0,0.0
4786,11.128600687704012,28367.239870175243,0.0,117.84960281438421,0.0,0.0
4787,11.128600687704012,28367.239870175243,0.0,117.84960281438421,0.0,0.0
4788,11.128600687704012,28367.239870175243,0.0,117.84960281438421,0.0,0.0
4789,11.128600687704012,28367.239870175243,0.0,117.84960281438421,0.0,0.0
4790,11.128600687704012,28367.239870175243,0.0,117.84960281438421,0.0,0.0
4791,11.128600687704012,28367.239870175243,0.0,117.84960281438421,0.0,0.0
4792,11.128600687704012,28367.239870175243,0.0,117.84960281438421,0.0,0.0
4793,11.128600687704012,28367.239870175243,0.0,117.84960281438421,0.0,0.0
4794,11.128600687704012,28367.239870175243,0.0,117.84960281438421,0.0,0.0
4795,11.128600687704012,28367.239870175243,0.0,117.84960281438421,0.0,0.0
4796,11.128600687704012,28367.239870175243,0.0,117.84960281438421,0.0,0.0
4797,11.128600687704012,28367.239870175243,0.0,117.84960281438421,0.0,0.0
4798,11.128600687704012,28367.239870175243,0.0,117.84960281438421,0.0,0.0
4799,11.128600687704012,28367.239870175243,0.0,117.84960281438421,0.0,0.0
4800,11.128600687704012,28367.239870175243,0.0,117.84960281438421,0.0,0.0
4801,11.128600687704012,28367.239870175243,0.0,117.84960281438421,0.0,0.0
4802,11.128600687704012,28367.239870175243,0.0,117.84960281438421,0.0,0.0
4803,11.128600687704012,28367.239870175243,0.0,117.84960281438421,0.0,0.0
4804,11.128600687704012,28367.239870175243,0.0,117.84960281438421,0.0,0.0
4805,11.128600687704012,28367.239870175243,0.0,117.84960281438421,0.0,0.0
4806,11.128600687704012,28367.239870175243,0.0,117.84960281438421,0.0,0.0
4807,11.128600687704012,28367.239870175243,0.0,117.84960281438421,0.0,0.0
4808,11.128600687704012,28367.239870175243,0.0,117.84960281438421,0.0,0.0
4809,11.128600687704012,28367.239870175243,0.0,117.84960281438421,0.0,0.0
4810,11.128600687704012,28367.239870175243,0.0,117.84960281438421,0.0,0.0
4811,11.128600687704012,28367.239870175243,0.0,117.84960281438421,0.0,0.0
4812,11.128600687704012,28367.239870175243,0.0,117.84960281438421,0.0,0.0
4813,11.128600687704012,28367.239870175243,0.0,117.84960281438421,0.0,0.0
4814,11.128600687704012,28367.239870175243,0.0,117.84960281438421,0.0,0.0
4815,11.128600687704012,28367.239870175243,0.0,117.84960281438421,0.0,0.0
4816,11.128600687704012,28367.239870175243,0.0,117.84960281438421,0.0,0.0
4817,11.128600687704012,28367.239870175243,0.0,117.84960281438421,0.0,0.0
4818,11.128600687704012,28367.239870175243,0.0,117.84960281438421,0.0,0.0
4819,11.128600687704012,28367.239870175243,0.0,117.84960281438421,0.0,0.0
4820,11.128600687704012,28367.239870175243,0.0,117.84960281438421,0.0,0.0
4821,11.128600687704012,28367.239870175243,0.0,117.84960281438421,0.0,0.0
4822,11.128600687704012,28367.239870175243,0.0,117.84960281438421,0.0,0.0
4823,11.128600687704012,28367.239870175243,0.0,117.84960281438421,0.0,0.0
4824,11.128600687704012,28367.239870175243,0.0,117.84960281438421,0.0,0.0
4825,11.128600687704012,28367.239870175243,0.0,117.84960281438421,0.0,0.0
4826,11.128600687704012,28367.239870175243,0.0,117.84960281438421,0.0,0.0
4827,11.128600687704012,28367.239870175243,0.0,117.84960281438421,0.0,0.0
4828,11.128600687704012,28367.239870175243,0.0,117.84960281438421,0.0,0.0
4829,11.128600687704012,28367.239870175243,0.0,117.84960281438421,0.0,0.0
4830,11.128600687704012,28367.239870175243,0.0,117.84960281438421,0.0,0.0
4831,11.128600687704012,28367.239870175243,0.0,117.84960281438421,0.0,0.0
4832,11.128600687704012,28367.239870175243,0.0,117.84960281438421,0.0,0.0
4833,11.128600687704012,28367.239870175243,0.0,117.84960281438421,0.0,0.0
4834,11.128600687704012,28367.239870175243,0.0,117.84960281438421,0.0,0.0
4835,11.128600687704012,28367.239870175243,0.0,117.84960281438421,0.0,0.0
4836,11.128600687704012,28367.239870175243,0.0,117.84960281438421,0.0,0.0
4837,11.128600687704012,28367.239870175243,0.0,117.84960281438421,0.0,0.0
4838,11.128600687704012,28367.239870175243,0.0,117.84960281438421,0.0,0.0
4839,11.128600687704012,28367.239870175243,0.0,117.84960281438421,0.0,0.0
4840,11.128600687704012,28367.239870175243,0.0,117.84960281438421,0.0,0.0
4841,11.128600687704012,28367.239870175243,0.0,117.84960281438421,0.0,0.0
4842,11.128600687704012,28367.239870175243,0.0,117.84960281438421,0.0,0.0
4843,11.128600687704012,28367.239870175243,0.0,117.84960281438421,0.0,0.0
4844,11.128600687704012,28367.239870175243,0.0,117.84960281438421,0.0,0.0
4845,11.128600687704012,28367.239870175243,0.0,117.84960281438421,0.0,0.0
4846,11.128600687704012,28367.239870175243,0.0,117.84960281438421,0.0,0.0
4847,11.128600687704012,28367.239870175243,0.0,117.84960281438421,0.0,0.0
4848,11.128600687704012,28367.239870175243,0.0,117.84960281438421,0.0,0.0
4849,11.128600687704012,28367.239870175243,0.0,117.84960281438421,0.0,0.0
4850,11.128600687704012,28367.239870175243,0.0,117.84960281438421,0.0,0.0
4851,11.128600687704012,28367.239870175243,0.0,117.84960281438421,0.0,0.0
4852,11.128600687704012,28367.239870175243,0.0,117.84960281438421,0.0,0.0
4853,11.128600687704012,28367.239870175243,0.0,117.84960281438421,0.0,0.0
4854,11.128600687704012,28367.239870175243,0.0,117.84960281438421,0.0,0.0
4855,11.128600687704012,28367.239870175243,0.0,117.84960281438421,0.0,0.0
4856,11.128600687704012,28367.239870175243,0.0,117.84960281438421,0.0,0.0
4857,11.128600687704012,28367.239870175243,0.0,117.84960281438421,0.0,0.0
4858,11.128600687704012,28367.239870175243,0.0,117.84960281438421,0.0,0.0
4859,11.128600687704012,28367.239870175243,0.0,117.84960281438421,0.0,0.0
4860,11.128600687704012,28367.239870175243,0.0,117.84960281438421,0.0,0.0
4861,11.128600687704012,28367.239870175243,0.0,117.84960281438421,0.0,0.0
4862,11.128600687704012,28367.239870175243,0.0,117.84960281438421,0.0,0.0
4863,11.128600687704012,28367.239870175243,0.0,117.84960281438421,0.0,0.0
4864,11.128600687704012,28367.239870175243,0.0,117.84960281438421,0.0,0.0
4865,11.128600687704012,28367.239870175243,0.0,117.84960281438421,0.0,0.0
4866,11.128600687704012,28367.239870175243,0.0,117.84960281438421,0.0,0.0
4867,11.128600687704012,28367.239870175243,0.0,117.84960281438421,0.0,0.0
4868,11.128600687704012,28367.239870175243,0.0,117.84960281438421,0.0,0.0
4869,11.128600687704012,28367.239870175243,0.0,117.84960281438421,0.0,0.0
4870,11.128600687704012,28367.239870175243,0.0,117.84960281438421,0.0,0.0
4871,11.128600687704012,28367.239870175243,0.0,117.84960281438421,0.0,0.0
4872,32.866118011869986,23161.994153472297,0.0,141.40411474893475,0.0,0.0
4873,32.866118011869986,23161.994153472297,0.0,141.40411474893475,0.0,0.0
4874,32.866118011869986,23161.994153472297,0.0,141.40411474893475,0.0,0.0
4875,32.866118011869986,23161.994153472297,0.0,141.40411474893475,0.0,0.0
4876,32.866118011869986,23161.994153472297,0.0,141.40411474893475,0.0,0.0
4877,32.866118011869986,23161.994153472297,0.0,141.40411474893475,0.0,0.0
4878,32.866118011869986,23161.994153472297,0.0,141.40411474893475,0.0,0.0
4879,32.866118011869986,23161.994153472297,0.0,141.40411474893475,0.0,0.0
4880,32.866118011869986,23161.994153472297,0.0,141.40411474893475,0.0,0.0
4881,32.866118011869986,23161.994153472297,0.0,141.40411474893475,0.0,0.0
4882,32.866118011869986,23161.994153472297,0.0,141.40411474893475,0.0,0.0
4883,32.866118011869986,23161.994153472297,0.0,141.40411474893475,0.0,0.0
4884,32.866118011869986,23161.994153472297,0.0,141.40411474893475,0.0,0.0
4885,32.866118011869986,23161.994153472297,0.0,141.40411474893475,0.0,0.0
4886,32.866118011869986,23161.994153472297,0.0,141.40411474893475,0.0,0.0
4887,32.866118011869986,23161.994153472297,0.0,141.40411474893475,0.0,0.0
4888,32.866118011869986,23161.994153472297,0.0,141.40411474893475,0.0,0.0
4889,32.866118011869986,23161.994153472297,0.0,141.40411474893475,0.0,0.0
4890,32.866118011869986,23161.994153472297,0.0,141.40411474893475,0.0,0.0
4891,32.866118011869986,23161.994153472297,0.0,141.40411474893475,0.0,0.0
4892,32.866118011869986,23161.994153472297,0.0,141.40411474893475,0.0,0.0
4893,32.866118011869986,23161.994153472297,0.0,141.40411474893475,0.0,0.0
4894,32.866118011869986,23161.994153472297,0.0,141.40411474893475,0.0,0.0
4895,32.866118011869986,23161.994153472297,0.0,141.40411474893475,0.0,0.0
4896,32.866118011869986,23161.994153472297,0.0,141.40411474893475,0.0,0.0
4897,32.866118011869986,23161.994153472297,0.0,141.40411474893475,0.0,0.0
4898,32.866118011869986,23161.994153472297,0.0,141.40411474893475,0.0,0.0
4899,32.866118011869986,23161.994153472297,0.0,141.40411474893475,0.0,0.0
4900,32.866118011869986,23161.994153472297,0.0,141.40411474893475,0.0,0.0
4901,32.866118011869986,23161.994153472297,0.0,141.40411474893475,0.0,0.0
4902,32.866118011869986,23161.994153472297,0.0,141.40411474893475,0.0,0.0
4903,32.866118011869986,23161.994153472297,0.0,141.40411474893475,0.0,0.0
4904,32.866118011869986,23161.994153472297,0.0,141.40411474893475,0.0,0.0
4905,32.866118011869986,23161.994153472297,0.0,141.40411474893475,0.0,0.0
4906,32.866118011869986,23161.994153472297,0.0,141.40411474893475,0.0,0.0
4907,32.866118011869986,23161.994153472297,0.0,141.40411474893475,0.0,0.0
4908,32.866118011869986,23161.994153472297,0.0,141.40411474893475,0.0,0.0
4909,32.866118011869986,23161.994153472297,0.0,141.40411474893475,0.0,0.0
4910,32.866118011869986,23161.994153472297,0.0,141.40411474893475,0.0,0.0
4911,32.866118011869986,23161.994153472297,0.0,141.40411474893475,0.0,0.0
4912,32.866118011869986,23161.994153472297,0.0,141.40411474893475,0.0,0.0
4913,32.866118011869986,23161.994153472297,0.0,141.40411474893475,0.0,0.0
4914,32.866118011869986,23161.994153472297,0.0,141.40411474893475,0.0,0.0
4915,32.866118011869986,23161.994153472297,0.0,141.40411474893475,0.0,0.0
4916,32.866118011869986,23161.994153472297,0.0,141.40411474893475,0.0,0.0
4917,32.866118011869986,23161.994153472297,0.0,141.40411474893475,0.0,0.0
4918,32.866118011869986,23161.994153472297,0.0,141.40411474893475,0.0,0.0
4919,32.866118011869986,23161.994153472297,0.0,141.40411474893475,0.0,0.0
4920,32.866118011869986,23161.994153472297,0.0,141.40411474893475,0.0,0.0
4921,32.866118011869986,23161.994153472297,0.0,141.40411474893475,0.0,0.0
4922,32.866118011869986,23161.994153472297,0.0,141.40411474893475,0.0,0.0
4923,32.866118011869986,23161.994153472297,0.0,141.40411474893475,0.0,0.0
4924,32.866118011869986,23161.994153472297,0.0,141.40411474893475,0.0,0.0
4925,32.866118011869986,23161.994153472297,0.0,141.40411474893475,0.0,0.0
4926,32.866118011869986,23161.994153472297,0.0,141.40411474893475,0.0,0.0
4927,32.866118011869986,23161.994153472297,0.0,141.40411474893475,0.0,0.0
4928,32.866118011869986,23161.994153472297,0.0,141.40411474893475,0.0,0.0
4929,32.866118011869986,23161.994153472297,0.0,141.40411474893475,0.0,0.0
4930,32.866118011869986,23161.994153472297,0.0,141.40411474893475,0.0,0.0
4931,32.866118011869986,23161.994153472297,0.0,141.40411474893475,0.0,0.0
4932,32.866118011869986,23161.994153472297,0.0,141.40411474893475,0.0,0.0
4933,32.866118011869986,23161.994153472297,0.0,141.40411474893475,0.0,0.0
4934,32.866118011869986,23161.994153472297,0.0,141.40411474893475,0.0,0.0
4935,32.866118011869986,23161.994153472297,0.0,141.40411474893475,0.0,0.0
4936,32.866118011869986,23161.994153472297,0.0,141.40411474893475,0.0,0.0
4937,32.866118011869986,23161.994153472297,0.0,141.40411474893475,0.0,0.0
4938,32.866118011869986,23161.994153472297,0.0,141.40411474893475,0.0,0.0
4939,32.866118011869986,23161.994153472297,0.0,141.40411474893475,0.0,0.0
4940,32.866118011869986,23161.994153472297,0.0,141.40411474893475,0.0,0.0
4941,32.866118011869986,23161.994153472297,0.0,141.40411474893475,0.0,0.0
4942,32.866118011869986,23161.994153472297,0.0,141.40411474893475,0.0,0.0
4943,32.866118011869986,23161.994153472297,0.0,141.40411474893475,0.0,0.0
4944,32.866118011869986,23161.994153472297,0.0,141.40411474893475,0.0,0.0
4945,32.866118011869986,23161.994153472297,0.0,141.40411474893475,0.0,0.0
4946,32.866118011869986,23161.994153472297,0.0,141.40411474893475,0.0,0.0
4947,32.866118011869986,23161.994153472297,0.0,141.40411474893475,0.0,0.0
4948,32.866118011869986,23161.994153472297,0.0,141.40411474893475,0.0,0.0
4949,32.866118011869986,23161.994153472297,0.0,141.40411474893475,0.0,0.0
4950,32.866118011869986,23161.994153472297,0.0,141.40411474893475,0.0,0.0
4951,32.866118011869986,23161.994153472297,0.0,141.40411474893475,0.0,0.0
4952,32.866118011869986,23161.994153472297,0.0,141.40411474893475,0.0,0.0
4953,32.866118011869986,23161.994153472297,0.0,141.40411474893475,0.0,0.0
4954,32.866118011869986,23161.994153472297,0.0,141.40411474893475,0.0,0.0
4955,32.866118011869986,23161.994153472297,0.0,141.40411474893475,0.0,0.0
4956,32.866118011869986,23161.994153472297,0.0,141.40411474893475,0.0,0.0
4957,32.866118011869986,23161.994153472297,0.0,141.40411474893475,0.0,0.0
4958,32.866118011869986,23161.994153472297,0.0,141.40411474893475,0.0,0.0
4959,32.866118011869986,23161.994153472297,0.0,141.40411474893475,0.0,0.0
4960,32.866118011869986,23161.994153472297,0.0,141.40411474893475,0.0,0.0
4961,32.866118011869986,23161.994153472297,0.0,141.40411474893475,0.0,0.0
4962,32.866118011869986,23161.994153472297,0.0,141.40411474893475,0.0,0.0
4963,32.866118011869986,23161.994153472297,0.0,141.40411474893475,0.0,0.0
4964,32.866118011869986,23161.994153472297,0.0,141.40411474893475,0.0,0.0
4965,32.866118011869986,23161.994153472297,0.0,141.40411474893475,0.0,0.0
4966,32.866118011869986,23161.994153472297,0.0,141.40411474893475,0.0,0.0
4967,32.866118011869986,23161.994153472297,0.0,141.40411474893475,0.0,0.0
4968,32.866118011869986,23161.994153472297,0.0,141.40411474893475,0.0,0.0
4969,32.866118011869986,23161.994153472297,0.0,141.40411474893475,0.0,0.0
4970,32.866118011869986,23161.994153472297,0.0,141.40411474893475,0.0,0.0
4971,32.866118011869986,23161.994153472297,0.0,141.40411474893475,0.0,0.0
4972,32.866118011869986,23161.994153472297,0.0,141.40411474893475,0.0,0.0
4973,32.866118011869986,23161.994153472297,0.0,141.40411474893475,0.0,0.0
4974,32.866118011869986,23161.994153472297,0.0,141.40411474893475,0.0,0.0
4975,32.866118011869986,23161.994153472297,0.0,141.40411474893475,0.0,0.0
4976,32.866118011869986,23161.994153472297,0.0,141.40411474893475,0.0,0.0
4977,32.866118011869986,23161.994153472297,0.0,141.40411474893475,0.0,0.0
4978,32.866118011869986,23161.994153472297,0.0,141.40411474893475,0.0,0.0
4979,32.866118011869986,23161.994153472297,0.0,141.40411474893475,0.0,0.0
4980,32.866118011869986,23161.994153472297,0.0,141.40411474893475,0.0,0.0
4981,32.866118011869986,23161.994153472297,0.0,141.40411474893475,0.0,0.0
4982,32.866118011869986,23161.994153472297,0.0,141.40411474893475,0.0,0.0
4983,32.866118011869986,23161.994153472297,0.0,141.40411474893475,0.0,0.0
4984,32.866118011869986,23161.994153472297,0.0,141.40411474893475,0.0,0.0
4985,32.866118011869986,23161.994153472297,0.0,141.40411474893475,0.0,0.0
4986,32.866118011869986,23161.994153472297,0.0,141.40411474893475,0.0,0.0
4987,32.866118011869986,23161.994153472297,0.0,141.40411474893475,0.0,0.0
4988,32.866118011869986,23161.994153472297,0.0,141.40411474893475,0.0,0.0
4989,32.866118011869986,23161.994153472297,0.0,141.40411474893475,0.0,0.0
4990,32.866118011869986,23161.994153472297,0.0,141.40411474893475,0.0,0.0
4991,32.866118011869986,23161.994153472297,0.0,141.40411474893475,0.0,0.0
4992,32.866118011869986,23161.994153472297,0.0,141.40411474893475,0.0,0.0
4993,32.866118011869986,23161.994153472297,0.0,141.40411474893475,0.0,0.0
4994,32.866118011869986,23161.994153472297,0.0,141.40411474893475,0.0,0.0
4995,32.866118011869986,23161.994153472297,0.0,141.40411474893475,0.0,0.0
4996,32.866118011869986,23161.994153472297,0.0,141.40411474893475,0.0,0.0
4997,32.866118011869986,23161.994153472297,0.0,141.40411474893475,0.0,0.0
4998,32.866118011869986,23161.994153472297,0.0,141.40411474893475,0.0,0.0
4999,32.866118011869986,23161.994153472297,0.0,141.40411474893475,0.0,0.0
5000,32.866118011869986,23161.994153472297,0.0,141.40411474893475,0.0,0.0
5001,32.866118011869986,23161.994153472297,0.0,141.40411474893475,0.0,0.0
5002,32.866118011869986,23161.994153472297,0.0,141.40411474893475,0.0,0.0
5003,32.866118011869986,23161.994153472297,0.0,141.40411474893475,0.0,0.0
5004,32.866118011869986,23161.994153472297,0.0,141.40411474893475,0.0,0.0
5005,32.866118011869986,23161.994153472297,0.0,141.40411474893475,0.0,0.0
5006,32.866118011869986,23161.994153472297,0.0,141.40411474893475,0.0,0.0
5007,32.866118011869986,23161.994153472297,0.0,141.40411474893475,0.0,0.0
5008,32.866118011869986,23161.994153472297,0.0,141.40411474893475,0.0,0.0
5009,32.866118011869986,23161.994153472297,0.0,141.40411474893475,0.0,0.0
5010,32.866118011869986,23161.994153472297,0.0,141.40411474893475,0.0,0.0
5011,32.866118011869986,23161.994153472297,0.0,141.40411474893475,0.0,0.0
5012,32.866118011869986,23161.994153472297,0.0,141.40411474893475,0.0,0.0
5013,32.866118011869986,23161.994153472297,0.0,141.40411474893475,0.0,0.0
5014,32.866118011869986,23161.994153472297,0.0,141.40411474893475,0.0,0.0
5015,32.866118011869986,23161.994153472297,0.0,141.40411474893475,0.0,0.0
5016,32.866118011869986,23161.994153472297,0.0,141.40411474893475,0.0,0.0
5017,32.866118011869986,23161.994153472297,0.0,141.40411474893475,0.0,0.0
5018,32.866118011869986,23161.994153472297,0.0,141.40411474893475,0.0,0.0
5019,32.866118011869986,23161.994153472297,0.0,141.40411474893475,0.0,0.0
5020,32.866118011869986,23161.994153472297,0.0,141.40411474893475,0.0,0.0
5021,32.866118011869986,23161.994153472297,0.0,141.40411474893475,0.0,0.0
5022,32.866118011869986,23161.994153472297,0.0,141.40411474893475,0.0,0.0
5023,32.866118011869986,23161.994153472297,0.0,141.40411474893475,0.0,0.0
5024,32.866118011869986,23161.994153472297,0.0,141.40411474893475,0.0,0.0
5025,32.866118011869986,23161.994153472297,0.0,141.40411474893475,0.0,0.0
5026,32.866118011869986,23161.994153472297,0.0,141.40411474893475,0.0,0.0
5027,32.866118011869986,23161.994153472297,0.0,141.40411474893475,0.0,0.0
5028,32.866118011869986,23161.994153472297,0.0,141.40411474893475,0.0,0.0
5029,32.866118011869986,23161.994153472297,0.0,141.40411474893475,0.0,0.0
5030,32.866118011869986,23161.994153472297,0.0,141.40411474893475,0.0,0.0
5031,32.866118011869986,23161.994153472297,0.0,141.40411474893475,0.0,0.0
5032,32.866118011869986,23161.994153472297,0.0,141.40411474893475,0.0,0.0
5033,32.866118011869986,23161.994153472297,0.0,141.40411474893475,0.0,0.0
5034,32.866118011869986,23161.994153472297,0.0,141.40411474893475,0.0,0.0
5035,32.866118011869986,23161.994153472297,0.0,141.40411474893475,0.0,0.0
5036,32.866118011869986,23161.994153472297,0.0,141.40411474893475,0.0,0.0
5037,32.866118011869986,23161.994153472297,0.0,141.40411474893475,0.0,0.0
5038,32.866118011869986,23161.994153472297,0.0,141.40411474893475,0.0,0.0
5039,32.866118011869986,23161.994153472297,0.0,141.40411474893475,0.0,0.0
5040,41.84905305534972,20005.28903682208,0.0,163.725268137354,0.0,0.0
5041,41.84905305534972,20005.28903682208,0.0,163.725268137354,0.0,0.0
5042,41.84905305534972,20005.28903682208,0.0,163.725268137354,0.0,0.0
5043,41.84905305534972,20005.28903682208,0.0,163.725268137354,0.0,0.0
5044,41.84905305534972,20005.28903682208,0.0,163.725268137354,0.0,0.0
5045,41.84905305534972,20005.28903682208,0.0,163.725268137354,0.0,0.0
5046,41.84905305534972,20005.28903682208,0.0,163.725268137354,0.0,0.0
5047,41.84905305534972,20005.28903682208,0.0,163.725268137354,0.0,0.0
5048,41.84905305534972,20005.28903682208,0.0,163.725268137354,0.0,0.0
5049,41.84905305534972,20005.28903682208,0.0,163.725268137354,0.0,0.0
5050,41.84905305534972,20005.28903682208,0.0,163.725268137354,0.0,0.0
5051,41.84905305534972,20005.28903682208,0.0,163.725268137354,0.0,0.0
5052,41.84905305534972,20005.28903682208,0.0,163.725268137354,0.0,0.0
5053,41.84905305534972,20005.28903682208,0.0,163.725268137354,0.0,0.0
5054,41.84905305534972,20005.28903682208,0.0,163.725268137354,0.0,0.0
5055,41.84905305534972,20005.28903682208,0.0,163.725268137354,0.0,0.0
5056,41.84905305534972,20005.28903682208,0.0,163.725268137354,0.0,0.0
5057,41.84905305534972,20005.28903682208,0.0,163.725268137354,0.0,0.0
5058,41.84905305534972,20005.28903682208,0.0,163.725268137354,0.0,0.0
5059,41.84905305534972,20005.28903682208,0.0,163.725268137354,0.0,0.0
5060,41.84905305534972,20005.28903682208,0.0,163.725268137354,0.0,0.0
5061,41.84905305534972,20005.28903682208,0.0,163.725268137354,0.0,0.0
5062,41.84905305534972,20005.28903682208,0.0,163.725268137354,0.0,0.0
5063,41.84905305534972,20005.28903682208,0.0,163.725268137354,0.0,0.0
5064,41.84905305534972,20005.28903682208,0.0,163.725268137354,0.0,0.0
5065,41.84905305534972,20005.28903682208,0.0,163.725268137354,0.0,0.0
5066,41.84905305534972,20005.28903682208,0.0,163.725268137354,0.0,0.0
5067,41.84905305534972,20005.28903682208,0.0,163.725268137354,0.0,0.0
5068,41.84905305534972,20005.28903682208,0.0,163.725268137354,0.0,0.0
5069,41.84905305534972,20005.28903682208,0.0,163.725268137354,0.0,0.0
5070,41.84905305534972,20005.28903682208,0.0,163.725268137354,0.0,0.0
5071,41.84905305534972,20005.28903682208,0.0,163.725268137354,0.0,0.0
5072,41.84905305534972,20005.28903682208,0.0,163.725268137354,0.0,0.0
5073,41.84905305534972,20005.28903682208,0.0,163.725268137354,0.0,0.0
5074,41.84905305534972,20005.28903682208,0.0,163.725268137354,0.0,0.0
5075,41.84905305534972,20005.28903682208,0.0,163.725268137354,0.0,0.0
5076,41.84905305534972,20005.28903682208,0.0,163.725268137354,0.0,0.0
5077,41.84905305534972,20005.28903682208,0.0,163.725268137354,0.0,0.0
5078,41.84905305534972,20005.28903682208,0.0,163.725268137354,0.0,0.0
5079,41.84905305534972,20005.28903682208,0.0,163.725268137354,0.0,0.0
5080,41.84905305534972,20005.28903682208,0.0,163.725268137354,0.0,0.0
5081,41.84905305534972,20005.28903682208,0.0,163.725268137354,0.0,0.0
5082,41.84905305534972,20005.28903682208,0.0,163.725268137354,0.0,0.0
5083,41.84905305534972,20005.28903682208,0.0,163.725268137354,0.0,0.0
5084,41.84905305534972,20005.28903682208,0.0,163.725268137354,0.0,0.0
5085,41.84905305534972,20005.28903682208,0.0,163.725268137354,0.0,0.0
5086,41.84905305534972,20005.28903682208,0.0,163.725268137354,0.0,0.0
5087,41.84905305534972,20005.28903682208,0.0,163.725268137354,0.0,0.0
5088,41.84905305534972,20005.28903682208,0.0,163.725268137354,0.0,0.0
5089,41.84905305534972,20005.28903682208,0.0,163.725268137354,0.0,0.0
5090,41.84905305534972,20005.28903682208,0.0,163.725268137354,0.0,0.0
5091,41.84905305534972,20005.28903682208,0.0,163.725268137354,0.0,0.0
5092,41.84905305534972,20005.28903682208,0.0,163.725268137354,0.0,0.0
5093,41.84905305534972,20005.28903682208,0.0,163.725268137354,0.0,0.0
5094,41.84905305534972,20005.28903682208,0.0,163.725268137354,0.0,0.0
5095,41.84905305534972,20005.28903682208,0.0,163.725268137354,0.0,0.0
5096,41.84905305534972,20005.28903682208,0.0,163.725268137354,0.0,0.0
5097,41.84905305534972,20005.28903682208,0.0,163.725268137354,0.0,0.0
5098,41.84905305534972,20005.28903682208,0.0,163.725268137354,0.0,0.0
5099,41.84905305534972,20005.28903682208,0.0,163.725268137354,0.0,0.0
5100,41.84905305534972,20005.28903682208,0.0,163.725268137354,0.0,0.0
5101,41.84905305534972,20005.28903682208,0.0,163.725268137354,0.0,0.0
5102,41.84905305534972,20005.28903682208,0.0,163.725268137354,0.0,0.0
5103,41.84905305534972,20005.28903682208,0.0,163.725268137354,0.0,0.0
5104,41.84905305534972,20005.28903682208,0.0,163.725268137354,0.0,0.0
5105,41.84905305534972,20005.28903682208,0.0,163.725268137354,0.0,0.0
5106,41.84905305534972,20005.28903682208,0.0,163.725268137354,0.0,0.0
5107,41.84905305534972,20005.28903682208,0.0,163.725268137354,0.0,0.0
5108,41.84905305534972,20005.28903682208,0.0,163.725268137354,0.0,0.0
5109,41.84905305534972,20005.28903682208,0.0,163.725268137354,0.0,0.0
5110,41.84905305534972,20005.28903682208,0.0,163.725268137354,0.0,0.0
5111,41.84905305534972,20005.28903682208,0.0,163.725268137354,0.0,0.0
5112,41.84905305534972,20005.28903682208,0.0,163.725268137354,0.0,0.0
5113,41.84905305534972,20005.28903682208,0.0,163.725268137354,0.0,0.0
5114,41.84905305534972,20005.28903682208,0.0,163.725268137354,0.0,0.0
5115,41.84905305534972,20005.28903682208,0.0,163.725268137354,0.0,0.0
5116,41.84905305534972,20005.28903682208,0.0,163.725268137354,0.0,0.0
5117,41.84905305534972,20005.28903682208,0.0,163.725268137354,0.0,0.0
5118,41.84905305534972,20005.28903682208,0.0,163.725268137354,0.0,0.0
5119,41.84905305534972,20005.28903682208,0.0,163.725268137354,0.0,0.0
5120,41.84905305534972,20005.28903682208,0.0,163.725268137354,0.0,0.0
5121,41.84905305534972,20005.28903682208,0.0,163.725268137354,0.0,0.0
5122,41.84905305534972,20005.28903682208,0.0,163.725268137354,0.0,0.0
5123,41.84905305534972,20005.28903682208,0.0,163.725268137354,0.0,0.0
5124,41.84905305534972,20005.28903682208,0.0,163.725268137354,0.0,0.0
5125,41.84905305534972,20005.28903682208,0.0,163.725268137354,0.0,0.0
5126,41.84905305534972,20005.28903682208,0.0,163.725268137354,0.0,0.0
5127,41.84905305534972,20005.28903682208,0.0,163.725268137354,0.0,0.0
5128,41.84905305534972,20005.28903682208,0.0,163.725268137354,0.0,0.0
5129,41.84905305534972,20005.28903682208,0.0,163.725268137354,0.0,0.0
5130,41.84905305534972,20005.28903682208,0.0,163.725268137354,0.0,0.0
5131,41.84905305534972,20005.28903682208,0.0,163.725268137354,0.0,0.0
5132,41.84905305534972,20005.28903682208,0.0,163.725268137354,0.0,0.0
5133,41.84905305534972,20005.28903682208,0.0,163.725268137354,0.0,0.0
5134,41.84905305534972,20005.28903682208,0.0,163.725268137354,0.0,0.0
5135,41.84905305534972,20005.28903682208,0.0,163.725268137354,0.0,0.0
5136,41.84905305534972,20005.28903682208,0.0,163.725268137354,0.0,0.0
5137,41.84905305534972,20005.28903682208,0.0,163.725268137354,0.0,0.0
5138,41.84905305534972,20005.28903682208,0.0,163.725268137354,0.0,0.0
5139,41.84905305534972,20005.28903682208,0.0,163.725268137354,0.0,0.0
5140,41.84905305534972,20005.28903682208,0.0,163.725268137354,0.0,0.0
5141,41.84905305534972,20005.28903682208,0.0,163.725268137354,0.0,0.0
5142,41.84905305534972,20005.28903682208,0.0,163.725268137354,0.0,0.0
5143,41.84905305534972,20005.28903682208,0.0,163.725268137354,0.0,0.0
5144,41.84905305534972,20005.28903682208,0.0,163.725268137354,0.0,0.0
5145,41.84905305534972,20005.28903682208,0.0,163.725268137354,0.0,0.0
5146,41.84905305534972,20005.28903682208,0.0,163.725268137354,0.0,0.0
5147,41.84905305534972,20005.28903682208,0.0,163.725268137354,0.0,0.0
5148,41.84905305534972,20005.28903682208,0.0,163.725268137354,0.0,0.0
5149,41.84905305534972,20005.28903682208,0.0,163.725268137354,0.0,0.0
5150,41.84905305534972,20005.28903682208,0.0,163.725268137354,0.0,0.0
5151,41.84905305534972,20005.28903682208,0.0,163.725268137354,0.0,0.0
5152,41.84905305534972,20005.28903682208,0.0,163.725268137354,0.0,0.0
5153,41.84905305534972,20005.28903682208,0.0,163.725268137354,0.0,0.0
5154,41.84905305534972,20005.28903682208,0.0,163.725268137354,0.0,0.0
5155,41.84905305534972,20005.28903682208,0.0,163.725268137354,0.0,0.0
5156,41.84905305534972,20005.28903682208,0.0,163.725268137354,0.0,0.0
5157,41.84905305534972,20005.28903682208,0.0,163.725268137354,0.0,0.0
5158,41.84905305534972,20005.28903682208,0.0,163.725268137354,0.0,0.0
5159,41.84905305534972,20005.28903682208,0.0,163.725268137354,0.0,0.0
5160,41.84905305534972,20005.28903682208,0.0,163.725268137354,0.0,0.0
5161,41.84905305534972,20005.28903682208,0.0,163.725268137354,0.0,0.0
5162,41.84905305534972,20005.28903682208,0.0,163.725268137354,0.0,0.0
5163,41.84905305534972,20005.28903682208,0.0,163.725268137354,0.0,0.0
5164,41.84905305534972,20005.28903682208,0.0,163.725268137354,0.0,0.0
5165,41.84905305534972,20005.28903682208,0.0,163.725268137354,0.0,0.0
5166,41.84905305534972,20005.28903682208,0.0,163.725268137354,0.0,0.0
5167,41.84905305534972,20005.28903682208,0.0,163.725268137354,0.0,0.0
5168,41.84905305534972,20005.28903682208,0.0,163.725268137354,0.0,0.0
5169,41.84905305534972,20005.28903682208,0.0,163.725268137354,0.0,0.0
5170,41.84905305534972,20005.28903682208,0.0,163.725268137354,0.0,0.0
5171,41.84905305534972,20005.28903682208,0.0,163.725268137354,0.0,0.0
5172,41.84905305534972,20005.28903682208,0.0,163.725268137354,0.0,0.0
5173,41.84905305534972,20005.28903682208,0.0,163.725268137354,0.0,0.0
5174,41.84905305534972,20005.28903682208,0.0,163.725268137354,0.0,0.0
5175,41.84905305534972,20005.28903682208,0.0,163.725268137354,0.0,0.0
5176,41.84905305534972,20005.28903682208,0.0,163.725268137354,0.0,0.0
5177,41.84905305534972,20005.28903682208,0.0,163.725268137354,0.0,0.0
5178,41.84905305534972,20005.28903682208,0.0,163.725268137354,0.0,0.0
5179,41.84905305534972,20005.28903682208,0.0,163.725268137354,0.0,0.0
5180,41.84905305534972,20005.28903682208,0.0,163.725268137354,0.0,0.0
5181,41.84905305534972,20005.28903682208,0.0,163.725268137354,0.0,0.0
5182,41.84905305534972,20005.28903682208,0.0,163.725268137354,0.0,0.0
5183,41.84905305534972,20005.28903682208,0.0,163.725268137354,0.0,0.0
5184,41.84905305534972,20005.28903682208,0.0,163.725268137354,0.0,0.0
5185,41.84905305534972,20005.28903682208,0.0,163.725268137354,0.0,0.0
5186,41.84905305534972,20005.28903682208,0.0,163.725268137354,0.0,0.0
5187,41.84905305534972,20005.28903682208,0.0,163.725268137354,0.0,0.0
5188,41.84905305534972,20005.28903682208,0.0,163.725268137354,0.0,0.0
5189,41.84905305534972,20005.28903682208,0.0,163.725268137354,0.0,0.0
5190,41.84905305534972,20005.28903682208,0.0,163.725268137354,0.0,0.0
5191,41.84905305534972,20005.28903682208,0.0,163.725268137354,0.0,0.0
5192,41.84905305534972,20005.28903682208,0.0,163.725268137354,0.0,0.0
5193,41.84905305534972,20005.28903682208,0.0,163.725268137354,0.0,0.0
5194,41.84905305534972,20005.28903682208,0.0,163.725268137354,0.0,0.0
5195,41.84905305534972,20005.28903682208,0.0,163.725268137354,0.0,0.0
5196,41.84905305534972,20005.28903682208,0.0,163.725268137354,0.0,0.0
5197,41.84905305534972,20005.28903682208,0.0,163.725268137354,0.0,0.0
5198,41.84905305534972,20005.28903682208,0.0,163.725268137354,0.0,0.0
5199,41.84905305534972,20005.28903682208,0.0,163.725268137354,0.0,0.0
5200,41.84905305534972,20005.28903682208,0.0,163.725268137354,0.0,0.0
5201,41.84905305534972,20005.28903682208,0.0,163.725268137354,0.0,0.0
5202,41.84905305534972,20005.28903682208,0.0,163.725268137354,0.0,0.0
5203,41.84905305534972,20005.28903682208,0.0,163.725268137354,0.0,0.0
5204,41.84905305534972,20005.28903682208,0.0,163.725268137354,0.0,0.0
5205,41.84905305534972,20005.28903682208,0.0,163.725268137354,0.0,0.0
5206,41.84905305534972,20005.28903682208,0.0,163.725268137354,0.0,0.0
5207,41.84905305534972,20005.28903682208,0.0,163.725268137354,0.0,0.0
5208,32.46210181323309,20779.605725941976,0.0,131.90590510911278,0.0,0.0
5209,32.46210181323309,20779.605725941976,0.0,131.90590510911278,0.0,0.0
5210,32.46210181323309,20779.605725941976,0.0,131.90590510911278,0.0,0.0
5211,32.46210181323309,20779.605725941976,0.0,131.90590510911278,0.0,0.0
5212,32.46210181323309,20779.605725941976,0.0,131.90590510911278,0.0,0.0
5213,32.46210181323309,20779.605725941976,0.0,131.90590510911278,0.0,0.0
5214,32.46210181323309,20779.605725941976,0.0,131.90590510911278,0.0,0.0
5215,32.46210181323309,20779.605725941976,0.0,131.90590510911278,0.0,0.0
5216,32.46210181323309,20779.605725941976,0.0,131.90590510911278,0.0,0.0
5217,32.46210181323309,20779.605725941976,0.0,131.90590510911278,0.0,0.0
5218,32.46210181323309,20779.605725941976,0.0,131.90590510911278,0.0,0.0
5219,32.46210181323309,20779.605725941976,0.0,131.90590510911278,0.0,0.0
5220,32.46210181323309,20779.605725941976,0.0,131.90590510911278,0.0,0.0
5221,32.46210181323309,20779.605725941976,0.0,131.90590510911278,0.0,0.0
5222,32.46210181323309,20779.605725941976,0.0,131.90590510911278,0.0,0.0
5223,32.46210181323309,20779.605725941976,0.0,131.90590510911278,0.0,0.0
5224,32.46210181323309,20779.605725941976,0.0,131.90590510911278,0.0,0.0
5225,32.46210181323309,20779.605725941976,0.0,131.90590510911278,0.0,0.0
5226,32.46210181323309,20779.605725941976,0.0,131.90590510911278,0.0,0.0
5227,32.46210181323309,20779.605725941976,0.0,131.90590510911278,0.0,0.0
5228,32.46210181323309,20779.605725941976,0.0,131.90590510911278,0.0,0.0
5229,32.46210181323309,20779.605725941976,0.0,131.90590510911278,0.0,0.0
5230,32.46210181323309,20779.605725941976,0.0,131.90590510911278,0.0,0.0
5231,32.46210181323309,20779.605725941976,0.0,131.90590510911278,0.0,0.0
5232,32.46210181323309,20779.605725941976,0.0,131.90590510911278,0.0,0.0
5233,32.46210181323309,20779.605725941976,0.0,131.90590510911278,0.0,0.0
5234,32.46210181323309,20779.605725941976,0.0,131.90590510911278,0.0,0.0
5235,32.46210181323309,20779.605725941976,0.0,131.90590510911278,0.0,0.0
5236,32.46210181323309,20779.605725941976,0.0,131.90590510911278,0.0,0.0
5237,32.46210181323309,20779.605725941976,0.0,131.90590510911278,0.0,0.0
5238,32.46210181323309,20779.605725941976,0.0,131.90590510911278,0.0,0.0
5239,32.46210181323309,20779.605725941976,0.0,131.90590510911278,0.0,0.0
5240,32.46210181323309,20779.605725941976,0.0,131.90590510911278,0.0,0.0
5241,32.46210181323309,20779.605725941976,0.0,131.90590510911278,0.0,0.0
5242,32.46210181323309,20779.605725941976,0.0,131.90590510911278,0.0,0.0
5243,32.46210181323309,20779.605725941976,0.0,131.90590510911278,0.0,0.0
5244,32.46210181323309,20779.605725941976,0.0,131.90590510911278,0.0,0.0
5245,32.46210181323309,20779.605725941976,0.0,131.90590510911278,0.0,0.0
5246,32.46210181323309,20779.605725941976,0.0,131.90590510911278,0.0,0.0
5247,32.46210181323309,20779.605725941976,0.0,131.90590510911278,0.0,0.0
5248,32.46210181323309,20779.605725941976,0.0,131.90590510911278,0.0,0.0
5249,32.46210181323309,20779.605725941976,0.0,131.90590510911278,0.0,0.0
5250,32.46210181323309,20779.605725941976,0.0,131.90590510911278,0.0,0.0
5251,32.46210181323309,20779.605725941976,0.0,131.90590510911278,0.0,0.0
5252,32.46210181323309,20779.605725941976,0.0,131.90590510911278,0.0,0.0
5253,32.46210181323309,20779.605725941976,0.0,131.90590510911278,0.0,0.0
5254,32.46210181323309,20779.605725941976,0.0,131.90590510911278,0.0,0.0
5255,32.46210181323309,20779.605725941976,0.0,131.90590510911278,0.0,0.0
5256,32.46210181323309,20779.605725941976,0.0,131.90590510911278,0.0,0.0
5257,32.46210181323309,20779.605725941976,0.0,131.90590510911278,0.0,0.0
5258,32.46210181323309,20779.605725941976,0.0,131.90590510911278,0.0,0.0
5259,32.46210181323309,20779.605725941976,0.0,131.90590510911278,0.0,0.0
5260,32.46210181323309,20779.605725941976,0.0,131.90590510911278,0.0,0.0
5261,32.46210181323309,20779.605725941976,0.0,131.90590510911278,0.0,0.0
5262,32.46210181323309,20779.605725941976,0.0,131.90590510911278,0.0,0.0
5263,32.46210181323309,20779.605725941976,0.0,131.90590510911278,0.0,0.0
5264,32.46210181323309,20779.605725941976,0.0,131.90590510911278,0.0,0.0
5265,32.46210181323309,20779.605725941976,0.0,131.90590510911278,0.0,0.0
5266,32.46210181323309,20779.605725941976,0.0,131.90590510911278,0.0,0.0
5267,32.46210181323309,20779.605725941976,0.0,131.90590510911278,0.0,0.0
5268,32.46210181323309,20779.605725941976,0.0,131.90590510911278,0.0,0.0
5269,32.46210181323309,20779.605725941976,0.0,131.90590510911278,0.0,0.0
5270,32.46210181323309,20779.605725941976,0.0,131.90590510911278,0.0,0.0
5271,32.46210181323309,20779.605725941976,0.0,131.90590510911278,0.0,0.0
5272,32.46210181323309,20779.605725941976,0.0,131.90590510911278,0.0,0.0
5273,32.46210181323309,20779.605725941976,0.0,131.90590510911278,0.0,0.0
5274,32.46210181323309,20779.605725941976,0.0,131.90590510911278,0.0,0.0
5275,32.46210181323309,20779.605725941976,0.0,131.90590510911278,0.0,0.0
5276,32.46210181323309,20779.605725941976,0.0,131.90590510911278,0.0,0.0
5277,32.46210181323309,20779.605725941976,0.0,131.90590510911278,0.0,0.0
5278,32.46210181323309,20779.605725941976,0.0,131.90590510911278,0.0,0.0
5279,32.46210181323309,20779.605725941976,0.0,131.90590510911278,0.0,0.0
5280,32.46210181323309,20779.605725941976,0.0,131.90590510911278,0.0,0.0
5281,32.46210181323309,20779.605725941976,0.0,131.90590510911278,0.0,0.0
5282,32.46210181323309,20779.605725941976,0.0,131.90590510911278,0.0,0.0
5283,32.46210181323309,20779.605725941976,0.0,131.90590510911278,0.0,0.0
5284,32.46210181323309,20779.605725941976,0.0,131.90590510911278,0.0,0.0
5285,32.46210181323309,20779.605725941976,0.0,131.90590510911278,0.0,0.0
5286,32.46210181323309,20779.605725941976,0.0,131.90590510911278,0.0,0.0
5287,32.46210181323309,20779.605725941976,0.0,131.90590510911278,0.0,0.0
5288,32.46210181323309,20779.605725941976,0.0,131.90590510911278,0.0,0.0
5289,32.46210181323309,20779.605725941976,0.0,131.90590510911278,0.0,0.0
5290,32.46210181323309,20779.605725941976,0.0,131.90590510911278,0.0,0.0
5291,32.46210181323309,20779.605725941976,0.0,131.90590510911278,0.0,0.0
5292,32.46210181323309,20779.605725941976,0.0,131.90590510911278,0.0,0.0
5293,32.46210181323309,20779.605725941976,0.0,131.90590510911278,0.0,0.0
5294,32.46210181323309,20779.605725941976,0.0,131.90590510911278,0.0,0.0
5295,32.46210181323309,20779.605725941976,0.0,131.90590510911278,0.0,0.0
5296,32.46210181323309,20779.605725941976,0.0,131.90590510911278,0.0,0.0
5297,32.46210181323309,20779.605725941976,0.0,131.90590510911278,0.0,0.0
5298,32.46210181323309,20779.605725941976,0.0,131.90590510911278,0.0,0.0
5299,32.46210181323309,20779.605725941976,0.0,131.90590510911278,0.0,0.0
5300,32.46210181323309,20779.605725941976,0.0,131.90590510911278,0.0,0.0
5301,32.46210181323309,20779.605725941976,0.0,131.90590510911278,0.0,0.0
5302,32.46210181323309,20779.605725941976,0.0,131.90590510911278,0.0,0.0
5303,32.46210181323309,20779.605725941976,0.0,131.90590510911278,0.0,0.0
5304,32.46210181323309,20779.605725941976,0.0,131.90590510911278,0.0,0.0
5305,32.46210181323309,20779.605725941976,0.0,131.90590510911278,0.0,0.0
5306,32.46210181323309,20779.605725941976,0.0,131.90590510911278,0.0,0.0
5307,32.46210181323309,20779.605725941976,0.0,131.90590510911278,0.0,0.0
5308,32.46210181323309,20779.605725941976,0.0,131.90590510911278,0.0,0.0
5309,32.46210181323309,20779.605725941976,0.0,131.90590510911278,0.0,0.0
5310,32.46210181323309,20779.605725941976,0.0,131.90590510911278,0.0,0.0
5311,32.46210181323309,20779.605725941976,0.0,131.90590510911278,0.0,0.0
5312,32.46210181323309,20779.605725941976,0.0,131.90590510911278,0.0,0.0
5313,32.46210181323309,20779.605725941976,0.0,131.90590510911278,0.0,0.0
5314,32.46210181323309,20779.605725941976,0.0,131.90590510911278,0.0,0.0
5315,32.46210181323309,20779.605725941976,0.0,131.90590510911278,0.0,0.0
5316,32.46210181323309,20779.605725941976,0.0,131.90590510911278,0.0,0.0
5317,32.46210181323309,20779.605725941976,0.0,131.90590510911278,0.0,0.0
5318,32.46210181323309,20779.605725941976,0.0,131.90590510911278,0.0,0.0
5319,32.46210181323309,20779.605725941976,0.0,131.90590510911278,0.0,0.0
5320,32.46210181323309,20779.605725941976,0.0,131.90590510911278,0.0,0.0
5321,32.46210181323309,20779.605725941976,0.0,131.90590510911278,0.0,0.0
5322,32.46210181323309,20779.605725941976,0.0,131.90590510911278,0.0,0.0
5323,32.46210181323309,20779.605725941976,0.0,131.90590510911278,0.0,0.0
5324,32.46210181323309,20779.605725941976,0.0,131.90590510911278,0.0,0.0
5325,32.46210181323309,20779.605725941976,0.0,131.90590510911278,0.0,0.0
5326,32.46210181323309,20779.605725941976,0.0,131.90590510911278,0.0,0.0
5327,32.46210181323309,20779.605725941976,0.0,131.90590510911278,0.0,0.0
5328,32.46210181323309,20779.605725941976,0.0,131.90590510911278,0.0,0.0
5329,32.46210181323309,20779.605725941976,0.0,131.90590510911278,0.0,0.0
5330,32.46210181323309,20779.605725941976,0.0,131.90590510911278,0.0,0.0
5331,32.46210181323309,20779.605725941976,0.0,131.90590510911278,0.0,0.0
5332,32.46210181323309,20779.605725941976,0.0,131.90590510911278,0.0,0.0
5333,32.46210181323309,20779.605725941976,0.0,131.90590510911278,0.0,0.0
5334,32.46210181323309,20779.605725941976,0.0,131.90590510911278,0.0,0.0
5335,32.46210181323309,20779.605725941976,0.0,131.90590510911278,0.0,0.0
5336,32.46210181323309,20779.605725941976,0.0,131.90590510911278,0.0,0.0
5337,32.46210181323309,20779.605725941976,0.0,131.90590510911278,0.0,0.0
5338,32.46210181323309,20779.605725941976,0.0,131.90590510911278,0.0,0.0
5339,32.46210181323309,20779.605725941976,0.0,131.90590510911278,0.0,0.0
5340,32.46210181323309,20779.605725941976,0.0,131.90590510911278,0.0,0.0
5341,32.46210181323309,20779.605725941976,0.0,131.90590510911278,0.0,0.0
5342,32.46210181323309,20779.605725941976,0.0,131.90590510911278,0.0,0.0
5343,32.46210181323309,20779.605725941976,0.0,131.90590510911278,0.0,0.0
5344,32.46210181323309,20779.605725941976,0.0,131.90590510911278,0.0,0.0
5345,32.46210181323309,20779.605725941976,0.0,131.90590510911278,0.0,0.0
5346,32.46210181323309,20779.605725941976,0.0,131.90590510911278,0.0,0.0
5347,32.46210181323309,20779.605725941976,0.0,131.90590510911278,0.0,0.0
5348,32.46210181323309,20779.605725941976,0.0,131.90590510911278,0.0,0.0
5349,32.46210181323309,20779.605725941976,0.0,131.90590510911278,0.0,0.0
5350,32.46210181323309,20779.605725941976,0.0,131.90590510911278,0.0,0.0
5351,32.46210181323309,20779.605725941976,0.0,131.90590510911278,0.0,0.0
5352,32.46210181323309,20779.605725941976,0.0,131.90590510911278,0.0,0.0
5353,32.46210181323309,20779.605725941976,0.0,131.90590510911278,0.0,0.0
5354,32.46210181323309,20779.605725941976,0.0,131.90590510911278,0.0,0.0
5355,32.46210181323309,20779.605725941976,0.0,131.90590510911278,0.0,0.0
5356,32.46210181323309,20779.605725941976,0.0,131.90590510911278,0.0,0.0
5357,32.46210181323309,20779.605725941976,0.0,131.90590510911278,0.0,0.0
5358,32.46210181323309,20779.605725941976,0.0,131.90590510911278,0.0,0.0
5359,32.46210181323309,20779.605725941976,0.0,131.90590510911278,0.0,0.0
5360,32.46210181323309,20779.605725941976,0.0,131.90590510911278,0.0,0.0
5361,32.46210181323309,20779.605725941976,0.0,131.90590510911278,0.0,0.0
5362,32.46210181323309,20779.605725941976,0.0,131.90590510911278,0.0,0.0
5363,32.46210181323309,20779.605725941976,0.0,131.90590510911278,0.0,0.0
5364,32.46210181323309,20779.605725941976,0.0,131.90590510911278,0.0,0.0
5365,32.46210181323309,20779.605725941976,0.0,131.90590510911278,0.0,0.0
5366,32.46210181323309,20779.605725941976,0.0,131.90590510911278,0.0,0.0
5367,32.46210181323309,20779.605725941976,0.0,131.90590510911278,0.0,0.0
5368,32.46210181323309,20779.605725941976,0.0,131.90590510911278,0.0,0.0
5369,32.46210181323309,20779.605725941976,0.0,131.90590510911278,0.0,0.0
5370,32.46210181323309,20779.605725941976,0.0,131.90590510911278,0.0,0.0
5371,32.46210181323309,20779.605725941976,0.0,131.90590510911278,0.0,0.0
5372,32.46210181323309,20779.605725941976,0.0,131.90590510911278,0.0,0.0
5373,32.46210181323309,20779.605725941976,0.0,131.90590510911278,0.0,0.0
5374,32.46210181323309,20779.605725941976,0.0,131.90590510911278,0.0,0.0
5375,32.46210181323309,20779.605725941976,0.0,131.90590510911278,0.0,0.0
5376,34.829957784431194,22322.256483244306,0.0,80.40827258599786,0.0,0.0
5377,34.829957784431194,22322.256483244306,0.0,80.40827258599786,0.0,0.0
5378,34.829957784431194,22322.256483244306,0.0,80.40827258599786,0.0,0.0
5379,34.829957784431194,22322.256483244306,0.0,80.40827258599786,0.0,0.0
5380,34.829957784431194,22322.256483244306,0.0,80.40827258599786,0.0,0.0
5381,34.829957784431194,22322.256483244306,0.0,80.40827258599786,0.0,0.0
5382,34.829957784431194,22322.256483244306,0.0,80.40827258599786,0.0,0.0
5383,34.829957784431194,22322.256483244306,0.0,80.40827258599786,0.0,0.0
5384,34.829957784431194,22322.256483244306,0.0,80.40827258599786,0.0,0.0
5385,34.829957784431194,22322.256483244306,0.0,80.40827258599786,0.0,0.0
5386,34.829957784431194,22322.256483244306,0.0,80.40827258599786,0.0,0.0
5387,34.829957784431194,22322.256483244306,0.0,80.40827258599786,0.0,0.0
5388,34.829957784431194,22322.256483244306,0.0,80.40827258599786,0.0,0.0
5389,34.829957784431194,22322.256483244306,0.0,80.40827258599786,0.0,0.0
5390,34.829957784431194,22322.256483244306,0.0,80.40827258599786,0.0,0.0
5391,34.829957784431194,22322.256483244306,0.0,80.40827258599786,0.0,0.0
5392,34.829957784431194,22322.256483244306,0.0,80.40827258599786,0.0,0.0
5393,34.829957784431194,22322.256483244306,0.0,80.40827258599786,0.0,0.0
5394,34.829957784431194,22322.256483244306,0.0,80.40827258599786,0.0,0.0
5395,34.829957784431194,22322.256483244306,0.0,80.40827258599786,0.0,0.0
5396,34.829957784431194,22322.256483244306,0.0,80.40827258599786,0.0,0.0
5397,34.829957784431194,22322.256483244306,0.0,80.40827258599786,0.0,0.0
5398,34.829957784431194,22322.256483244306,0.0,80.40827258599786,0.0,0.0
5399,34.829957784431194,22322.256483244306,0.0,80.40827258599786,0.0,0.0
5400,34.829957784431194,22322.256483244306,0.0,80.40827258599786,0.0,0.0
5401,34.829957784431194,22322.256483244306,0.0,80.40827258599786,0.0,0.0
5402,34.829957784431194,22322.256483244306,0.0,80.40827258599786,0.0,0.0
5403,34.829957784431194,22322.256483244306,0.0,80.40827258599786,0.0,0.0
5404,34.829957784431194,22322.256483244306,0.0,80.40827258599786,0.0,0.0
5405,34.829957784431194,22322.256483244306,0.0,80.40827258599786,0.0,0.0
5406,34.829957784431194,22322.256483244306,0.0,80.40827258599786,0.0,0.0
5407,34.829957784431194,22322.256483244306,0.0,80.40827258599786,0.0,0.0
5408,34.829957784431194,22322.256483244306,0.0,80.40827258599786,0.0,0.0
5409,34.829957784431194,22322.256483244306,0.0,80.40827258599786,0.0,0.0
5410,34.829957784431194,22322.256483244306,0.0,80.40827258599786,0.0,0.0
5411,34.829957784431194,22322.256483244306,0.0,80.40827258599786,0.0,0.0
5412,34.829957784431194,22322.256483244306,0.0,80.40827258599786,0.0,0.0
5413,34.829957784431194,22322.256483244306,0.0,80.40827258599786,0.0,0.0
5414,34.829957784431194,22322.256483244306,0.0,80.40827258599786,0.0,0.0
5415,34.829957784431194,22322.256483244306,0.0,80.40827258599786,0.0,0.0
5416,34.829957784431194,22322.256483244306,0.0,80.40827258599786,0.0,0.0
5417,34.829957784431194,22322.256483244306,0.0,80.40827258599786,0.0,0.0
5418,34.829957784431194,22322.256483244306,0.0,80.40827258599786,0.0,0.0
5419,34.829957784431194,22322.256483244306,0.0,80.40827258599786,0.0,0.0
5420,34.829957784431194,22322.256483244306,0.0,80.40827258599786,0.0,0.0
5421,34.829957784431194,22322.256483244306,0.0,80.40827258599786,0.0,0.0
5422,34.829957784431194,22322.256483244306,0.0,80.40827258599786,0.0,0.0
5423,34.829957784431194,22322.256483244306,0.0,80.40827258599786,0.0,0.0
5424,34.829957784431194,22322.256483244306,0.0,80.40827258599786,0.0,0.0
5425,34.829957784431194,22322.256483244306,0.0,80.40827258599786,0.0,0.0
5426,34.829957784431194,22322.256483244306,0.0,80.40827258599786,0.0,0.0
5427,34.829957784431194,22322.256483244306,0.0,80.40827258599786,0.0,0.0
5428,34.829957784431194,22322.256483244306,0.0,80.40827258599786,0.0,0.0
5429,34.829957784431194,22322.256483244306,0.0,80.40827258599786,0.0,0.0
5430,34.829957784431194,22322.256483244306,0.0,80.40827258599786,0.0,0.0
5431,34.829957784431194,22322.256483244306,0.0,80.40827258599786,0.0,0.0
5432,34.829957784431194,22322.256483244306,0.0,80.40827258599786,0.0,0.0
5433,34.829957784431194,22322.256483244306,0.0,80.40827258599786,0.0,0.0
5434,34.829957784431194,22322.256483244306,0.0,80.40827258599786,0.0,0.0
5435,34.829957784431194,22322.256483244306,0.0,80.40827258599786,0.0,0.0
5436,34.829957784431194,22322.256483244306,0.0,80.40827258599786,0.0,0.0
5437,34.829957784431194,22322.256483244306,0.0,80.40827258599786,0.0,0.0
5438,34.829957784431194,22322.256483244306,0.0,80.40827258599786,0.0,0.0
5439,34.829957784431194,22322.256483244306,0.0,80.40827258599786,0.0,0.0
5440,34.829957784431194,22322.256483244306,0.0,80.40827258599786,0.0,0.0
5441,34.829957784431194,22322.256483244306,0.0,80.40827258599786,0.0,0.0
5442,34.829957784431194,22322.256483244306,0.0,80.40827258599786,0.0,0.0
5443,34.829957784431194,22322.256483244306,0.0,80.40827258599786,0.0,0.0
5444,34.829957784431194,22322.256483244306,0.0,80.40827258599786,0.0,0.0
5445,34.829957784431194,22322.256483244306,0.0,80.40827258599786,0.0,0.0
5446,34.829957784431194,22322.256483244306,0.0,80.40827258599786,0.0,0.0
5447,34.829957784431194,22322.256483244306,0.0,80.40827258599786,0.0,0.0
5448,34.829957784431194,22322.256483244306,0.0,80.40827258599786,0.0,0.0
5449,34.829957784431194,22322.256483244306,0.0,80.40827258599786,0.0,0.0
5450,34.829957784431194,22322.256483244306,0.0,80.40827258599786,0.0,0.0
5451,34.829957784431194,22322.256483244306,0.0,80.40827258599786,0.0,0.0
5452,34.829957784431194,22322.256483244306,0.0,80.40827258599786,0.0,0.0
5453,34.829957784431194,22322.256483244306,0.0,80.40827258599786,0.0,0.0
5454,34.829957784431194,22322.256483244306,0.0,80.40827258599786,0.0,0.0
5455,34.829957784431194,22322.256483244306,0.0,80.40827258599786,0.0,0.0
5456,34.829957784431194,22322.256483244306,0.0,80.40827258599786,0.0,0.0
5457,34.829957784431194,22322.256483244306,0.0,80.40827258599786,0.0,0.0
5458,34.829957784431194,22322.256483244306,0.0,80.40827258599786,0.0,0.0
5459,34.829957784431194,22322.256483244306,0.0,80.40827258599786,0.0,0.0
5460,34.829957784431194,22322.256483244306,0.0,80.40827258599786,0.0,0.0
5461,34.829957784431194,22322.256483244306,0.0,80.40827258599786,0.0,0.0
5462,34.829957784431194,22322.256483244306,0.0,80.40827258599786,0.0,0.0
5463,34.829957784431194,22322.256483244306,0.0,80.40827258599786,0.0,0.0
5464,34.829957784431194,22322.256483244306,0.0,80.40827258599786,0.0,0.0
5465,34.829957784431194,22322.256483244306,0.0,80.40827258599786,0.0,0.0
5466,34.829957784431194,22322.256483244306,0.0,80.40827258599786,0.0,0.0
5467,34.829957784431194,22322.256483244306,0.0,80.40827258599786,0.0,0.0
5468,34.829957784431194,22322.256483244306,0.0,80.40827258599786,0.0,0.0
5469,34.829957784431194,22322.256483244306,0.0,80.40827258599786,0.0,0.0
5470,34.829957784431194,22322.256483244306,0.0,80.40827258599786,0.0,0.0
5471,34.829957784431194,22322.256483244306,0.0,80.40827258599786,0.0,0.0
5472,34.829957784431194,22322.256483244306,0.0,80.40827258599786,0.0,0.0
5473,34.829957784431194,22322.256483244306,0.0,80.40827258599786,0.0,0.0
5474,34.829957784431194,22322.256483244306,0.0,80.40827258599786,0.0,0.0
5475,34.829957784431194,22322.256483244306,0.0,80.40827258599786,0.0,0.0
5476,34.829957784431194,22322.256483244306,0.0,80.40827258599786,0.0,0.0
5477,34.829957784431194,22322.256483244306,0.0,80.40827258599786,0.0,0.0
5478,34.829957784431194,22322.256483244306,0.0,80.40827258599786,0.0,0.0
5479,34.829957784431194,22322.256483244306,0.0,80.40827258599786,0.0,0.0
5480,34.829957784431194,22322.256483244306,0.0,80.40827258599786,0.0,0.0
5481,34.829957784431194,22322.256483244306,0.0,80.40827258599786,0.0,0.0
5482,34.829957784431194,22322.256483244306,0.0,80.40827258599786,0.0,0.0
5483,34.829957784431194,22322.256483244306,0.0,80.40827258599786,0.0,0.0
5484,34.829957784431194,22322.256483244306,0.0,80.40827258599786,0.0,0.0
5485,34.829957784431194,22322.256483244306,0.0,80.40827258599786,0.0,0.0
5486,34.829957784431194,22322.256483244306,0.0,80.40827258599786,0.0,0.0
5487,34.829957784431194,22322.256483244306,0.0,80.40827258599786,0.0,0.0
5488,34.829957784431194,22322.256483244306,0.0,80.40827258599786,0.0,0.0
5489,34.829957784431194,22322.256483244306,0.0,80.40827258599786,0.0,0.0
5490,34.829957784431194,22322.256483244306,0.0,80.40827258599786,0.0,0.0
5491,34.829957784431194,22322.256483244306,0.0,80.40827258599786,0.0,0.0
5492,34.829957784431194,22322.256483244306,0.0,80.40827258599786,0.0,0.0
5493,34.829957784431194,22322.256483244306,0.0,80.40827258599786,0.0,0.0
5494,34.829957784431194,22322.256483244306,0.0,80.40827258599786,0.0,0.0
5495,34.829957784431194,22322.256483244306,0.0,80.40827258599786,0.0,0.0
5496,34.829957784431194,22322.256483244306,0.0,80.40827258599786,0.0,0.0
5497,34.829957784431194,22322.256483244306,0.0,80.40827258599786,0.0,0.0
5498,34.829957784431194,22322.256483244306,0.0,80.40827258599786,0.0,0.0
5499,34.829957784431194,22322.256483244306,0.0,80.40827258599786,0.0,0.0
5500,34.829957784431194,22322.256483244306,0.0,80.40827258599786,0.0,0.0
5501,34.829957784431194,22322.256483244306,0.0,80.40827258599786,0.0,0.0
5502,34.829957784431194,22322.256483244306,0.0,80.40827258599786,0.0,0.0
5503,34.829957784431194,22322.256483244306,0.0,80.40827258599786,0.0,0.0
5504,34.829957784431194,22322.256483244306,0.0,80.40827258599786,0.0,0.0
5505,34.829957784431194,22322.256483244306,0.0,80.40827258599786,0.0,0.0
5506,34.829957784431194,22322.256483244306,0.0,80.40827258599786,0.0,0.0
5507,34.829957784431194,22322.256483244306,0.0,80.40827258599786,0.0,0.0
5508,34.829957784431194,22322.256483244306,0.0,80.40827258599786,0.0,0.0
5509,34.829957784431194,22322.256483244306,0.0,80.40827258599786,0.0,0.0
5510,34.829957784431194,22322.256483244306,0.0,80.40827258599786,0.0,0.0
5511,34.829957784431194,22322.256483244306,0.0,80.40827258599786,0.0,0.0
5512,34.829957784431194,22322.256483244306,0.0,80.40827258599786,0.0,0.0
5513,34.829957784431194,22322.256483244306,0.0,80.40827258599786,0.0,0.0
5514,34.829957784431194,22322.256483244306,0.0,80.40827258599786,0.0,0.0
5515,34.829957784431194,22322.256483244306,0.0,80.40827258599786,0.0,0.0
5516,34.829957784431194,22322.256483244306,0.0,80.40827258599786,0.0,0.0
5517,34.829957784431194,22322.256483244306,0.0,80.40827258599786,0.0,0.0
5518,34.829957784431194,22322.256483244306,0.0,80.40827258599786,0.0,0.0
5519,34.829957784431194,22322.256483244306,0.0,80.40827258599786,0.0,0.0
5520,34.829957784431194,22322.256483244306,0.0,80.40827258599786,0.0,0.0
5521,34.829957784431194,22322.256483244306,0.0,80.40827258599786,0.0,0.0
5522,34.829957784431194,22322.256483244306,0.0,80.40827258599786,0.0,0.0
5523,34.829957784431194,22322.256483244306,0.0,80.40827258599786,0.0,0.0
5524,34.829957784431194,22322.256483244306,0.0,80.40827258599786,0.0,0.0
5525,34.829957784431194,22322.256483244306,0.0,80.40827258599786,0.0,0.0
5526,34.829957784431194,22322.256483244306,0.0,80.40827258599786,0.0,0.0
5527,34.829957784431194,22322.256483244306,0.0,80.40827258599786,0.0,0.0
5528,34.829957784431194,22322.256483244306,0.0,80.40827258599786,0.0,0.0
5529,34.829957784431194,22322.256483244306,0.0,80.40827258599786,0.0,0.0
5530,34.829957784431194,22322.256483244306,0.0,80.40827258599786,0.0,0.0
5531,34.829957784431194,22322.256483244306,0.0,80.40827258599786,0.0,0.0
5532,34.829957784431194,22322.256483244306,0.0,80.40827258599786,0.0,0.0
5533,34.829957784431194,22322.256483244306,0.0,80.40827258599786,0.0,0.0
5534,34.829957784431194,22322.256483244306,0.0,80.40827258599786,0.0,0.0
5535,34.829957784431194,22322.256483244306,0.0,80.40827258599786,0.0,0.0
5536,34.829957784431194,22322.256483244306,0.0,80.40827258599786,0.0,0.0
5537,34.829957784431194,22322.256483244306,0.0,80.40827258599786,0.0,0.0
5538,34.829957784431194,22322.256483244306,0.0,80.40827258599786,0.0,0.0
5539,34.829957784431194,22322.256483244306,0.0,80.40827258599786,0.0,0.0
5540,34.829957784431194,22322.256483244306,0.0,80.40827258599786,0.0,0.0
5541,34.829957784431194,22322.256483244306,0.0,80.40827258599786,0.0,0.0
5542,34.829957784431194,22322.256483244306,0.0,80.40827258599786,0.0,0.0
5543,34.829957784431194,22322.256483244306,0.0,80.40827258599786,0.0,0.0
5544,30.66654927476071,15260.463419448277,0.0,71.46350110617024,0.0,0.0
5545,30.66654927476071,15260.463419448277,0.0,71.46350110617024,0.0,0.0
5546,30.66654927476071,15260.463419448277,0.0,71.46350110617024,0.0,0.0
5547,30.66654927476071,15260.463419448277,0.0,71.46350110617024,0.0,0.0
5548,30.66654927476071,15260.463419448277,0.0,71.46350110617024,0.0,0.0
5549,30.66654927476071,15260.463419448277,0.0,71.46350110617024,0.0,0.0
5550,30.66654927476071,15260.463419448277,0.0,71.46350110617024,0.0,0.0
5551,30.66654927476071,15260.463419448277,0.0,71.46350110617024,0.0,0.0
5552,30.66654927476071,15260.463419448277,0.0,71.46350110617024,0.0,0.0
5553,30.66654927476071,15260.463419448277,0.0,71.46350110617024,0.0,0.0
5554,30.66654927476071,15260.463419448277,0.0,71.46350110617024,0.0,0.0
5555,30.66654927476071,15260.463419448277,0.0,71.46350110617024,0.0,0.0
5556,30.66654927476071,15260.463419448277,0.0,71.46350110617024,0.0,0.0
5557,30.66654927476071,15260.463419448277,0.0,71.46350110617024,0.0,0.0
5558,30.66654927476071,15260.463419448277,0.0,71.46350110617024,0.0,0.0
5559,30.66654927476071,15260.463419448277,0.0,71.46350110617024,0.0,0.0
5560,30.66654927476071,15260.463419448277,0.0,71.46350110617024,0.0,0.0
5561,30.66654927476071,15260.463419448277,0.0,71.46350110617024,0.0,0.0
5562,30.66654927476071,15260.463419448277,0.0,71.46350110617024,0.0,0.0
5563,30.66654927476071,15260.463419448277,0.0,71.46350110617024,0.0,0.0
5564,30.66654927476071,15260.463419448277,0.0,71.46350110617024,0.0,0.0
5565,30.66654927476071,15260.463419448277,0.0,71.46350110617024,0.0,0.0
5566,30.66654927476071,15260.463419448277,0.0,71.46350110617024,0.0,0.0
5567,30.66654927476071,15260.463419448277,0.0,71.46350110617024,0.0,0.0
5568,30.66654927476071,15260.463419448277,0.0,71.46350110617024,0.0,0.0
5569,30.66654927476071,15260.463419448277,0.0,71.46350110617024,0.0,0.0
5570,30.66654927476071,15260.463419448277,0.0,71.46350110617024,0.0,0.0
5571,30.66654927476071,15260.463419448277,0.0,71.46350110617024,0.0,0.0
5572,30.66654927476071,15260.463419448277,0.0,71.46350110617024,0.0,0.0
5573,30.66654927476071,15260.463419448277,0.0,71.46350110617024,0.0,0.0
5574,30.66654927476071,15260.463419448277,0.0,71.46350110617024,0.0,0.0
5575,30.66654927476071,15260.463419448277,0.0,71.46350110617024,0.0,0.0
5576,30.66654927476071,15260.463419448277,0.0,71.46350110617024,0.0,0.0
5577,30.66654927476071,15260.463419448277,0.0,71.46350110617024,0.0,0.0
5578,30.66654927476071,15260.463419448277,0.0,71.46350110617024,0.0,0.0
5579,30.66654927476071,15260.463419448277,0.0,71.46350110617024,0.0,0.0
5580,30.66654927476071,15260.463419448277,0.0,71.46350110617024,0.0,0.0
5581,30.66654927476071,15260.463419448277,0.0,71.46350110617024,0.0,0.0
5582,30.66654927476071,15260.463419448277,0.0,71.46350110617024,0.0,0.0
5583,30.66654927476071,15260.463419448277,0.0,71.46350110617024,0.0,0.0
5584,30.66654927476071,15260.463419448277,0.0,71.46350110617024,0.0,0.0
5585,30.66654927476071,15260.463419448277,0.0,71.46350110617024,0.0,0.0
5586,30.66654927476071,15260.463419448277,0.0,71.46350110617024,0.0,0.0
5587,30.66654927476071,15260.463419448277,0.0,71.46350110617024,0.0,0.0
5588,30.66654927476071,15260.463419448277,0.0,71.46350110617024,0.0,0.0
5589,30.66654927476071,15260.463419448277,0.0,71.46350110617024,0.0,0.0
5590,30.66654927476071,15260.463419448277,0.0,71.46350110617024,0.0,0.0
5591,30.66654927476071,15260.463419448277,0.0,71.46350110617024,0.0,0.0
5592,30.66654927476071,15260.463419448277,0.0,71.46350110617024,0.0,0.0
5593,30.66654927476071,15260.463419448277,0.0,71.46350110617024,0.0,0.0
5594,30.66654927476071,15260.463419448277,0.0,71.46350110617024,0.0,0.0
5595,30.66654927476071,15260.463419448277,0.0,71.46350110617024,0.0,0.0
5596,30.66654927476071,15260.463419448277,0.0,71.46350110617024,0.0,0.0
5597,30.66654927476071,15260.463419448277,0.0,71.46350110617024,0.0,0.0
5598,30.66654927476071,15260.463419448277,0.0,71.46350110617024,0.0,0.0
5599,30.66654927476071,15260.463419448277,0.0,71.46350110617024,0.0,0.0
5600,30.66654927476071,15260.463419448277,0.0,71.46350110617024,0.0,0.0
5601,30.66654927476071,15260.463419448277,0.0,71.46350110617024,0.0,0.0
5602,30.66654927476071,15260.463419448277,0.0,71.46350110617024,0.0,0.0
5603,30.66654927476071,15260.463419448277,0.0,71.46350110617024,0.0,0.0
5604,30.66654927476071,15260.463419448277,0.0,71.46350110617024,0.0,0.0
5605,30.66654927476071,15260.463419448277,0.0,71.46350110617024,0.0,0.0
5606,30.66654927476071,15260.463419448277,0.0,71.46350110617024,0.0,0.0
5607,30.66654927476071,15260.463419448277,0.0,71.46350110617024,0.0,0.0
5608,30.66654927476071,15260.463419448277,0.0,71.46350110617024,0.0,0.0
5609,30.66654927476071,15260.463419448277,0.0,71.46350110617024,0.0,0.0
5610,30.66654927476071,15260.463419448277,0.0,71.46350110617024,0.0,0.0
5611,30.66654927476071,15260.463419448277,0.0,71.46350110617024,0.0,0.0
5612,30.66654927476071,15260.463419448277,0.0,71.46350110617024,0.0,0.0
5613,30.66654927476071,15260.463419448277,0.0,71.46350110617024,0.0,0.0
5614,30.66654927476071,15260.463419448277,0.0,71.46350110617024,0.0,0.0
5615,30.66654927476071,15260.463419448277,0.0,71.46350110617024,0.0,0.0
5616,30.66654927476071,15260.463419448277,0.0,71.46350110617024,0.0,0.0
5617,30.66654927476071,15260.463419448277,0.0,71.46350110617024,0.0,0.0
5618,30.66654927476071,15260.463419448277,0.0,71.46350110617024,0.0,0.0
5619,30.66654927476071,15260.463419448277,0.0,71.46350110617024,0.0,0.0
5620,30.66654927476071,15260.463419448277,0.0,71.46350110617024,0.0,0.0
5621,30.66654927476071,15260.463419448277,0.0,71.46350110617024,0.0,0.0
5622,30.66654927476071,15260.463419448277,0.0,71.46350110617024,0.0,0.0
5623,30.66654927476071,15260.463419448277,0.0,71.46350110617024,0.0,0.0
5624,30.66654927476071,15260.463419448277,0.0,71.46350110617024,0.0,0.0
5625,30.66654927476071,15260.463419448277,0.0,71.46350110617024,0.0,0.0
5626,30.66654927476071,15260.463419448277,0.0,71.46350110617024,0.0,0.0
5627,30.66654927476071,15260.463419448277,0.0,71.46350110617024,0.0,0.0
5628,30.66654927476071,15260.463419448277,0.0,71.46350110617024,0.0,0.0
5629,30.66654927476071,15260.463419448277,0.0,71.46350110617024,0.0,0.0
5630,30.66654927476071,15260.463419448277,0.0,71.46350110617024,0.0,0.0
5631,30.66654927476071,15260.463419448277,0.0,71.46350110617024,0.0,0.0
5632,30.66654927476071,15260.463419448277,0.0,71.46350110617024,0.0,0.0
5633,30.66654927476071,15260.463419448277,0.0,71.46350110617024,0.0,0.0
5634,30.66654927476071,15260.463419448277,0.0,71.46350110617024,0.0,0.0
5635,30.66654927476071,15260.463419448277,0.0,71.46350110617024,0.0,0.0
5636,30.66654927476071,15260.463419448277,0.0,71.46350110617024,0.0,0.0
5637,30.66654927476071,15260.463419448277,0.0,71.46350110617024,0.0,0.0
5638,30.66654927476071,15260.463419448277,0.0,71.46350110617024,0.0,0.0
5639,30.66654927476071,15260.463419448277,0.0,71.46350110617024,0.0,0.0
5640,30.66654927476071,15260.463419448277,0.0,71.46350110617024,0.0,0.0
5641,30.66654927476071,15260.463419448277,0.0,71.46350110617024,0.0,0.0
5642,30.66654927476071,15260.463419448277,0.0,71.46350110617024,0.0,0.0
5643,30.66654927476071,15260.463419448277,0.0,71.46350110617024,0.0,0.0
5644,30.66654927476071,15260.463419448277,0.0,71.46350110617024,0.0,0.0
5645,30.66654927476071,15260.463419448277,0.0,71.46350110617024,0.0,0.0
5646,30.66654927476071,15260.463419448277,0.0,71.46350110617024,0.0,0.0
5647,30.66654927476071,15260.463419448277,0.0,71.46350110617024,0.0,0.0
5648,30.66654927476071,15260.463419448277,0.0,71.46350110617024,0.0,0.0
5649,30.66654927476071,15260.463419448277,0.0,71.46350110617024,0.0,0.0
5650,30.66654927476071,15260.463419448277,0.0,71.46350110617024,0.0,0.0
5651,30.66654927476071,15260.463419448277,0.0,71.46350110617024,0.0,0.0
5652,30.66654927476071,15260.463419448277,0.0,71.46350110617024,0.0,0.0
5653,30.66654927476071,15260.463419448277,0.0,71.46350110617024,0.0,0.0
5654,30.66654927476071,15260.463419448277,0.0,71.46350110617024,0.0,0.0
5655,30.66654927476071,15260.463419448277,0.0,71.46350110617024,0.0,0.0
5656,30.66654927476071,15260.463419448277,0.0,71.46350110617024,0.0,0.0
5657,30.66654927476071,15260.463419448277,0.0,71.46350110617024,0.0,0.0
5658,30.66654927476071,15260.463419448277,0.0,71.46350110617024,0.0,0.0
5659,30.66654927476071,15260.463419448277,0.0,71.46350110617024,0.0,0.0
5660,30.66654927476071,15260.463419448277,0.0,71.46350110617024,0.0,0.0
5661,30.66654927476071,15260.463419448277,0.0,71.46350110617024,0.0,0.0
5662,30.66654927476071,15260.463419448277,0.0,71.46350110617024,0.0,0.0
5663,30.66654927476071,15260.463419448277,0.0,71.46350110617024,0.0,0.0
5664,30.66654927476071,15260.463419448277,0.0,71.46350110617024,0.0,0.0
5665,30.66654927476071,15260.463419448277,0.0,71.46350110617024,0.0,0.0
5666,30.66654927476071,15260.463419448277,0.0,71.46350110617024,0.0,0.0
5667,30.66654927476071,15260.463419448277,0.0,71.46350110617024,0.0,0.0
5668,30.66654927476071,15260.463419448277,0.0,71.46350110617024,0.0,0.0
5669,30.66654927476071,15260.463419448277,0.0,71.46350110617024,0.0,0.0
5670,30.66654927476071,15260.463419448277,0.0,71.46350110617024,0.0,0.0
5671,30.66654927476071,15260.463419448277,0.0,71.46350110617024,0.0,0.0
5672,30.66654927476071,15260.463419448277,0.0,71.46350110617024,0.0,0.0
5673,30.66654927476071,15260.463419448277,0.0,71.46350110617024,0.0,0.0
5674,30.66654927476071,15260.463419448277,0.0,71.46350110617024,0.0,0.0
5675,30.66654927476071,15260.463419448277,0.0,71.46350110617024,0.0,0.0
5676,30.66654927476071,15260.463419448277,0.0,71.46350110617024,0.0,0.0
5677,30.66654927476071,15260.463419448277,0.0,71.46350110617024,0.0,0.0
5678,30.66654927476071,15260.463419448277,0.0,71.46350110617024,0.0,0.0
5679,30.66654927476071,15260.463419448277,0.0,71.46350110617024,0.0,0.0
5680,30.66654927476071,15260.463419448277,0.0,71.46350110617024,0.0,0.0
5681,30.66654927476071,15260.463419448277,0.0,71.46350110617024,0.0,0.0
5682,30.66654927476071,15260.463419448277,0.0,71.46350110617024,0.0,0.0
5683,30.66654927476071,15260.463419448277,0.0,71.46350110617024,0.0,0.0
5684,30.66654927476071,15260.463419448277,0.0,71.46350110617024,0.0,0.0
5685,30.66654927476071,15260.463419448277,0.0,71.46350110617024,0.0,0.0
5686,30.66654927476071,15260.463419448277,0.0,71.46350110617024,0.0,0.0
5687,30.66654927476071,15260.463419448277,0.0,71.46350110617024,0.0,0.0
5688,30.66654927476071,15260.463419448277,0.0,71.46350110617024,0.0,0.0
5689,30.66654927476071,15260.463419448277,0.0,71.46350110617024,0.0,0.0
5690,30.66654927476071,15260.463419448277,0.0,71.46350110617024,0.0,0.0
5691,30.66654927476071,15260.463419448277,0.0,71.46350110617024,0.0,0.0
5692,30.66654927476071,15260.463419448277,0.0,71.46350110617024,0.0,0.0
5693,30.66654927476071,15260.463419448277,0.0,71.46350110617024,0.0,0.0
5694,30.66654927476071,15260.463419448277,0.0,71.46350110617024,0.0,0.0
5695,30.66654927476071,15260.463419448277,0.0,71.46350110617024,0.0,0.0
5696,30.66654927476071,15260.463419448277,0.0,71.46350110617024,0.0,0.0
5697,30.66654927476071,15260.463419448277,0.0,71.46350110617024,0.0,0.0
5698,30.66654927476071,15260.463419448277,0.0,71.46350110617024,0.0,0.0
5699,30.66654927476071,15260.463419448277,0.0,71.46350110617024,0.0,0.0
5700,30.66654927476071,15260.463419448277,0.0,71.46350110617024,0.0,0.0
5701,30.66654927476071,15260.463419448277,0.0,71.46350110617024,0.0,0.0
5702,30.66654927476071,15260.463419448277,0.0,71.46350110617024,0.0,0.0
5703,30.66654927476071,15260.463419448277,0.0,71.46350110617024,0.0,0.0
5704,30.66654927476071,15260.463419448277,0.0,71.46350110617024,0.0,0.0
5705,30.66654927476071,15260.463419448277,0.0,71.46350110617024,0.0,0.0
5706,30.66654927476071,15260.463419448277,0.0,71.46350110617024,0.0,0.0
5707,30.66654927476071,15260.463419448277,0.0,71.46350110617024,0.0,0.0
5708,30.66654927476071,15260.463419448277,0.0,71.46350110617024,0.0,0.0
5709,30.66654927476071,15260.463419448277,0.0,71.46350110617024,0.0,0.0
5710,30.66654927476071,15260.463419448277,0.0,71.46350110617024,0.0,0.0
5711,30.66654927476071,15260.463419448277,0.0,71.46350110617024,0.0,0.0
5712,44.70946551115862,14790.944465526214,0.0,63.00501928079203,0.0,0.0
5713,44.70946551115862,14790.944465526214,0.0,63.00501928079203,0.0,0.0
5714,44.70946551115862,14790.944465526214,0.0,63.00501928079203,0.0,0.0
5715,44.70946551115862,14790.944465526214,0.0,63.00501928079203,0.0,0.0
5716,44.70946551115862,14790.944465526214,0.0,63.00501928079203,0.0,0.0
5717,44.70946551115862,14790.944465526214,0.0,63.00501928079203,0.0,0.0
5718,44.70946551115862,14790.944465526214,0.0,63.00501928079203,0.0,0.0
5719,44.70946551115862,14790.944465526214,0.0,63.00501928079203,0.0,0.0
5720,44.70946551115862,14790.944465526214,0.0,63.00501928079203,0.0,0.0
5721,44.70946551115862,14790.944465526214,0.0,63.00501928079203,0.0,0.0
5722,44.70946551115862,14790.944465526214,0.0,63.00501928079203,0.0,0.0
5723,44.70946551115862,14790.944465526214,0.0,63.00501928079203,0.0,0.0
5724,44.70946551115862,14790.944465526214,0.0,63.00501928079203,0.0,0.0
5725,44.70946551115862,14790.944465526214,0.0,63.00501928079203,0.0,0.0
5726,44.70946551115862,14790.944465526214,0.0,63.00501928079203,0.0,0.0
5727,44.70946551115862,14790.944465526214,0.0,63.00501928079203,0.0,0.0
5728,44.70946551115862,14790.944465526214,0.0,63.00501928079203,0.0,0.0
5729,44.70946551115862,14790.944465526214,0.0,63.00501928079203,0.0,0.0
5730,44.70946551115862,14790.944465526214,0.0,63.00501928079203,0.0,0.0
5731,44.70946551115862,14790.944465526214,0.0,63.00501928079203,0.0,0.0
5732,44.70946551115862,14790.944465526214,0.0,63.00501928079203,0.0,0.0
5733,44.70946551115862,14790.944465526214,0.0,63.00501928079203,0.0,0.0
5734,44.70946551115862,14790.944465526214,0.0,63.00501928079203,0.0,0.0
5735,44.70946551115862,14790.944465526214,0.0,63.00501928079203,0.0,0.0
5736,44.70946551115862,14790.944465526214,0.0,63.00501928079203,0.0,0.0
5737,44.70946551115862,14790.944465526214,0.0,63.00501928079203,0.0,0.0
5738,44.70946551115862,14790.944465526214,0.0,63.00501928079203,0.0,0.0
5739,44.70946551115862,14790.944465526214,0.0,63.00501928079203,0.0,0.0
5740,44.70946551115862,14790.944465526214,0.0,63.00501928079203,0.0,0.0
5741,44.70946551115862,14790.944465526214,0.0,63.00501928079203,0.0,0.0
5742,44.70946551115862,14790.944465526214,0.0,63.00501928079203,0.0,0.0
5743,44.70946551115862,14790.944465526214,0.0,63.00501928079203,0.0,0.0
5744,44.70946551115862,14790.944465526214,0.0,63.00501928079203,0.0,0.0
5745,44.70946551115862,14790.944465526214,0.0,63.00501928079203,0.0,0.0
5746,44.70946551115862,14790.944465526214,0.0,63.00501928079203,0.0,0.0
5747,44.70946551115862,14790.944465526214,0.0,63.00501928079203,0.0,0.0
5748,44.70946551115862,14790.944465526214,0.0,63.00501928079203,0.0,0.0
5749,44.70946551115862,14790.944465526214,0.0,63.00501928079203,0.0,0.0
5750,44.70946551115862,14790.944465526214,0.0,63.00501928079203,0.0,0.0
5751,44.70946551115862,14790.944465526214,0.0,63.00501928079203,0.0,0.0
5752,44.70946551115862,14790.944465526214,0.0,63.00501928079203,0.0,0.0
5753,44.70946551115862,14790.944465526214,0.0,63.00501928079203,0.0,0.0
5754,44.70946551115862,14790.944465526214,0.0,63.00501928079203,0.0,0.0
5755,44.70946551115862,14790.944465526214,0.0,63.00501928079203,0.0,0.0
5756,44.70946551115862,14790.944465526214,0.0,63.00501928079203,0.0,0.0
5757,44.70946551115862,14790.944465526214,0.0,63.00501928079203,0.0,0.0
5758,44.70946551115862,14790.944465526214,0.0,63.00501928079203,0.0,0.0
5759,44.70946551115862,14790.944465526214,0.0,63.00501928079203,0.0,0.0
5760,44.70946551115862,14790.944465526214,0.0,63.00501928079203,0.0,0.0
5761,44.70946551115862,14790.944465526214,0.0,63.00501928079203,0.0,0.0
5762,44.70946551115862,14790.944465526214,0.0,63.00501928079203,0.0,0.0
5763,44.70946551115862,14790.944465526214,0.0,63.00501928079203,0.0,0.0
5764,44.70946551115862,14790.944465526214,0.0,63.00501928079203,0.0,0.0
5765,44.70946551115862,14790.944465526214,0.0,63.00501928079203,0.0,0.0
5766,44.70946551115862,14790.944465526214,0.0,63.00501928079203,0.0,0.0
5767,44.70946551115862,14790.944465526214,0.0,63.00501928079203,0.0,0.0
5768,44.70946551115862,14790.944465526214,0.0,63.00501928079203,0.0,0.0
5769,44.70946551115862,14790.944465526214,0.0,63.00501928079203,0.0,0.0
5770,44.70946551115862,14790.944465526214,0.0,63.00501928079203,0.0,0.0
5771,44.70946551115862,14790.944465526214,0.0,63.00501928079203,0.0,0.0
5772,44.70946551115862,14790.944465526214,0.0,63.00501928079203,0.0,0.0
5773,44.70946551115862,14790.944465526214,0.0,63.00501928079203,0.0,0.0
5774,44.70946551115862,14790.944465526214,0.0,63.00501928079203,0.0,0.0
5775,44.70946551115862,14790.944465526214,0.0,63.00501928079203,0.0,0.0
5776,44.70946551115862,14790.944465526214,0.0,63.00501928079203,0.0,0.0
5777,44.70946551115862,14790.944465526214,0.0,63.00501928079203,0.0,0.0
5778,44.70946551115862,14790.944465526214,0.0,63.00501928079203,0.0,0.0
5779,44.70946551115862,14790.944465526214,0.0,63.00501928079203,0.0,0.0
5780,44.70946551115862,14790.944465526214,0.0,63.00501928079203,0.0,0.0
5781,44.70946551115862,14790.944465526214,0.0,63.00501928079203,0.0,0.0
5782,44.70946551115862,14790.944465526214,0.0,63.00501928079203,0.0,0.0
5783,44.70946551115862,14790.944465526214,0.0,63.00501928079203,0.0,0.0
5784,44.70946551115862,14790.944465526214,0.0,63.00501928079203,0.0,0.0
5785,44.70946551115862,14790.944465526214,0.0,63.00501928079203,0.0,0.0
5786,44.70946551115862,14790.944465526214,0.0,63.00501928079203,0.0,0.0
5787,44.70946551115862,14790.944465526214,0.0,63.00501928079203,0.0,0.0
5788,44.70946551115862,14790.944465526214,0.0,63.00501928079203,0.0,0.0
5789,44.70946551115862,14790.944465526214,0.0,63.00501928079203,0.0,0.0
5790,44.70946551115862,14790.944465526214,0.0,63.00501928079203,0.0,0.0
5791,44.70946551115862,14790.944465526214,0.0,63.00501928079203,0.0,0.0
5792,44.70946551115862,14790.944465526214,0.0,63.00501928079203,0.0,0.0
5793,44.70946551115862,14790.944465526214,0.0,63.00501928079203,0.0,0.0
5794,44.70946551115862,14790.944465526214,0.0,63.00501928079203,0.0,0.0
5795,44.70946551115862,14790.944465526214,0.0,63.00501928079203,0.0,0.0
5796,44.70946551115862,14790.944465526214,0.0,63.00501928079203,0.0,0.0
5797,44.70946551115862,14790.944465526214,0.0,63.00501928079203,0.0,0.0
5798,44.70946551115862,14790.944465526214,0.0,63.00501928079203,0.0,0.0
5799,44.70946551115862,14790.944465526214,0.0,63.00501928079203,0.0,0.0
5800,44.70946551115862,14790.944465526214,0.0,63.00501928079203,0.0,0.0
5801,44.70946551115862,14790.944465526214,0.0,63.00501928079203,0.0,0.0
5802,44.70946551115862,14790.944465526214,0.0,63.00501928079203,0.0,0.0
5803,44.70946551115862,14790.944465526214,0.0,63.00501928079203,0.0,0.0
5804,44.70946551115862,14790.944465526214,0.0,63.00501928079203,0.0,0.0
5805,44.70946551115862,14790.944465526214,0.0,63.00501928079203,0.0,0.0
5806,44.70946551115862,14790.944465526214,0.0,63.00501928079203,0.0,0.0
5807,44.70946551115862,14790.944465526214,0.0,63.00501928079203,0.0,0.0
5808,44.70946551115862,14790.944465526214,0.0,63.00501928079203,0.0,0.0
5809,44.70946551115862,14790.944465526214,0.0,63.00501928079203,0.0,0.0
5810,44.70946551115862,14790.944465526214,0.0,63.00501928079203,0.0,0.0
5811,44.70946551115862,14790.944465526214,0.0,63.00501928079203,0.0,0.0
5812,44.70946551115862,14790.944465526214,0.0,63.00501928079203,0.0,0.0
5813,44.70946551115862,14790.944465526214,0.0,63.00501928079203,0.0,0.0
5814,44.70946551115862,14790.944465526214,0.0,63.00501928079203,0.0,0.0
5815,44.70946551115862,14790.944465526214,0.0,63.00501928079203,0.0,0.0
5816,44.70946551115862,14790.944465526214,0.0,63.00501928079203,0.0,0.0
5817,44.70946551115862,14790.944465526214,0.0,63.00501928079203,0.0,0.0
5818,44.70946551115862,14790.944465526214,0.0,63.00501928079203,0.0,0.0
5819,44.70946551115862,14790.944465526214,0.0,63.00501928079203,0.0,0.0
5820,44.70946551115862,14790.944465526214,0.0,63.00501928079203,0.0,0.0
5821,44.70946551115862,14790.944465526214,0.0,63.00501928079203,0.0,0.0
5822,44.70946551115862,14790.944465526214,0.0,63.00501928079203,0.0,0.0
5823,44.70946551115862,14790.944465526214,0.0,63.00501928079203,0.0,0.0
5824,44.70946551115862,14790.944465526214,0.0,63.00501928079203,0.0,0.0
5825,44.70946551115862,14790.944465526214,0.0,63.00501928079203,0.0,0.0
5826,44.70946551115862,14790.944465526214,0.0,63.00501928079203,0.0,0.0
5827,44.70946551115862,14790.944465526214,0.0,63.00501928079203,0.0,0.0
5828,44.70946551115862,14790.944465526214,0.0,63.00501928079203,0.0,0.0
5829,44.70946551115862,14790.944465526214,0.0,63.00501928079203,0.0,0.0
5830,44.70946551115862,14790.944465526214,0.0,63.00501928079203,0.0,0.0
5831,44.70946551115862,14790.944465526214,0.0,63.00501928079203,0.0,0.0
5832,44.70946551115862,14790.944465526214,0.0,63.00501928079203,0.0,0.0
5833,44.70946551115862,14790.944465526214,0.0,63.00501928079203,0.0,0.0
5834,44.70946551115862,14790.944465526214,0.0,63.00501928079203,0.0,0.0
5835,44.70946551115862,14790.944465526214,0.0,63.00501928079203,0.0,0.0
5836,44.70946551115862,14790.944465526214,0.0,63.00501928079203,0.0,0.0
5837,44.70946551115862,14790.944465526214,0.0,63.00501928079203,0.0,0.0
5838,44.70946551115862,14790.944465526214,0.0,63.00501928079203,0.0,0.0
5839,44.70946551115862,14790.944465526214,0.0,63.00501928079203,0.0,0.0
5840,44.70946551115862,14790.944465526214,0.0,63.00501928079203,0.0,0.0
5841,44.70946551115862,14790.944465526214,0.0,63.00501928079203,0.0,0.0
5842,44.70946551115862,14790.944465526214,0.0,63.00501928079203,0.0,0.0
5843,44.70946551115862,14790.944465526214,0.0,63.00501928079203,0.0,0.0
5844,44.70946551115862,14790.944465526214,0.0,63.00501928079203,0.0,0.0
5845,44.70946551115862,14790.944465526214,0.0,63.00501928079203,0.0,0.0
5846,44.70946551115862,14790.944465526214,0.0,63.00501928079203,0.0,0.0
5847,44.70946551115862,14790.944465526214,0.0,63.00501928079203,0.0,0.0
5848,44.70946551115862,14790.944465526214,0.0,63.00501928079203,0.0,0.0
5849,44.70946551115862,14790.944465526214,0.0,63.00501928079203,0.0,0.0
5850,44.70946551115862,14790.944465526214,0.0,63.00501928079203,0.0,0.0
5851,44.70946551115862,14790.944465526214,0.0,63.00501928079203,0.0,0.0
5852,44.70946551115862,14790.944465526214,0.0,63.00501928079203,0.0,0.0
5853,44.70946551115862,14790.944465526214,0.0,63.00501928079203,0.0,0.0
5854,44.70946551115862,14790.944465526214,0.0,63.00501928079203,0.0,0.0
5855,44.70946551115862,14790.944465526214,0.0,63.00501928079203,0.0,0.0
5856,44.70946551115862,14790.944465526214,0.0,63.00501928079203,0.0,0.0
5857,44.70946551115862,14790.944465526214,0.0,63.00501928079203,0.0,0.0
5858,44.70946551115862,14790.944465526214,0.0,63.00501928079203,0.0,0.0
5859,44.70946551115862,14790.944465526214,0.0,63.00501928079203,0.0,0.0
5860,44.70946551115862,14790.944465526214,0.0,63.00501928079203,0.0,0.0
5861,44.70946551115862,14790.944465526214,0.0,63.00501928079203,0.0,0.0
5862,44.70946551115862,14790.944465526214,0.0,63.00501928079203,0.0,0.0
5863,44.70946551115862,14790.944465526214,0.0,63.00501928079203,0.0,0.0
5864,44.70946551115862,14790.944465526214,0.0,63.00501928079203,0.0,0.0
5865,44.70946551115862,14790.944465526214,0.0,63.00501928079203,0.0,0.0
5866,44.70946551115862,14790.944465526214,0.0,63.00501928079203,0.0,0.0
5867,44.70946551115862,14790.944465526214,0.0,63.00501928079203,0.0,0.0
5868,44.70946551115862,14790.944465526214,0.0,63.00501928079203,0.0,0.0
5869,44.70946551115862,14790.944465526214,0.0,63.00501928079203,0.0,0.0
5870,44.70946551115862,14790.944465526214,0.0,63.00501928079203,0.0,0.0
5871,44.70946551115862,14790.944465526214,0.0,63.00501928079203,0.0,0.0
5872,44.70946551115862,14790.944465526214,0.0,63.00501928079203,0.0,0.0
5873,44.70946551115862,14790.944465526214,0.0,63.00501928079203,0.0,0.0
5874,44.70946551115862,14790.944465526214,0.0,63.00501928079203,0.0,0.0
5875,44.70946551115862,14790.944465526214,0.0,63.00501928079203,0.0,0.0
5876,44.70946551115862,14790.944465526214,0.0,63.00501928079203,0.0,0.0
5877,44.70946551115862,14790.944465526214,0.0,63.00501928079203,0.0,0.0
5878,44.70946551115862,14790.944465526214,0.0,63.00501928079203,0.0,0.0
5879,44.70946551115862,14790.944465526214,0.0,63.00501928079203,0.0,0.0
5880,40.68079044035688,20329.06432587355,0.0,70.37341361736405,0.0,0.0
5881,40.68079044035688,20329.06432587355,0.0,70.37341361736405,0.0,0.0
5882,40.68079044035688,20329.06432587355,0.0,70.37341361736405,0.0,0.0
5883,40.68079044035688,20329.06432587355,0.0,70.37341361736405,0.0,0.0
5884,40.68079044035688,20329.06432587355,0.0,70.37341361736405,0.0,0.0
5885,40.68079044035688,20329.06432587355,0.0,70.37341361736405,0.0,0.0
5886,40.68079044035688,20329.06432587355,0.0,70.37341361736405,0.0,0.0
5887,40.68079044035688,20329.06432587355,0.0,70.37341361736405,0.0,0.0
5888,40.68079044035688,20329.06432587355,0.0,70.37341361736405,0.0,0.0
5889,40.68079044035688,20329.06432587355,0.0,70.37341361736405,0.0,0.0
5890,40.68079044035688,20329.06432587355,0.0,70.37341361736405,0.0,0.0
5891,40.68079044035688,20329.06432587355,0.0,70.37341361736405,0.0,0.0
5892,40.68079044035688,20329.06432587355,0.0,70.37341361736405,0.0,0.0
5893,40.68079044035688,20329.06432587355,0.0,70.37341361736405,0.0,0.0
5894,40.68079044035688,20329.06432587355,0.0,70.37341361736405,0.0,0.0
5895,40.68079044035688,20329.06432587355,0.0,70.37341361736405,0.0,0.0
5896,40.68079044035688,20329.06432587355,0.0,70.37341361736405,0.0,0.0
5897,40.68079044035688,20329.06432587355,0.0,70.37341361736405,0.0,0.0
5898,40.68079044035688,20329.06432587355,0.0,70.37341361736405,0.0,0.0
5899,40.68079044035688,20329.06432587355,0.0,70.37341361736405,0.0,0.0
5900,40.68079044035688,20329.06432587355,0.0,70.37341361736405,0.0,0.0
5901,40.68079044035688,20329.06432587355,0.0,70.37341361736405,0.0,0.0
5902,40.68079044035688,20329.06432587355,0.0,70.37341361736405,0.0,0.0
5903,40.68079044035688,20329.06432587355,0.0,70.37341361736405,0.0,0.0
5904,40.68079044035688,20329.06432587355,0.0,70.37341361736405,0.0,0.0
5905,40.68079044035688,20329.06432587355,0.0,70.37341361736405,0.0,0.0
5906,40.68079044035688,20329.06432587355,0.0,70.37341361736405,0.0,0.0
5907,40.68079044035688,20329.06432587355,0.0,70.37341361736405,0.0,0.0
5908,40.68079044035688,20329.06432587355,0.0,70.37341361736405,0.0,0.0
5909,40.68079044035688,20329.06432587355,0.0,70.37341361736405,0.0,0.0
5910,40.68079044035688,20329.06432587355,0.0,70.37341361736405,0.0,0.0
5911,40.68079044035688,20329.06432587355,0.0,70.37341361736405,0.0,0.0
5912,40.68079044035688,20329.06432587355,0.0,70.37341361736405,0.0,0.0
5913,40.68079044035688,20329.06432587355,0.0,70.37341361736405,0.0,0.0
5914,40.68079044035688,20329.06432587355,0.0,70.37341361736405,0.0,0.0
5915,40.68079044035688,20329.06432587355,0.0,70.37341361736405,0.0,0.0
5916,40.68079044035688,20329.06432587355,0.0,70.37341361736405,0.0,0.0
5917,40.68079044035688,20329.06432587355,0.0,70.37341361736405,0.0,0.0
5918,40.68079044035688,20329.06432587355,0.0,70.37341361736405,0.0,0.0
5919,40.68079044035688,20329.06432587355,0.0,70.37341361736405,0.0,0.0
5920,40.68079044035688,20329.06432587355,0.0,70.37341361736405,0.0,0.0
5921,40.68079044035688,20329.06432587355,0.0,70.37341361736405,0.0,0.0
5922,40.68079044035688,20329.06432587355,0.0,70.37341361736405,0.0,0.0
5923,40.68079044035688,20329.06432587355,0.0,70.37341361736405,0.0,0.0
5924,40.68079044035688,20329.06432587355,0.0,70.37341361736405,0.0,0.0
5925,40.68079044035688,20329.06432587355,0.0,70.37341361736405,0.0,0.0
5926,40.68079044035688,20329.06432587355,0.0,70.37341361736405,0.0,0.0
5927,40.68079044035688,20329.06432587355,0.0,70.37341361736405,0.0,0.0
5928,40.68079044035688,20329.06432587355,0.0,70.37341361736405,0.0,0.0
5929,40.68079044035688,20329.06432587355,0.0,70.37341361736405,0.0,0.0
5930,40.68079044035688,20329.06432587355,0.0,70.37341361736405,0.0,0.0
5931,40.68079044035688,20329.06432587355,0.0,70.37341361736405,0.0,0.0
5932,40.68079044035688,20329.06432587355,0.0,70.37341361736405,0.0,0.0
5933,40.68079044035688,20329.06432587355,0.0,70.37341361736405,0.0,0.0
5934,40.68079044035688,20329.06432587355,0.0,70.37341361736405,0.0,0.0
5935,40.68079044035688,20329.06432587355,0.0,70.37341361736405,0.0,0.0
5936,40.68079044035688,20329.06432587355,0.0,70.37341361736405,0.0,0.0
5937,40.68079044035688,20329.06432587355,0.0,70.37341361736405,0.0,0.0
5938,40.68079044035688,20329.06432587355,0.0,70.37341361736405,0.0,0.0
5939,40.68079044035688,20329.06432587355,0.0,70.37341361736405,0.0,0.0
5940,40.68079044035688,20329.06432587355,0.0,70.37341361736405,0.0,0.0
5941,40.68079044035688,20329.06432587355,0.0,70.37341361736405,0.0,0.0
5942,40.68079044035688,20329.06432587355,0.0,70.37341361736405,0.0,0.0
5943,40.68079044035688,20329.06432587355,0.0,70.37341361736405,0.0,0.0
5944,40.68079044035688,20329.06432587355,0.0,70.37341361736405,0.0,0.0
5945,40.68079044035688,20329.06432587355,0.0,70.37341361736405,0.0,0.0
5946,40.68079044035688,20329.06432587355,0.0,70.37341361736405,0.0,0.0
5947,40.68079044035688,20329.06432587355,0.0,70.37341361736405,0.0,0.0
5948,40.68079044035688,20329.06432587355,0.0,70.37341361736405,0.0,0.0
5949,40.68079044035688,20329.06432587355,0.0,70.37341361736405,0.0,0.0
5950,40.68079044035688,20329.06432587355,0.0,70.37341361736405,0.0,0.0
5951,40.68079044035688,20329.06432587355,0.0,70.37341361736405,0.0,0.0
5952,40.68079044035688,20329.06432587355,0.0,70.37341361736405,0.0,0.0
5953,40.68079044035688,20329.06432587355,0.0,70.37341361736405,0.0,0.0
5954,40.68079044035688,20329.06432587355,0.0,70.37341361736405,0.0,0.0
5955,40.68079044035688,20329.06432587355,0.0,70.37341361736405,0.0,0.0
5956,40.68079044035688,20329.06432587355,0.0,70.37341361736405,0.0,0.0
5957,40.68079044035688,20329.06432587355,0.0,70.37341361736405,0.0,0.0
5958,40.68079044035688,20329.06432587355,0.0,70.37341361736405,0.0,0.0
5959,40.68079044035688,20329.06432587355,0.0,70.37341361736405,0.0,0.0
5960,40.68079044035688,20329.06432587355,0.0,70.37341361736405,0.0,0.0
5961,40.68079044035688,20329.06432587355,0.0,70.37341361736405,0.0,0.0
5962,40.68079044035688,20329.06432587355,0.0,70.37341361736405,0.0,0.0
5963,40.68079044035688,20329.06432587355,0.0,70.37341361736405,0.0,0.0
5964,40.68079044035688,20329.06432587355,0.0,70.37341361736405,0.0,0.0
5965,40.68079044035688,20329.06432587355,0.0,70.37341361736405,0.0,0.0
5966,40.68079044035688,20329.06432587355,0.0,70.37341361736405,0.0,0.0
5967,40.68079044035688,20329.06432587355,0.0,70.37341361736405,0.0,0.0
5968,40.68079044035688,20329.06432587355,0.0,70.37341361736405,0.0,0.0
5969,40.68079044035688,20329.06432587355,0.0,70.37341361736405,0.0,0.0
5970,40.68079044035688,20329.06432587355,0.0,70.37341361736405,0.0,0.0
5971,40.68079044035688,20329.06432587355,0.0,70.37341361736405,0.0,0.0
5972,40.68079044035688,20329.06432587355,0.0,70.37341361736405,0.0,0.0
5973,40.68079044035688,20329.06432587355,0.0,70.37341361736405,0.0,0.0
5974,40.68079044035688,20329.06432587355,0.0,70.37341361736405,0.0,0.0
5975,40.68079044035688,20329.06432587355,0.0,70.37341361736405,0.0,0.0
5976,40.68079044035688,20329.06432587355,0.0,70.37341361736405,0.0,0.0
5977,40.68079044035688,20329.06432587355,0.0,70.37341361736405,0.0,0.0
5978,40.68079044035688,20329.06432587355,0.0,70.37341361736405,0.0,0.0
5979,40.68079044035688,20329.06432587355,0.0,70.37341361736405,0.0,0.0
5980,40.68079044035688,20329.06432587355,0.0,70.37341361736405,0.0,0.0
5981,40.68079044035688,20329.06432587355,0.0,70.37341361736405,0.0,0.0
5982,40.68079044035688,20329.06432587355,0.0,70.37341361736405,0.0,0.0
5983,40.68079044035688,20329.06432587355,0.0,70.37341361736405,0.0,0.0
5984,40.68079044035688,20329.06432587355,0.0,70.37341361736405,0.0,0.0
5985,40.68079044035688,20329.06432587355,0.0,70.37341361736405,0.0,0.0
5986,40.68079044035688,20329.06432587355,0.0,70.37341361736405,0.0,0.0
5987,40.68079044035688,20329.06432587355,0.0,70.37341361736405,0.0,0.0
5988,40.68079044035688,20329.06432587355,0.0,70.37341361736405,0.0,0.0
5989,40.68079044035688,20329.06432587355,0.0,70.37341361736405,0.0,0.0
5990,40.68079044035688,20329.06432587355,0.0,70.37341361736405,0.0,0.0
5991,40.68079044035688,20329.06432587355,0.0,70.37341361736405,0.0,0.0
5992,40.68079044035688,20329.06432587355,0.0,70.37341361736405,0.0,0.0
5993,40.68079044035688,20329.06432587355,0.0,70.37341361736405,0.0,0.0
5994,40.68079044035688,20329.06432587355,0.0,70.37341361736405,0.0,0.0
5995,40.68079044035688,20329.06432587355,0.0,70.37341361736405,0.0,0.0
5996,40.68079044035688,20329.06432587355,0.0,70.37341361736405,0.0,0.0
5997,40.68079044035688,20329.06432587355,0.0,70.37341361736405,0.0,0.0
5998,40.68079044035688,20329.06432587355,0.0,70.37341361736405,0.0,0.0
5999,40.68079044035688,20329.06432587355,0.0,70.37341361736405,0.0,0.0
6000,40.68079044035688,20329.06432587355,0.0,70.37341361736405,0.0,0.0
6001,40.68079044035688,20329.06432587355,0.0,70.37341361736405,0.0,0.0
6002,40.68079044035688,20329.06432587355,0.0,70.37341361736405,0.0,0.0
6003,40.68079044035688,20329.06432587355,0.0,70.37341361736405,0.0,0.0
6004,40.68079044035688,20329.06432587355,0.0,70.37341361736405,0.0,0.0
6005,40.68079044035688,20329.06432587355,0.0,70.37341361736405,0.0,0.0
6006,40.68079044035688,20329.06432587355,0.0,70.37341361736405,0.0,0.0
6007,40.68079044035688,20329.06432587355,0.0,70.37341361736405,0.0,0.0
6008,40.68079044035688,20329.06432587355,0.0,70.37341361736405,0.0,0.0
6009,40.68079044035688,20329.06432587355,0.0,70.37341361736405,0.0,0.0
6010,40.68079044035688,20329.06432587355,0.0,70.37341361736405,0.0,0.0
6011,40.68079044035688,20329.06432587355,0.0,70.37341361736405,0.0,0.0
6012,40.68079044035688,20329.06432587355,0.0,70.37341361736405,0.0,0.0
6013,40.68079044035688,20329.06432587355,0.0,70.37341361736405,0.0,0.0
6014,40.68079044035688,20329.06432587355,0.0,70.37341361736405,0.0,0.0
6015,40.68079044035688,20329.06432587355,0.0,70.37341361736405,0.0,0.0
6016,40.68079044035688,20329.06432587355,0.0,70.37341361736405,0.0,0.0
6017,40.68079044035688,20329.06432587355,0.0,70.37341361736405,0.0,0.0
6018,40.68079044035688,20329.06432587355,0.0,70.37341361736405,0.0,0.0
6019,40.68079044035688,20329.06432587355,0.0,70.37341361736405,0.0,0.0
6020,40.68079044035688,20329.06432587355,0.0,70.37341361736405,0.0,0.0
6021,40.68079044035688,20329.06432587355,0.0,70.37341361736405,0.0,0.0
6022,40.68079044035688,20329.06432587355,0.0,70.37341361736405,0.0,0.0
6023,40.68079044035688,20329.06432587355,0.0,70.37341361736405,0.0,0.0
6024,40.68079044035688,20329.06432587355,0.0,70.37341361736405,0.0,0.0
6025,40.68079044035688,20329.06432587355,0.0,70.37341361736405,0.0,0.0
6026,40.68079044035688,20329.06432587355,0.0,70.37341361736405,0.0,0.0
6027,40.68079044035688,20329.06432587355,0.0,70.37341361736405,0.0,0.0
6028,40.68079044035688,20329.06432587355,0.0,70.37341361736405,0.0,0.0
6029,40.68079044035688,20329.06432587355,0.0,70.37341361736405,0.0,0.0
6030,40.68079044035688,20329.06432587355,0.0,70.37341361736405,0.0,0.0
6031,40.68079044035688,20329.06432587355,0.0,70.37341361736405,0.0,0.0
6032,40.68079044035688,20329.06432587355,0.0,70.37341361736405,0.0,0.0
6033,40.68079044035688,20329.06432587355,0.0,70.37341361736405,0.0,0.0
6034,40.68079044035688,20329.06432587355,0.0,70.37341361736405,0.0,0.0
6035,40.68079044035688,20329.06432587355,0.0,70.37341361736405,0.0,0.0
6036,40.68079044035688,20329.06432587355,0.0,70.37341361736405,0.0,0.0
6037,40.68079044035688,20329.06432587355,0.0,70.37341361736405,0.0,0.0
6038,40.68079044035688,20329.06432587355,0.0,70.37341361736405,0.0,0.0
6039,40.68079044035688,20329.06432587355,0.0,70.37341361736405,0.0,0.0
6040,40.68079044035688,20329.06432587355,0.0,70.37341361736405,0.0,0.0
6041,40.68079044035688,20329.06432587355,0.0,70.37341361736405,0.0,0.0
6042,40.68079044035688,20329.06432587355,0.0,70.37341361736405,0.0,0.0
6043,40.68079044035688,20329.06432587355,0.0,70.37341361736405,0.0,0.0
6044,40.68079044035688,20329.06432587355,0.0,70.37341361736405,0.0,0.0
6045,40.68079044035688,20329.06432587355,0.0,70.37341361736405,0.0,0.0
6046,40.68079044035688,20329.06432587355,0.0,70.37341361736405,0.0,0.0
6047,40.68079044035688,20329.06432587355,0.0,70.37341361736405,0.0,0.0
6048,37.649935888292944,11865.523937704147,0.0,60.688106024194106,0.0,0.0
6049,37.649935888292944,11865.523937704147,0.0,60.688106024194106,0.0,0.0
6050,37.649935888292944,11865.523937704147,0.0,60.688106024194106,0.0,0.0
6051,37.649935888292944,11865.523937704147,0.0,60.688106024194106,0.0,0.0
6052,37.649935888292944,11865.523937704147,0.0,60.688106024194106,0.0,0.0
6053,37.649935888292944,11865.523937704147,0.0,60.688106024194106,0.0,0.0
6054,37.649935888292944,11865.523937704147,0.0,60.688106024194106,0.0,0.0
6055,37.649935888292944,11865.523937704147,0.0,60.688106024194106,0.0,0.0
6056,37.649935888292944,11865.523937704147,0.0,60.688106024194106,0.0,0.0
6057,37.649935888292944,11865.523937704147,0.0,60.688106024194106,0.0,0.0
6058,37.649935888292944,11865.523937704147,0.0,60.688106024194106,0.0,0.0
6059,37.649935888292944,11865.523937704147,0.0,60.688106024194106,0.0,0.0
6060,37.649935888292944,11865.523937704147,0.0,60.688106024194106,0.0,0.0
6061,37.649935888292944,11865.523937704147,0.0,60.688106024194106,0.0,0.0
6062,37.649935888292944,11865.523937704147,0.0,60.688106024194106,0.0,0.0
6063,37.649935888292944,11865.523937704147,0.0,60.688106024194106,0.0,0.0
6064,37.649935888292944,11865.523937704147,0.0,60.688106024194106,0.0,0.0
6065,37.649935888292944,11865.523937704147,0.0,60.688106024194106,0.0,0.0
6066,37.649935888292944,11865.523937704147,0.0,60.688106024194106,0.0,0.0
6067,37.649935888292944,11865.523937704147,0.0,60.688106024194106,0.0,0.0
6068,37.649935888292944,11865.523937704147,0.0,60.688106024194106,0.0,0.0
6069,37.649935888292944,11865.523937704147,0.0,60.688106024194106,0.0,0.0
6070,37.649935888292944,11865.523937704147,0.0,60.688106024194106,0.0,0.0
6071,37.649935888292944,11865.523937704147,0.0,60.688106024194106,0.0,0.0
6072,37.649935888292944,11865.523937704147,0.0,60.688106024194106,0.0,0.0
6073,37.649935888292944,11865.523937704147,0.0,60.688106024194106,0.0,0.0
6074,37.649935888292944,11865.523937704147,0.0,60.688106024194106,0.0,0.0
6075,37.649935888292944,11865.523937704147,0.0,60.688106024194106,0.0,0.0
6076,37.649935888292944,11865.523937704147,0.0,60.688106024194106,0.0,0.0
6077,37.649935888292944,11865.523937704147,0.0,60.688106024194106,0.0,0.0
6078,37.649935888292944,11865.523937704147,0.0,60.688106024194106,0.0,0.0
6079,37.649935888292944,11865.523937704147,0.0,60.688106024194106,0.0,0.0
6080,37.649935888292944,11865.523937704147,0.0,60.688106024194106,0.0,0.0
6081,37.649935888292944,11865.523937704147,0.0,60.688106024194106,0.0,0.0
6082,37.649935888292944,11865.523937704147,0.0,60.688106024194106,0.0,0.0
6083,37.649935888292944,11865.523937704147,0.0,60.688106024194106,0.0,0.0
6084,37.649935888292944,11865.523937704147,0.0,60.688106024194106,0.0,0.0
6085,37.649935888292944,11865.523937704147,0.0,60.688106024194106,0.0,0.0
6086,37.649935888292944,11865.523937704147,0.0,60.688106024194106,0.0,0.0
6087,37.649935888292944,11865.523937704147,0.0,60.688106024194106,0.0,0.0
6088,37.649935888292944,11865.523937704147,0.0,60.688106024194106,0.0,0.0
6089,37.649935888292944,11865.523937704147,0.0,60.688106024194106,0.0,0.0
6090,37.649935888292944,11865.523937704147,0.0,60.688106024194106,0.0,0.0
6091,37.649935888292944,11865.523937704147,0.0,60.688106024194106,0.0,0.0
6092,37.649935888292944,11865.523937704147,0.0,60.688106024194106,0.0,0.0
6093,37.649935888292944,11865.523937704147,0.0,60.688106024194106,0.0,0.0
6094,37.649935888292944,11865.523937704147,0.0,60.688106024194106,0.0,0.0
6095,37.649935888292944,11865.523937704147,0.0,60.688106024194106,0.0,0.0
6096,37.649935888292944,11865.523937704147,0.0,60.688106024194106,0.0,0.0
6097,37.649935888292944,11865.523937704147,0.0,60.688106024194106,0.0,0.0
6098,37.649935888292944,11865.523937704147,0.0,60.688106024194106,0.0,0.0
6099,37.649935888292944,11865.523937704147,0.0,60.688106024194106,0.0,0.0
6100,37.649935888292944,11865.523937704147,0.0,60.688106024194106,0.0,0.0
6101,37.649935888292944,11865.523937704147,0.0,60.688106024194106,0.0,0.0
6102,37.649935888292944,11865.523937704147,0.0,60.688106024194106,0.0,0.0
6103,37.649935888292944,11865.523937704147,0.0,60.688106024194106,0.0,0.0
6104,37.649935888292944,11865.523937704147,0.0,60.688106024194106,0.0,0.0
6105,37.649935888292944,11865.523937704147,0.0,60.688106024194106,0.0,0.0
6106,37.649935888292944,11865.523937704147,0.0,60.688106024194106,0.0,0.0
6107,37.649935888292944,11865.523937704147,0.0,60.688106024194106,0.0,0.0
6108,37.649935888292944,11865.523937704147,0.0,60.688106024194106,0.0,0.0
6109,37.649935888292944,11865.523937704147,0.0,60.688106024194106,0.0,0.0
6110,37.649935888292944,11865.523937704147,0.0,60.688106024194106,0.0,0.0
6111,37.649935888292944,11865.523937704147,0.0,60.688106024194106,0.0,0.0
6112,37.649935888292944,11865.523937704147,0.0,60.688106024194106,0.0,0.0
6113,37.649935888292944,11865.523937704147,0.0,60.688106024194106,0.0,0.0
6114,37.649935888292944,11865.523937704147,0.0,60.688106024194106,0.0,0.0
6115,37.649935888292944,11865.523937704147,0.0,60.688106024194106,0.0,0.0
6116,37.649935888292944,11865.523937704147,0.0,60.688106024194106,0.0,0.0
6117,37.649935888292944,11865.523937704147,0.0,60.688106024194106,0.0,0.0
6118,37.649935888292944,11865.523937704147,0.0,60.688106024194106,0.0,0.0
6119,37.649935888292944,11865.523937704147,0.0,60.688106024194106,0.0,0.0
6120,37.649935888292944,11865.523937704147,0.0,60.688106024194106,0.0,0.0
6121,37.649935888292944,11865.523937704147,0.0,60.688106024194106,0.0,0.0
6122,37.649935888292944,11865.523937704147,0.0,60.688106024194106,0.0,0.0
6123,37.649935888292944,11865.523937704147,0.0,60.688106024194106,0.0,0.0
6124,37.649935888292944,11865.523937704147,0.0,60.688106024194106,0.0,0.0
6125,37.649935888292944,11865.523937704147,0.0,60.688106024194106,0.0,0.0
6126,37.649935888292944,11865.523937704147,0.0,60.688106024194106,0.0,0.0
6127,37.649935888292944,11865.523937704147,0.0,60.688106024194106,0.0,0.0
6128,37.649935888292944,11865.523937704147,0.0,60.688106024194106,0.0,0.0
6129,37.649935888292944,11865.523937704147,0.0,60.688106024194106,0.0,0.0
6130,37.649935888292944,11865.523937704147,0.0,60.688106024194106,0.0,0.0
6131,37.649935888292944,11865.523937704147,0.0,60.688106024194106,0.0,0.0
6132,37.649935888292944,11865.523937704147,0.0,60.688106024194106,0.0,0.0
6133,37.649935888292944,11865.523937704147,0.0,60.688106024194106,0.0,0.0
6134,37.649935888292944,11865.523937704147,0.0,60.688106024194106,0.0,0.0
6135,37.649935888292944,11865.523937704147,0.0,60.688106024194106,0.0,0.0
6136,37.649935888292944,11865.523937704147,0.0,60.688106024194106,0.0,0.0
6137,37.649935888292944,11865.523937704147,0.0,60.688106024194106,0.0,0.0
6138,37.649935888292944,11865.523937704147,0.0,60.688106024194106,0.0,0.0
6139,37.649935888292944,11865.523937704147,0.0,60.688106024194106,0.0,0.0
6140,37.649935888292944,11865.523937704147,0.0,60.688106024194106,0.0,0.0
6141,37.649935888292944,11865.523937704147,0.0,60.688106024194106,0.0,0.0
6142,37.649935888292944,11865.523937704147,0.0,60.688106024194106,0.0,0.0
6143,37.649935888292944,11865.523937704147,0.0,60.688106024194106,0.0,0.0
6144,37.649935888292944,11865.523937704147,0.0,60.688106024194106,0.0,0.0
6145,37.649935888292944,11865.523937704147,0.0,60.688106024194106,0.0,0.0
6146,37.649935888292944,11865.523937704147,0.0,60.688106024194106,0.0,0.0
6147,37.649935888292944,11865.523937704147,0.0,60.688106024194106,0.0,0.0
6148,37.649935888292944,11865.523937704147,0.0,60.688106024194106,0.0,0.0
6149,37.649935888292944,11865.523937704147,0.0,60.688106024194106,0.0,0.0
6150,37.649935888292944,11865.523937704147,0.0,60.688106024194106,0.0,0.0
6151,37.649935888292944,11865.523937704147,0.0,60.688106024194106,0.0,0.0
6152,37.649935888292944,11865.523937704147,0.0,60.688106024194106,0.0,0.0
6153,37.649935888292944,11865.523937704147,0.0,60.688106024194106,0.0,0.0
6154,37.649935888292944,11865.523937704147,0.0,60.688106024194106,0.0,0.0
6155,37.649935888292944,11865.523937704147,0.0,60.688106024194106,0.0,0.0
6156,37.649935888292944,11865.523937704147,0.0,60.688106024194106,0.0,0.0
6157,37.649935888292944,11865.523937704147,0.0,60.688106024194106,0.0,0.0
6158,37.649935888292944,11865.523937704147,0.0,60.688106024194106,0.0,0.0
6159,37.649935888292944,11865.523937704147,0.0,60.688106024194106,0.0,0.0
6160,37.649935888292944,11865.523937704147,0.0,60.688106024194106,0.0,0.0
6161,37.649935888292944,11865.523937704147,0.0,60.688106024194106,0.0,0.0
6162,37.649935888292944,11865.523937704147,0.0,60.688106024194106,0.0,0.0
6163,37.649935888292944,11865.523937704147,0.0,60.688106024194106,0.0,0.0
6164,37.649935888292944,11865.523937704147,0.0,60.688106024194106,0.0,0.0
6165,37.649935888292944,11865.523937704147,0.0,60.688106024194106,0.0,0.0
6166,37.649935888292944,11865.523937704147,0.0,60.688106024194106,0.0,0.0
6167,37.649935888292944,11865.523937704147,0.0,60.688106024194106,0.0,0.0
6168,37.649935888292944,11865.523937704147,0.0,60.688106024194106,0.0,0.0
6169,37.649935888292944,11865.523937704147,0.0,60.688106024194106,0.0,0.0
6170,37.649935888292944,11865.523937704147,0.0,60.688106024194106,0.0,0.0
6171,37.649935888292944,11865.523937704147,0.0,60.688106024194106,0.0,0.0
6172,37.649935888292944,11865.523937704147,0.0,60.688106024194106,0.0,0.0
6173,37.649935888292944,11865.523937704147,0.0,60.688106024194106,0.0,0.0
6174,37.649935888292944,11865.523937704147,0.0,60.688106024194106,0.0,0.0
6175,37.649935888292944,11865.523937704147,0.0,60.688106024194106,0.0,0.0
6176,37.649935888292944,11865.523937704147,0.0,60.688106024194106,0.0,0.0
6177,37.649935888292944,11865.523937704147,0.0,60.688106024194106,0.0,0.0
6178,37.649935888292944,11865.523937704147,0.0,60.688106024194106,0.0,0.0
6179,37.649935888292944,11865.523937704147,0.0,60.688106024194106,0.0,0.0
6180,37.649935888292944,11865.523937704147,0.0,60.688106024194106,0.0,0.0
6181,37.649935888292944,11865.523937704147,0.0,60.688106024194106,0.0,0.0
6182,37.649935888292944,11865.523937704147,0.0,60.688106024194106,0.0,0.0
6183,37.649935888292944,11865.523937704147,0.0,60.688106024194106,0.0,0.0
6184,37.649935888292944,11865.523937704147,0.0,60.688106024194106,0.0,0.0
6185,37.649935888292944,11865.523937704147,0.0,60.688106024194106,0.0,0.0
6186,37.649935888292944,11865.523937704147,0.0,60.688106024194106,0.0,0.0
6187,37.649935888292944,11865.523937704147,0.0,60.688106024194106,0.0,0.0
6188,37.649935888292944,11865.523937704147,0.0,60.688106024194106,0.0,0.0
6189,37.649935888292944,11865.523937704147,0.0,60.688106024194106,0.0,0.0
6190,37.649935888292944,11865.523937704147,0.0,60.688106024194106,0.0,0.0
6191,37.649935888292944,11865.523937704147,0.0,60.688106024194106,0.0,0.0
6192,37.649935888292944,11865.523937704147,0.0,60.688106024194106,0.0,0.0
6193,37.649935888292944,11865.523937704147,0.0,60.688106024194106,0.0,0.0
6194,37.649935888292944,11865.523937704147,0.0,60.688106024194106,0.0,0.0
6195,37.649935888292944,11865.523937704147,0.0,60.688106024194106,0.0,0.0
6196,37.649935888292944,11865.523937704147,0.0,60.688106024194106,0.0,0.0
6197,37.649935888292944,11865.523937704147,0.0,60.688106024194106,0.0,0.0
6198,37.649935888292944,11865.523937704147,0.0,60.688106024194106,0.0,0.0
6199,37.649935888292944,11865.523937704147,0.0,60.688106024194106,0.0,0.0
6200,37.649935888292944,11865.523937704147,0.0,60.688106024194106,0.0,0.0
6201,37.649935888292944,11865.523937704147,0.0,60.688106024194106,0.0,0.0
6202,37.649935888292944,11865.523937704147,0.0,60.688106024194106,0.0,0.0
6203,37.649935888292944,11865.523937704147,0.0,60.688106024194106,0.0,0.0
6204,37.649935888292944,11865.523937704147,0.0,60.688106024194106,0.0,0.0
6205,37.649935888292944,11865.523937704147,0.0,60.688106024194106,0.0,0.0
6206,37.649935888292944,11865.523937704147,0.0,60.688106024194106,0.0,0.0
6207,37.649935888292944,11865.523937704147,0.0,60.688106024194106,0.0,0.0
6208,37.649935888292944,11865.523937704147,0.0,60.688106024194106,0.0,0.0
6209,37.649935888292944,11865.523937704147,0.0,60.688106024194106,0.0,0.0
6210,37.649935888292944,11865.523937704147,0.0,60.688106024194106,0.0,0.0
6211,37.649935888292944,11865.523937704147,0.0,60.688106024194106,0.0,0.0
6212,37.649935888292944,11865.523937704147,0.0,60.688106024194106,0.0,0.0
6213,37.649935888292944,11865.523937704147,0.0,60.688106024194106,0.0,0.0
6214,37.649935888292944,11865.523937704147,0.0,60.688106024194106,0.0,0.0
6215,37.649935888292944,11865.523937704147,0.0,60.688106024194106,0.0,0.0
6216,31.702148073249845,8119.041381453291,0.0,88.14289120308696,0.0,0.0
6217,31.702148073249845,8119.041381453291,0.0,88.14289120308696,0.0,0.0
6218,31.702148073249845,8119.041381453291,0.0,88.14289120308696,0.0,0.0
6219,31.702148073249845,8119.041381453291,0.0,88.14289120308696,0.0,0.0
6220,31.702148073249845,8119.041381453291,0.0,88.14289120308696,0.0,0.0
6221,31.702148073249845,8119.041381453291,0.0,88.14289120308696,0.0,0.0
6222,31.702148073249845,8119.041381453291,0.0,88.14289120308696,0.0,0.0
6223,31.702148073249845,8119.041381453291,0.0,88.14289120308696,0.0,0.0
6224,31.702148073249845,8119.041381453291,0.0,88.14289120308696,0.0,0.0
6225,31.702148073249845,8119.041381453291,0.0,88.14289120308696,0.0,0.0
6226,31.702148073249845,8119.041381453291,0.0,88.14289120308696,0.0,0.0
6227,31.702148073249845,8119.041381453291,0.0,88.14289120308696,0.0,0.0
6228,31.702148073249845,8119.041381453291,0.0,88.14289120308696,0.0,0.0
6229,31.702148073249845,8119.041381453291,0.0,88.14289120308696,0.0,0.0
6230,31.702148073249845,8119.041381453291,0.0,88.14289120308696,0.0,0.0
6231,31.702148073249845,8119.041381453291,0.0,88.14289120308696,0.0,0.0
6232,31.702148073249845,8119.041381453291,0.0,88.14289120308696,0.0,0.0
6233,31.702148073249845,8119.041381453291,0.0,88.14289120308696,0.0,0.0
6234,31.702148073249845,8119.041381453291,0.0,88.14289120308696,0.0,0.0
6235,31.702148073249845,8119.041381453291,0.0,88.14289120308696,0.0,0.0
6236,31.702148073249845,8119.041381453291,0.0,88.14289120308696,0.0,0.0
6237,31.702148073249845,8119.041381453291,0.0,88.14289120308696,0.0,0.0
6238,31.702148073249845,8119.041381453291,0.0,88.14289120308696,0.0,0.0
6239,31.702148073249845,8119.041381453291,0.0,88.14289120308696,0.0,0.0
6240,31.702148073249845,8119.041381453291,0.0,88.14289120308696,0.0,0.0
6241,31.702148073249845,8119.041381453291,0.0,88.14289120308696,0.0,0.0
6242,31.702148073249845,8119.041381453291,0.0,88.14289120308696,0.0,0.0
6243,31.702148073249845,8119.041381453291,0.0,88.14289120308696,0.0,0.0
6244,31.702148073249845,8119.041381453291,0.0,88.14289120308696,0.0,0.0
6245,31.702148073249845,8119.041381453291,0.0,88.14289120308696,0.0,0.0
6246,31.702148073249845,8119.041381453291,0.0,88.14289120308696,0.0,0.0
6247,31.702148073249845,8119.041381453291,0.0,88.14289120308696,0.0,0.0
6248,31.702148073249845,8119.041381453291,0.0,88.14289120308696,0.0,0.0
6249,31.702148073249845,8119.041381453291,0.0,88.14289120308696,0.0,0.0
6250,31.702148073249845,8119.041381453291,0.0,88.14289120308696,0.0,0.0
6251,31.702148073249845,8119.041381453291,0.0,88.14289120308696,0.0,0.0
6252,31.702148073249845,8119.041381453291,0.0,88.14289120308696,0.0,0.0
6253,31.702148073249845,8119.041381453291,0.0,88.14289120308696,0.0,0.0
6254,31.702148073249845,8119.041381453291,0.0,88.14289120308696,0.0,0.0
6255,31.702148073249845,8119.041381453291,0.0,88.14289120308696,0.0,0.0
6256,31.702148073249845,8119.041381453291,0.0,88.14289120308696,0.0,0.0
6257,31.702148073249845,8119.041381453291,0.0,88.14289120308696,0.0,0.0
6258,31.702148073249845,8119.041381453291,0.0,88.14289120308696,0.0,0.0
6259,31.702148073249845,8119.041381453291,0.0,88.14289120308696,0.0,0.0
6260,31.702148073249845,8119.041381453291,0.0,88.14289120308696,0.0,0.0
6261,31.702148073249845,8119.041381453291,0.0,88.14289120308696,0.0,0.0
6262,31.702148073249845,8119.041381453291,0.0,88.14289120308696,0.0,0.0
6263,31.702148073249845,8119.041381453291,0.0,88.14289120308696,0.0,0.0
6264,31.702148073249845,8119.041381453291,0.0,88.14289120308696,0.0,0.0
6265,31.702148073249845,8119.041381453291,0.0,88.14289120308696,0.0,0.0
6266,31.702148073249845,8119.041381453291,0.0,88.14289120308696,0.0,0.0
6267,31.702148073249845,8119.041381453291,0.0,88.14289120308696,0.0,0.0
6268,31.702148073249845,8119.041381453291,0.0,88.14289120308696,0.0,0.0
6269,31.702148073249845,8119.041381453291,0.0,88.14289120308696,0.0,0.0
6270,31.702148073249845,8119.041381453291,0.0,88.14289120308696,0.0,0.0
6271,31.702148073249845,8119.041381453291,0.0,88.14289120308696,0.0,0.0
6272,31.702148073249845,8119.041381453291,0.0,88.14289120308696,0.0,0.0
6273,31.702148073249845,8119.041381453291,0.0,88.14289120308696,0.0,0.0
6274,31.702148073249845,8119.041381453291,0.0,88.14289120308696,0.0,0.0
6275,31.702148073249845,8119.041381453291,0.0,88.14289120308696,0.0,0.0
6276,31.702148073249845,8119.041381453291,0.0,88.14289120308696,0.0,0.0
6277,31.702148073249845,8119.041381453291,0.0,88.14289120308696,0.0,0.0
6278,31.702148073249845,8119.041381453291,0.0,88.14289120308696,0.0,0.0
6279,31.702148073249845,8119.041381453291,0.0,88.14289120308696,0.0,0.0
6280,31.702148073249845,8119.041381453291,0.0,88.14289120308696,0.0,0.0
6281,31.702148073249845,8119.041381453291,0.0,88.14289120308696,0.0,0.0
6282,31.702148073249845,8119.041381453291,0.0,88.14289120308696,0.0,0.0
6283,31.702148073249845,8119.041381453291,0.0,88.14289120308696,0.0,0.0
6284,31.702148073249845,8119.041381453291,0.0,88.14289120308696,0.0,0.0
6285,31.702148073249845,8119.041381453291,0.0,88.14289120308696,0.0,0.0
6286,31.702148073249845,8119.041381453291,0.0,88.14289120308696,0.0,0.0
6287,31.702148073249845,8119.041381453291,0.0,88.14289120308696,0.0,0.0
6288,31.702148073249845,8119.041381453291,0.0,88.14289120308696,0.0,0.0
6289,31.702148073249845,8119.041381453291,0.0,88.14289120308696,0.0,0.0
6290,31.702148073249845,8119.041381453291,0.0,88.14289120308696,0.0,0.0
6291,31.702148073249845,8119.041381453291,0.0,88.14289120308696,0.0,0.0
6292,31.702148073249845,8119.041381453291,0.0,88.14289120308696,0.0,0.0
6293,31.702148073249845,8119.041381453291,0.0,88.14289120308696,0.0,0.0
6294,31.702148073249845,8119.041381453291,0.0,88.14289120308696,0.0,0.0
6295,31.702148073249845,8119.041381453291,0.0,88.14289120308696,0.0,0.0
6296,31.702148073249845,8119.041381453291,0.0,88.14289120308696,0.0,0.0
6297,31.702148073249845,8119.041381453291,0.0,88.14289120308696,0.0,0.0
6298,31.702148073249845,8119.041381453291,0.0,88.14289120308696,0.0,0.0
6299,31.702148073249845,8119.041381453291,0.0,88.14289120308696,0.0,0.0
6300,31.702148073249845,8119.041381453291,0.0,88.14289120308696,0.0,0.0
6301,31.702148073249845,8119.041381453291,0.0,88.14289120308696,0.0,0.0
6302,31.702148073249845,8119.041381453291,0.0,88.14289120308696,0.0,0.0
6303,31.702148073249845,8119.041381453291,0.0,88.14289120308696,0.0,0.0
6304,31.702148073249845,8119.041381453291,0.0,88.14289120308696,0.0,0.0
6305,31.702148073249845,8119.041381453291,0.0,88.14289120308696,0.0,0.0
6306,31.702148073249845,8119.041381453291,0.0,88.14289120308696,0.0,0.0
6307,31.702148073249845,8119.041381453291,0.0,88.14289120308696,0.0,0.0
6308,31.702148073249845,8119.041381453291,0.0,88.14289120308696,0.0,0.0
6309,31.702148073249845,8119.041381453291,0.0,88.14289120308696,0.0,0.0
6310,31.702148073249845,8119.041381453291,0.0,88.14289120308696,0.0,0.0
6311,31.702148073249845,8119.041381453291,0.0,88.14289120308696,0.0,0.0
6312,31.702148073249845,8119.041381453291,0.0,88.14289120308696,0.0,0.0
6313,31.702148073249845,8119.041381453291,0.0,88.14289120308696,0.0,0.0
6314,31.702148073249845,8119.041381453291,0.0,88.14289120308696,0.0,0.0
6315,31.702148073249845,8119.041381453291,0.0,88.14289120308696,0.0,0.0
6316,31.702148073249845,8119.041381453291,0.0,88.14289120308696,0.0,0.0
6317,31.702148073249845,8119.041381453291,0.0,88.14289120308696,0.0,0.0
6318,31.702148073249845,8119.041381453291,0.0,88.14289120308696,0.0,0.0
6319,31.702148073249845,8119.041381453291,0.0,88.14289120308696,0.0,0.0
6320,31.702148073249845,8119.041381453291,0.0,88.14289120308696,0.0,0.0
6321,31.702148073249845,8119.041381453291,0.0,88.14289120308696,0.0,0.0
6322,31.702148073249845,8119.041381453291,0.0,88.14289120308696,0.0,0.0
6323,31.702148073249845,8119.041381453291,0.0,88.14289120308696,0.0,0.0
6324,31.702148073249845,8119.041381453291,0.0,88.14289120308696,0.0,0.0
6325,31.702148073249845,8119.041381453291,0.0,88.14289120308696,0.0,0.0
6326,31.702148073249845,8119.041381453291,0.0,88.14289120308696,0.0,0.0
6327,31.702148073249845,8119.041381453291,0.0,88.14289120308696,0.0,0.0
6328,31.702148073249845,8119.041381453291,0.0,88.14289120308696,0.0,0.0
6329,31.702148073249845,8119.041381453291,0.0,88.14289120308696,0.0,0.0
6330,31.702148073249845,8119.041381453291,0.0,88.14289120308696,0.0,0.0
6331,31.702148073249845,8119.041381453291,0.0,88.14289120308696,0.0,0.0
6332,31.702148073249845,8119.041381453291,0.0,88.14289120308696,0.0,0.0
6333,31.702148073249845,8119.041381453291,0.0,88.14289120308696,0.0,0.0
6334,31.702148073249845,8119.041381453291,0.0,88.14289120308696,0.0,0.0
6335,31.702148073249845,8119.041381453291,0.0,88.14289120308696,0.0,0.0
6336,31.702148073249845,8119.041381453291,0.0,88.14289120308696,0.0,0.0
6337,31.702148073249845,8119.041381453291,0.0,88.14289120308696,0.0,0.0
6338,31.702148073249845,8119.041381453291,0.0,88.14289120308696,0.0,0.0
6339,31.702148073249845,8119.041381453291,0.0,88.14289120308696,0.0,0.0
6340,31.702148073249845,8119.041381453291,0.0,88.14289120308696,0.0,0.0
6341,31.702148073249845,8119.041381453291,0.0,88.14289120308696,0.0,0.0
6342,31.702148073249845,8119.041381453291,0.0,88.14289120308696,0.0,0.0
6343,31.702148073249845,8119.041381453291,0.0,88.14289120308696,0.0,0.0
6344,31.702148073249845,8119.041381453291,0.0,88.14289120308696,0.0,0.0
6345,31.702148073249845,8119.041381453291,0.0,88.14289120308696,0.0,0.0
6346,31.702148073249845,8119.041381453291,0.0,88.14289120308696,0.0,0.0
6347,31.702148073249845,8119.041381453291,0.0,88.14289120308696,0.0,0.0
6348,31.702148073249845,8119.041381453291,0.0,88.14289120308696,0.0,0.0
6349,31.702148073249845,8119.041381453291,0.0,88.14289120308696,0.0,0.0
6350,31.702148073249845,8119.041381453291,0.0,88.14289120308696,0.0,0.0
6351,31.702148073249845,8119.041381453291,0.0,88.14289120308696,0.0,0.0
6352,31.702148073249845,8119.041381453291,0.0,88.14289120308696,0.0,0.0
6353,31.702148073249845,8119.041381453291,0.0,88.14289120308696,0.0,0.0
6354,31.702148073249845,8119.041381453291,0.0,88.14289120308696,0.0,0.0
6355,31.702148073249845,8119.041381453291,0.0,88.14289120308696,0.0,0.0
6356,31.702148073249845,8119.041381453291,0.0,88.14289120308696,0.0,0.0
6357,31.702148073249845,8119.041381453291,0.0,88.14289120308696,0.0,0.0
6358,31.702148073249845,8119.041381453291,0.0,88.14289120308696,0.0,0.0
6359,31.702148073249845,8119.041381453291,0.0,88.14289120308696,0.0,0.0
6360,31.702148073249845,8119.041381453291,0.0,88.14289120308696,0.0,0.0
6361,31.702148073249845,8119.041381453291,0.0,88.14289120308696,0.0,0.0
6362,31.702148073249845,8119.041381453291,0.0,88.14289120308696,0.0,0.0
6363,31.702148073249845,8119.041381453291,0.0,88.14289120308696,0.0,0.0
6364,31.702148073249845,8119.041381453291,0.0,88.14289120308696,0.0,0.0
6365,31.702148073249845,8119.041381453291,0.0,88.14289120308696,0.0,0.0
6366,31.702148073249845,8119.041381453291,0.0,88.14289120308696,0.0,0.0
6367,31.702148073249845,8119.041381453291,0.0,88.14289120308696,0.0,0.0
6368,31.702148073249845,8119.041381453291,0.0,88.14289120308696,0.0,0.0
6369,31.702148073249845,8119.041381453291,0.0,88.14289120308696,0.0,0.0
6370,31.702148073249845,8119.041381453291,0.0,88.14289120308696,0.0,0.0
6371,31.702148073249845,8119.041381453291,0.0,88.14289120308696,0.0,0.0
6372,31.702148073249845,8119.041381453291,0.0,88.14289120308696,0.0,0.0
6373,31.702148073249845,8119.041381453291,0.0,88.14289120308696,0.0,0.0
6374,31.702148073249845,8119.041381453291,0.0,88.14289120308696,0.0,0.0
6375,31.702148073249845,8119.041381453291,0.0,88.14289120308696,0.0,0.0
6376,31.702148073249845,8119.041381453291,0.0,88.14289120308696,0.0,0.0
6377,31.702148073249845,8119.041381453291,0.0,88.14289120308696,0.0,0.0
6378,31.702148073249845,8119.041381453291,0.0,88.14289120308696,0.0,0.0
6379,31.702148073249845,8119.041381453291,0.0,88.14289120308696,0.0,0.0
6380,31.702148073249845,8119.041381453291,0.0,88.14289120308696,0.0,0.0
6381,31.702148073249845,8119.041381453291,0.0,88.14289120308696,0.0,0.0
6382,31.702148073249845,8119.041381453291,0.0,88.14289120308696,0.0,0.0
6383,31.702148073249845,8119.041381453291,0.0,88.14289120308696,0.0,0.0
6384,39.95534518136339,14018.90584655866,0.0,93.27219281167613,0.0,0.0
6385,39.95534518136339,14018.90584655866,0.0,93.27219281167613,0.0,0.0
6386,39.95534518136339,14018.90584655866,0.0,93.27219281167613,0.0,0.0
6387,39.95534518136339,14018.90584655866,0.0,93.27219281167613,0.0,0.0
6388,39.95534518136339,14018.90584655866,0.0,93.27219281167613,0.0,0.0
6389,39.95534518136339,14018.90584655866,0.0,93.27219281167613,0.0,0.0
6390,39.95534518136339,14018.90584655866,0.0,93.27219281167613,0.0,0.0
6391,39.95534518136339,14018.90584655866,0.0,93.27219281167613,0.0,0.0
6392,39.95534518136339,14018.90584655866,0.0,93.27219281167613,0.0,0.0
6393,39.95534518136339,14018.90584655866,0.0,93.27219281167613,0.0,0.0
6394,39.95534518136339,14018.90584655866,0.0,93.27219281167613,0.0,0.0
6395,39.95534518136339,14018.90584655866,0.0,93.27219281167613,0.0,0.0
6396,39.95534518136339,14018.90584655866,0.0,93.27219281167613,0.0,0.0
6397,39.95534518136339,14018.90584655866,0.0,93.27219281167613,0.0,0.0
6398,39.95534518136339,14018.90584655866,0.0,93.27219281167613,0.0,0.0
6399,39.95534518136339,14018.90584655866,0.0,93.27219281167613,0.0,0.0
6400,39.95534518136339,14018.90584655866,0.0,93.27219281167613,0.0,0.0
6401,39.95534518136339,14018.90584655866,0.0,93.27219281167613,0.0,0.0
6402,39.95534518136339,14018.90584655866,0.0,93.27219281167613,0.0,0.0
6403,39.95534518136339,14018.90584655866,0.0,93.27219281167613,0.0,0.0
6404,39.95534518136339,14018.90584655866,0.0,93.27219281167613,0.0,0.0
6405,39.95534518136339,14018.90584655866,0.0,93.27219281167613,0.0,0.0
6406,39.95534518136339,14018.90584655866,0.0,93.27219281167613,0.0,0.0
6407,39.95534518136339,14018.90584655866,0.0,93.27219281167613,0.0,0.0
6408,39.95534518136339,14018.90584655866,0.0,93.27219281167613,0.0,0.0
6409,39.95534518136339,14018.90584655866,0.0,93.27219281167613,0.0,0.0
6410,39.95534518136339,14018.90584655866,0.0,93.27219281167613,0.0,0.0
6411,39.95534518136339,14018.90584655866,0.0,93.27219281167613,0.0,0.0
6412,39.95534518136339,14018.90584655866,0.0,93.27219281167613,0.0,0.0
6413,39.95534518136339,14018.90584655866,0.0,93.27219281167613,0.0,0.0
6414,39.95534518136339,14018.90584655866,0.0,93.27219281167613,0.0,0.0
6415,39.95534518136339,14018.90584655866,0.0,93.27219281167613,0.0,0.0
6416,39.95534518136339,14018.90584655866,0.0,93.27219281167613,0.0,0.0
6417,39.95534518136339,14018.90584655866,0.0,93.27219281167613,0.0,0.0
6418,39.95534518136339,14018.90584655866,0.0,93.27219281167613,0.0,0.0
6419,39.95534518136339,14018.90584655866,0.0,93.27219281167613,0.0,0.0
6420,39.95534518136339,14018.90584655866,0.0,93.27219281167613,0.0,0.0
6421,39.95534518136339,14018.90584655866,0.0,93.27219281167613,0.0,0.0
6422,39.95534518136339,14018.90584655866,0.0,93.27219281167613,0.0,0.0
6423,39.95534518136339,14018.90584655866,0.0,93.27219281167613,0.0,0.0
6424,39.95534518136339,14018.90584655866,0.0,93.27219281167613,0.0,0.0
6425,39.95534518136339,14018.90584655866,0.0,93.27219281167613,0.0,0.0
6426,39.95534518136339,14018.90584655866,0.0,93.27219281167613,0.0,0.0
6427,39.95534518136339,14018.90584655866,0.0,93.27219281167613,0.0,0.0
6428,39.95534518136339,14018.90584655866,0.0,93.27219281167613,0.0,0.0
6429,39.95534518136339,14018.90584655866,0.0,93.27219281167613,0.0,0.0
6430,39.95534518136339,14018.90584655866,0.0,93.27219281167613,0.0,0.0
6431,39.95534518136339,14018.90584655866,0.0,93.27219281167613,0.0,0.0
6432,39.95534518136339,14018.90584655866,0.0,93.27219281167613,0.0,0.0
6433,39.95534518136339,14018.90584655866,0.0,93.27219281167613,0.0,0.0
6434,39.95534518136339,14018.90584655866,0.0,93.27219281167613,0.0,0.0
6435,39.95534518136339,14018.90584655866,0.0,93.27219281167613,0.0,0.0
6436,39.95534518136339,14018.90584655866,0.0,93.27219281167613,0.0,0.0
6437,39.95534518136339,14018.90584655866,0.0,93.27219281167613,0.0,0.0
6438,39.95534518136339,14018.90584655866,0.0,93.27219281167613,0.0,0.0
6439,39.95534518136339,14018.90584655866,0.0,93.27219281167613,0.0,0.0
6440,39.95534518136339,14018.90584655866,0.0,93.27219281167613,0.0,0.0
6441,39.95534518136339,14018.90584655866,0.0,93.27219281167613,0.0,0.0
6442,39.95534518136339,14018.90584655866,0.0,93.27219281167613,0.0,0.0
6443,39.95534518136339,14018.90584655866,0.0,93.27219281167613,0.0,0.0
6444,39.95534518136339,14018.90584655866,0.0,93.27219281167613,0.0,0.0
6445,39.95534518136339,14018.90584655866,0.0,93.27219281167613,0.0,0.0
6446,39.95534518136339,14018.90584655866,0.0,93.27219281167613,0.0,0.0
6447,39.95534518136339,14018.90584655866,0.0,93.27219281167613,0.0,0.0
6448,39.95534518136339,14018.90584655866,0.0,93.27219281167613,0.0,0.0
6449,39.95534518136339,14018.90584655866,0.0,93.27219281167613,0.0,0.0
6450,39.95534518136339,14018.90584655866,0.0,93.27219281167613,0.0,0.0
6451,39.95534518136339,14018.90584655866,0.0,93.27219281167613,0.0,0.0
6452,39.95534518136339,14018.90584655866,0.0,93.27219281167613,0.0,0.0
6453,39.95534518136339,14018.90584655866,0.0,93.27219281167613,0.0,0.0
6454,39.95534518136339,14018.90584655866,0.0,93.27219281167613,0.0,0.0
6455,39.95534518136339,14018.90584655866,0.0,93.27219281167613,0.0,0.0
6456,39.95534518136339,14018.90584655866,0.0,93.27219281167613,0.0,0.0
6457,39.95534518136339,14018.90584655866,0.0,93.27219281167613,0.0,0.0
6458,39.95534518136339,14018.90584655866,0.0,93.27219281167613,0.0,0.0
6459,39.95534518136339,14018.90584655866,0.0,93.27219281167613,0.0,0.0
6460,39.95534518136339,14018.90584655866,0.0,93.27219281167613,0.0,0.0
6461,39.95534518136339,14018.90584655866,0.0,93.27219281167613,0.0,0.0
6462,39.95534518136339,14018.90584655866,0.0,93.27219281167613,0.0,0.0
6463,39.95534518136339,14018.90584655866,0.0,93.27219281167613,0.0,0.0
6464,39.95534518136339,14018.90584655866,0.0,93.27219281167613,0.0,0.0
6465,39.95534518136339,14018.90584655866,0.0,93.27219281167613,0.0,0.0
6466,39.95534518136339,14018.90584655866,0.0,93.27219281167613,0.0,0.0
6467,39.95534518136339,14018.90584655866,0.0,93.27219281167613,0.0,0.0
6468,39.95534518136339,14018.90584655866,0.0,93.27219281167613,0.0,0.0
6469,39.95534518136339,14018.90584655866,0.0,93.27219281167613,0.0,0.0
6470,39.95534518136339,14018.90584655866,0.0,93.27219281167613,0.0,0.0
6471,39.95534518136339,14018.90584655866,0.0,93.27219281167613,0.0,0.0
6472,39.95534518136339,14018.90584655866,0.0,93.27219281167613,0.0,0.0
6473,39.95534518136339,14018.90584655866,0.0,93.27219281167613,0.0,0.0
6474,39.95534518136339,14018.90584655866,0.0,93.27219281167613,0.0,0.0
6475,39.95534518136339,14018.90584655866,0.0,93.27219281167613,0.0,0.0
6476,39.95534518136339,14018.90584655866,0.0,93.27219281167613,0.0,0.0
6477,39.95534518136339,14018.90584655866,0.0,93.27219281167613,0.0,0.0
6478,39.95534518136339,14018.90584655866,0.0,93.27219281167613,0.0,0.0
6479,39.95534518136339,14018.90584655866,0.0,93.27219281167613,0.0,0.0
6480,39.95534518136339,14018.90584655866,0.0,93.27219281167613,0.0,0.0
6481,39.95534518136339,14018.90584655866,0.0,93.27219281167613,0.0,0.0
6482,39.95534518136339,14018.90584655866,0.0,93.27219281167613,0.0,0.0
6483,39.95534518136339,14018.90584655866,0.0,93.27219281167613,0.0,0.0
6484,39.95534518136339,14018.90584655866,0.0,93.27219281167613,0.0,0.0
6485,39.95534518136339,14018.90584655866,0.0,93.27219281167613,0.0,0.0
6486,39.95534518136339,14018.90584655866,0.0,93.27219281167613,0.0,0.0
6487,39.95534518136339,14018.90584655866,0.0,93.27219281167613,0.0,0.0
6488,39.95534518136339,14018.90584655866,0.0,93.27219281167613,0.0,0.0
6489,39.95534518136339,14018.90584655866,0.0,93.27219281167613,0.0,0.0
6490,39.95534518136339,14018.90584655866,0.0,93.27219281167613,0.0,0.0
6491,39.95534518136339,14018.90584655866,0.0,93.27219281167613,0.0,0.0
6492,39.95534518136339,14018.90584655866,0.0,93.27219281167613,0.0,0.0
6493,39.95534518136339,14018.90584655866,0.0,93.27219281167613,0.0,0.0
6494,39.95534518136339,14018.90584655866,0.0,93.27219281167613,0.0,0.0
6495,39.95534518136339,14018.90584655866,0.0,93.27219281167613,0.0,0.0
6496,39.95534518136339,14018.90584655866,0.0,93.27219281167613,0.0,0.0
6497,39.95534518136339,14018.90584655866,0.0,93.27219281167613,0.0,0.0
6498,39.95534518136339,14018.90584655866,0.0,93.27219281167613,0.0,0.0
6499,39.95534518136339,14018.90584655866,0.0,93.27219281167613,0.0,0.0
6500,39.95534518136339,14018.90584655866,0.0,93.27219281167613,0.0,0.0
6501,39.95534518136339,14018.90584655866,0.0,93.27219281167613,0.0,0.0
6502,39.95534518136339,14018.90584655866,0.0,93.27219281167613,0.0,0.0
6503,39.95534518136339,14018.90584655866,0.0,93.27219281167613,0.0,0.0
6504,39.95534518136339,14018.90584655866,0.0,93.27219281167613,0.0,0.0
6505,39.95534518136339,14018.90584655866,0.0,93.27219281167613,0.0,0.0
6506,39.95534518136339,14018.90584655866,0.0,93.27219281167613,0.0,0.0
6507,39.95534518136339,14018.90584655866,0.0,93.27219281167613,0.0,0.0
6508,39.95534518136339,14018.90584655866,0.0,93.27219281167613,0.0,0.0
6509,39.95534518136339,14018.90584655866,0.0,93.27219281167613,0.0,0.0
6510,39.95534518136339,14018.90584655866,0.0,93.27219281167613,0.0,0.0
6511,39.95534518136339,14018.90584655866,0.0,93.27219281167613,0.0,0.0
6512,39.95534518136339,14018.90584655866,0.0,93.27219281167613,0.0,0.0
6513,39.95534518136339,14018.90584655866,0.0,93.27219281167613,0.0,0.0
6514,39.95534518136339,14018.90584655866,0.0,93.27219281167613,0.0,0.0
6515,39.95534518136339,14018.90584655866,0.0,93.27219281167613,0.0,0.0
6516,39.95534518136339,14018.90584655866,0.0,93.27219281167613,0.0,0.0
6517,39.95534518136339,14018.90584655866,0.0,93.27219281167613,0.0,0.0
6518,39.95534518136339,14018.90584655866,0.0,93.27219281167613,0.0,0.0
6519,39.95534518136339,14018.90584655866,0.0,93.27219281167613,0.0,0.0
6520,39.95534518136339,14018.90584655866,0.0,93.27219281167613,0.0,0.0
6521,39.95534518136339,14018.90584655866,0.0,93.27219281167613,0.0,0.0
6522,39.95534518136339,14018.90584655866,0.0,93.27219281167613,0.0,0.0
6523,39.95534518136339,14018.90584655866,0.0,93.27219281167613,0.0,0.0
6524,39.95534518136339,14018.90584655866,0.0,93.27219281167613,0.0,0.0
6525,39.95534518136339,14018.90584655866,0.0,93.27219281167613,0.0,0.0
6526,39.95534518136339,14018.90584655866,0.0,93.27219281167613,0.0,0.0
6527,39.95534518136339,14018.90584655866,0.0,93.27219281167613,0.0,0.0
6528,39.95534518136339,14018.90584655866,0.0,93.27219281167613,0.0,0.0
6529,39.95534518136339,14018.90584655866,0.0,93.27219281167613,0.0,0.0
6530,39.95534518136339,14018.90584655866,0.0,93.27219281167613,0.0,0.0
6531,39.95534518136339,14018.90584655866,0.0,93.27219281167613,0.0,0.0
6532,39.95534518136339,14018.90584655866,0.0,93.27219281167613,0.0,0.0
6533,39.95534518136339,14018.90584655866,0.0,93.27219281167613,0.0,0.0
6534,39.95534518136339,14018.90584655866,0.0,93.27219281167613,0.0,0.0
6535,39.95534518136339,14018.90584655866,0.0,93.27219281167613,0.0,0.0
6536,39.95534518136339,14018.90584655866,0.0,93.27219281167613,0.0,0.0
6537,39.95534518136339,14018.90584655866,0.0,93.27219281167613,0.0,0.0
6538,39.95534518136339,14018.90584655866,0.0,93.27219281167613,0.0,0.0
6539,39.95534518136339,14018.90584655866,0.0,93.27219281167613,0.0,0.0
6540,39.95534518136339,14018.90584655866,0.0,93.27219281167613,0.0,0.0
6541,39.95534518136339,14018.90584655866,0.0,93.27219281167613,0.0,0.0
6542,39.95534518136339,14018.90584655866,0.0,93.27219281167613,0.0,0.0
6543,39.95534518136339,14018.90584655866,0.0,93.27219281167613,0.0,0.0
6544,39.95534518136339,14018.90584655866,0.0,93.27219281167613,0.0,0.0
6545,39.95534518136339,14018.90584655866,0.0,93.27219281167613,0.0,0.0
6546,39.95534518136339,14018.90584655866,0.0,93.27219281167613,0.0,0.0
6547,39.95534518136339,14018.90584655866,0.0,93.27219281167613,0.0,0.0
6548,39.95534518136339,14018.90584655866,0.0,93.27219281167613,0.0,0.0
6549,39.95534518136339,14018.90584655866,0.0,93.27219281167613,0.0,0.0
6550,39.95534518136339,14018.90584655866,0.0,93.27219281167613,0.0,0.0
6551,39.95534518136339,14018.90584655866,0.0,93.27219281167613,0.0,0.0
6552,38.36254062368125,15423.048857044283,0.0,29.84999971658267,0.0,0.0
6553,38.36254062368125,15423.048857044283,0.0,29.84999971658267,0.0,0.0
6554,38.36254062368125,15423.048857044283,0.0,29.84999971658267,0.0,0.0
6555,38.36254062368125,15423.048857044283,0.0,29.84999971658267,0.0,0.0
6556,38.36254062368125,15423.048857044283,0.0,29.84999971658267,0.0,0.0
6557,38.36254062368125,15423.048857044283,0.0,29.84999971658267,0.0,0.0
6558,38.36254062368125,15423.048857044283,0.0,29.84999971658267,0.0,0.0
6559,38.36254062368125,15423.048857044283,0.0,29.84999971658267,0.0,0.0
6560,38.36254062368125,15423.048857044283,0.0,29.84999971658267,0.0,0.0
6561,38.36254062368125,15423.048857044283,0.0,29.84999971658267,0.0,0.0
6562,38.36254062368125,15423.048857044283,0.0,29.84999971658267,0.0,0.0
6563,38.36254062368125,15423.048857044283,0.0,29.84999971658267,0.0,0.0
6564,38.36254062368125,15423.048857044283,0.0,29.84999971658267,0.0,0.0
6565,38.36254062368125,15423.048857044283,0.0,29.84999971658267,0.0,0.0
6566,38.36254062368125,15423.048857044283,0.0,29.84999971658267,0.0,0.0
6567,38.36254062368125,15423.048857044283,0.0,29.84999971658267,0.0,0.0
6568,38.36254062368125,15423.048857044283,0.0,29.84999971658267,0.0,0.0
6569,38.36254062368125,15423.048857044283,0.0,29.84999971658267,0.0,0.0
6570,38.36254062368125,15423.048857044283,0.0,29.84999971658267,0.0,0.0
6571,38.36254062368125,15423.048857044283,0.0,29.84999971658267,0.0,0.0
6572,38.36254062368125,15423.048857044283,0.0,29.84999971658267,0.0,0.0
6573,38.36254062368125,15423.048857044283,0.0,29.84999971658267,0.0,0.0
6574,38.36254062368125,15423.048857044283,0.0,29.84999971658267,0.0,0.0
6575,38.36254062368125,15423.048857044283,0.0,29.84999971658267,0.0,0.0
6576,38.36254062368125,15423.048857044283,0.0,29.84999971658267,0.0,0.0
6577,38.36254062368125,15423.048857044283,0.0,29.84999971658267,0.0,0.0
6578,38.36254062368125,15423.048857044283,0.0,29.84999971658267,0.0,0.0
6579,38.36254062368125,15423.048857044283,0.0,29.84999971658267,0.0,0.0
6580,38.36254062368125,15423.048857044283,0.0,29.84999971658267,0.0,0.0
6581,38.36254062368125,15423.048857044283,0.0,29.84999971658267,0.0,0.0
6582,38.36254062368125,15423.048857044283,0.0,29.84999971658267,0.0,0.0
6583,38.36254062368125,15423.048857044283,0.0,29.84999971658267,0.0,0.0
6584,38.36254062368125,15423.048857044283,0.0,29.84999971658267,0.0,0.0
6585,38.36254062368125,15423.048857044283,0.0,29.84999971658267,0.0,0.0
6586,38.36254062368125,15423.048857044283,0.0,29.84999971658267,0.0,0.0
6587,38.36254062368125,15423.048857044283,0.0,29.84999971658267,0.0,0.0
6588,38.36254062368125,15423.048857044283,0.0,29.84999971658267,0.0,0.0
6589,38.36254062368125,15423.048857044283,0.0,29.84999971658267,0.0,0.0
6590,38.36254062368125,15423.048857044283,0.0,29.84999971658267,0.0,0.0
6591,38.36254062368125,15423.048857044283,0.0,29.84999971658267,0.0,0.0
6592,38.36254062368125,15423.048857044283,0.0,29.84999971658267,0.0,0.0
6593,38.36254062368125,15423.048857044283,0.0,29.84999971658267,0.0,0.0
6594,38.36254062368125,15423.048857044283,0.0,29.84999971658267,0.0,0.0
6595,38.36254062368125,15423.048857044283,0.0,29.84999971658267,0.0,0.0
6596,38.36254062368125,15423.048857044283,0.0,29.84999971658267,0.0,0.0
6597,38.36254062368125,15423.048857044283,0.0,29.84999971658267,0.0,0.0
6598,38.36254062368125,15423.048857044283,0.0,29.84999971658267,0.0,0.0
6599,38.36254062368125,15423.048857044283,0.0,29.84999971658267,0.0,0.0
6600,38.36254062368125,15423.048857044283,0.0,29.84999971658267,0.0,0.0
6601,38.36254062368125,15423.048857044283,0.0,29.84999971658267,0.0,0.0
6602,38.36254062368125,15423.048857044283,0.0,29.84999971658267,0.0,0.0
6603,38.36254062368125,15423.048857044283,0.0,29.84999971658267,0.0,0.0
6604,38.36254062368125,15423.048857044283,0.0,29.84999971658267,0.0,0.0
6605,38.36254062368125,15423.048857044283,0.0,29.84999971658267,0.0,0.0
6606,38.36254062368125,15423.048857044283,0.0,29.84999971658267,0.0,0.0
6607,38.36254062368125,15423.048857044283,0.0,29.84999971658267,0.0,0.0
6608,38.36254062368125,15423.048857044283,0.0,29.84999971658267,0.0,0.0
6609,38.36254062368125,15423.048857044283,0.0,29.84999971658267,0.0,0.0
6610,38.36254062368125,15423.048857044283,0.0,29.84999971658267,0.0,0.0
6611,38.36254062368125,15423.048857044283,0.0,29.84999971658267,0.0,0.0
6612,38.36254062368125,15423.048857044283,0.0,29.84999971658267,0.0,0.0
6613,38.36254062368125,15423.048857044283,0.0,29.84999971658267,0.0,0.0
6614,38.36254062368125,15423.048857044283,0.0,29.84999971658267,0.0,0.0
6615,38.36254062368125,15423.048857044283,0.0,29.84999971658267,0.0,0.0
6616,38.36254062368125,15423.048857044283,0.0,29.84999971658267,0.0,0.0
6617,38.36254062368125,15423.048857044283,0.0,29.84999971658267,0.0,0.0
6618,38.36254062368125,15423.048857044283,0.0,29.84999971658267,0.0,0.0
6619,38.36254062368125,15423.048857044283,0.0,29.84999971658267,0.0,0.0
6620,38.36254062368125,15423.048857044283,0.0,29.84999971658267,0.0,0.0
6621,38.36254062368125,15423.048857044283,0.0,29.84999971658267,0.0,0.0
6622,38.36254062368125,15423.048857044283,0.0,29.84999971658267,0.0,0.0
6623,38.36254062368125,15423.048857044283,0.0,29.84999971658267,0.0,0.0
6624,38.36254062368125,15423.048857044283,0.0,29.84999971658267,0.0,0.0
6625,38.36254062368125,15423.048857044283,0.0,29.84999971658267,0.0,0.0
6626,38.36254062368125,15423.048857044283,0.0,29.84999971658267,0.0,0.0
6627,38.36254062368125,15423.048857044283,0.0,29.84999971658267,0.0,0.0
6628,38.36254062368125,15423.048857044283,0.0,29.84999971658267,0.0,0.0
6629,38.36254062368125,15423.048857044283,0.0,29.84999971658267,0.0,0.0
6630,38.36254062368125,15423.048857044283,0.0,29.84999971658267,0.0,0.0
6631,38.36254062368125,15423.048857044283,0.0,29.84999971658267,0.0,0.0
6632,38.36254062368125,15423.048857044283,0.0,29.84999971658267,0.0,0.0
6633,38.36254062368125,15423.048857044283,0.0,29.84999971658267,0.0,0.0
6634,38.36254062368125,15423.048857044283,0.0,29.84999971658267,0.0,0.0
6635,38.36254062368125,15423.048857044283,0.0,29.84999971658267,0.0,0.0
6636,38.36254062368125,15423.048857044283,0.0,29.84999971658267,0.0,0.0
6637,38.36254062368125,15423.048857044283,0.0,29.84999971658267,0.0,0.0
6638,38.36254062368125,15423.048857044283,0.0,29.84999971658267,0.0,0.0
6639,38.36254062368125,15423.048857044283,0.0,29.84999971658267,0.0,0.0
6640,38.36254062368125,15423.048857044283,0.0,29.84999971658267,0.0,0.0
6641,38.36254062368125,15423.048857044283,0.0,29.84999971658267,0.0,0.0
6642,38.36254062368125,15423.048857044283,0.0,29.84999971658267,0.0,0.0
6643,38.36254062368125,15423.048857044283,0.0,29.84999971658267,0.0,0.0
6644,38.36254062368125,15423.048857044283,0.0,29.84999971658267,0.0,0.0
6645,38.36254062368125,15423.048857044283,0.0,29.84999971658267,0.0,0.0
6646,38.36254062368125,15423.048857044283,0.0,29.84999971658267,0.0,0.0
6647,38.36254062368125,15423.048857044283,0.0,29.84999971658267,0.0,0.0
6648,38.36254062368125,15423.048857044283,0.0,29.84999971658267,0.0,0.0
6649,38.36254062368125,15423.048857044283,0.0,29.84999971658267,0.0,0.0
6650,38.36254062368125,15423.048857044283,0.0,29.84999971658267,0.0,0.0
6651,38.36254062368125,15423.048857044283,0.0,29.84999971658267,0.0,0.0
6652,38.36254062368125,15423.048857044283,0.0,29.84999971658267,0.0,0.0
6653,38.36254062368125,15423.048857044283,0.0,29.84999971658267,0.0,0.0
6654,38.36254062368125,15423.048857044283,0.0,29.84999971658267,0.0,0.0
6655,38.36254062368125,15423.048857044283,0.0,29.84999971658267,0.0,0.0
6656,38.36254062368125,15423.048857044283,0.0,29.84999971658267,0.0,0.0
6657,38.36254062368125,15423.048857044283,0.0,29.84999971658267,0.0,0.0
6658,38.36254062368125,15423.048857044283,0.0,29.84999971658267,0.0,0.0
6659,38.36254062368125,15423.048857044283,0.0,29.84999971658267,0.0,0.0
6660,38.36254062368125,15423.048857044283,0.0,29.84999971658267,0.0,0.0
6661,38.36254062368125,15423.048857044283,0.0,29.84999971658267,0.0,0.0
6662,38.36254062368125,15423.048857044283,0.0,29.84999971658267,0.0,0.0
6663,38.36254062368125,15423.048857044283,0.0,29.84999971658267,0.0,0.0
6664,38.36254062368125,15423.048857044283,0.0,29.84999971658267,0.0,0.0
6665,38.36254062368125,15423.048857044283,0.0,29.84999971658267,0.0,0.0
6666,38.36254062368125,15423.048857044283,0.0,29.84999971658267,0.0,0.0
6667,38.36254062368125,15423.048857044283,0.0,29.84999971658267,0.0,0.0
6668,38.36254062368125,15423.048857044283,0.0,29.84999971658267,0.0,0.0
6669,38.36254062368125,15423.048857044283,0.0,29.84999971658267,0.0,0.0
6670,38.36254062368125,15423.048857044283,0.0,29.84999971658267,0.0,0.0
6671,38.36254062368125,15423.048857044283,0.0,29.84999971658267,0.0,0.0
6672,38.36254062368125,15423.048857044283,0.0,29.84999971658267,0.0,0.0
6673,38.36254062368125,15423.048857044283,0.0,29.84999971658267,0.0,0.0
6674,38.36254062368125,15423.048857044283,0.0,29.84999971658267,0.0,0.0
6675,38.36254062368125,15423.048857044283,0.0,29.84999971658267,0.0,0.0
6676,38.36254062368125,15423.048857044283,0.0,29.84999971658267,0.0,0.0
6677,38.36254062368125,15423.048857044283,0.0,29.84999971658267,0.0,0.0
6678,38.36254062368125,15423.048857044283,0.0,29.84999971658267,0.0,0.0
6679,38.36254062368125,15423.048857044283,0.0,29.84999971658267,0.0,0.0
6680,38.36254062368125,15423.048857044283,0.0,29.84999971658267,0.0,0.0
6681,38.36254062368125,15423.048857044283,0.0,29.84999971658267,0.0,0.0
6682,38.36254062368125,15423.048857044283,0.0,29.84999971658267,0.0,0.0
6683,38.36254062368125,15423.048857044283,0.0,29.84999971658267,0.0,0.0
6684,38.36254062368125,15423.048857044283,0.0,29.84999971658267,0.0,0.0
6685,38.36254062368125,15423.048857044283,0.0,29.84999971658267,0.0,0.0
6686,38.36254062368125,15423.048857044283,0.0,29.84999971658267,0.0,0.0
6687,38.36254062368125,15423.048857044283,0.0,29.84999971658267,0.0,0.0
6688,38.36254062368125,15423.048857044283,0.0,29.84999971658267,0.0,0.0
6689,38.36254062368125,15423.048857044283,0.0,29.84999971658267,0.0,0.0
6690,38.36254062368125,15423.048857044283,0.0,29.84999971658267,0.0,0.0
6691,38.36254062368125,15423.048857044283,0.0,29.84999971658267,0.0,0.0
6692,38.36254062368125,15423.048857044283,0.0,29.84999971658267,0.0,0.0
6693,38.36254062368125,15423.048857044283,0.0,29.84999971658267,0.0,0.0
6694,38.36254062368125,15423.048857044283,0.0,29.84999971658267,0.0,0.0
6695,38.36254062368125,15423.048857044283,0.0,29.84999971658267,0.0,0.0
6696,38.36254062368125,15423.048857044283,0.0,29.84999971658267,0.0,0.0
6697,38.36254062368125,15423.048857044283,0.0,29.84999971658267,0.0,0.0
6698,38.36254062368125,15423.048857044283,0.0,29.84999971658267,0.0,0.0
6699,38.36254062368125,15423.048857044283,0.0,29.84999971658267,0.0,0.0
6700,38.36254062368125,15423.048857044283,0.0,29.84999971658267,0.0,0.0
6701,38.36254062368125,15423.048857044283,0.0,29.84999971658267,0.0,0.0
6702,38.36254062368125,15423.048857044283,0.0,29.84999971658267,0.0,0.0
6703,38.36254062368125,15423.048857044283,0.0,29.84999971658267,0.0,0.0
6704,38.36254062368125,15423.048857044283,0.0,29.84999971658267,0.0,0.0
6705,38.36254062368125,15423.048857044283,0.0,29.84999971658267,0.0,0.0
6706,38.36254062368125,15423.048857044283,0.0,29.84999971658267,0.0,0.0
6707,38.36254062368125,15423.048857044283,0.0,29.84999971658267,0.0,0.0
6708,38.36254062368125,15423.048857044283,0.0,29.84999971658267,0.0,0.0
6709,38.36254062368125,15423.048857044283,0.0,29.84999971658267,0.0,0.0
6710,38.36254062368125,15423.048857044283,0.0,29.84999971658267,0.0,0.0
6711,38.36254062368125,15423.048857044283,0.0,29.84999971658267,0.0,0.0
6712,38.36254062368125,15423.048857044283,0.0,29.84999971658267,0.0,0.0
6713,38.36254062368125,15423.048857044283,0.0,29.84999971658267,0.0,0.0
6714,38.36254062368125,15423.048857044283,0.0,29.84999971658267,0.0,0.0
6715,38.36254062368125,15423.048857044283,0.0,29.84999971658267,0.0,0.0
6716,38.36254062368125,15423.048857044283,0.0,29.84999971658267,0.0,0.0
6717,38.36254062368125,15423.048857044283,0.0,29.84999971658267,0.0,0.0
6718,38.36254062368125,15423.048857044283,0.0,29.84999971658267,0.0,0.0
6719,38.36254062368125,15423.048857044283,0.0,29.84999971658267,0.0,0.0
6720,40.271260931399105,31496.52780579094,0.0,1.1088390729532625,0.0,0.0
6721,40.271260931399105,31496.52780579094,0.0,1.1088390729532625,0.0,0.0
6722,40.271260931399105,31496.52780579094,0.0,1.1088390729532625,0.0,0.0
6723,40.271260931399105,31496.52780579094,0.0,1.1088390729532625,0.0,0.0
6724,40.271260931399105,31496.52780579094,0.0,1.1088390729532625,0.0,0.0
6725,40.271260931399105,31496.52780579094,0.0,1.1088390729532625,0.0,0.0
6726,40.271260931399105,31496.52780579094,0.0,1.1088390729532625,0.0,0.0
6727,40.271260931399105,31496.52780579094,0.0,1.1088390729532625,0.0,0.0
6728,40.271260931399105,31496.52780579094,0.0,1.1088390729532625,0.0,0.0
6729,40.271260931399105,31496.52780579094,0.0,1.1088390729532625,0.0,0.0
6730,40.271260931399105,31496.52780579094,0.0,1.1088390729532625,0.0,0.0
6731,40.271260931399105,31496.52780579094,0.0,1.1088390729532625,0.0,0.0
6732,40.271260931399105,31496.52780579094,0.0,1.1088390729532625,0.0,0.0
6733,40.271260931399105,31496.52780579094,0.0,1.1088390729532625,0.0,0.0
6734,40.271260931399105,31496.52780579094,0.0,1.1088390729532625,0.0,0.0
6735,40.271260931399105,31496.52780579094,0.0,1.1088390729532625,0.0,0.0
6736,40.271260931399105,31496.52780579094,0.0,1.1088390729532625,0.0,0.0
6737,40.271260931399105,31496.52780579094,0.0,1.1088390729532625,0.0,0.0
6738,40.271260931399105,31496.52780579094,0.0,1.1088390729532625,0.0,0.0
6739,40.271260931399105,31496.52780579094,0.0,1.1088390729532625,0.0,0.0
6740,40.271260931399105,31496.52780579094,0.0,1.1088390729532625,0.0,0.0
6741,40.271260931399105,31496.52780579094,0.0,1.1088390729532625,0.0,0.0
6742,40.271260931399105,31496.52780579094,0.0,1.1088390729532625,0.0,0.0
6743,40.271260931399105,31496.52780579094,0.0,1.1088390729532625,0.0,0.0
6744,40.271260931399105,31496.52780579094,0.0,1.1088390729532625,0.0,0.0
6745,40.271260931399105,31496.52780579094,0.0,1.1088390729532625,0.0,0.0
6746,40.271260931399105,31496.52780579094,0.0,1.1088390729532625,0.0,0.0
6747,40.271260931399105,31496.52780579094,0.0,1.1088390729532625,0.0,0.0
6748,40.271260931399105,31496.52780579094,0.0,1.1088390729532625,0.0,0.0
6749,40.271260931399105,31496.52780579094,0.0,1.1088390729532625,0.0,0.0
6750,40.271260931399105,31496.52780579094,0.0,1.1088390729532625,0.0,0.0
6751,40.271260931399105,31496.52780579094,0.0,1.1088390729532625,0.0,0.0
6752,40.271260931399105,31496.52780579094,0.0,1.1088390729532625,0.0,0.0
6753,40.271260931399105,31496.52780579094,0.0,1.1088390729532625,0.0,0.0
6754,40.271260931399105,31496.52780579094,0.0,1.1088390729532625,0.0,0.0
6755,40.271260931399105,31496.52780579094,0.0,1.1088390729532625,0.0,0.0
6756,40.271260931399105,31496.52780579094,0.0,1.1088390729532625,0.0,0.0
6757,40.271260931399105,31496.52780579094,0.0,1.1088390729532625,0.0,0.0
6758,40.271260931399105,31496.52780579094,0.0,1.1088390729532625,0.0,0.0
6759,40.271260931399105,31496.52780579094,0.0,1.1088390729532625,0.0,0.0
6760,40.271260931399105,31496.52780579094,0.0,1.1088390729532625,0.0,0.0
6761,40.271260931399105,31496.52780579094,0.0,1.1088390729532625,0.0,0.0
6762,40.271260931399105,31496.52780579094,0.0,1.1088390729532625,0.0,0.0
6763,40.271260931399105,31496.52780579094,0.0,1.1088390729532625,0.0,0.0
6764,40.271260931399105,31496.52780579094,0.0,1.1088390729532625,0.0,0.0
6765,40.271260931399105,31496.52780579094,0.0,1.1088390729532625,0.0,0.0
6766,40.271260931399105,31496.52780579094,0.0,1.1088390729532625,0.0,0.0
6767,40.271260931399105,31496.52780579094,0.0,1.1088390729532625,0.0,0.0
6768,40.271260931399105,31496.52780579094,0.0,1.1088390729532625,0.0,0.0
6769,40.271260931399105,31496.52780579094,0.0,1.1088390729532625,0.0,0.0
6770,40.271260931399105,31496.52780579094,0.0,1.1088390729532625,0.0,0.0
6771,40.271260931399105,31496.52780579094,0.0,1.1088390729532625,0.0,0.0
6772,40.271260931399105,31496.52780579094,0.0,1.1088390729532625,0.0,0.0
6773,40.271260931399105,31496.52780579094,0.0,1.1088390729532625,0.0,0.0
6774,40.271260931399105,31496.52780579094,0.0,1.1088390729532625,0.0,0.0
6775,40.271260931399105,31496.52780579094,0.0,1.1088390729532625,0.0,0.0
6776,40.271260931399105,31496.52780579094,0.0,1.1088390729532625,0.0,0.0
6777,40.271260931399105,31496.52780579094,0.0,1.1088390729532625,0.0,0.0
6778,40.271260931399105,31496.52780579094,0.0,1.1088390729532625,0.0,0.0
6779,40.271260931399105,31496.52780579094,0.0,1.1088390729532625,0.0,0.0
6780,40.271260931399105,31496.52780579094,0.0,1.1088390729532625,0.0,0.0
6781,40.271260931399105,31496.52780579094,0.0,1.1088390729532625,0.0,0.0
6782,40.271260931399105,31496.52780579094,0.0,1.1088390729532625,0.0,0.0
6783,40.271260931399105,31496.52780579094,0.0,1.1088390729532625,0.0,0.0
6784,40.271260931399105,31496.52780579094,0.0,1.1088390729532625,0.0,0.0
6785,40.271260931399105,31496.52780579094,0.0,1.1088390729532625,0.0,0.0
6786,40.271260931399105,31496.52780579094,0.0,1.1088390729532625,0.0,0.0
6787,40.271260931399105,31496.52780579094,0.0,1.1088390729532625,0.0,0.0
6788,40.271260931399105,31496.52780579094,0.0,1.1088390729532625,0.0,0.0
6789,40.271260931399105,31496.52780579094,0.0,1.1088390729532625,0.0,0.0
6790,40.271260931399105,31496.52780579094,0.0,1.1088390729532625,0.0,0.0
6791,40.271260931399105,31496.52780579094,0.0,1.1088390729532625,0.0,0.0
6792,40.271260931399105,31496.52780579094,0.0,1.1088390729532625,0.0,0.0
6793,40.271260931399105,31496.52780579094,0.0,1.1088390729532625,0.0,0.0
6794,40.271260931399105,31496.52780579094,0.0,1.1088390729532625,0.0,0.0
6795,40.271260931399105,31496.52780579094,0.0,1.1088390729532625,0.0,0.0
6796,40.271260931399105,31496.52780579094,0.0,1.1088390729532625,0.0,0.0
6797,40.271260931399105,31496.52780579094,0.0,1.1088390729532625,0.0,0.0
6798,40.271260931399105,31496.52780579094,0.0,1.1088390729532625,0.0,0.0
6799,40.271260931399105,31496.52780579094,0.0,1.1088390729532625,0.0,0.0
6800,40.271260931399105,31496.52780579094,0.0,1.1088390729532625,0.0,0.0
6801,40.271260931399105,31496.52780579094,0.0,1.1088390729532625,0.0,0.0
6802,40.271260931399105,31496.52780579094,0.0,1.1088390729532625,0.0,0.0
6803,40.271260931399105,31496.52780579094,0.0,1.1088390729532625,0.0,0.0
6804,40.271260931399105,31496.52780579094,0.0,1.1088390729532625,0.0,0.0
6805,40.271260931399105,31496.52780579094,0.0,1.1088390729532625,0.0,0.0
6806,40.271260931399105,31496.52780579094,0.0,1.1088390729532625,0.0,0.0
6807,40.271260931399105,31496.52780579094,0.0,1.1088390729532625,0.0,0.0
6808,40.271260931399105,31496.52780579094,0.0,1.1088390729532625,0.0,0.0
6809,40.271260931399105,31496.52780579094,0.0,1.1088390729532625,0.0,0.0
6810,40.271260931399105,31496.52780579094,0.0,1.1088390729532625,0.0,0.0
6811,40.271260931399105,31496.52780579094,0.0,1.1088390729532625,0.0,0.0
6812,40.271260931399105,31496.52780579094,0.0,1.1088390729532625,0.0,0.0
6813,40.271260931399105,31496.52780579094,0.0,1.1088390729532625,0.0,0.0
6814,40.271260931399105,31496.52780579094,0.0,1.1088390729532625,0.0,0.0
6815,40.271260931399105,31496.52780579094,0.0,1.1088390729532625,0.0,0.0
6816,40.271260931399105,31496.52780579094,0.0,1.1088390729532625,0.0,0.0
6817,40.271260931399105,31496.52780579094,0.0,1.1088390729532625,0.0,0.0
6818,40.271260931399105,31496.52780579094,0.0,1.1088390729532625,0.0,0.0
6819,40.271260931399105,31496.52780579094,0.0,1.1088390729532625,0.0,0.0
6820,40.271260931399105,31496.52780579094,0.0,1.1088390729532625,0.0,0.0
6821,40.271260931399105,31496.52780579094,0.0,1.1088390729532625,0.0,0.0
6822,40.271260931399105,31496.52780579094,0.0,1.1088390729532625,0.0,0.0
6823,40.271260931399105,31496.52780579094,0.0,1.1088390729532625,0.0,0.0
6824,40.271260931399105,31496.52780579094,0.0,1.1088390729532625,0.0,0.0
6825,40.271260931399105,31496.52780579094,0.0,1.1088390729532625,0.0,0.0
6826,40.271260931399105,31496.52780579094,0.0,1.1088390729532625,0.0,0.0
6827,40.271260931399105,31496.52780579094,0.0,1.1088390729532625,0.0,0.0
6828,40.271260931399105,31496.52780579094,0.0,1.1088390729532625,0.0,0.0
6829,40.271260931399105,31496.52780579094,0.0,1.1088390729532625,0.0,0.0
6830,40.271260931399105,31496.52780579094,0.0,1.1088390729532625,0.0,0.0
6831,40.271260931399105,31496.52780579094,0.0,1.1088390729532625,0.0,0.0
6832,40.271260931399105,31496.52780579094,0.0,1.1088390729532625,0.0,0.0
6833,40.271260931399105,31496.52780579094,0.0,1.1088390729532625,0.0,0.0
6834,40.271260931399105,31496.52780579094,0.0,1.1088390729532625,0.0,0.0
6835,40.271260931399105,31496.52780579094,0.0,1.1088390729532625,0.0,0.0
6836,40.271260931399105,31496.52780579094,0.0,1.1088390729532625,0.0,0.0
6837,40.271260931399105,31496.52780579094,0.0,1.1088390729532625,0.0,0.0
6838,40.271260931399105,31496.52780579094,0.0,1.1088390729532625,0.0,0.0
6839,40.271260931399105,31496.52780579094,0.0,1.1088390729532625,0.0,0.0
6840,40.271260931399105,31496.52780579094,0.0,1.1088390729532625,0.0,0.0
6841,40.271260931399105,31496.52780579094,0.0,1.1088390729532625,0.0,0.0
6842,40.271260931399105,31496.52780579094,0.0,1.1088390729532625,0.0,0.0
6843,40.271260931399105,31496.52780579094,0.0,1.1088390729532625,0.0,0.0
6844,40.271260931399105,31496.52780579094,0.0,1.1088390729532625,0.0,0.0
6845,40.271260931399105,31496.52780579094,0.0,1.1088390729532625,0.0,0.0
6846,40.271260931399105,31496.52780579094,0.0,1.1088390729532625,0.0,0.0
6847,40.271260931399105,31496.52780579094,0.0,1.1088390729532625,0.0,0.0
6848,40.271260931399105,31496.52780579094,0.0,1.1088390729532625,0.0,0.0
6849,40.271260931399105,31496.52780579094,0.0,1.1088390729532625,0.0,0.0
6850,40.271260931399105,31496.52780579094,0.0,1.1088390729532625,0.0,0.0
6851,40.271260931399105,31496.52780579094,0.0,1.1088390729532625,0.0,0.0
6852,40.271260931399105,31496.52780579094,0.0,1.1088390729532625,0.0,0.0
6853,40.271260931399105,31496.52780579094,0.0,1.1088390729532625,0.0,0.0
6854,40.271260931399105,31496.52780579094,0.0,1.1088390729532625,0.0,0.0
6855,40.271260931399105,31496.52780579094,0.0,1.1088390729532625,0.0,0.0
6856,40.271260931399105,31496.52780579094,0.0,1.1088390729532625,0.0,0.0
6857,40.271260931399105,31496.52780579094,0.0,1.1088390729532625,0.0,0.0
6858,40.271260931399105,31496.52780579094,0.0,1.1088390729532625,0.0,0.0
6859,40.271260931399105,31496.52780579094,0.0,1.1088390729532625,0.0,0.0
6860,40.271260931399105,31496.52780579094,0.0,1.1088390729532625,0.0,0.0
6861,40.271260931399105,31496.52780579094,0.0,1.1088390729532625,0.0,0.0
6862,40.271260931399105,31496.52780579094,0.0,1.1088390729532625,0.0,0.0
6863,40.271260931399105,31496.52780579094,0.0,1.1088390729532625,0.0,0.0
6864,40.271260931399105,31496.52780579094,0.0,1.1088390729532625,0.0,0.0
6865,40.271260931399105,31496.52780579094,0.0,1.1088390729532625,0.0,0.0
6866,40.271260931399105,31496.52780579094,0.0,1.1088390729532625,0.0,0.0
6867,40.271260931399105,31496.52780579094,0.0,1.1088390729532625,0.0,0.0
6868,40.271260931399105,31496.52780579094,0.0,1.1088390729532625,0.0,0.0
6869,40.271260931399105,31496.52780579094,0.0,1.1088390729532625,0.0,0.0
6870,40.271260931399105,31496.52780579094,0.0,1.1088390729532625,0.0,0.0
6871,40.271260931399105,31496.52780579094,0.0,1.1088390729532625,0.0,0.0
6872,40.271260931399105,31496.52780579094,0.0,1.1088390729532625,0.0,0.0
6873,40.271260931399105,31496.52780579094,0.0,1.1088390729532625,0.0,0.0
6874,40.271260931399105,31496.52780579094,0.0,1.1088390729532625,0.0,0.0
6875,40.271260931399105,31496.52780579094,0.0,1.1088390729532625,0.0,0.0
6876,40.271260931399105,31496.52780579094,0.0,1.1088390729532625,0.0,0.0
6877,40.271260931399105,31496.52780579094,0.0,1.1088390729532625,0.0,0.0
6878,40.271260931399105,31496.52780579094,0.0,1.1088390729532625,0.0,0.0
6879,40.271260931399105,31496.52780579094,0.0,1.1088390729532625,0.0,0.0
6880,40.271260931399105,31496.52780579094,0.0,1.1088390729532625,0.0,0.0
6881,40.271260931399105,31496.52780579094,0.0,1.1088390729532625,0.0,0.0
6882,40.271260931399105,31496.52780579094,0.0,1.1088390729532625,0.0,0.0
6883,40.271260931399105,31496.52780579094,0.0,1.1088390729532625,0.0,0.0
6884,40.271260931399105,31496.52780579094,0.0,1.1088390729532625,0.0,0.0
6885,40.271260931399105,31496.52780579094,0.0,1.1088390729532625,0.0,0.0
6886,40.271260931399105,31496.52780579094,0.0,1.1088390729532625,0.0,0.0
6887,40.271260931399105,31496.52780579094,0.0,1.1088390729532625,0.0,0.0
6888,40.85677312366951,23630.219991240076,0.0,7.072971939465,0.0,0.0
6889,40.85677312366951,23630.219991240076,0.0,7.072971939465,0.0,0.0
6890,40.85677312366951,23630.219991240076,0.0,7.072971939465,0.0,0.0
6891,40.85677312366951,23630.219991240076,0.0,7.072971939465,0.0,0.0
6892,40.85677312366951,23630.219991240076,0.0,7.072971939465,0.0,0.0
6893,40.85677312366951,23630.219991240076,0.0,7.072971939465,0.0,0.0
6894,40.85677312366951,23630.219991240076,0.0,7.072971939465,0.0,0.0
6895,40.85677312366951,23630.219991240076,0.0,7.072971939465,0.0,0.0
6896,40.85677312366951,23630.219991240076,0.0,7.072971939465,0.0,0.0
6897,40.85677312366951,23630.219991240076,0.0,7.072971939465,0.0,0.0
6898,40.85677312366951,23630.219991240076,0.0,7.072971939465,0.0,0.0
6899,40.85677312366951,23630.219991240076,0.0,7.072971939465,0.0,0.0
6900,40.85677312366951,23630.219991240076,0.0,7.072971939465,0.0,0.0
6901,40.85677312366951,23630.219991240076,0.0,7.072971939465,0.0,0.0
6902,40.85677312366951,23630.219991240076,0.0,7.072971939465,0.0,0.0
6903,40.85677312366951,23630.219991240076,0.0,7.072971939465,0.0,0.0
6904,40.85677312366951,23630.219991240076,0.0,7.072971939465,0.0,0.0
6905,40.85677312366951,23630.219991240076,0.0,7.072971939465,0.0,0.0
6906,40.85677312366951,23630.219991240076,0.0,7.072971939465,0.0,0.0
6907,40.85677312366951,23630.219991240076,0.0,7.072971939465,0.0,0.0
6908,40.85677312366951,23630.219991240076,0.0,7.072971939465,0.0,0.0
6909,40.85677312366951,23630.219991240076,0.0,7.072971939465,0.0,0.0
6910,40.85677312366951,23630.219991240076,0.0,7.072971939465,0.0,0.0
6911,40.85677312366951,23630.219991240076,0.0,7.072971939465,0.0,0.0
6912,40.85677312366951,23630.219991240076,0.0,7.072971939465,0.0,0.0
6913,40.85677312366951,23630.219991240076,0.0,7.072971939465,0.0,0.0
6914,40.85677312366951,23630.219991240076,0.0,7.072971939465,0.0,0.0
6915,40.85677312366951,23630.219991240076,0.0,7.072971939465,0.0,0.0
6916,40.85677312366951,23630.219991240076,0.0,7.072971939465,0.0,0.0
6917,40.85677312366951,23630.219991240076,0.0,7.072971939465,0.0,0.0
6918,40.85677312366951,23630.219991240076,0.0,7.072971939465,0.0,0.0
6919,40.85677312366951,23630.219991240076,0.0,7.072971939465,0.0,0.0
6920,40.85677312366951,23630.219991240076,0.0,7.072971939465,0.0,0.0
6921,40.85677312366951,23630.219991240076,0.0,7.072971939465,0.0,0.0
6922,40.85677312366951,23630.219991240076,0.0,7.072971939465,0.0,0.0
6923,40.85677312366951,23630.219991240076,0.0,7.072971939465,0.0,0.0
6924,40.85677312366951,23630.219991240076,0.0,7.072971939465,0.0,0.0
6925,40.85677312366951,23630.219991240076,0.0,7.072971939465,0.0,0.0
6926,40.85677312366951,23630.219991240076,0.0,7.072971939465,0.0,0.0
6927,40.85677312366951,23630.219991240076,0.0,7.072971939465,0.0,0.0
6928,40.85677312366951,23630.219991240076,0.0,7.072971939465,0.0,0.0
6929,40.85677312366951,23630.219991240076,0.0,7.072971939465,0.0,0.0
6930,40.85677312366951,23630.219991240076,0.0,7.072971939465,0.0,0.0
6931,40.85677312366951,23630.219991240076,0.0,7.072971939465,0.0,0.0
6932,40.85677312366951,23630.219991240076,0.0,7.072971939465,0.0,0.0
6933,40.85677312366951,23630.219991240076,0.0,7.072971939465,0.0,0.0
6934,40.85677312366951,23630.219991240076,0.0,7.072971939465,0.0,0.0
6935,40.85677312366951,23630.219991240076,0.0,7.072971939465,0.0,0.0
6936,40.85677312366951,23630.219991240076,0.0,7.072971939465,0.0,0.0
6937,40.85677312366951,23630.219991240076,0.0,7.072971939465,0.0,0.0
6938,40.85677312366951,23630.219991240076,0.0,7.072971939465,0.0,0.0
6939,40.85677312366951,23630.219991240076,0.0,7.072971939465,0.0,0.0
6940,40.85677312366951,23630.219991240076,0.0,7.072971939465,0.0,0.0
6941,40.85677312366951,23630.219991240076,0.0,7.072971939465,0.0,0.0
6942,40.85677312366951,23630.219991240076,0.0,7.072971939465,0.0,0.0
6943,40.85677312366951,23630.219991240076,0.0,7.072971939465,0.0,0.0
6944,40.85677312366951,23630.219991240076,0.0,7.072971939465,0.0,0.0
6945,40.85677312366951,23630.219991240076,0.0,7.072971939465,0.0,0.0
6946,40.85677312366951,23630.219991240076,0.0,7.072971939465,0.0,0.0
6947,40.85677312366951,23630.219991240076,0.0,7.072971939465,0.0,0.0
6948,40.85677312366951,23630.219991240076,0.0,7.072971939465,0.0,0.0
6949,40.85677312366951,23630.219991240076,0.0,7.072971939465,0.0,0.0
6950,40.85677312366951,23630.219991240076,0.0,7.072971939465,0.0,0.0
6951,40.85677312366951,23630.219991240076,0.0,7.072971939465,0.0,0.0
6952,40.85677312366951,23630.219991240076,0.0,7.072971939465,0.0,0.0
6953,40.85677312366951,23630.219991240076,0.0,7.072971939465,0.0,0.0
6954,40.85677312366951,23630.219991240076,0.0,7.072971939465,0.0,0.0
6955,40.85677312366951,23630.219991240076,0.0,7.072971939465,0.0,0.0
6956,40.85677312366951,23630.219991240076,0.0,7.072971939465,0.0,0.0
6957,40.85677312366951,23630.219991240076,0.0,7.072971939465,0.0,0.0
6958,40.85677312366951,23630.219991240076,0.0,7.072971939465,0.0,0.0
6959,40.85677312366951,23630.219991240076,0.0,7.072971939465,0.0,0.0
6960,40.85677312366951,23630.219991240076,0.0,7.072971939465,0.0,0.0
6961,40.85677312366951,23630.219991240076,0.0,7.072971939465,0.0,0.0
6962,40.85677312366951,23630.219991240076,0.0,7.072971939465,0.0,0.0
6963,40.85677312366951,23630.219991240076,0.0,7.072971939465,0.0,0.0
6964,40.85677312366951,23630.219991240076,0.0,7.072971939465,0.0,0.0
6965,40.85677312366951,23630.219991240076,0.0,7.072971939465,0.0,0.0
6966,40.85677312366951,23630.219991240076,0.0,7.072971939465,0.0,0.0
6967,40.85677312366951,23630.219991240076,0.0,7.072971939465,0.0,0.0
6968,40.85677312366951,23630.219991240076,0.0,7.072971939465,0.0,0.0
6969,40.85677312366951,23630.219991240076,0.0,7.072971939465,0.0,0.0
6970,40.85677312366951,23630.219991240076,0.0,7.072971939465,0.0,0.0
6971,40.85677312366951,23630.219991240076,0.0,7.072971939465,0.0,0.0
6972,40.85677312366951,23630.219991240076,0.0,7.072971939465,0.0,0.0
6973,40.85677312366951,23630.219991240076,0.0,7.072971939465,0.0,0.0
6974,40.85677312366951,23630.219991240076,0.0,7.072971939465,0.0,0.0
6975,40.85677312366951,23630.219991240076,0.0,7.072971939465,0.0,0.0
6976,40.85677312366951,23630.219991240076,0.0,7.072971939465,0.0,0.0
6977,40.85677312366951,23630.219991240076,0.0,7.072971939465,0.0,0.0
6978,40.85677312366951,23630.219991240076,0.0,7.072971939465,0.0,0.0
6979,40.85677312366951,23630.219991240076,0.0,7.072971939465,0.0,0.0
6980,40.85677312366951,23630.219991240076,0.0,7.072971939465,0.0,0.0
6981,40.85677312366951,23630.219991240076,0.0,7.072971939465,0.0,0.0
6982,40.85677312366951,23630.219991240076,0.0,7.072971939465,0.0,0.0
6983,40.85677312366951,23630.219991240076,0.0,7.072971939465,0.0,0.0
6984,40.85677312366951,23630.219991240076,0.0,7.072971939465,0.0,0.0
6985,40.85677312366951,23630.219991240076,0.0,7.072971939465,0.0,0.0
6986,40.85677312366951,23630.219991240076,0.0,7.072971939465,0.0,0.0
6987,40.85677312366951,23630.219991240076,0.0,7.072971939465,0.0,0.0
6988,40.85677312366951,23630.219991240076,0.0,7.072971939465,0.0,0.0
6989,40.85677312366951,23630.219991240076,0.0,7.072971939465,0.0,0.0
6990,40.85677312366951,23630.219991240076,0.0,7.072971939465,0.0,0.0
6991,40.85677312366951,23630.219991240076,0.0,7.072971939465,0.0,0.0
6992,40.85677312366951,23630.219991240076,0.0,7.072971939465,0.0,0.0
6993,40.85677312366951,23630.219991240076,0.0,7.072971939465,0.0,0.0
6994,40.85677312366951,23630.219991240076,0.0,7.072971939465,0.0,0.0
6995,40.85677312366951,23630.219991240076,0.0,7.072971939465,0.0,0.0
6996,40.85677312366951,23630.219991240076,0.0,7.072971939465,0.0,0.0
6997,40.85677312366951,23630.219991240076,0.0,7.072971939465,0.0,0.0
6998,40.85677312366951,23630.219991240076,0.0,7.072971939465,0.0,0.0
6999,40.85677312366951,23630.219991240076,0.0,7.072971939465,0.0,0.0
7000,40.85677312366951,23630.219991240076,0.0,7.072971939465,0.0,0.0
7001,40.85677312366951,23630.219991240076,0.0,7.072971939465,0.0,0.0
7002,40.85677312366951,23630.219991240076,0.0,7.072971939465,0.0,0.0
7003,40.85677312366951,23630.219991240076,0.0,7.072971939465,0.0,0.0
7004,40.85677312366951,23630.219991240076,0.0,7.072971939465,0.0,0.0
7005,40.85677312366951,23630.219991240076,0.0,7.072971939465,0.0,0.0
7006,40.85677312366951,23630.219991240076,0.0,7.072971939465,0.0,0.0
7007,40.85677312366951,23630.219991240076,0.0,7.072971939465,0.0,0.0
7008,40.85677312366951,23630.219991240076,0.0,7.072971939465,0.0,0.0
7009,40.85677312366951,23630.219991240076,0.0,7.072971939465,0.0,0.0
7010,40.85677312366951,23630.219991240076,0.0,7.072971939465,0.0,0.0
7011,40.85677312366951,23630.219991240076,0.0,7.072971939465,0.0,0.0
7012,40.85677312366951,23630.219991240076,0.0,7.072971939465,0.0,0.0
7013,40.85677312366951,23630.219991240076,0.0,7.072971939465,0.0,0.0
7014,40.85677312366951,23630.219991240076,0.0,7.072971939465,0.0,0.0
7015,40.85677312366951,23630.219991240076,0.0,7.072971939465,0.0,0.0
7016,40.85677312366951,23630.219991240076,0.0,7.072971939465,0.0,0.0
7017,40.85677312366951,23630.219991240076,0.0,7.072971939465,0.0,0.0
7018,40.85677312366951,23630.219991240076,0.0,7.072971939465,0.0,0.0
7019,40.85677312366951,23630.219991240076,0.0,7.072971939465,0.0,0.0
7020,40.85677312366951,23630.219991240076,0.0,7.072971939465,0.0,0.0
7021,40.85677312366951,23630.219991240076,0.0,7.072971939465,0.0,0.0
7022,40.85677312366951,23630.219991240076,0.0,7.072971939465,0.0,0.0
7023,40.85677312366951,23630.219991240076,0.0,7.072971939465,0.0,0.0
7024,40.85677312366951,23630.219991240076,0.0,7.072971939465,0.0,0.0
7025,40.85677312366951,23630.219991240076,0.0,7.072971939465,0.0,0.0
7026,40.85677312366951,23630.219991240076,0.0,7.072971939465,0.0,0.0
7027,40.85677312366951,23630.219991240076,0.0,7.072971939465,0.0,0.0
7028,40.85677312366951,23630.219991240076,0.0,7.072971939465,0.0,0.0
7029,40.85677312366951,23630.219991240076,0.0,7.072971939465,0.0,0.0
7030,40.85677312366951,23630.219991240076,0.0,7.072971939465,0.0,0.0
7031,40.85677312366951,23630.219991240076,0.0,7.072971939465,0.0,0.0
7032,40.85677312366951,23630.219991240076,0.0,7.072971939465,0.0,0.0
7033,40.85677312366951,23630.219991240076,0.0,7.072971939465,0.0,0.0
7034,40.85677312366951,23630.219991240076,0.0,7.072971939465,0.0,0.0
7035,40.85677312366951,23630.219991240076,0.0,7.072971939465,0.0,0.0
7036,40.85677312366951,23630.219991240076,0.0,7.072971939465,0.0,0.0
7037,40.85677312366951,23630.219991240076,0.0,7.072971939465,0.0,0.0
7038,40.85677312366951,23630.219991240076,0.0,7.072971939465,0.0,0.0
7039,40.85677312366951,23630.219991240076,0.0,7.072971939465,0.0,0.0
7040,40.85677312366951,23630.219991240076,0.0,7.072971939465,0.0,0.0
7041,40.85677312366951,23630.219991240076,0.0,7.072971939465,0.0,0.0
7042,40.85677312366951,23630.219991240076,0.0,7.072971939465,0.0,0.0
7043,40.85677312366951,23630.219991240076,0.0,7.072971939465,0.0,0.0
7044,40.85677312366951,23630.219991240076,0.0,7.072971939465,0.0,0.0
7045,40.85677312366951,23630.219991240076,0.0,7.072971939465,0.0,0.0
7046,40.85677312366951,23630.219991240076,0.0,7.072971939465,0.0,0.0
7047,40.85677312366951,23630.219991240076,0.0,7.072971939465,0.0,0.0
7048,40.85677312366951,23630.219991240076,0.0,7.072971939465,0.0,0.0
7049,40.85677312366951,23630.219991240076,0.0,7.072971939465,0.0,0.0
7050,40.85677312366951,23630.219991240076,0.0,7.072971939465,0.0,0.0
7051,40.85677312366951,23630.219991240076,0.0,7.072971939465,0.0,0.0
7052,40.85677312366951,23630.219991240076,0.0,7.072971939465,0.0,0.0
7053,40.85677312366951,23630.219991240076,0.0,7.072971939465,0.0,0.0
7054,40.85677312366951,23630.219991240076,0.0,7.072971939465,0.0,0.0
7055,40.85677312366951,23630.219991240076,0.0,7.072971939465,0.0,0.0
7056,33.72923236847479,31084.520582107038,0.0,8.55392483042762,0.0,0.0
7057,33.72923236847479,31084.520582107038,0.0,8.55392483042762,0.0,0.0
7058,33.72923236847479,31084.520582107038,0.0,8.55392483042762,0.0,0.0
7059,33.72923236847479,31084.520582107038,0.0,8.55392483042762,0.0,0.0
7060,33.72923236847479,31084.520582107038,0.0,8.55392483042762,0.0,0.0
7061,33.72923236847479,31084.520582107038,0.0,8.55392483042762,0.0,0.0
7062,33.72923236847479,31084.520582107038,0.0,8.55392483042762,0.0,0.0
7063,33.72923236847479,31084.520582107038,0.0,8.55392483042762,0.0,0.0
7064,33.72923236847479,31084.520582107038,0.0,8.55392483042762,0.0,0.0
7065,33.72923236847479,31084.520582107038,0.0,8.55392483042762,0.0,0.0
7066,33.72923236847479,31084.520582107038,0.0,8.55392483042762,0.0,0.0
7067,33.72923236847479,31084.520582107038,0.0,8.55392483042762,0.0,0.0
7068,33.72923236847479,31084.520582107038,0.0,8.55392483042762,0.0,0.0
7069,33.72923236847479,31084.520582107038,0.0,8.55392483042762,0.0,0.0
7070,33.72923236847479,31084.520582107038,0.0,8.55392483042762,0.0,0.0
7071,33.72923236847479,31084.520582107038,0.0,8.55392483042762,0.0,0.0
7072,33.72923236847479,31084.520582107038,0.0,8.55392483042762,0.0,0.0
7073,33.72923236847479,31084.520582107038,0.0,8.55392483042762,0.0,0.0
7074,33.72923236847479,31084.520582107038,0.0,8.55392483042762,0.0,0.0
7075,33.72923236847479,31084.520582107038,0.0,8.55392483042762,0.0,0.0
7076,33.72923236847479,31084.520582107038,0.0,8.55392483042762,0.0,0.0
7077,33.72923236847479,31084.520582107038,0.0,8.55392483042762,0.0,0.0
7078,33.72923236847479,31084.520582107038,0.0,8.55392483042762,0.0,0.0
7079,33.72923236847479,31084.520582107038,0.0,8.55392483042762,0.0,0.0
7080,33.72923236847479,31084.520582107038,0.0,8.55392483042762,0.0,0.0
7081,33.72923236847479,31084.520582107038,0.0,8.55392483042762,0.0,0.0
7082,33.72923236847479,31084.520582107038,0.0,8.55392483042762,0.0,0.0
7083,33.72923236847479,31084.520582107038,0.0,8.55392483042762,0.0,0.0
7084,33.72923236847479,31084.520582107038,0.0,8.55392483042762,0.0,0.0
7085,33.72923236847479,31084.520582107038,0.0,8.55392483042762,0.0,0.0
7086,33.72923236847479,31084.520582107038,0.0,8.55392483042762,0.0,0.0
7087,33.72923236847479,31084.520582107038,0.0,8.55392483042762,0.0,0.0
7088,33.72923236847479,31084.520582107038,0.0,8.55392483042762,0.0,0.0
7089,33.72923236847479,31084.520582107038,0.0,8.55392483042762,0.0,0.0
7090,33.72923236847479,31084.520582107038,0.0,8.55392483042762,0.0,0.0
7091,33.72923236847479,31084.520582107038,0.0,8.55392483042762,0.0,0.0
7092,33.72923236847479,31084.520582107038,0.0,8.55392483042762,0.0,0.0
7093,33.72923236847479,31084.520582107038,0.0,8.55392483042762,0.0,0.0
7094,33.72923236847479,31084.520582107038,0.0,8.55392483042762,0.0,0.0
7095,33.72923236847479,31084.520582107038,0.0,8.55392483042762,0.0,0.0
7096,33.72923236847479,31084.520582107038,0.0,8.55392483042762,0.0,0.0
7097,33.72923236847479,31084.520582107038,0.0,8.55392483042762,0.0,0.0
7098,33.72923236847479,31084.520582107038,0.0,8.55392483042762,0.0,0.0
7099,33.72923236847479,31084.520582107038,0.0,8.55392483042762,0.0,0.0
7100,33.72923236847479,31084.520582107038,0.0,8.55392483042762,0.0,0.0
7101,33.72923236847479,31084.520582107038,0.0,8.55392483042762,0.0,0.0
7102,33.72923236847479,31084.520582107038,0.0,8.55392483042762,0.0,0.0
7103,33.72923236847479,31084.520582107038,0.0,8.55392483042762,0.0,0.0
7104,33.72923236847479,31084.520582107038,0.0,8.55392483042762,0.0,0.0
7105,33.72923236847479,31084.520582107038,0.0,8.55392483042762,0.0,0.0
7106,33.72923236847479,31084.520582107038,0.0,8.55392483042762,0.0,0.0
7107,33.72923236847479,31084.520582107038,0.0,8.55392483042762,0.0,0.0
7108,33.72923236847479,31084.520582107038,0.0,8.55392483042762,0.0,0.0
7109,33.72923236847479,31084.520582107038,0.0,8.55392483042762,0.0,0.0
7110,33.72923236847479,31084.520582107038,0.0,8.55392483042762,0.0,0.0
7111,33.72923236847479,31084.520582107038,0.0,8.55392483042762,0.0,0.0
7112,33.72923236847479,31084.520582107038,0.0,8.55392483042762,0.0,0.0
7113,33.72923236847479,31084.520582107038,0.0,8.55392483042762,0.0,0.0
7114,33.72923236847479,31084.520582107038,0.0,8.55392483042762,0.0,0.0
7115,33.72923236847479,31084.520582107038,0.0,8.55392483042762,0.0,0.0
7116,33.72923236847479,31084.520582107038,0.0,8.55392483042762,0.0,0.0
7117,33.72923236847479,31084.520582107038,0.0,8.55392483042762,0.0,0.0
7118,33.72923236847479,31084.520582107038,0.0,8.55392483042762,0.0,0.0
7119,33.72923236847479,31084.520582107038,0.0,8.55392483042762,0.0,0.0
7120,33.72923236847479,31084.520582107038,0.0,8.55392483042762,0.0,0.0
7121,33.72923236847479,31084.520582107038,0.0,8.55392483042762,0.0,0.0
7122,33.72923236847479,31084.520582107038,0.0,8.55392483042762,0.0,0.0
7123,33.72923236847479,31084.520582107038,0.0,8.55392483042762,0.0,0.0
7124,33.72923236847479,31084.520582107038,0.0,8.55392483042762,0.0,0.0
7125,33.72923236847479,31084.520582107038,0.0,8.55392483042762,0.0,0.0
7126,33.72923236847479,31084.520582107038,0.0,8.55392483042762,0.0,0.0
7127,33.72923236847479,31084.520582107038,0.0,8.55392483042762,0.0,0.0
7128,33.72923236847479,31084.520582107038,0.0,8.55392483042762,0.0,0.0
7129,33.72923236847479,31084.520582107038,0.0,8.55392483042762,0.0,0.0
7130,33.72923236847479,31084.520582107038,0.0,8.55392483042762,0.0,0.0
7131,33.72923236847479,31084.520582107038,0.0,8.55392483042762,0.0,0.0
7132,33.72923236847479,31084.520582107038,0.0,8.55392483042762,0.0,0.0
7133,33.72923236847479,31084.520582107038,0.0,8.55392483042762,0.0,0.0
7134,33.72923236847479,31084.520582107038,0.0,8.55392483042762,0.0,0.0
7135,33.72923236847479,31084.520582107038,0.0,8.55392483042762,0.0,0.0
7136,33.72923236847479,31084.520582107038,0.0,8.55392483042762,0.0,0.0
7137,33.72923236847479,31084.520582107038,0.0,8.55392483042762,0.0,0.0
7138,33.72923236847479,31084.520582107038,0.0,8.55392483042762,0.0,0.0
7139,33.72923236847479,31084.520582107038,0.0,8.55392483042762,0.0,0.0
7140,33.72923236847479,31084.520582107038,0.0,8.55392483042762,0.0,0.0
7141,33.72923236847479,31084.520582107038,0.0,8.55392483042762,0.0,0.0
7142,33.72923236847479,31084.520582107038,0.0,8.55392483042762,0.0,0.0
7143,33.72923236847479,31084.520582107038,0.0,8.55392483042762,0.0,0.0
7144,33.72923236847479,31084.520582107038,0.0,8.55392483042762,0.0,0.0
7145,33.72923236847479,31084.520582107038,0.0,8.55392483042762,0.0,0.0
7146,33.72923236847479,31084.520582107038,0.0,8.55392483042762,0.0,0.0
7147,33.72923236847479,31084.520582107038,0.0,8.55392483042762,0.0,0.0
7148,33.72923236847479,31084.520582107038,0.0,8.55392483042762,0.0,0.0
7149,33.72923236847479,31084.520582107038,0.0,8.55392483042762,0.0,0.0
7150,33.72923236847479,31084.520582107038,0.0,8.55392483042762,0.0,0.0
7151,33.72923236847479,31084.520582107038,0.0,8.55392483042762,0.0,0.0
7152,33.72923236847479,31084.520582107038,0.0,8.55392483042762,0.0,0.0
7153,33.72923236847479,31084.520582107038,0.0,8.55392483042762,0.0,0.0
7154,33.72923236847479,31084.520582107038,0.0,8.55392483042762,0.0,0.0
7155,33.72923236847479,31084.520582107038,0.0,8.55392483042762,0.0,0.0
7156,33.72923236847479,31084.520582107038,0.0,8.55392483042762,0.0,0.0
7157,33.72923236847479,31084.520582107038,0.0,8.55392483042762,0.0,0.0
7158,33.72923236847479,31084.520582107038,0.0,8.55392483042762,0.0,0.0
7159,33.72923236847479,31084.520582107038,0.0,8.55392483042762,0.0,0.0
7160,33.72923236847479,31084.520582107038,0.0,8.55392483042762,0.0,0.0
7161,33.72923236847479,31084.520582107038,0.0,8.55392483042762,0.0,0.0
7162,33.72923236847479,31084.520582107038,0.0,8.55392483042762,0.0,0.0
7163,33.72923236847479,31084.520582107038,0.0,8.55392483042762,0.0,0.0
7164,33.72923236847479,31084.520582107038,0.0,8.55392483042762,0.0,0.0
7165,33.72923236847479,31084.520582107038,0.0,8.55392483042762,0.0,0.0
7166,33.72923236847479,31084.520582107038,0.0,8.55392483042762,0.0,0.0
7167,33.72923236847479,31084.520582107038,0.0,8.55392483042762,0.0,0.0
7168,33.72923236847479,31084.520582107038,0.0,8.55392483042762,0.0,0.0
7169,33.72923236847479,31084.520582107038,0.0,8.55392483042762,0.0,0.0
7170,33.72923236847479,31084.520582107038,0.0,8.55392483042762,0.0,0.0
7171,33.72923236847479,31084.520582107038,0.0,8.55392483042762,0.0,0.0
7172,33.72923236847479,31084.520582107038,0.0,8.55392483042762,0.0,0.0
7173,33.72923236847479,31084.520582107038,0.0,8.55392483042762,0.0,0.0
7174,33.72923236847479,31084.520582107038,0.0,8.55392483042762,0.0,0.0
7175,33.72923236847479,31084.520582107038,0.0,8.55392483042762,0.0,0.0
7176,33.72923236847479,31084.520582107038,0.0,8.55392483042762,0.0,0.0
7177,33.72923236847479,31084.520582107038,0.0,8.55392483042762,0.0,0.0
7178,33.72923236847479,31084.520582107038,0.0,8.55392483042762,0.0,0.0
7179,33.72923236847479,31084.520582107038,0.0,8.55392483042762,0.0,0.0
7180,33.72923236847479,31084.520582107038,0.0,8.55392483042762,0.0,0.0
7181,33.72923236847479,31084.520582107038,0.0,8.55392483042762,0.0,0.0
7182,33.72923236847479,31084.520582107038,0.0,8.55392483042762,0.0,0.0
7183,33.72923236847479,31084.520582107038,0.0,8.55392483042762,0.0,0.0
7184,33.72923236847479,31084.520582107038,0.0,8.55392483042762,0.0,0.0
7185,33.72923236847479,31084.520582107038,0.0,8.55392483042762,0.0,0.0
7186,33.72923236847479,31084.520582107038,0.0,8.55392483042762,0.0,0.0
7187,33.72923236847479,31084.520582107038,0.0,8.55392483042762,0.0,0.0
7188,33.72923236847479,31084.520582107038,0.0,8.55392483042762,0.0,0.0
7189,33.72923236847479,31084.520582107038,0.0,8.55392483042762,0.0,0.0
7190,33.72923236847479,31084.520582107038,0.0,8.55392483042762,0.0,0.0
7191,33.72923236847479,31084.520582107038,0.0,8.55392483042762,0.0,0.0
7192,33.72923236847479,31084.520582107038,0.0,8.55392483042762,0.0,0.0
7193,33.72923236847479,31084.520582107038,0.0,8.55392483042762,0.0,0.0
7194,33.72923236847479,31084.520582107038,0.0,8.55392483042762,0.0,0.0
7195,33.72923236847479,31084.520582107038,0.0,8.55392483042762,0.0,0.0
7196,33.72923236847479,31084.520582107038,0.0,8.55392483042762,0.0,0.0
7197,33.72923236847479,31084.520582107038,0.0,8.55392483042762,0.0,0.0
7198,33.72923236847479,31084.520582107038,0.0,8.55392483042762,0.0,0.0
7199,33.72923236847479,31084.520582107038,0.0,8.55392483042762,0.0,0.0
7200,33.72923236847479,31084.520582107038,0.0,8.55392483042762,0.0,0.0
7201,33.72923236847479,31084.520582107038,0.0,8.55392483042762,0.0,0.0
7202,33.72923236847479,31084.520582107038,0.0,8.55392483042762,0.0,0.0
7203,33.72923236847479,31084.520582107038,0.0,8.55392483042762,0.0,0.0
7204,33.72923236847479,31084.520582107038,0.0,8.55392483042762,0.0,0.0
7205,33.72923236847479,31084.520582107038,0.0,8.55392483042762,0.0,0.0
7206,33.72923236847479,31084.520582107038,0.0,8.55392483042762,0.0,0.0
7207,33.72923236847479,31084.520582107038,0.0,8.55392483042762,0.0,0.0
7208,33.72923236847479,31084.520582107038,0.0,8.55392483042762,0.0,0.0
7209,33.72923236847479,31084.520582107038,0.0,8.55392483042762,0.0,0.0
7210,33.72923236847479,31084.520582107038,0.0,8.55392483042762,0.0,0.0
7211,33.72923236847479,31084.520582107038,0.0,8.55392483042762,0.0,0.0
7212,33.72923236847479,31084.520582107038,0.0,8.55392483042762,0.0,0.0
7213,33.72923236847479,31084.520582107038,0.0,8.55392483042762,0.0,0.0
7214,33.72923236847479,31084.520582107038,0.0,8.55392483042762,0.0,0.0
7215,33.72923236847479,31084.520582107038,0.0,8.55392483042762,0.0,0.0
7216,33.72923236847479,31084.520582107038,0.0,8.55392483042762,0.0,0.0
7217,33.72923236847479,31084.520582107038,0.0,8.55392483042762,0.0,0.0
7218,33.72923236847479,31084.520582107038,0.0,8.55392483042762,0.0,0.0
7219,33.72923236847479,31084.520582107038,0.0,8.55392483042762,0.0,0.0
7220,33.72923236847479,31084.520582107038,0.0,8.55392483042762,0.0,0.0
7221,33.72923236847479,31084.520582107038,0.0,8.55392483042762,0.0,0.0
7222,33.72923236847479,31084.520582107038,0.0,8.55392483042762,0.0,0.0
7223,33.72923236847479,31084.520582107038,0.0,8.55392483042762,0.0,0.0
7224,37.93441860935459,12189.38522948921,0.0,9.994047619047619,0.0,0.0
7225,37.93441860935459,12189.38522948921,0.0,9.994047619047619,0.0,0.0
7226,37.93441860935459,12189.38522948921,0.0,9.994047619047619,0.0,0.0
7227,37.93441860935459,12189.38522948921,0.0,9.994047619047619,0.0,0.0
7228,37.93441860935459,12189.38522948921,0.0,9.994047619047619,0.0,0.0
7229,37.93441860935459,12189.38522948921,0.0,9.994047619047619,0.0,0.0
7230,37.93441860935459,12189.38522948921,0.0,9.994047619047619,0.0,0.0
7231,37.93441860935459,12189.38522948921,0.0,9.994047619047619,0.0,0.0
7232,37.93441860935459,12189.38522948921,0.0,9.994047619047619,0.0,0.0
7233,37.93441860935459,12189.38522948921,0.0,9.994047619047619,0.0,0.0
7234,37.93441860935459,12189.38522948921,0.0,9.994047619047619,0.0,0.0
7235,37.93441860935459,12189.38522948921,0.0,9.994047619047619,0.0,0.0
7236,37.93441860935459,12189.38522948921,0.0,9.994047619047619,0.0,0.0
7237,37.93441860935459,12189.38522948921,0.0,9.994047619047619,0.0,0.0
7238,37.93441860935459,12189.38522948921,0.0,9.994047619047619,0.0,0.0
7239,37.93441860935459,12189.38522948921,0.0,9.994047619047619,0.0,0.0
7240,37.93441860935459,12189.38522948921,0.0,9.994047619047619,0.0,0.0
7241,37.93441860935459,12189.38522948921,0.0,9.994047619047619,0.0,0.0
7242,37.93441860935459,12189.38522948921,0.0,9.994047619047619,0.0,0.0
7243,37.93441860935459,12189.38522948921,0.0,9.994047619047619,0.0,0.0
7244,37.93441860935459,12189.38522948921,0.0,9.994047619047619,0.0,0.0
7245,37.93441860935459,12189.38522948921,0.0,9.994047619047619,0.0,0.0
7246,37.93441860935459,12189.38522948921,0.0,9.994047619047619,0.0,0.0
7247,37.93441860935459,12189.38522948921,0.0,9.994047619047619,0.0,0.0
7248,37.93441860935459,12189.38522948921,0.0,9.994047619047619,0.0,0.0
7249,37.93441860935459,12189.38522948921,0.0,9.994047619047619,0.0,0.0
7250,37.93441860935459,12189.38522948921,0.0,9.994047619047619,0.0,0.0
7251,37.93441860935459,12189.38522948921,0.0,9.994047619047619,0.0,0.0
7252,37.93441860935459,12189.38522948921,0.0,9.994047619047619,0.0,0.0
7253,37.93441860935459,12189.38522948921,0.0,9.994047619047619,0.0,0.0
7254,37.93441860935459,12189.38522948921,0.0,9.994047619047619,0.0,0.0
7255,37.93441860935459,12189.38522948921,0.0,9.994047619047619,0.0,0.0
7256,37.93441860935459,12189.38522948921,0.0,9.994047619047619,0.0,0.0
7257,37.93441860935459,12189.38522948921,0.0,9.994047619047619,0.0,0.0
7258,37.93441860935459,12189.38522948921,0.0,9.994047619047619,0.0,0.0
7259,37.93441860935459,12189.38522948921,0.0,9.994047619047619,0.0,0.0
7260,37.93441860935459,12189.38522948921,0.0,9.994047619047619,0.0,0.0
7261,37.93441860935459,12189.38522948921,0.0,9.994047619047619,0.0,0.0
7262,37.93441860935459,12189.38522948921,0.0,9.994047619047619,0.0,0.0
7263,37.93441860935459,12189.38522948921,0.0,9.994047619047619,0.0,0.0
7264,37.93441860935459,12189.38522948921,0.0,9.994047619047619,0.0,0.0
7265,37.93441860935459,12189.38522948921,0.0,9.994047619047619,0.0,0.0
7266,37.93441860935459,12189.38522948921,0.0,9.994047619047619,0.0,0.0
7267,37.93441860935459,12189.38522948921,0.0,9.994047619047619,0.0,0.0
7268,37.93441860935459,12189.38522948921,0.0,9.994047619047619,0.0,0.0
7269,37.93441860935459,12189.38522948921,0.0,9.994047619047619,0.0,0.0
7270,37.93441860935459,12189.38522948921,0.0,9.994047619047619,0.0,0.0
7271,37.93441860935459,12189.38522948921,0.0,9.994047619047619,0.0,0.0
7272,37.93441860935459,12189.38522948921,0.0,9.994047619047619,0.0,0.0
7273,37.93441860935459,12189.38522948921,0.0,9.994047619047619,0.0,0.0
7274,37.93441860935459,12189.38522948921,0.0,9.994047619047619,0.0,0.0
7275,37.93441860935459,12189.38522948921,0.0,9.994047619047619,0.0,0.0
7276,37.93441860935459,12189.38522948921,0.0,9.994047619047619,0.0,0.0
7277,37.93441860935459,12189.38522948921,0.0,9.994047619047619,0.0,0.0
7278,37.93441860935459,12189.38522948921,0.0,9.994047619047619,0.0,0.0
7279,37.93441860935459,12189.38522948921,0.0,9.994047619047619,0.0,0.0
7280,37.93441860935459,12189.38522948921,0.0,9.994047619047619,0.0,0.0
7281,37.93441860935459,12189.38522948921,0.0,9.994047619047619,0.0,0.0
7282,37.93441860935459,12189.38522948921,0.0,9.994047619047619,0.0,0.0
7283,37.93441860935459,12189.38522948921,0.0,9.994047619047619,0.0,0.0
7284,37.93441860935459,12189.38522948921,0.0,9.994047619047619,0.0,0.0
7285,37.93441860935459,12189.38522948921,0.0,9.994047619047619,0.0,0.0
7286,37.93441860935459,12189.38522948921,0.0,9.994047619047619,0.0,0.0
7287,37.93441860935459,12189.38522948921,0.0,9.994047619047619,0.0,0.0
7288,37.93441860935459,12189.38522948921,0.0,9.994047619047619,0.0,0.0
7289,37.93441860935459,12189.38522948921,0.0,9.994047619047619,0.0,0.0
7290,37.93441860935459,12189.38522948921,0.0,9.994047619047619,0.0,0.0
7291,37.93441860935459,12189.38522948921,0.0,9.994047619047619,0.0,0.0
7292,37.93441860935459,12189.38522948921,0.0,9.994047619047619,0.0,0.0
7293,37.93441860935459,12189.38522948921,0.0,9.994047619047619,0.0,0.0
7294,37.93441860935459,12189.38522948921,0.0,9.994047619047619,0.0,0.0
7295,37.93441860935459,12189.38522948921,0.0,9.994047619047619,0.0,0.0
7296,37.93441860935459,12189.38522948921,0.0,9.994047619047619,0.0,0.0
7297,37.93441860935459,12189.38522948921,0.0,9.994047619047619,0.0,0.0
7298,37.93441860935459,12189.38522948921,0.0,9.994047619047619,0.0,0.0
7299,37.93441860935459,12189.38522948921,0.0,9.994047619047619,0.0,0.0
7300,37.93441860935459,12189.38522948921,0.0,9.994047619047619,0.0,0.0
7301,37.93441860935459,12189.38522948921,0.0,9.994047619047619,0.0,0.0
7302,37.93441860935459,12189.38522948921,0.0,9.994047619047619,0.0,0.0
7303,37.93441860935459,12189.38522948921,0.0,9.994047619047619,0.0,0.0
7304,37.93441860935459,12189.38522948921,0.0,9.994047619047619,0.0,0.0
7305,37.93441860935459,12189.38522948921,0.0,9.994047619047619,0.0,0.0
7306,37.93441860935459,12189.38522948921,0.0,9.994047619047619,0.0,0.0
7307,37.93441860935459,12189.38522948921,0.0,9.994047619047619,0.0,0.0
7308,37.93441860935459,12189.38522948921,0.0,9.994047619047619,0.0,0.0
7309,37.93441860935459,12189.38522948921,0.0,9.994047619047619,0.0,0.0
7310,37.93441860935459,12189.38522948921,0.0,9.994047619047619,0.0,0.0
7311,37.93441860935459,12189.38522948921,0.0,9.994047619047619,0.0,0.0
7312,37.93441860935459,12189.38522948921,0.0,9.994047619047619,0.0,0.0
7313,37.93441860935459,12189.38522948921,0.0,9.994047619047619,0.0,0.0
7314,37.93441860935459,12189.38522948921,0.0,9.994047619047619,0.0,0.0
7315,37.93441860935459,12189.38522948921,0.0,9.994047619047619,0.0,0.0
7316,37.93441860935459,12189.38522948921,0.0,9.994047619047619,0.0,0.0
7317,37.93441860935459,12189.38522948921,0.0,9.994047619047619,0.0,0.0
7318,37.93441860935459,12189.38522948921,0.0,9.994047619047619,0.0,0.0
7319,37.93441860935459,12189.38522948921,0.0,9.994047619047619,0.0,0.0
7320,37.93441860935459,12189.38522948921,0.0,9.994047619047619,0.0,0.0
7321,37.93441860935459,12189.38522948921,0.0,9.994047619047619,0.0,0.0
7322,37.93441860935459,12189.38522948921,0.0,9.994047619047619,0.0,0.0
7323,37.93441860935459,12189.38522948921,0.0,9.994047619047619,0.0,0.0
7324,37.93441860935459,12189.38522948921,0.0,9.994047619047619,0.0,0.0
7325,37.93441860935459,12189.38522948921,0.0,9.994047619047619,0.0,0.0
7326,37.93441860935459,12189.38522948921,0.0,9.994047619047619,0.0,0.0
7327,37.93441860935459,12189.38522948921,0.0,9.994047619047619,0.0,0.0
7328,37.93441860935459,12189.38522948921,0.0,9.994047619047619,0.0,0.0
7329,37.93441860935459,12189.38522948921,0.0,9.994047619047619,0.0,0.0
7330,37.93441860935459,12189.38522948921,0.0,9.994047619047619,0.0,0.0
7331,37.93441860935459,12189.38522948921,0.0,9.994047619047619,0.0,0.0
7332,37.93441860935459,12189.38522948921,0.0,9.994047619047619,0.0,0.0
7333,37.93441860935459,12189.38522948921,0.0,9.994047619047619,0.0,0.0
7334,37.93441860935459,12189.38522948921,0.0,9.994047619047619,0.0,0.0
7335,37.93441860935459,12189.38522948921,0.0,9.994047619047619,0.0,0.0
7336,37.93441860935459,12189.38522948921,0.0,9.994047619047619,0.0,0.0
7337,37.93441860935459,12189.38522948921,0.0,9.994047619047619,0.0,0.0
7338,37.93441860935459,12189.38522948921,0.0,9.994047619047619,0.0,0.0
7339,37.93441860935459,12189.38522948921,0.0,9.994047619047619,0.0,0.0
7340,37.93441860935459,12189.38522948921,0.0,9.994047619047619,0.0,0.0
7341,37.93441860935459,12189.38522948921,0.0,9.994047619047619,0.0,0.0
7342,37.93441860935459,12189.38522948921,0.0,9.994047619047619,0.0,0.0
7343,37.93441860935459,12189.38522948921,0.0,9.994047619047619,0.0,0.0
7344,37.93441860935459,12189.38522948921,0.0,9.994047619047619,0.0,0.0
7345,37.93441860935459,12189.38522948921,0.0,9.994047619047619,0.0,0.0
7346,37.93441860935459,12189.38522948921,0.0,9.994047619047619,0.0,0.0
7347,37.93441860935459,12189.38522948921,0.0,9.994047619047619,0.0,0.0
7348,37.93441860935459,12189.38522948921,0.0,9.994047619047619,0.0,0.0
7349,37.93441860935459,12189.38522948921,0.0,9.994047619047619,0.0,0.0
7350,37.93441860935459,12189.38522948921,0.0,9.994047619047619,0.0,0.0
7351,37.93441860935459,12189.38522948921,0.0,9.994047619047619,0.0,0.0
7352,37.93441860935459,12189.38522948921,0.0,9.994047619047619,0.0,0.0
7353,37.93441860935459,12189.38522948921,0.0,9.994047619047619,0.0,0.0
7354,37.93441860935459,12189.38522948921,0.0,9.994047619047619,0.0,0.0
7355,37.93441860935459,12189.38522948921,0.0,9.994047619047619,0.0,0.0
7356,37.93441860935459,12189.38522948921,0.0,9.994047619047619,0.0,0.0
7357,37.93441860935459,12189.38522948921,0.0,9.994047619047619,0.0,0.0
7358,37.93441860935459,12189.38522948921,0.0,9.994047619047619,0.0,0.0
7359,37.93441860935459,12189.38522948921,0.0,9.994047619047619,0.0,0.0
7360,37.93441860935459,12189.38522948921,0.0,9.994047619047619,0.0,0.0
7361,37.93441860935459,12189.38522948921,0.0,9.994047619047619,0.0,0.0
7362,37.93441860935459,12189.38522948921,0.0,9.994047619047619,0.0,0.0
7363,37.93441860935459,12189.38522948921,0.0,9.994047619047619,0.0,0.0
7364,37.93441860935459,12189.38522948921,0.0,9.994047619047619,0.0,0.0
7365,37.93441860935459,12189.38522948921,0.0,9.994047619047619,0.0,0.0
7366,37.93441860935459,12189.38522948921,0.0,9.994047619047619,0.0,0.0
7367,37.93441860935459,12189.38522948921,0.0,9.994047619047619,0.0,0.0
7368,37.93441860935459,12189.38522948921,0.0,9.994047619047619,0.0,0.0
7369,37.93441860935459,12189.38522948921,0.0,9.994047619047619,0.0,0.0
7370,37.93441860935459,12189.38522948921,0.0,9.994047619047619,0.0,0.0
7371,37.93441860935459,12189.38522948921,0.0,9.994047619047619,0.0,0.0
7372,37.93441860935459,12189.38522948921,0.0,9.994047619047619,0.0,0.0
7373,37.93441860935459,12189.38522948921,0.0,9.994047619047619,0.0,0.0
7374,37.93441860935459,12189.38522948921,0.0,9.994047619047619,0.0,0.0
7375,37.93441860935459,12189.38522948921,0.0,9.994047619047619,0.0,0.0
7376,37.93441860935459,12189.38522948921,0.0,9.994047619047619,0.0,0.0
7377,37.93441860935459,12189.38522948921,0.0,9.994047619047619,0.0,0.0
7378,37.93441860935459,12189.38522948921,0.0,9.994047619047619,0.0,0.0
7379,37.93441860935459,12189.38522948921,0.0,9.994047619047619,0.0,0.0
7380,37.93441860935459,12189.38522948921,0.0,9.994047619047619,0.0,0.0
7381,37.93441860935459,12189.38522948921,0.0,9.994047619047619,0.0,0.0
7382,37.93441860935459,12189.38522948921,0.0,9.994047619047619,0.0,0.0
7383,37.93441860935459,12189.38522948921,0.0,9.994047619047619,0.0,0.0
7384,37.93441860935459,12189.38522948921,0.0,9.994047619047619,0.0,0.0
7385,37.93441860935459,12189.38522948921,0.0,9.994047619047619,0.0,0.0
7386,37.93441860935459,12189.38522948921,0.0,9.994047619047619,0.0,0.0
7387,37.93441860935459,12189.38522948921,0.0,9.994047619047619,0.0,0.0
7388,37.93441860935459,12189.38522948921,0.0,9.994047619047619,0.0,0.0
7389,37.93441860935459,12189.38522948921,0.0,9.994047619047619,0.0,0.0
7390,37.93441860935459,12189.38522948921,0.0,9.994047619047619,0.0,0.0
7391,37.93441860935459,12189.38522948921,0.0,9.994047619047619,0.0,0.0
7392,28.194034171241523,13473.802506559787,0.0,21.706272675151983,0.0,0.0
7393,28.194034171241523,13473.802506559787,0.0,21.706272675151983,0.0,0.0
7394,28.194034171241523,13473.802506559787,0.0,21.706272675151983,0.0,0.0
7395,28.194034171241523,13473.802506559787,0.0,21.706272675151983,0.0,0.0
7396,28.194034171241523,13473.802506559787,0.0,21.706272675151983,0.0,0.0
7397,28.194034171241523,13473.802506559787,0.0,21.706272675151983,0.0,0.0
7398,28.194034171241523,13473.802506559787,0.0,21.706272675151983,0.0,0.0
7399,28.194034171241523,13473.802506559787,0.0,21.706272675151983,0.0,0.0
7400,28.194034171241523,13473.802506559787,0.0,21.706272675151983,0.0,0.0
7401,28.194034171241523,13473.802506559787,0.0,21.706272675151983,0.0,0.0
7402,28.194034171241523,13473.802506559787,0.0,21.706272675151983,0.0,0.0
7403,28.194034171241523,13473.802506559787,0.0,21.706272675151983,0.0,0.0
7404,28.194034171241523,13473.802506559787,0.0,21.706272675151983,0.0,0.0
7405,28.194034171241523,13473.802506559787,0.0,21.706272675151983,0.0,0.0
7406,28.194034171241523,13473.802506559787,0.0,21.706272675151983,0.0,0.0
7407,28.194034171241523,13473.802506559787,0.0,21.706272675151983,0.0,0.0
7408,28.194034171241523,13473.802506559787,0.0,21.706272675151983,0.0,0.0
7409,28.194034171241523,13473.802506559787,0.0,21.706272675151983,0.0,0.0
7410,28.194034171241523,13473.802506559787,0.0,21.706272675151983,0.0,0.0
7411,28.194034171241523,13473.802506559787,0.0,21.706272675151983,0.0,0.0
7412,28.194034171241523,13473.802506559787,0.0,21.706272675151983,0.0,0.0
7413,28.194034171241523,13473.802506559787,0.0,21.706272675151983,0.0,0.0
7414,28.194034171241523,13473.802506559787,0.0,21.706272675151983,0.0,0.0
7415,28.194034171241523,13473.802506559787,0.0,21.706272675151983,0.0,0.0
7416,28.194034171241523,13473.802506559787,0.0,21.706272675151983,0.0,0.0
7417,28.194034171241523,13473.802506559787,0.0,21.706272675151983,0.0,0.0
7418,28.194034171241523,13473.802506559787,0.0,21.706272675151983,0.0,0.0
7419,28.194034171241523,13473.802506559787,0.0,21.706272675151983,0.0,0.0
7420,28.194034171241523,13473.802506559787,0.0,21.706272675151983,0.0,0.0
7421,28.194034171241523,13473.802506559787,0.0,21.706272675151983,0.0,0.0
7422,28.194034171241523,13473.802506559787,0.0,21.706272675151983,0.0,0.0
7423,28.194034171241523,13473.802506559787,0.0,21.706272675151983,0.0,0.0
7424,28.194034171241523,13473.802506559787,0.0,21.706272675151983,0.0,0.0
7425,28.194034171241523,13473.802506559787,0.0,21.706272675151983,0.0,0.0
7426,28.194034171241523,13473.802506559787,0.0,21.706272675151983,0.0,0.0
7427,28.194034171241523,13473.802506559787,0.0,21.706272675151983,0.0,0.0
7428,28.194034171241523,13473.802506559787,0.0,21.706272675151983,0.0,0.0
7429,28.194034171241523,13473.802506559787,0.0,21.706272675151983,0.0,0.0
7430,28.194034171241523,13473.802506559787,0.0,21.706272675151983,0.0,0.0
7431,28.194034171241523,13473.802506559787,0.0,21.706272675151983,0.0,0.0
7432,28.194034171241523,13473.802506559787,0.0,21.706272675151983,0.0,0.0
7433,28.194034171241523,13473.802506559787,0.0,21.706272675151983,0.0,0.0
7434,28.194034171241523,13473.802506559787,0.0,21.706272675151983,0.0,0.0
7435,28.194034171241523,13473.802506559787,0.0,21.706272675151983,0.0,0.0
7436,28.194034171241523,13473.802506559787,0.0,21.706272675151983,0.0,0.0
7437,28.194034171241523,13473.802506559787,0.0,21.706272675151983,0.0,0.0
7438,28.194034171241523,13473.802506559787,0.0,21.706272675151983,0.0,0.0
7439,28.194034171241523,13473.802506559787,0.0,21.706272675151983,0.0,0.0
7440,28.194034171241523,13473.802506559787,0.0,21.706272675151983,0.0,0.0
7441,28.194034171241523,13473.802506559787,0.0,21.706272675151983,0.0,0.0
7442,28.194034171241523,13473.802506559787,0.0,21.706272675151983,0.0,0.0
7443,28.194034171241523,13473.802506559787,0.0,21.706272675151983,0.0,0.0
7444,28.194034171241523,13473.802506559787,0.0,21.706272675151983,0.0,0.0
7445,28.194034171241523,13473.802506559787,0.0,21.706272675151983,0.0,0.0
7446,28.194034171241523,13473.802506559787,0.0,21.706272675151983,0.0,0.0
7447,28.194034171241523,13473.802506559787,0.0,21.706272675151983,0.0,0.0
7448,28.194034171241523,13473.802506559787,0.0,21.706272675151983,0.0,0.0
7449,28.194034171241523,13473.802506559787,0.0,21.706272675151983,0.0,0.0
7450,28.194034171241523,13473.802506559787,0.0,21.706272675151983,0.0,0.0
7451,28.194034171241523,13473.802506559787,0.0,21.706272675151983,0.0,0.0
7452,28.194034171241523,13473.802506559787,0.0,21.706272675151983,0.0,0.0
7453,28.194034171241523,13473.802506559787,0.0,21.706272675151983,0.0,0.0
7454,28.194034171241523,13473.802506559787,0.0,21.706272675151983,0.0,0.0
7455,28.194034171241523,13473.802506559787,0.0,21.706272675151983,0.0,0.0
7456,28.194034171241523,13473.802506559787,0.0,21.706272675151983,0.0,0.0
7457,28.194034171241523,13473.802506559787,0.0,21.706272675151983,0.0,0.0
7458,28.194034171241523,13473.802506559787,0.0,21.706272675151983,0.0,0.0
7459,28.194034171241523,13473.802506559787,0.0,21.706272675151983,0.0,0.0
7460,28.194034171241523,13473.802506559787,0.0,21.706272675151983,0.0,0.0
7461,28.194034171241523,13473.802506559787,0.0,21.706272675151983,0.0,0.0
7462,28.194034171241523,13473.802506559787,0.0,21.706272675151983,0.0,0.0
7463,28.194034171241523,13473.802506559787,0.0,21.706272675151983,0.0,0.0
7464,28.194034171241523,13473.802506559787,0.0,21.706272675151983,0.0,0.0
7465,28.194034171241523,13473.802506559787,0.0,21.706272675151983,0.0,0.0
7466,28.194034171241523,13473.802506559787,0.0,21.706272675151983,0.0,0.0
7467,28.194034171241523,13473.802506559787,0.0,21.706272675151983,0.0,0.0
7468,28.194034171241523,13473.802506559787,0.0,21.706272675151983,0.0,0.0
7469,28.194034171241523,13473.802506559787,0.0,21.706272675151983,0.0,0.0
7470,28.194034171241523,13473.802506559787,0.0,21.706272675151983,0.0,0.0
7471,28.194034171241523,13473.802506559787,0.0,21.706272675151983,0.0,0.0
7472,28.194034171241523,13473.802506559787,0.0,21.706272675151983,0.0,0.0
7473,28.194034171241523,13473.802506559787,0.0,21.706272675151983,0.0,0.0
7474,28.194034171241523,13473.802506559787,0.0,21.706272675151983,0.0,0.0
7475,28.194034171241523,13473.802506559787,0.0,21.706272675151983,0.0,0.0
7476,28.194034171241523,13473.802506559787,0.0,21.706272675151983,0.0,0.0
7477,28.194034171241523,13473.802506559787,0.0,21.706272675151983,0.0,0.0
7478,28.194034171241523,13473.802506559787,0.0,21.706272675151983,0.0,0.0
7479,28.194034171241523,13473.802506559787,0.0,21.706272675151983,0.0,0.0
7480,28.194034171241523,13473.802506559787,0.0,21.706272675151983,0.0,0.0
7481,28.194034171241523,13473.802506559787,0.0,21.706272675151983,0.0,0.0
7482,28.194034171241523,13473.802506559787,0.0,21.706272675151983,0.0,0.0
7483,28.194034171241523,13473.802506559787,0.0,21.706272675151983,0.0,0.0
7484,28.194034171241523,13473.802506559787,0.0,21.706272675151983,0.0,0.0
7485,28.194034171241523,13473.802506559787,0.0,21.706272675151983,0.0,0.0
7486,28.194034171241523,13473.802506559787,0.0,21.706272675151983,0.0,0.0
7487,28.194034171241523,13473.802506559787,0.0,21.706272675151983,0.0,0.0
7488,28.194034171241523,13473.802506559787,0.0,21.706272675151983,0.0,0.0
7489,28.194034171241523,13473.802506559787,0.0,21.706272675151983,0.0,0.0
7490,28.194034171241523,13473.802506559787,0.0,21.706272675151983,0.0,0.0
7491,28.194034171241523,13473.802506559787,0.0,21.706272675151983,0.0,0.0
7492,28.194034171241523,13473.802506559787,0.0,21.706272675151983,0.0,0.0
7493,28.194034171241523,13473.802506559787,0.0,21.706272675151983,0.0,0.0
7494,28.194034171241523,13473.802506559787,0.0,21.706272675151983,0.0,0.0
7495,28.194034171241523,13473.802506559787,0.0,21.706272675151983,0.0,0.0
7496,28.194034171241523,13473.802506559787,0.0,21.706272675151983,0.0,0.0
7497,28.194034171241523,13473.802506559787,0.0,21.706272675151983,0.0,0.0
7498,28.194034171241523,13473.802506559787,0.0,21.706272675151983,0.0,0.0
7499,28.194034171241523,13473.802506559787,0.0,21.706272675151983,0.0,0.0
7500,28.194034171241523,13473.802506559787,0.0,21.706272675151983,0.0,0.0
7501,28.194034171241523,13473.802506559787,0.0,21.706272675151983,0.0,0.0
7502,28.194034171241523,13473.802506559787,0.0,21.706272675151983,0.0,0.0
7503,28.194034171241523,13473.802506559787,0.0,21.706272675151983,0.0,0.0
7504,28.194034171241523,13473.802506559787,0.0,21.706272675151983,0.0,0.0
7505,28.194034171241523,13473.802506559787,0.0,21.706272675151983,0.0,0.0
7506,28.194034171241523,13473.802506559787,0.0,21.706272675151983,0.0,0.0
7507,28.194034171241523,13473.802506559787,0.0,21.706272675151983,0.0,0.0
7508,28.194034171241523,13473.802506559787,0.0,21.706272675151983,0.0,0.0
7509,28.194034171241523,13473.802506559787,0.0,21.706272675151983,0.0,0.0
7510,28.194034171241523,13473.802506559787,0.0,21.706272675151983,0.0,0.0
7511,28.194034171241523,13473.802506559787,0.0,21.706272675151983,0.0,0.0
7512,28.194034171241523,13473.802506559787,0.0,21.706272675151983,0.0,0.0
7513,28.194034171241523,13473.802506559787,0.0,21.706272675151983,0.0,0.0
7514,28.194034171241523,13473.802506559787,0.0,21.706272675151983,0.0,0.0
7515,28.194034171241523,13473.802506559787,0.0,21.706272675151983,0.0,0.0
7516,28.194034171241523,13473.802506559787,0.0,21.706272675151983,0.0,0.0
7517,28.194034171241523,13473.802506559787,0.0,21.706272675151983,0.0,0.0
7518,28.194034171241523,13473.802506559787,0.0,21.706272675151983,0.0,0.0
7519,28.194034171241523,13473.802506559787,0.0,21.706272675151983,0.0,0.0
7520,28.194034171241523,13473.802506559787,0.0,21.706272675151983,0.0,0.0
7521,28.194034171241523,13473.802506559787,0.0,21.706272675151983,0.0,0.0
7522,28.194034171241523,13473.802506559787,0.0,21.706272675151983,0.0,0.0
7523,28.194034171241523,13473.802506559787,0.0,21.706272675151983,0.0,0.0
7524,28.194034171241523,13473.802506559787,0.0,21.706272675151983,0.0,0.0
7525,28.194034171241523,13473.802506559787,0.0,21.706272675151983,0.0,0.0
7526,28.194034171241523,13473.802506559787,0.0,21.706272675151983,0.0,0.0
7527,28.194034171241523,13473.802506559787,0.0,21.706272675151983,0.0,0.0
7528,28.194034171241523,13473.802506559787,0.0,21.706272675151983,0.0,0.0
7529,28.194034171241523,13473.802506559787,0.0,21.706272675151983,0.0,0.0
7530,28.194034171241523,13473.802506559787,0.0,21.706272675151983,0.0,0.0
7531,28.194034171241523,13473.802506559787,0.0,21.706272675151983,0.0,0.0
7532,28.194034171241523,13473.802506559787,0.0,21.706272675151983,0.0,0.0
7533,28.194034171241523,13473.802506559787,0.0,21.706272675151983,0.0,0.0
7534,28.194034171241523,13473.802506559787,0.0,21.706272675151983,0.0,0.0
7535,28.194034171241523,13473.802506559787,0.0,21.706272675151983,0.0,0.0
7536,28.194034171241523,13473.802506559787,0.0,21.706272675151983,0.0,0.0
7537,28.194034171241523,13473.802506559787,0.0,21.706272675151983,0.0,0.0
7538,28.194034171241523,13473.802506559787,0.0,21.706272675151983,0.0,0.0
7539,28.194034171241523,13473.802506559787,0.0,21.706272675151983,0.0,0.0
7540,28.194034171241523,13473.802506559787,0.0,21.706272675151983,0.0,0.0
7541,28.194034171241523,13473.802506559787,0.0,21.706272675151983,0.0,0.0
7542,28.194034171241523,13473.802506559787,0.0,21.706272675151983,0.0,0.0
7543,28.194034171241523,13473.802506559787,0.0,21.706272675151983,0.0,0.0
7544,28.194034171241523,13473.802506559787,0.0,21.706272675151983,0.0,0.0
7545,28.194034171241523,13473.802506559787,0.0,21.706272675151983,0.0,0.0
7546,28.194034171241523,13473.802506559787,0.0,21.706272675151983,0.0,0.0
7547,28.194034171241523,13473.802506559787,0.0,21.706272675151983,0.0,0.0
7548,28.194034171241523,13473.802506559787,0.0,21.706272675151983,0.0,0.0
7549,28.194034171241523,13473.802506559787,0.0,21.706272675151983,0.0,0.0
7550,28.194034171241523,13473.802506559787,0.0,21.706272675151983,0.0,0.0
7551,28.194034171241523,13473.802506559787,0.0,21.706272675151983,0.0,0.0
7552,28.194034171241523,13473.802506559787,0.0,21.706272675151983,0.0,0.0
7553,28.194034171241523,13473.802506559787,0.0,21.706272675151983,0.0,0.0
7554,28.194034171241523,13473.802506559787,0.0,21.706272675151983,0.0,0.0
7555,28.194034171241523,13473.802506559787,0.0,21.706272675151983,0.0,0.0
7556,28.194034171241523,13473.802506559787,0.0,21.706272675151983,0.0,0.0
7557,28.194034171241523,13473.802506559787,0.0,21.706272675151983,0.0,0.0
7558,28.194034171241523,13473.802506559787,0.0,21.706272675151983,0.0,0.0
7559,28.194034171241523,13473.802506559787,0.0,21.706272675151983,0.0,0.0
7560,43.85349084027571,17352.299593086347,0.0,9.994047619047619,0.0,0.0
7561,43.85349084027571,17352.299593086347,0.0,9.994047619047619,0.0,0.0
7562,43.85349084027571,17352.299593086347,0.0,9.994047619047619,0.0,0.0
7563,43.85349084027571,17352.299593086347,0.0,9.994047619047619,0.0,0.0
7564,43.85349084027571,17352.299593086347,0.0,9.994047619047619,0.0,0.0
7565,43.85349084027571,17352.299593086347,0.0,9.994047619047619,0.0,0.0
7566,43.85349084027571,17352.299593086347,0.0,9.994047619047619,0.0,0.0
7567,43.85349084027571,17352.299593086347,0.0,9.994047619047619,0.0,0.0
7568,43.85349084027571,17352.299593086347,0.0,9.994047619047619,0.0,0.0
7569,43.85349084027571,17352.299593086347,0.0,9.994047619047619,0.0,0.0
7570,43.85349084027571,17352.299593086347,0.0,9.994047619047619,0.0,0.0
7571,43.85349084027571,17352.299593086347,0.0,9.994047619047619,0.0,0.0
7572,43.85349084027571,17352.299593086347,0.0,9.994047619047619,0.0,0.0
7573,43.85349084027571,17352.299593086347,0.0,9.994047619047619,0.0,0.0
7574,43.85349084027571,17352.299593086347,0.0,9.994047619047619,0.0,0.0
7575,43.85349084027571,17352.299593086347,0.0,9.994047619047619,0.0,0.0
7576,43.85349084027571,17352.299593086347,0.0,9.994047619047619,0.0,0.0
7577,43.85349084027571,17352.299593086347,0.0,9.994047619047619,0.0,0.0
7578,43.85349084027571,17352.299593086347,0.0,9.994047619047619,0.0,0.0
7579,43.85349084027571,17352.299593086347,0.0,9.994047619047619,0.0,0.0
7580,43.85349084027571,17352.299593086347,0.0,9.994047619047619,0.0,0.0
7581,43.85349084027571,17352.299593086347,0.0,9.994047619047619,0.0,0.0
7582,43.85349084027571,17352.299593086347,0.0,9.994047619047619,0.0,0.0
7583,43.85349084027571,17352.299593086347,0.0,9.994047619047619,0.0,0.0
7584,43.85349084027571,17352.299593086347,0.0,9.994047619047619,0.0,0.0
7585,43.85349084027571,17352.299593086347,0.0,9.994047619047619,0.0,0.0
7586,43.85349084027571,17352.299593086347,0.0,9.994047619047619,0.0,0.0
7587,43.85349084027571,17352.299593086347,0.0,9.994047619047619,0.0,0.0
7588,43.85349084027571,17352.299593086347,0.0,9.994047619047619,0.0,0.0
7589,43.85349084027571,17352.299593086347,0.0,9.994047619047619,0.0,0.0
7590,43.85349084027571,17352.299593086347,0.0,9.994047619047619,0.0,0.0
7591,43.85349084027571,17352.299593086347,0.0,9.994047619047619,0.0,0.0
7592,43.85349084027571,17352.299593086347,0.0,9.994047619047619,0.0,0.0
7593,43.85349084027571,17352.299593086347,0.0,9.994047619047619,0.0,0.0
7594,43.85349084027571,17352.299593086347,0.0,9.994047619047619,0.0,0.0
7595,43.85349084027571,17352.299593086347,0.0,9.994047619047619,0.0,0.0
7596,43.85349084027571,17352.299593086347,0.0,9.994047619047619,0.0,0.0
7597,43.85349084027571,17352.299593086347,0.0,9.994047619047619,0.0,0.0
7598,43.85349084027571,17352.299593086347,0.0,9.994047619047619,0.0,0.0
7599,43.85349084027571,17352.299593086347,0.0,9.994047619047619,0.0,0.0
7600,43.85349084027571,17352.299593086347,0.0,9.994047619047619,0.0,0.0
7601,43.85349084027571,17352.299593086347,0.0,9.994047619047619,0.0,0.0
7602,43.85349084027571,17352.299593086347,0.0,9.994047619047619,0.0,0.0
7603,43.85349084027571,17352.299593086347,0.0,9.994047619047619,0.0,0.0
7604,43.85349084027571,17352.299593086347,0.0,9.994047619047619,0.0,0.0
7605,43.85349084027571,17352.299593086347,0.0,9.994047619047619,0.0,0.0
7606,43.85349084027571,17352.299593086347,0.0,9.994047619047619,0.0,0.0
7607,43.85349084027571,17352.299593086347,0.0,9.994047619047619,0.0,0.0
7608,43.85349084027571,17352.299593086347,0.0,9.994047619047619,0.0,0.0
7609,43.85349084027571,17352.299593086347,0.0,9.994047619047619,0.0,0.0
7610,43.85349084027571,17352.299593086347,0.0,9.994047619047619,0.0,0.0
7611,43.85349084027571,17352.299593086347,0.0,9.994047619047619,0.0,0.0
7612,43.85349084027571,17352.299593086347,0.0,9.994047619047619,0.0,0.0
7613,43.85349084027571,17352.299593086347,0.0,9.994047619047619,0.0,0.0
7614,43.85349084027571,17352.299593086347,0.0,9.994047619047619,0.0,0.0
7615,43.85349084027571,17352.299593086347,0.0,9.994047619047619,0.0,0.0
7616,43.85349084027571,17352.299593086347,0.0,9.994047619047619,0.0,0.0
7617,43.85349084027571,17352.299593086347,0.0,9.994047619047619,0.0,0.0
7618,43.85349084027571,17352.299593086347,0.0,9.994047619047619,0.0,0.0
7619,43.85349084027571,17352.299593086347,0.0,9.994047619047619,0.0,0.0
7620,43.85349084027571,17352.299593086347,0.0,9.994047619047619,0.0,0.0
7621,43.85349084027571,17352.299593086347,0.0,9.994047619047619,0.0,0.0
7622,43.85349084027571,17352.299593086347,0.0,9.994047619047619,0.0,0.0
7623,43.85349084027571,17352.299593086347,0.0,9.994047619047619,0.0,0.0
7624,43.85349084027571,17352.299593086347,0.0,9.994047619047619,0.0,0.0
7625,43.85349084027571,17352.299593086347,0.0,9.994047619047619,0.0,0.0
7626,43.85349084027571,17352.299593086347,0.0,9.994047619047619,0.0,0.0
7627,43.85349084027571,17352.299593086347,0.0,9.994047619047619,0.0,0.0
7628,43.85349084027571,17352.299593086347,0.0,9.994047619047619,0.0,0.0
7629,43.85349084027571,17352.299593086347,0.0,9.994047619047619,0.0,0.0
7630,43.85349084027571,17352.299593086347,0.0,9.994047619047619,0.0,0.0
7631,43.85349084027571,17352.299593086347,0.0,9.994047619047619,0.0,0.0
7632,43.85349084027571,17352.299593086347,0.0,9.994047619047619,0.0,0.0
7633,43.85349084027571,17352.299593086347,0.0,9.994047619047619,0.0,0.0
7634,43.85349084027571,17352.299593086347,0.0,9.994047619047619,0.0,0.0
7635,43.85349084027571,17352.299593086347,0.0,9.994047619047619,0.0,0.0
7636,43.85349084027571,17352.299593086347,0.0,9.994047619047619,0.0,0.0
7637,43.85349084027571,17352.299593086347,0.0,9.994047619047619,0.0,0.0
7638,43.85349084027571,17352.299593086347,0.0,9.994047619047619,0.0,0.0
7639,43.85349084027571,17352.299593086347,0.0,9.994047619047619,0.0,0.0
7640,43.85349084027571,17352.299593086347,0.0,9.994047619047619,0.0,0.0
7641,43.85349084027571,17352.299593086347,0.0,9.994047619047619,0.0,0.0
7642,43.85349084027571,17352.299593086347,0.0,9.994047619047619,0.0,0.0
7643,43.85349084027571,17352.299593086347,0.0,9.994047619047619,0.0,0.0
7644,43.85349084027571,17352.299593086347,0.0,9.994047619047619,0.0,0.0
7645,43.85349084027571,17352.299593086347,0.0,9.994047619047619,0.0,0.0
7646,43.85349084027571,17352.299593086347,0.0,9.994047619047619,0.0,0.0
7647,43.85349084027571,17352.299593086347,0.0,9.994047619047619,0.0,0.0
7648,43.85349084027571,17352.299593086347,0.0,9.994047619047619,0.0,0.0
7649,43.85349084027571,17352.299593086347,0.0,9.994047619047619,0.0,0.0
7650,43.85349084027571,17352.299593086347,0.0,9.994047619047619,0.0,0.0
7651,43.85349084027571,17352.299593086347,0.0,9.994047619047619,0.0,0.0
7652,43.85349084027571,17352.299593086347,0.0,9.994047619047619,0.0,0.0
7653,43.85349084027571,17352.299593086347,0.0,9.994047619047619,0.0,0.0
7654,43.85349084027571,17352.299593086347,0.0,9.994047619047619,0.0,0.0
7655,43.85349084027571,17352.299593086347,0.0,9.994047619047619,0.0,0.0
7656,43.85349084027571,17352.299593086347,0.0,9.994047619047619,0.0,0.0
7657,43.85349084027571,17352.299593086347,0.0,9.994047619047619,0.0,0.0
7658,43.85349084027571,17352.299593086347,0.0,9.994047619047619,0.0,0.0
7659,43.85349084027571,17352.299593086347,0.0,9.994047619047619,0.0,0.0
7660,43.85349084027571,17352.299593086347,0.0,9.994047619047619,0.0,0.0
7661,43.85349084027571,17352.299593086347,0.0,9.994047619047619,0.0,0.0
7662,43.85349084027571,17352.299593086347,0.0,9.994047619047619,0.0,0.0
7663,43.85349084027571,17352.299593086347,0.0,9.994047619047619,0.0,0.0
7664,43.85349084027571,17352.299593086347,0.0,9.994047619047619,0.0,0.0
7665,43.85349084027571,17352.299593086347,0.0,9.994047619047619,0.0,0.0
7666,43.85349084027571,17352.299593086347,0.0,9.994047619047619,0.0,0.0
7667,43.85349084027571,17352.299593086347,0.0,9.994047619047619,0.0,0.0
7668,43.85349084027571,17352.299593086347,0.0,9.994047619047619,0.0,0.0
7669,43.85349084027571,17352.299593086347,0.0,9.994047619047619,0.0,0.0
7670,43.85349084027571,17352.299593086347,0.0,9.994047619047619,0.0,0.0
7671,43.85349084027571,17352.299593086347,0.0,9.994047619047619,0.0,0.0
7672,43.85349084027571,17352.299593086347,0.0,9.994047619047619,0.0,0.0
7673,43.85349084027571,17352.299593086347,0.0,9.994047619047619,0.0,0.0
7674,43.85349084027571,17352.299593086347,0.0,9.994047619047619,0.0,0.0
7675,43.85349084027571,17352.299593086347,0.0,9.994047619047619,0.0,0.0
7676,43.85349084027571,17352.299593086347,0.0,9.994047619047619,0.0,0.0
7677,43.85349084027571,17352.299593086347,0.0,9.994047619047619,0.0,0.0
7678,43.85349084027571,17352.299593086347,0.0,9.994047619047619,0.0,0.0
7679,43.85349084027571,17352.299593086347,0.0,9.994047619047619,0.0,0.0
7680,43.85349084027571,17352.299593086347,0.0,9.994047619047619,0.0,0.0
7681,43.85349084027571,17352.299593086347,0.0,9.994047619047619,0.0,0.0
7682,43.85349084027571,17352.299593086347,0.0,9.994047619047619,0.0,0.0
7683,43.85349084027571,17352.299593086347,0.0,9.994047619047619,0.0,0.0
7684,43.85349084027571,17352.299593086347,0.0,9.994047619047619,0.0,0.0
7685,43.85349084027571,17352.299593086347,0.0,9.994047619047619,0.0,0.0
7686,43.85349084027571,17352.299593086347,0.0,9.994047619047619,0.0,0.0
7687,43.85349084027571,17352.299593086347,0.0,9.994047619047619,0.0,0.0
7688,43.85349084027571,17352.299593086347,0.0,9.994047619047619,0.0,0.0
7689,43.85349084027571,17352.299593086347,0.0,9.994047619047619,0.0,0.0
7690,43.85349084027571,17352.299593086347,0.0,9.994047619047619,0.0,0.0
7691,43.85349084027571,17352.299593086347,0.0,9.994047619047619,0.0,0.0
7692,43.85349084027571,17352.299593086347,0.0,9.994047619047619,0.0,0.0
7693,43.85349084027571,17352.299593086347,0.0,9.994047619047619,0.0,0.0
7694,43.85349084027571,17352.299593086347,0.0,9.994047619047619,0.0,0.0
7695,43.85349084027571,17352.299593086347,0.0,9.994047619047619,0.0,0.0
7696,43.85349084027571,17352.299593086347,0.0,9.994047619047619,0.0,0.0
7697,43.85349084027571,17352.299593086347,0.0,9.994047619047619,0.0,0.0
7698,43.85349084027571,17352.299593086347,0.0,9.994047619047619,0.0,0.0
7699,43.85349084027571,17352.299593086347,0.0,9.994047619047619,0.0,0.0
7700,43.85349084027571,17352.299593086347,0.0,9.994047619047619,0.0,0.0
7701,43.85349084027571,17352.299593086347,0.0,9.994047619047619,0.0,0.0
7702,43.85349084027571,17352.299593086347,0.0,9.994047619047619,0.0,0.0
7703,43.85349084027571,17352.299593086347,0.0,9.994047619047619,0.0,0.0
7704,43.85349084027571,17352.299593086347,0.0,9.994047619047619,0.0,0.0
7705,43.85349084027571,17352.299593086347,0.0,9.994047619047619,0.0,0.0
7706,43.85349084027571,17352.299593086347,0.0,9.994047619047619,0.0,0.0
7707,43.85349084027571,17352.299593086347,0.0,9.994047619047619,0.0,0.0
7708,43.85349084027571,17352.299593086347,0.0,9.994047619047619,0.0,0.0
7709,43.85349084027571,17352.299593086347,0.0,9.994047619047619,0.0,0.0
7710,43.85349084027571,17352.299593086347,0.0,9.994047619047619,0.0,0.0
7711,43.85349084027571,17352.299593086347,0.0,9.994047619047619,0.0,0.0
7712,43.85349084027571,17352.299593086347,0.0,9.994047619047619,0.0,0.0
7713,43.85349084027571,17352.299593086347,0.0,9.994047619047619,0.0,0.0
7714,43.85349084027571,17352.299593086347,0.0,9.994047619047619,0.0,0.0
7715,43.85349084027571,17352.299593086347,0.0,9.994047619047619,0.0,0.0
7716,43.85349084027571,17352.299593086347,0.0,9.994047619047619,0.0,0.0
7717,43.85349084027571,17352.299593086347,0.0,9.994047619047619,0.0,0.0
7718,43.85349084027571,17352.299593086347,0.0,9.994047619047619,0.0,0.0
7719,43.85349084027571,17352.299593086347,0.0,9.994047619047619,0.0,0.0
7720,43.85349084027571,17352.299593086347,0.0,9.994047619047619,0.0,0.0
7721,43.85349084027571,17352.299593086347,0.0,9.994047619047619,0.0,0.0
7722,43.85349084027571,17352.299593086347,0.0,9.994047619047619,0.0,0.0
7723,43.85349084027571,17352.299593086347,0.0,9.994047619047619,0.0,0.0
7724,43.85349084027571,17352.299593086347,0.0,9.994047619047619,0.0,0.0
7725,43.85349084027571,17352.299593086347,0.0,9.994047619047619,0.0,0.0
7726,43.85349084027571,17352.299593086347,0.0,9.994047619047619,0.0,0.0
7727,43.85349084027571,17352.299593086347,0.0,9.994047619047619,0.0,0.0
7728,34.9456418325986,10435.030121752374,0.0,9.994047619047619,0.0,0.0
7729,34.9456418325986,10435.030121752374,0.0,9.994047619047619,0.0,0.0
7730,34.9456418325986,10435.030121752374,0.0,9.994047619047619,0.0,0.0
7731,34.9456418325986,10435.030121752374,0.0,9.994047619047619,0.0,0.0
7732,34.9456418325986,10435.030121752374,0.0,9.994047619047619,0.0,0.0
7733,34.9456418325986,10435.030121752374,0.0,9.994047619047619,0.0,0.0
7734,34.9456418325986,10435.030121752374,0.0,9.994047619047619,0.0,0.0
7735,34.9456418325986,10435.030121752374,0.0,9.994047619047619,0.0,0.0
7736,34.9456418325986,10435.030121752374,0.0,9.994047619047619,0.0,0.0
7737,34.9456418325986,10435.030121752374,0.0,9.994047619047619,0.0,0.0
7738,34.9456418325986,10435.030121752374,0.0,9.994047619047619,0.0,0.0
7739,34.9456418325986,10435.030121752374,0.0,9.994047619047619,0.0,0.0
7740,34.9456418325986,10435.030121752374,0.0,9.994047619047619,0.0,0.0
7741,34.9456418325986,10435.030121752374,0.0,9.994047619047619,0.0,0.0
7742,34.9456418325986,10435.030121752374,0.0,9.994047619047619,0.0,0.0
7743,34.9456418325986,10435.030121752374,0.0,9.994047619047619,0.0,0.0
7744,34.9456418325986,10435.030121752374,0.0,9.994047619047619,0.0,0.0
7745,34.9456418325986,10435.030121752374,0.0,9.994047619047619,0.0,0.0
7746,34.9456418325986,10435.030121752374,0.0,9.994047619047619,0.0,0.0
7747,34.9456418325986,10435.030121752374,0.0,9.994047619047619,0.0,0.0
7748,34.9456418325986,10435.030121752374,0.0,9.994047619047619,0.0,0.0
7749,34.9456418325986,10435.030121752374,0.0,9.994047619047619,0.0,0.0
7750,34.9456418325986,10435.030121752374,0.0,9.994047619047619,0.0,0.0
7751,34.9456418325986,10435.030121752374,0.0,9.994047619047619,0.0,0.0
7752,34.9456418325986,10435.030121752374,0.0,9.994047619047619,0.0,0.0
7753,34.9456418325986,10435.030121752374,0.0,9.994047619047619,0.0,0.0
7754,34.9456418325986,10435.030121752374,0.0,9.994047619047619,0.0,0.0
7755,34.9456418325986,10435.030121752374,0.0,9.994047619047619,0.0,0.0
7756,34.9456418325986,10435.030121752374,0.0,9.994047619047619,0.0,0.0
7757,34.9456418325986,10435.030121752374,0.0,9.994047619047619,0.0,0.0
7758,34.9456418325986,10435.030121752374,0.0,9.994047619047619,0.0,0.0
7759,34.9456418325986,10435.030121752374,0.0,9.994047619047619,0.0,0.0
7760,34.9456418325986,10435.030121752374,0.0,9.994047619047619,0.0,0.0
7761,34.9456418325986,10435.030121752374,0.0,9.994047619047619,0.0,0.0
7762,34.9456418325986,10435.030121752374,0.0,9.994047619047619,0.0,0.0
7763,34.9456418325986,10435.030121752374,0.0,9.994047619047619,0.0,0.0
7764,34.9456418325986,10435.030121752374,0.0,9.994047619047619,0.0,0.0
7765,34.9456418325986,10435.030121752374,0.0,9.994047619047619,0.0,0.0
7766,34.9456418325986,10435.030121752374,0.0,9.994047619047619,0.0,0.0
7767,34.9456418325986,10435.030121752374,0.0,9.994047619047619,0.0,0.0
7768,34.9456418325986,10435.030121752374,0.0,9.994047619047619,0.0,0.0
7769,34.9456418325986,10435.030121752374,0.0,9.994047619047619,0.0,0.0
7770,34.9456418325986,10435.030121752374,0.0,9.994047619047619,0.0,0.0
7771,34.9456418325986,10435.030121752374,0.0,9.994047619047619,0.0,0.0
7772,34.9456418325986,10435.030121752374,0.0,9.994047619047619,0.0,0.0
7773,34.9456418325986,10435.030121752374,0.0,9.994047619047619,0.0,0.0
7774,34.9456418325986,10435.030121752374,0.0,9.994047619047619,0.0,0.0
7775,34.9456418325986,10435.030121752374,0.0,9.994047619047619,0.0,0.0
7776,34.9456418325986,10435.030121752374,0.0,9.994047619047619,0.0,0.0
7777,34.9456418325986,10435.030121752374,0.0,9.994047619047619,0.0,0.0
7778,34.9456418325986,10435.030121752374,0.0,9.994047619047619,0.0,0.0
7779,34.9456418325986,10435.030121752374,0.0,9.994047619047619,0.0,0.0
7780,34.9456418325986,10435.030121752374,0.0,9.994047619047619,0.0,0.0
7781,34.9456418325986,10435.030121752374,0.0,9.994047619047619,0.0,0.0
7782,34.9456418325986,10435.030121752374,0.0,9.994047619047619,0.0,0.0
7783,34.9456418325986,10435.030121752374,0.0,9.994047619047619,0.0,0.0
7784,34.9456418325986,10435.030121752374,0.0,9.994047619047619,0.0,0.0
7785,34.9456418325986,10435.030121752374,0.0,9.994047619047619,0.0,0.0
7786,34.9456418325986,10435.030121752374,0.0,9.994047619047619,0.0,0.0
7787,34.9456418325986,10435.030121752374,0.0,9.994047619047619,0.0,0.0
7788,34.9456418325986,10435.030121752374,0.0,9.994047619047619,0.0,0.0
7789,34.9456418325986,10435.030121752374,0.0,9.994047619047619,0.0,0.0
7790,34.9456418325986,10435.030121752374,0.0,9.994047619047619,0.0,0.0
7791,34.9456418325986,10435.030121752374,0.0,9.994047619047619,0.0,0.0
7792,34.9456418325986,10435.030121752374,0.0,9.994047619047619,0.0,0.0
7793,34.9456418325986,10435.030121752374,0.0,9.994047619047619,0.0,0.0
7794,34.9456418325986,10435.030121752374,0.0,9.994047619047619,0.0,0.0
7795,34.9456418325986,10435.030121752374,0.0,9.994047619047619,0.0,0.0
7796,34.9456418325986,10435.030121752374,0.0,9.994047619047619,0.0,0.0
7797,34.9456418325986,10435.030121752374,0.0,9.994047619047619,0.0,0.0
7798,34.9456418325986,10435.030121752374,0.0,9.994047619047619,0.0,0.0
7799,34.9456418325986,10435.030121752374,0.0,9.994047619047619,0.0,0.0
7800,34.9456418325986,10435.030121752374,0.0,9.994047619047619,0.0,0.0
7801,34.9456418325986,10435.030121752374,0.0,9.994047619047619,0.0,0.0
7802,34.9456418325986,10435.030121752374,0.0,9.994047619047619,0.0,0.0
7803,34.9456418325986,10435.030121752374,0.0,9.994047619047619,0.0,0.0
7804,34.9456418325986,10435.030121752374,0.0,9.994047619047619,0.0,0.0
7805,34.9456418325986,10435.030121752374,0.0,9.994047619047619,0.0,0.0
7806,34.9456418325986,10435.030121752374,0.0,9.994047619047619,0.0,0.0
7807,34.9456418325986,10435.030121752374,0.0,9.994047619047619,0.0,0.0
7808,34.9456418325986,10435.030121752374,0.0,9.994047619047619,0.0,0.0
7809,34.9456418325986,10435.030121752374,0.0,9.994047619047619,0.0,0.0
7810,34.9456418325986,10435.030121752374,0.0,9.994047619047619,0.0,0.0
7811,34.9456418325986,10435.030121752374,0.0,9.994047619047619,0.0,0.0
7812,34.9456418325986,10435.030121752374,0.0,9.994047619047619,0.0,0.0
7813,34.9456418325986,10435.030121752374,0.0,9.994047619047619,0.0,0.0
7814,34.9456418325986,10435.030121752374,0.0,9.994047619047619,0.0,0.0
7815,34.9456418325986,10435.030121752374,0.0,9.994047619047619,0.0,0.0
7816,34.9456418325986,10435.030121752374,0.0,9.994047619047619,0.0,0.0
7817,34.9456418325986,10435.030121752374,0.0,9.994047619047619,0.0,0.0
7818,34.9456418325986,10435.030121752374,0.0,9.994047619047619,0.0,0.0
7819,34.9456418325986,10435.030121752374,0.0,9.994047619047619,0.0,0.0
7820,34.9456418325986,10435.030121752374,0.0,9.994047619047619,0.0,0.0
7821,34.9456418325986,10435.030121752374,0.0,9.994047619047619,0.0,0.0
7822,34.9456418325986,10435.030121752374,0.0,9.994047619047619,0.0,0.0
7823,34.9456418325986,10435.030121752374,0.0,9.994047619047619,0.0,0.0
7824,34.9456418325986,10435.030121752374,0.0,9.994047619047619,0.0,0.0
7825,34.9456418325986,10435.030121752374,0.0,9.994047619047619,0.0,0.0
7826,34.9456418325986,10435.030121752374,0.0,9.994047619047619,0.0,0.0
7827,34.9456418325986,10435.030121752374,0.0,9.994047619047619,0.0,0.0
7828,34.9456418325986,10435.030121752374,0.0,9.994047619047619,0.0,0.0
7829,34.9456418325986,10435.030121752374,0.0,9.994047619047619,0.0,0.0
7830,34.9456418325986,10435.030121752374,0.0,9.994047619047619,0.0,0.0
7831,34.9456418325986,10435.030121752374,0.0,9.994047619047619,0.0,0.0
7832,34.9456418325986,10435.030121752374,0.0,9.994047619047619,0.0,0.0
7833,34.9456418325986,10435.030121752374,0.0,9.994047619047619,0.0,0.0
7834,34.9456418325986,10435.030121752374,0.0,9.994047619047619,0.0,0.0
7835,34.9456418325986,10435.030121752374,0.0,9.994047619047619,0.0,0.0
7836,34.9456418325986,10435.030121752374,0.0,9.994047619047619,0.0,0.0
7837,34.9456418325986,10435.030121752374,0.0,9.994047619047619,0.0,0.0
7838,34.9456418325986,10435.030121752374,0.0,9.994047619047619,0.0,0.0
7839,34.9456418325986,10435.030121752374,0.0,9.994047619047619,0.0,0.0
7840,34.9456418325986,10435.030121752374,0.0,9.994047619047619,0.0,0.0
7841,34.9456418325986,10435.030121752374,0.0,9.994047619047619,0.0,0.0
7842,34.9456418325986,10435.030121752374,0.0,9.994047619047619,0.0,0.0
7843,34.9456418325986,10435.030121752374,0.0,9.994047619047619,0.0,0.0
7844,34.9456418325986,10435.030121752374,0.0,9.994047619047619,0.0,0.0
7845,34.9456418325986,10435.030121752374,0.0,9.994047619047619,0.0,0.0
7846,34.9456418325986,10435.030121752374,0.0,9.994047619047619,0.0,0.0
7847,34.9456418325986,10435.030121752374,0.0,9.994047619047619,0.0,0.0
7848,34.9456418325986,10435.030121752374,0.0,9.994047619047619,0.0,0.0
7849,34.9456418325986,10435.030121752374,0.0,9.994047619047619,0.0,0.0
7850,34.9456418325986,10435.030121752374,0.0,9.994047619047619,0.0,0.0
7851,34.9456418325986,10435.030121752374,0.0,9.994047619047619,0.0,0.0
7852,34.9456418325986,10435.030121752374,0.0,9.994047619047619,0.0,0.0
7853,34.9456418325986,10435.030121752374,0.0,9.994047619047619,0.0,0.0
7854,34.9456418325986,10435.030121752374,0.0,9.994047619047619,0.0,0.0
7855,34.9456418325986,10435.030121752374,0.0,9.994047619047619,0.0,0.0
7856,34.9456418325986,10435.030121752374,0.0,9.994047619047619,0.0,0.0
7857,34.9456418325986,10435.030121752374,0.0,9.994047619047619,0.0,0.0
7858,34.9456418325986,10435.030121752374,0.0,9.994047619047619,0.0,0.0
7859,34.9456418325986,10435.030121752374,0.0,9.994047619047619,0.0,0.0
7860,34.9456418325986,10435.030121752374,0.0,9.994047619047619,0.0,0.0
7861,34.9456418325986,10435.030121752374,0.0,9.994047619047619,0.0,0.0
7862,34.9456418325986,10435.030121752374,0.0,9.994047619047619,0.0,0.0
7863,34.9456418325986,10435.030121752374,0.0,9.994047619047619,0.0,0.0
7864,34.9456418325986,10435.030121752374,0.0,9.994047619047619,0.0,0.0
7865,34.9456418325986,10435.030121752374,0.0,9.994047619047619,0.0,0.0
7866,34.9456418325986,10435.030121752374,0.0,9.994047619047619,0.0,0.0
7867,34.9456418325986,10435.030121752374,0.0,9.994047619047619,0.0,0.0
7868,34.9456418325986,10435.030121752374,0.0,9.994047619047619,0.0,0.0
7869,34.9456418325986,10435.030121752374,0.0,9.994047619047619,0.0,0.0
7870,34.9456418325986,10435.030121752374,0.0,9.994047619047619,0.0,0.0
7871,34.9456418325986,10435.030121752374,0.0,9.994047619047619,0.0,0.0
7872,34.9456418325986,10435.030121752374,0.0,9.994047619047619,0.0,0.0
7873,34.9456418325986,10435.030121752374,0.0,9.994047619047619,0.0,0.0
7874,34.9456418325986,10435.030121752374,0.0,9.994047619047619,0.0,0.0
7875,34.9456418325986,10435.030121752374,0.0,9.994047619047619,0.0,0.0
7876,34.9456418325986,10435.030121752374,0.0,9.994047619047619,0.0,0.0
7877,34.9456418325986,10435.030121752374,0.0,9.994047619047619,0.0,0.0
7878,34.9456418325986,10435.030121752374,0.0,9.994047619047619,0.0,0.0
7879,34.9456418325986,10435.030121752374,0.0,9.994047619047619,0.0,0.0
7880,34.9456418325986,10435.030121752374,0.0,9.994047619047619,0.0,0.0
7881,34.9456418325986,10435.030121752374,0.0,9.994047619047619,0.0,0.0
7882,34.9456418325986,10435.030121752374,0.0,9.994047619047619,0.0,0.0
7883,34.9456418325986,10435.030121752374,0.0,9.994047619047619,0.0,0.0
7884,34.9456418325986,10435.030121752374,0.0,9.994047619047619,0.0,0.0
7885,34.9456418325986,10435.030121752374,0.0,9.994047619047619,0.0,0.0
7886,34.9456418325986,10435.030121752374,0.0,9.994047619047619,0.0,0.0
7887,34.9456418325986,10435.030121752374,0.0,9.994047619047619,0.0,0.0
7888,34.9456418325986,10435.030121752374,0.0,9.994047619047619,0.0,0.0
7889,34.9456418325986,10435.030121752374,0.0,9.994047619047619,0.0,0.0
7890,34.9456418325986,10435.030121752374,0.0,9.994047619047619,0.0,0.0
7891,34.9456418325986,10435.030121752374,0.0,9.994047619047619,0.0,0.0
7892,34.9456418325986,10435.030121752374,0.0,9.994047619047619,0.0,0.0
7893,34.9456418325986,10435.030121752374,0.0,9.994047619047619,0.0,0.0
7894,34.9456418325986,10435.030121752374,0.0,9.994047619047619,0.0,0.0
7895,34.9456418325986,10435.030121752374,0.0,9.994047619047619,0.0,0.0
7896,45.18240320319814,11969.515490446873,0.0,7.022598626734751,0.0,0.0
7897,45.18240320319814,11969.515490446873,0.0,7.022598626734751,0.0,0.0
7898,45.18240320319814,11969.515490446873,0.0,7.022598626734751,0.0,0.0
7899,45.18240320319814,11969.515490446873,0.0,7.022598626734751,0.0,0.0
7900,45.18240320319814,11969.515490446873,0.0,7.022598626734751,0.0,0.0
7901,45.18240320319814,11969.515490446873,0.0,7.022598626734751,0.0,0.0
7902,45.18240320319814,11969.515490446873,0.0,7.022598626734751,0.0,0.0
7903,45.18240320319814,11969.515490446873,0.0,7.022598626734751,0.0,0.0
7904,45.18240320319814,11969.515490446873,0.0,7.022598626734751,0.0,0.0
7905,45.18240320319814,11969.515490446873,0.0,7.022598626734751,0.0,0.0
7906,45.18240320319814,11969.515490446873,0.0,7.022598626734751,0.0,0.0
7907,45.18240320319814,11969.515490446873,0.0,7.022598626734751,0.0,0.0
7908,45.18240320319814,11969.515490446873,0.0,7.022598626734751,0.0,0.0
7909,45.18240320319814,11969.515490446873,0.0,7.022598626734751,0.0,0.0
7910,45.18240320319814,11969.515490446873,0.0,7.022598626734751,0.0,0.0
7911,45.18240320319814,11969.515490446873,0.0,7.022598626734751,0.0,0.0
7912,45.18240320319814,11969.515490446873,0.0,7.022598626734751,0.0,0.0
7913,45.18240320319814,11969.515490446873,0.0,7.022598626734751,0.0,0.0
7914,45.18240320319814,11969.515490446873,0.0,7.022598626734751,0.0,0.0
7915,45.18240320319814,11969.515490446873,0.0,7.022598626734751,0.0,0.0
7916,45.18240320319814,11969.515490446873,0.0,7.022598626734751,0.0,0.0
7917,45.18240320319814,11969.515490446873,0.0,7.022598626734751,0.0,0.0
7918,45.18240320319814,11969.515490446873,0.0,7.022598626734751,0.0,0.0
7919,45.18240320319814,11969.515490446873,0.0,7.022598626734751,0.0,0.0
7920,45.18240320319814,11969.515490446873,0.0,7.022598626734751,0.0,0.0
7921,45.18240320319814,11969.515490446873,0.0,7.022598626734751,0.0,0.0
7922,45.18240320319814,11969.515490446873,0.0,7.022598626734751,0.0,0.0
7923,45.18240320319814,11969.515490446873,0.0,7.022598626734751,0.0,0.0
7924,45.18240320319814,11969.515490446873,0.0,7.022598626734751,0.0,0.0
7925,45.18240320319814,11969.515490446873,0.0,7.022598626734751,0.0,0.0
7926,45.18240320319814,11969.515490446873,0.0,7.022598626734751,0.0,0.0
7927,45.18240320319814,11969.515490446873,0.0,7.022598626734751,0.0,0.0
7928,45.18240320319814,11969.515490446873,0.0,7.022598626734751,0.0,0.0
7929,45.18240320319814,11969.515490446873,0.0,7.022598626734751,0.0,0.0
7930,45.18240320319814,11969.515490446873,0.0,7.022598626734751,0.0,0.0
7931,45.18240320319814,11969.515490446873,0.0,7.022598626734751,0.0,0.0
7932,45.18240320319814,11969.515490446873,0.0,7.022598626734751,0.0,0.0
7933,45.18240320319814,11969.515490446873,0.0,7.022598626734751,0.0,0.0
7934,45.18240320319814,11969.515490446873,0.0,7.022598626734751,0.0,0.0
7935,45.18240320319814,11969.515490446873,0.0,7.022598626734751,0.0,0.0
7936,45.18240320319814,11969.515490446873,0.0,7.022598626734751,0.0,0.0
7937,45.18240320319814,11969.515490446873,0.0,7.022598626734751,0.0,0.0
7938,45.18240320319814,11969.515490446873,0.0,7.022598626734751,0.0,0.0
7939,45.18240320319814,11969.515490446873,0.0,7.022598626734751,0.0,0.0
7940,45.18240320319814,11969.515490446873,0.0,7.022598626734751,0.0,0.0
7941,45.18240320319814,11969.515490446873,0.0,7.022598626734751,0.0,0.0
7942,45.18240320319814,11969.515490446873,0.0,7.022598626734751,0.0,0.0
7943,45.18240320319814,11969.515490446873,0.0,7.022598626734751,0.0,0.0
7944,45.18240320319814,11969.515490446873,0.0,7.022598626734751,0.0,0.0
7945,45.18240320319814,11969.515490446873,0.0,7.022598626734751,0.0,0.0
7946,45.18240320319814,11969.515490446873,0.0,7.022598626734751,0.0,0.0
7947,45.18240320319814,11969.515490446873,0.0,7.022598626734751,0.0,0.0
7948,45.18240320319814,11969.515490446873,0.0,7.022598626734751,0.0,0.0
7949,45.18240320319814,11969.515490446873,0.0,7.022598626734751,0.0,0.0
7950,45.18240320319814,11969.515490446873,0.0,7.022598626734751,0.0,0.0
7951,45.18240320319814,11969.515490446873,0.0,7.022598626734751,0.0,0.0
7952,45.18240320319814,11969.515490446873,0.0,7.022598626734751,0.0,0.0
7953,45.18240320319814,11969.515490446873,0.0,7.022598626734751,0.0,0.0
7954,45.18240320319814,11969.515490446873,0.0,7.022598626734751,0.0,0.0
7955,45.18240320319814,11969.515490446873,0.0,7.022598626734751,0.0,0.0
7956,45.18240320319814,11969.515490446873,0.0,7.022598626734751,0.0,0.0
7957,45.18240320319814,11969.515490446873,0.0,7.022598626734751,0.0,0.0
7958,45.18240320319814,11969.515490446873,0.0,7.022598626734751,0.0,0.0
7959,45.18240320319814,11969.515490446873,0.0,7.022598626734751,0.0,0.0
7960,45.18240320319814,11969.515490446873,0.0,7.022598626734751,0.0,0.0
7961,45.18240320319814,11969.515490446873,0.0,7.022598626734751,0.0,0.0
7962,45.18240320319814,11969.515490446873,0.0,7.022598626734751,0.0,0.0
7963,45.18240320319814,11969.515490446873,0.0,7.022598626734751,0.0,0.0
7964,45.18240320319814,11969.515490446873,0.0,7.022598626734751,0.0,0.0
7965,45.18240320319814,11969.515490446873,0.0,7.022598626734751,0.0,0.0
7966,45.18240320319814,11969.515490446873,0.0,7.022598626734751,0.0,0.0
7967,45.18240320319814,11969.515490446873,0.0,7.022598626734751,0.0,0.0
7968,45.18240320319814,11969.515490446873,0.0,7.022598626734751,0.0,0.0
7969,45.18240320319814,11969.515490446873,0.0,7.022598626734751,0.0,0.0
7970,45.18240320319814,11969.515490446873,0.0,7.022598626734751,0.0,0.0
7971,45.18240320319814,11969.515490446873,0.0,7.022598626734751,0.0,0.0
7972,45.18240320319814,11969.515490446873,0.0,7.022598626734751,0.0,0.0
7973,45.18240320319814,11969.515490446873,0.0,7.022598626734751,0.0,0.0
7974,45.18240320319814,11969.515490446873,0.0,7.022598626734751,0.0,0.0
7975,45.18240320319814,11969.515490446873,0.0,7.022598626734751,0.0,0.0
7976,45.18240320319814,11969.515490446873,0.0,7.022598626734751,0.0,0.0
7977,45.18240320319814,11969.515490446873,0.0,7.022598626734751,0.0,0.0
7978,45.18240320319814,11969.515490446873,0.0,7.022598626734751,0.0,0.0
7979,45.18240320319814,11969.515490446873,0.0,7.022598626734751,0.0,0.0
7980,45.18240320319814,11969.515490446873,0.0,7.022598626734751,0.0,0.0
7981,45.18240320319814,11969.515490446873,0.0,7.022598626734751,0.0,0.0
7982,45.18240320319814,11969.515490446873,0.0,7.022598626734751,0.0,0.0
7983,45.18240320319814,11969.515490446873,0.0,7.022598626734751,0.0,0.0
7984,45.18240320319814,11969.515490446873,0.0,7.022598626734751,0.0,0.0
7985,45.18240320319814,11969.515490446873,0.0,7.022598626734751,0.0,0.0
7986,45.18240320319814,11969.515490446873,0.0,7.022598626734751,0.0,0.0
7987,45.18240320319814,11969.515490446873,0.0,7.022598626734751,0.0,0.0
7988,45.18240320319814,11969.515490446873,0.0,7.022598626734751,0.0,0.0
7989,45.18240320319814,11969.515490446873,0.0,7.022598626734751,0.0,0.0
7990,45.18240320319814,11969.515490446873,0.0,7.022598626734751,0.0,0.0
7991,45.18240320319814,11969.515490446873,0.0,7.022598626734751,0.0,0.0
7992,45.18240320319814,11969.515490446873,0.0,7.022598626734751,0.0,0.0
7993,45.18240320319814,11969.515490446873,0.0,7.022598626734751,0.0,0.0
7994,45.18240320319814,11969.515490446873,0.0,7.022598626734751,0.0,0.0
7995,45.18240320319814,11969.515490446873,0.0,7.022598626734751,0.0,0.0
7996,45.18240320319814,11969.515490446873,0.0,7.022598626734751,0.0,0.0
7997,45.18240320319814,11969.515490446873,0.0,7.022598626734751,0.0,0.0
7998,45.18240320319814,11969.515490446873,0.0,7.022598626734751,0.0,0.0
7999,45.18240320319814,11969.515490446873,0.0,7.022598626734751,0.0,0.0
8000,45.18240320319814,11969.515490446873,0.0,7.022598626734751,0.0,0.0
8001,45.18240320319814,11969.515490446873,0.0,7.022598626734751,0.0,0.0
8002,45.18240320319814,11969.515490446873,0.0,7.022598626734751,0.0,0.0
8003,45.18240320319814,11969.515490446873,0.0,7.022598626734751,0.0,0.0
8004,45.18240320319814,11969.515490446873,0.0,7.022598626734751,0.0,0.0
8005,45.18240320319814,11969.515490446873,0.0,7.022598626734751,0.0,0.0
8006,45.18240320319814,11969.515490446873,0.0,7.022598626734751,0.0,0.0
8007,45.18240320319814,11969.515490446873,0.0,7.022598626734751,0.0,0.0
8008,45.18240320319814,11969.515490446873,0.0,7.022598626734751,0.0,0.0
8009,45.18240320319814,11969.515490446873,0.0,7.022598626734751,0.0,0.0
8010,45.18240320319814,11969.515490446873,0.0,7.022598626734751,0.0,0.0
8011,45.18240320319814,11969.515490446873,0.0,7.022598626734751,0.0,0.0
8012,45.18240320319814,11969.515490446873,0.0,7.022598626734751,0.0,0.0
8013,45.18240320319814,11969.515490446873,0.0,7.022598626734751,0.0,0.0
8014,45.18240320319814,11969.515490446873,0.0,7.022598626734751,0.0,0.0
8015,45.18240320319814,11969.515490446873,0.0,7.022598626734751,0.0,0.0
8016,45.18240320319814,11969.515490446873,0.0,7.022598626734751,0.0,0.0
8017,45.18240320319814,11969.515490446873,0.0,7.022598626734751,0.0,0.0
8018,45.18240320319814,11969.515490446873,0.0,7.022598626734751,0.0,0.0
8019,45.18240320319814,11969.515490446873,0.0,7.022598626734751,0.0,0.0
8020,45.18240320319814,11969.515490446873,0.0,7.022598626734751,0.0,0.0
8021,45.18240320319814,11969.515490446873,0.0,7.022598626734751,0.0,0.0
8022,45.18240320319814,11969.515490446873,0.0,7.022598626734751,0.0,0.0
8023,45.18240320319814,11969.515490446873,0.0,7.022598626734751,0.0,0.0
8024,45.18240320319814,11969.515490446873,0.0,7.022598626734751,0.0,0.0
8025,45.18240320319814,11969.515490446873,0.0,7.022598626734751,0.0,0.0
8026,45.18240320319814,11969.515490446873,0.0,7.022598626734751,0.0,0.0
8027,45.18240320319814,11969.515490446873,0.0,7.022598626734751,0.0,0.0
8028,45.18240320319814,11969.515490446873,0.0,7.022598626734751,0.0,0.0
8029,45.18240320319814,11969.515490446873,0.0,7.022598626734751,0.0,0.0
8030,45.18240320319814,11969.515490446873,0.0,7.022598626734751,0.0,0.0
8031,45.18240320319814,11969.515490446873,0.0,7.022598626734751,0.0,0.0
8032,45.18240320319814,11969.515490446873,0.0,7.022598626734751,0.0,0.0
8033,45.18240320319814,11969.515490446873,0.0,7.022598626734751,0.0,0.0
8034,45.18240320319814,11969.515490446873,0.0,7.022598626734751,0.0,0.0
8035,45.18240320319814,11969.515490446873,0.0,7.022598626734751,0.0,0.0
8036,45.18240320319814,11969.515490446873,0.0,7.022598626734751,0.0,0.0
8037,45.18240320319814,11969.515490446873,0.0,7.022598626734751,0.0,0.0
8038,45.18240320319814,11969.515490446873,0.0,7.022598626734751,0.0,0.0
8039,45.18240320319814,11969.515490446873,0.0,7.022598626734751,0.0,0.0
8040,45.18240320319814,11969.515490446873,0.0,7.022598626734751,0.0,0.0
8041,45.18240320319814,11969.515490446873,0.0,7.022598626734751,0.0,0.0
8042,45.18240320319814,11969.515490446873,0.0,7.022598626734751,0.0,0.0
8043,45.18240320319814,11969.515490446873,0.0,7.022598626734751,0.0,0.0
8044,45.18240320319814,11969.515490446873,0.0,7.022598626734751,0.0,0.0
8045,45.18240320319814,11969.515490446873,0.0,7.022598626734751,0.0,0.0
8046,45.18240320319814,11969.515490446873,0.0,7.022598626734751,0.0,0.0
8047,45.18240320319814,11969.515490446873,0.0,7.022598626734751,0.0,0.0
8048,45.18240320319814,11969.515490446873,0.0,7.022598626734751,0.0,0.0
8049,45.18240320319814,11969.515490446873,0.0,7.022598626734751,0.0,0.0
8050,45.18240320319814,11969.515490446873,0.0,7.022598626734751,0.0,0.0
8051,45.18240320319814,11969.515490446873,0.0,7.022598626734751,0.0,0.0
8052,45.18240320319814,11969.515490446873,0.0,7.022598626734751,0.0,0.0
8053,45.18240320319814,11969.515490446873,0.0,7.022598626734751,0.0,0.0
8054,45.18240320319814,11969.515490446873,0.0,7.022598626734751,0.0,0.0
8055,45.18240320319814,11969.515490446873,0.0,7.022598626734751,0.0,0.0
8056,45.18240320319814,11969.515490446873,0.0,7.022598626734751,0.0,0.0
8057,45.18240320319814,11969.515490446873,0.0,7.022598626734751,0.0,0.0
8058,45.18240320319814,11969.515490446873,0.0,7.022598626734751,0.0,0.0
8059,45.18240320319814,11969.515490446873,0.0,7.022598626734751,0.0,0.0
8060,45.18240320319814,11969.515490446873,0.0,7.022598626734751,0.0,0.0
8061,45.18240320319814,11969.515490446873,0.0,7.022598626734751,0.0,0.0
8062,45.18240320319814,11969.515490446873,0.0,7.022598626734751,0.0,0.0
8063,45.18240320319814,11969.515490446873,0.0,7.022598626734751,0.0,0.0
8064,56.58881489274821,5914.435320457077,0.0,12.971698282313387,0.0,0.0
8065,56.58881489274821,5914.435320457077,0.0,12.971698282313387,0.0,0.0
8066,56.58881489274821,5914.435320457077,0.0,12.971698282313387,0.0,0.0
8067,56.58881489274821,5914.435320457077,0.0,12.971698282313387,0.0,0.0
8068,56.58881489274821,5914.435320457077,0.0,12.971698282313387,0.0,0.0
8069,56.58881489274821,5914.435320457077,0.0,12.971698282313387,0.0,0.0
8070,56.58881489274821,5914.435320457077,0.0,12.971698282313387,0.0,0.0
8071,56.58881489274821,5914.435320457077,0.0,12.971698282313387,0.0,0.0
8072,56.58881489274821,5914.435320457077,0.0,12.971698282313387,0.0,0.0
8073,56.58881489274821,5914.435320457077,0.0,12.971698282313387,0.0,0.0
8074,56.58881489274821,5914.435320457077,0.0,12.971698282313387,0.0,0.0
8075,56.58881489274821,5914.435320457077,0.0,12.971698282313387,0.0,0.0
8076,56.58881489274821,5914.435320457077,0.0,12.971698282313387,0.0,0.0
8077,56.58881489274821,5914.435320457077,0.0,12.971698282313387,0.0,0.0
8078,56.58881489274821,5914.435320457077,0.0,12.971698282313387,0.0,0.0
8079,56.58881489274821,5914.435320457077,0.0,12.971698282313387,0.0,0.0
8080,56.58881489274821,5914.435320457077,0.0,12.971698282313387,0.0,0.0
8081,56.58881489274821,5914.435320457077,0.0,12.971698282313387,0.0,0.0
8082,56.58881489274821,5914.435320457077,0.0,12.971698282313387,0.0,0.0
8083,56.58881489274821,5914.435320457077,0.0,12.971698282313387,0.0,0.0
8084,56.58881489274821,5914.435320457077,0.0,12.971698282313387,0.0,0.0
8085,56.58881489274821,5914.435320457077,0.0,12.971698282313387,0.0,0.0
8086,56.58881489274821,5914.435320457077,0.0,12.971698282313387,0.0,0.0
8087,56.58881489274821,5914.435320457077,0.0,12.971698282313387,0.0,0.0
8088,56.58881489274821,5914.435320457077,0.0,12.971698282313387,0.0,0.0
8089,56.58881489274821,5914.435320457077,0.0,12.971698282313387,0.0,0.0
8090,56.58881489274821,5914.435320457077,0.0,12.971698282313387,0.0,0.0
8091,56.58881489274821,5914.435320457077,0.0,12.971698282313387,0.0,0.0
8092,56.58881489274821,5914.435320457077,0.0,12.971698282313387,0.0,0.0
8093,56.58881489274821,5914.435320457077,0.0,12.971698282313387,0.0,0.0
8094,56.58881489274821,5914.435320457077,0.0,12.971698282313387,0.0,0.0
8095,56.58881489274821,5914.435320457077,0.0,12.971698282313387,0.0,0.0
8096,56.58881489274821,5914.435320457077,0.0,12.971698282313387,0.0,0.0
8097,56.58881489274821,5914.435320457077,0.0,12.971698282313387,0.0,0.0
8098,56.58881489274821,5914.435320457077,0.0,12.971698282313387,0.0,0.0
8099,56.58881489274821,5914.435320457077,0.0,12.971698282313387,0.0,0.0
8100,56.58881489274821,5914.435320457077,0.0,12.971698282313387,0.0,0.0
8101,56.58881489274821,5914.435320457077,0.0,12.971698282313387,0.0,0.0
8102,56.58881489274821,5914.435320457077,0.0,12.971698282313387,0.0,0.0
8103,56.58881489274821,5914.435320457077,0.0,12.971698282313387,0.0,0.0
8104,56.58881489274821,5914.435320457077,0.0,12.971698282313387,0.0,0.0
8105,56.58881489274821,5914.435320457077,0.0,12.971698282313387,0.0,0.0
8106,56.58881489274821,5914.435320457077,0.0,12.971698282313387,0.0,0.0
8107,56.58881489274821,5914.435320457077,0.0,12.971698282313387,0.0,0.0
8108,56.58881489274821,5914.435320457077,0.0,12.971698282313387,0.0,0.0
8109,56.58881489274821,5914.435320457077,0.0,12.971698282313387,0.0,0.0
8110,56.58881489274821,5914.435320457077,0.0,12.971698282313387,0.0,0.0
8111,56.58881489274821,5914.435320457077,0.0,12.971698282313387,0.0,0.0
8112,56.58881489274821,5914.435320457077,0.0,12.971698282313387,0.0,0.0
8113,56.58881489274821,5914.435320457077,0.0,12.971698282313387,0.0,0.0
8114,56.58881489274821,5914.435320457077,0.0,12.971698282313387,0.0,0.0
8115,56.58881489274821,5914.435320457077,0.0,12.971698282313387,0.0,0.0
8116,56.58881489274821,5914.435320457077,0.0,12.971698282313387,0.0,0.0
8117,56.58881489274821,5914.435320457077,0.0,12.971698282313387,0.0,0.0
8118,56.58881489274821,5914.435320457077,0.0,12.971698282313387,0.0,0.0
8119,56.58881489274821,5914.435320457077,0.0,12.971698282313387,0.0,0.0
8120,56.58881489274821,5914.435320457077,0.0,12.971698282313387,0.0,0.0
8121,56.58881489274821,5914.435320457077,0.0,12.971698282313387,0.0,0.0
8122,56.58881489274821,5914.435320457077,0.0,12.971698282313387,0.0,0.0
8123,56.58881489274821,5914.435320457077,0.0,12.971698282313387,0.0,0.0
8124,56.58881489274821,5914.435320457077,0.0,12.971698282313387,0.0,0.0
8125,56.58881489274821,5914.435320457077,0.0,12.971698282313387,0.0,0.0
8126,56.58881489274821,5914.435320457077,0.0,12.971698282313387,0.0,0.0
8127,56.58881489274821,5914.435320457077,0.0,12.971698282313387,0.0,0.0
8128,56.58881489274821,5914.435320457077,0.0,12.971698282313387,0.0,0.0
8129,56.58881489274821,5914.435320457077,0.0,12.971698282313387,0.0,0.0
8130,56.58881489274821,5914.435320457077,0.0,12.971698282313387,0.0,0.0
8131,56.58881489274821,5914.435320457077,0.0,12.971698282313387,0.0,0.0
8132,56.58881489274821,5914.435320457077,0.0,12.971698282313387,0.0,0.0
8133,56.58881489274821,5914.435320457077,0.0,12.971698282313387,0.0,0.0
8134,56.58881489274821,5914.435320457077,0.0,12.971698282313387,0.0,0.0
8135,56.58881489274821,5914.435320457077,0.0,12.971698282313387,0.0,0.0
8136,56.58881489274821,5914.435320457077,0.0,12.971698282313387,0.0,0.0
8137,56.58881489274821,5914.435320457077,0.0,12.971698282313387,0.0,0.0
8138,56.58881489274821,5914.435320457077,0.0,12.971698282313387,0.0,0.0
8139,56.58881489274821,5914.435320457077,0.0,12.971698282313387,0.0,0.0
8140,56.58881489274821,5914.435320457077,0.0,12.971698282313387,0.0,0.0
8141,56.58881489274821,5914.435320457077,0.0,12.971698282313387,0.0,0.0
8142,56.58881489274821,5914.435320457077,0.0,12.971698282313387,0.0,0.0
8143,56.58881489274821,5914.435320457077,0.0,12.971698282313387,0.0,0.0
8144,56.58881489274821,5914.435320457077,0.0,12.971698282313387,0.0,0.0
8145,56.58881489274821,5914.435320457077,0.0,12.971698282313387,0.0,0.0
8146,56.58881489274821,5914.435320457077,0.0,12.971698282313387,0.0,0.0
8147,56.58881489274821,5914.435320457077,0.0,12.971698282313387,0.0,0.0
8148,56.58881489274821,5914.435320457077,0.0,12.971698282313387,0.0,0.0
8149,56.58881489274821,5914.435320457077,0.0,12.971698282313387,0.0,0.0
8150,56.58881489274821,5914.435320457077,0.0,12.971698282313387,0.0,0.0
8151,56.58881489274821,5914.435320457077,0.0,12.971698282313387,0.0,0.0
8152,56.58881489274821,5914.435320457077,0.0,12.971698282313387,0.0,0.0
8153,56.58881489274821,5914.435320457077,0.0,12.971698282313387,0.0,0.0
8154,56.58881489274821,5914.435320457077,0.0,12.971698282313387,0.0,0.0
8155,56.58881489274821,5914.435320457077,0.0,12.971698282313387,0.0,0.0
8156,56.58881489274821,5914.435320457077,0.0,12.971698282313387,0.0,0.0
8157,56.58881489274821,5914.435320457077,0.0,12.971698282313387,0.0,0.0
8158,56.58881489274821,5914.435320457077,0.0,12.971698282313387,0.0,0.0
8159,56.58881489274821,5914.435320457077,0.0,12.971698282313387,0.0,0.0
8160,56.58881489274821,5914.435320457077,0.0,12.971698282313387,0.0,0.0
8161,56.58881489274821,5914.435320457077,0.0,12.971698282313387,0.0,0.0
8162,56.58881489274821,5914.435320457077,0.0,12.971698282313387,0.0,0.0
8163,56.58881489274821,5914.435320457077,0.0,12.971698282313387,0.0,0.0
8164,56.58881489274821,5914.435320457077,0.0,12.971698282313387,0.0,0.0
8165,56.58881489274821,5914.435320457077,0.0,12.971698282313387,0.0,0.0
8166,56.58881489274821,5914.435320457077,0.0,12.971698282313387,0.0,0.0
8167,56.58881489274821,5914.435320457077,0.0,12.971698282313387,0.0,0.0
8168,56.58881489274821,5914.435320457077,0.0,12.971698282313387,0.0,0.0
8169,56.58881489274821,5914.435320457077,0.0,12.971698282313387,0.0,0.0
8170,56.58881489274821,5914.435320457077,0.0,12.971698282313387,0.0,0.0
8171,56.58881489274821,5914.435320457077,0.0,12.971698282313387,0.0,0.0
8172,56.58881489274821,5914.435320457077,0.0,12.971698282313387,0.0,0.0
8173,56.58881489274821,5914.435320457077,0.0,12.971698282313387,0.0,0.0
8174,56.58881489274821,5914.435320457077,0.0,12.971698282313387,0.0,0.0
8175,56.58881489274821,5914.435320457077,0.0,12.971698282313387,0.0,0.0
8176,56.58881489274821,5914.435320457077,0.0,12.971698282313387,0.0,0.0
8177,56.58881489274821,5914.435320457077,0.0,12.971698282313387,0.0,0.0
8178,56.58881489274821,5914.435320457077,0.0,12.971698282313387,0.0,0.0
8179,56.58881489274821,5914.435320457077,0.0,12.971698282313387,0.0,0.0
8180,56.58881489274821,5914.435320457077,0.0,12.971698282313387,0.0,0.0
8181,56.58881489274821,5914.435320457077,0.0,12.971698282313387,0.0,0.0
8182,56.58881489274821,5914.435320457077,0.0,12.971698282313387,0.0,0.0
8183,56.58881489274821,5914.435320457077,0.0,12.971698282313387,0.0,0.0
8184,56.58881489274821,5914.435320457077,0.0,12.971698282313387,0.0,0.0
8185,56.58881489274821,5914.435320457077,0.0,12.971698282313387,0.0,0.0
8186,56.58881489274821,5914.435320457077,0.0,12.971698282313387,0.0,0.0
8187,56.58881489274821,5914.435320457077,0.0,12.971698282313387,0.0,0.0
8188,56.58881489274821,5914.435320457077,0.0,12.971698282313387,0.0,0.0
8189,56.58881489274821,5914.435320457077,0.0,12.971698282313387,0.0,0.0
8190,56.58881489274821,5914.435320457077,0.0,12.971698282313387,0.0,0.0
8191,56.58881489274821,5914.435320457077,0.0,12.971698282313387,0.0,0.0
8192,56.58881489274821,5914.435320457077,0.0,12.971698282313387,0.0,0.0
8193,56.58881489274821,5914.435320457077,0.0,12.971698282313387,0.0,0.0
8194,56.58881489274821,5914.435320457077,0.0,12.971698282313387,0.0,0.0
8195,56.58881489274821,5914.435320457077,0.0,12.971698282313387,0.0,0.0
8196,56.58881489274821,5914.435320457077,0.0,12.971698282313387,0.0,0.0
8197,56.58881489274821,5914.435320457077,0.0,12.971698282313387,0.0,0.0
8198,56.58881489274821,5914.435320457077,0.0,12.971698282313387,0.0,0.0
8199,56.58881489274821,5914.435320457077,0.0,12.971698282313387,0.0,0.0
8200,56.58881489274821,5914.435320457077,0.0,12.971698282313387,0.0,0.0
8201,56.58881489274821,5914.435320457077,0.0,12.971698282313387,0.0,0.0
8202,56.58881489274821,5914.435320457077,0.0,12.971698282313387,0.0,0.0
8203,56.58881489274821,5914.435320457077,0.0,12.971698282313387,0.0,0.0
8204,56.58881489274821,5914.435320457077,0.0,12.971698282313387,0.0,0.0
8205,56.58881489274821,5914.435320457077,0.0,12.971698282313387,0.0,0.0
8206,56.58881489274821,5914.435320457077,0.0,12.971698282313387,0.0,0.0
8207,56.58881489274821,5914.435320457077,0.0,12.971698282313387,0.0,0.0
8208,56.58881489274821,5914.435320457077,0.0,12.971698282313387,0.0,0.0
8209,56.58881489274821,5914.435320457077,0.0,12.971698282313387,0.0,0.0
8210,56.58881489274821,5914.435320457077,0.0,12.971698282313387,0.0,0.0
8211,56.58881489274821,5914.435320457077,0.0,12.971698282313387,0.0,0.0
8212,56.58881489274821,5914.435320457077,0.0,12.971698282313387,0.0,0.0
8213,56.58881489274821,5914.435320457077,0.0,12.971698282313387,0.0,0.0
8214,56.58881489274821,5914.435320457077,0.0,12.971698282313387,0.0,0.0
8215,56.58881489274821,5914.435320457077,0.0,12.971698282313387,0.0,0.0
8216,56.58881489274821,5914.435320457077,0.0,12.971698282313387,0.0,0.0
8217,56.58881489274821,5914.435320457077,0.0,12.971698282313387,0.0,0.0
8218,56.58881489274821,5914.435320457077,0.0,12.971698282313387,0.0,0.0
8219,56.58881489274821,5914.435320457077,0.0,12.971698282313387,0.0,0.0
8220,56.58881489274821,5914.435320457077,0.0,12.971698282313387,0.0,0.0
8221,56.58881489274821,5914.435320457077,0.0,12.971698282313387,0.0,0.0
8222,56.58881489274821,5914.435320457077,0.0,12.971698282313387,0.0,0.0
8223,56.58881489274821,5914.435320457077,0.0,12.971698282313387,0.0,0.0
8224,56.58881489274821,5914.435320457077,0.0,12.971698282313387,0.0,0.0
8225,56.58881489274821,5914.435320457077,0.0,12.971698282313387,0.0,0.0
8226,56.58881489274821,5914.435320457077,0.0,12.971698282313387,0.0,0.0
8227,56.58881489274821,5914.435320457077,0.0,12.971698282313387,0.0,0.0
8228,56.58881489274821,5914.435320457077,0.0,12.971698282313387,0.0,0.0
8229,56.58881489274821,5914.435320457077,0.0,12.971698282313387,0.0,0.0
8230,56.58881489274821,5914.435320457077,0.0,12.971698282313387,0.0,0.0
8231,56.58881489274821,5914.435320457077,0.0,12.971698282313387,0.0,0.0
8232,65.84663465571018,4642.270750232153,0.0,14.604811889435613,0.0,0.0
8233,65.84663465571018,4642.270750232153,0.0,14.604811889435613,0.0,0.0
8234,65.84663465571018,4642.270750232153,0.0,14.604811889435613,0.0,0.0
8235,65.84663465571018,4642.270750232153,0.0,14.604811889435613,0.0,0.0
8236,65.84663465571018,4642.270750232153,0.0,14.604811889435613,0.0,0.0
8237,65.84663465571018,4642.270750232153,0.0,14.604811889435613,0.0,0.0
8238,65.84663465571018,4642.270750232153,0.0,14.604811889435613,0.0,0.0
8239,65.84663465571018,4642.270750232153,0.0,14.604811889435613,0.0,0.0
8240,65.84663465571018,4642.270750232153,0.0,14.604811889435613,0.0,0.0
8241,65.84663465571018,4642.270750232153,0.0,14.604811889435613,0.0,0.0
8242,65.84663465571018,4642.270750232153,0.0,14.604811889435613,0.0,0.0
8243,65.84663465571018,4642.270750232153,0.0,14.604811889435613,0.0,0.0
8244,65.84663465571018,4642.270750232153,0.0,14.604811889435613,0.0,0.0
8245,65.84663465571018,4642.270750232153,0.0,14.604811889435613,0.0,0.0
8246,65.84663465571018,4642.270750232153,0.0,14.604811889435613,0.0,0.0
8247,65.84663465571018,4642.270750232153,0.0,14.604811889435613,0.0,0.0
8248,65.84663465571018,4642.270750232153,0.0,14.604811889435613,0.0,0.0
8249,65.84663465571018,4642.270750232153,0.0,14.604811889435613,0.0,0.0
8250,65.84663465571018,4642.270750232153,0.0,14.604811889435613,0.0,0.0
8251,65.84663465571018,4642.270750232153,0.0,14.604811889435613,0.0,0.0
8252,65.84663465571018,4642.270750232153,0.0,14.604811889435613,0.0,0.0
8253,65.84663465571018,4642.270750232153,0.0,14.604811889435613,0.0,0.0
8254,65.84663465571018,4642.270750232153,0.0,14.604811889435613,0.0,0.0
8255,65.84663465571018,4642.270750232153,0.0,14.604811889435613,0.0,0.0
8256,65.84663465571018,4642.270750232153,0.0,14.604811889435613,0.0,0.0
8257,65.84663465571018,4642.270750232153,0.0,14.604811889435613,0.0,0.0
8258,65.84663465571018,4642.270750232153,0.0,14.604811889435613,0.0,0.0
8259,65.84663465571018,4642.270750232153,0.0,14.604811889435613,0.0,0.0
8260,65.84663465571018,4642.270750232153,0.0,14.604811889435613,0.0,0.0
8261,65.84663465571018,4642.270750232153,0.0,14.604811889435613,0.0,0.0
8262,65.84663465571018,4642.270750232153,0.0,14.604811889435613,0.0,0.0
8263,65.84663465571018,4642.270750232153,0.0,14.604811889435613,0.0,0.0
8264,65.84663465571018,4642.270750232153,0.0,14.604811889435613,0.0,0.0
8265,65.84663465571018,4642.270750232153,0.0,14.604811889435613,0.0,0.0
8266,65.84663465571018,4642.270750232153,0.0,14.604811889435613,0.0,0.0
8267,65.84663465571018,4642.270750232153,0.0,14.604811889435613,0.0,0.0
8268,65.84663465571018,4642.270750232153,0.0,14.604811889435613,0.0,0.0
8269,65.84663465571018,4642.270750232153,0.0,14.604811889435613,0.0,0.0
8270,65.84663465571018,4642.270750232153,0.0,14.604811889435613,0.0,0.0
8271,65.84663465571018,4642.270750232153,0.0,14.604811889435613,0.0,0.0
8272,65.84663465571018,4642.270750232153,0.0,14.604811889435613,0.0,0.0
8273,65.84663465571018,4642.270750232153,0.0,14.604811889435613,0.0,0.0
8274,65.84663465571018,4642.270750232153,0.0,14.604811889435613,0.0,0.0
8275,65.84663465571018,4642.270750232153,0.0,14.604811889435613,0.0,0.0
8276,65.84663465571018,4642.270750232153,0.0,14.604811889435613,0.0,0.0
8277,65.84663465571018,4642.270750232153,0.0,14.604811889435613,0.0,0.0
8278,65.84663465571018,4642.270750232153,0.0,14.604811889435613,0.0,0.0
8279,65.84663465571018,4642.270750232153,0.0,14.604811889435613,0.0,0.0
8280,65.84663465571018,4642.270750232153,0.0,14.604811889435613,0.0,0.0
8281,65.84663465571018,4642.270750232153,0.0,14.604811889435613,0.0,0.0
8282,65.84663465571018,4642.270750232153,0.0,14.604811889435613,0.0,0.0
8283,65.84663465571018,4642.270750232153,0.0,14.604811889435613,0.0,0.0
8284,65.84663465571018,4642.270750232153,0.0,14.604811889435613,0.0,0.0
8285,65.84663465571018,4642.270750232153,0.0,14.604811889435613,0.0,0.0
8286,65.84663465571018,4642.270750232153,0.0,14.604811889435613,0.0,0.0
8287,65.84663465571018,4642.270750232153,0.0,14.604811889435613,0.0,0.0
8288,65.84663465571018,4642.270750232153,0.0,14.604811889435613,0.0,0.0
8289,65.84663465571018,4642.270750232153,0.0,14.604811889435613,0.0,0.0
8290,65.84663465571018,4642.270750232153,0.0,14.604811889435613,0.0,0.0
8291,65.84663465571018,4642.270750232153,0.0,14.604811889435613,0.0,0.0
8292,65.84663465571018,4642.270750232153,0.0,14.604811889435613,0.0,0.0
8293,65.84663465571018,4642.270750232153,0.0,14.604811889435613,0.0,0.0
8294,65.84663465571018,4642.270750232153,0.0,14.604811889435613,0.0,0.0
8295,65.84663465571018,4642.270750232153,0.0,14.604811889435613,0.0,0.0
8296,65.84663465571018,4642.270750232153,0.0,14.604811889435613,0.0,0.0
8297,65.84663465571018,4642.270750232153,0.0,14.604811889435613,0.0,0.0
8298,65.84663465571018,4642.270750232153,0.0,14.604811889435613,0.0,0.0
8299,65.84663465571018,4642.270750232153,0.0,14.604811889435613,0.0,0.0
8300,65.84663465571018,4642.270750232153,0.0,14.604811889435613,0.0,0.0
8301,65.84663465571018,4642.270750232153,0.0,14.604811889435613,0.0,0.0
8302,65.84663465571018,4642.270750232153,0.0,14.604811889435613,0.0,0.0
8303,65.84663465571018,4642.270750232153,0.0,14.604811889435613,0.0,0.0
8304,65.84663465571018,4642.270750232153,0.0,14.604811889435613,0.0,0.0
8305,65.84663465571018,4642.270750232153,0.0,14.604811889435613,0.0,0.0
8306,65.84663465571018,4642.270750232153,0.0,14.604811889435613,0.0,0.0
8307,65.84663465571018,4642.270750232153,0.0,14.604811889435613,0.0,0.0
8308,65.84663465571018,4642.270750232153,0.0,14.604811889435613,0.0,0.0
8309,65.84663465571018,4642.270750232153,0.0,14.604811889435613,0.0,0.0
8310,65.84663465571018,4642.270750232153,0.0,14.604811889435613,0.0,0.0
8311,65.84663465571018,4642.270750232153,0.0,14.604811889435613,0.0,0.0
8312,65.84663465571018,4642.270750232153,0.0,14.604811889435613,0.0,0.0
8313,65.84663465571018,4642.270750232153,0.0,14.604811889435613,0.0,0.0
8314,65.84663465571018,4642.270750232153,0.0,14.604811889435613,0.0,0.0
8315,65.84663465571018,4642.270750232153,0.0,14.604811889435613,0.0,0.0
8316,65.84663465571018,4642.270750232153,0.0,14.604811889435613,0.0,0.0
8317,65.84663465571018,4642.270750232153,0.0,14.604811889435613,0.0,0.0
8318,65.84663465571018,4642.270750232153,0.0,14.604811889435613,0.0,0.0
8319,65.84663465571018,4642.270750232153,0.0,14.604811889435613,0.0,0.0
8320,65.84663465571018,4642.270750232153,0.0,14.604811889435613,0.0,0.0
8321,65.84663465571018,4642.270750232153,0.0,14.604811889435613,0.0,0.0
8322,65.84663465571018,4642.270750232153,0.0,14.604811889435613,0.0,0.0
8323,65.84663465571018,4642.270750232153,0.0,14.604811889435613,0.0,0.0
8324,65.84663465571018,4642.270750232153,0.0,14.604811889435613,0.0,0.0
8325,65.84663465571018,4642.270750232153,0.0,14.604811889435613,0.0,0.0
8326,65.84663465571018,4642.270750232153,0.0,14.604811889435613,0.0,0.0
8327,65.84663465571018,4642.270750232153,0.0,14.604811889435613,0.0,0.0
8328,65.84663465571018,4642.270750232153,0.0,14.604811889435613,0.0,0.0
8329,65.84663465571018,4642.270750232153,0.0,14.604811889435613,0.0,0.0
8330,65.84663465571018,4642.270750232153,0.0,14.604811889435613,0.0,0.0
8331,65.84663465571018,4642.270750232153,0.0,14.604811889435613,0.0,0.0
8332,65.84663465571018,4642.270750232153,0.0,14.604811889435613,0.0,0.0
8333,65.84663465571018,4642.270750232153,0.0,14.604811889435613,0.0,0.0
8334,65.84663465571018,4642.270750232153,0.0,14.604811889435613,0.0,0.0
8335,65.84663465571018,4642.270750232153,0.0,14.604811889435613,0.0,0.0
8336,65.84663465571018,4642.270750232153,0.0,14.604811889435613,0.0,0.0
8337,65.84663465571018,4642.270750232153,0.0,14.604811889435613,0.0,0.0
8338,65.84663465571018,4642.270750232153,0.0,14.604811889435613,0.0,0.0
8339,65.84663465571018,4642.270750232153,0.0,14.604811889435613,0.0,0.0
8340,65.84663465571018,4642.270750232153,0.0,14.604811889435613,0.0,0.0
8341,65.84663465571018,4642.270750232153,0.0,14.604811889435613,0.0,0.0
8342,65.84663465571018,4642.270750232153,0.0,14.604811889435613,0.0,0.0
8343,65.84663465571018,4642.270750232153,0.0,14.604811889435613,0.0,0.0
8344,65.84663465571018,4642.270750232153,0.0,14.604811889435613,0.0,0.0
8345,65.84663465571018,4642.270750232153,0.0,14.604811889435613,0.0,0.0
8346,65.84663465571018,4642.270750232153,0.0,14.604811889435613,0.0,0.0
8347,65.84663465571018,4642.270750232153,0.0,14.604811889435613,0.0,0.0
8348,65.84663465571018,4642.270750232153,0.0,14.604811889435613,0.0,0.0
8349,65.84663465571018,4642.270750232153,0.0,14.604811889435613,0.0,0.0
8350,65.84663465571018,4642.270750232153,0.0,14.604811889435613,0.0,0.0
8351,65.84663465571018,4642.270750232153,0.0,14.604811889435613,0.0,0.0
8352,65.84663465571018,4642.270750232153,0.0,14.604811889435613,0.0,0.0
8353,65.84663465571018,4642.270750232153,0.0,14.604811889435613,0.0,0.0
8354,65.84663465571018,4642.270750232153,0.0,14.604811889435613,0.0,0.0
8355,65.84663465571018,4642.270750232153,0.0,14.604811889435613,0.0,0.0
8356,65.84663465571018,4642.270750232153,0.0,14.604811889435613,0.0,0.0
8357,65.84663465571018,4642.270750232153,0.0,14.604811889435613,0.0,0.0
8358,65.84663465571018,4642.270750232153,0.0,14.604811889435613,0.0,0.0
8359,65.84663465571018,4642.270750232153,0.0,14.604811889435613,0.0,0.0
8360,65.84663465571018,4642.270750232153,0.0,14.604811889435613,0.0,0.0
8361,65.84663465571018,4642.270750232153,0.0,14.604811889435613,0.0,0.0
8362,65.84663465571018,4642.270750232153,0.0,14.604811889435613,0.0,0.0
8363,65.84663465571018,4642.270750232153,0.0,14.604811889435613,0.0,0.0
8364,65.84663465571018,4642.270750232153,0.0,14.604811889435613,0.0,0.0
8365,65.84663465571018,4642.270750232153,0.0,14.604811889435613,0.0,0.0
8366,65.84663465571018,4642.270750232153,0.0,14.604811889435613,0.0,0.0
8367,65.84663465571018,4642.270750232153,0.0,14.604811889435613,0.0,0.0
8368,65.84663465571018,4642.270750232153,0.0,14.604811889435613,0.0,0.0
8369,65.84663465571018,4642.270750232153,0.0,14.604811889435613,0.0,0.0
8370,65.84663465571018,4642.270750232153,0.0,14.604811889435613,0.0,0.0
8371,65.84663465571018,4642.270750232153,0.0,14.604811889435613,0.0,0.0
8372,65.84663465571018,4642.270750232153,0.0,14.604811889435613,0.0,0.0
8373,65.84663465571018,4642.270750232153,0.0,14.604811889435613,0.0,0.0
8374,65.84663465571018,4642.270750232153,0.0,14.604811889435613,0.0,0.0
8375,65.84663465571018,4642.270750232153,0.0,14.604811889435613,0.0,0.0
8376,65.84663465571018,4642.270750232153,0.0,14.604811889435613,0.0,0.0
8377,65.84663465571018,4642.270750232153,0.0,14.604811889435613,0.0,0.0
8378,65.84663465571018,4642.270750232153,0.0,14.604811889435613,0.0,0.0
8379,65.84663465571018,4642.270750232153,0.0,14.604811889435613,0.0,0.0
8380,65.84663465571018,4642.270750232153,0.0,14.604811889435613,0.0,0.0
8381,65.84663465571018,4642.270750232153,0.0,14.604811889435613,0.0,0.0
8382,65.84663465571018,4642.270750232153,0.0,14.604811889435613,0.0,0.0
8383,65.84663465571018,4642.270750232153,0.0,14.604811889435613,0.0,0.0
8384,65.84663465571018,4642.270750232153,0.0,14.604811889435613,0.0,0.0
8385,65.84663465571018,4642.270750232153,0.0,14.604811889435613,0.0,0.0
8386,65.84663465571018,4642.270750232153,0.0,14.604811889435613,0.0,0.0
8387,65.84663465571018,4642.270750232153,0.0,14.604811889435613,0.0,0.0
8388,65.84663465571018,4642.270750232153,0.0,14.604811889435613,0.0,0.0
8389,65.84663465571018,4642.270750232153,0.0,14.604811889435613,0.0,0.0
8390,65.84663465571018,4642.270750232153,0.0,14.604811889435613,0.0,0.0
8391,65.84663465571018,4642.270750232153,0.0,14.604811889435613,0.0,0.0
8392,65.84663465571018,4642.270750232153,0.0,14.604811889435613,0.0,0.0
8393,65.84663465571018,4642.270750232153,0.0,14.604811889435613,0.0,0.0
8394,65.84663465571018,4642.270750232153,0.0,14.604811889435613,0.0,0.0
8395,65.84663465571018,4642.270750232153,0.0,14.604811889435613,0.0,0.0
8396,65.84663465571018,4642.270750232153,0.0,14.604811889435613,0.0,0.0
8397,65.84663465571018,4642.270750232153,0.0,14.604811889435613,0.0,0.0
8398,65.84663465571018,4642.270750232153,0.0,14.604811889435613,0.0,0.0
8399,65.84663465571018,4642.270750232153,0.0,14.604811889435613,0.0,0.0
8400,76.78456499001113,9398.065010249484,0.0,41.954859515390666,0.0,0.0
8401,76.78456499001113,9398.065010249484,0.0,41.954859515390666,0.0,0.0
8402,76.78456499001113,9398.065010249484,0.0,41.954859515390666,0.0,0.0
8403,76.78456499001113,9398.065010249484,0.0,41.954859515390666,0.0,0.0
8404,76.78456499001113,9398.065010249484,0.0,41.954859515390666,0.0,0.0
8405,76.78456499001113,9398.065010249484,0.0,41.954859515390666,0.0,0.0
8406,76.78456499001113,9398.065010249484,0.0,41.954859515390666,0.0,0.0
8407,76.78456499001113,9398.065010249484,0.0,41.954859515390666,0.0,0.0
8408,76.78456499001113,9398.065010249484,0.0,41.954859515390666,0.0,0.0
8409,76.78456499001113,9398.065010249484,0.0,41.954859515390666,0.0,0.0
8410,76.78456499001113,9398.065010249484,0.0,41.954859515390666,0.0,0.0
8411,76.78456499001113,9398.065010249484,0.0,41.954859515390666,0.0,0.0
8412,76.78456499001113,9398.065010249484,0.0,41.954859515390666,0.0,0.0
8413,76.78456499001113,9398.065010249484,0.0,41.954859515390666,0.0,0.0
8414,76.78456499001113,9398.065010249484,0.0,41.954859515390666,0.0,0.0
8415,76.78456499001113,9398.065010249484,0.0,41.954859515390666,0.0,0.0
8416,76.78456499001113,9398.065010249484,0.0,41.954859515390666,0.0,0.0
8417,76.78456499001113,9398.065010249484,0.0,41.954859515390666,0.0,0.0
8418,76.78456499001113,9398.065010249484,0.0,41.954859515390666,0.0,0.0
8419,76.78456499001113,9398.065010249484,0.0,41.954859515390666,0.0,0.0
8420,76.78456499001113,9398.065010249484,0.0,41.954859515390666,0.0,0.0
8421,76.78456499001113,9398.065010249484,0.0,41.954859515390666,0.0,0.0
8422,76.78456499001113,9398.065010249484,0.0,41.954859515390666,0.0,0.0
8423,76.78456499001113,9398.065010249484,0.0,41.954859515390666,0.0,0.0
8424,76.78456499001113,9398.065010249484,0.0,41.954859515390666,0.0,0.0
8425,76.78456499001113,9398.065010249484,0.0,41.954859515390666,0.0,0.0
8426,76.78456499001113,9398.065010249484,0.0,41.954859515390666,0.0,0.0
8427,76.78456499001113,9398.065010249484,0.0,41.954859515390666,0.0,0.0
8428,76.78456499001113,9398.065010249484,0.0,41.954859515390666,0.0,0.0
8429,76.78456499001113,9398.065010249484,0.0,41.954859515390666,0.0,0.0
8430,76.78456499001113,9398.065010249484,0.0,41.954859515390666,0.0,0.0
8431,76.78456499001113,9398.065010249484,0.0,41.954859515390666,0.0,0.0
8432,76.78456499001113,9398.065010249484,0.0,41.954859515390666,0.0,0.0
8433,76.78456499001113,9398.065010249484,0.0,41.954859515390666,0.0,0.0
8434,76.78456499001113,9398.065010249484,0.0,41.954859515390666,0.0,0.0
8435,76.78456499001113,9398.065010249484,0.0,41.954859515390666,0.0,0.0
8436,76.78456499001113,9398.065010249484,0.0,41.954859515390666,0.0,0.0
8437,76.78456499001113,9398.065010249484,0.0,41.954859515390666,0.0,0.0
8438,76.78456499001113,9398.065010249484,0.0,41.954859515390666,0.0,0.0
8439,76.78456499001113,9398.065010249484,0.0,41.954859515390666,0.0,0.0
8440,76.78456499001113,9398.065010249484,0.0,41.954859515390666,0.0,0.0
8441,76.78456499001113,9398.065010249484,0.0,41.954859515390666,0.0,0.0
8442,76.78456499001113,9398.065010249484,0.0,41.954859515390666,0.0,0.0
8443,76.78456499001113,9398.065010249484,0.0,41.954859515390666,0.0,0.0
8444,76.78456499001113,9398.065010249484,0.0,41.954859515390666,0.0,0.0
8445,76.78456499001113,9398.065010249484,0.0,41.954859515390666,0.0,0.0
8446,76.78456499001113,9398.065010249484,0.0,41.954859515390666,0.0,0.0
8447,76.78456499001113,9398.065010249484,0.0,41.954859515390666,0.0,0.0
8448,76.78456499001113,9398.065010249484,0.0,41.954859515390666,0.0,0.0
8449,76.78456499001113,9398.065010249484,0.0,41.954859515390666,0.0,0.0
8450,76.78456499001113,9398.065010249484,0.0,41.954859515390666,0.0,0.0
8451,76.78456499001113,9398.065010249484,0.0,41.954859515390666,0.0,0.0
8452,76.78456499001113,9398.065010249484,0.0,41.954859515390666,0.0,0.0
8453,76.78456499001113,9398.065010249484,0.0,41.954859515390666,0.0,0.0
8454,76.78456499001113,9398.065010249484,0.0,41.954859515390666,0.0,0.0
8455,76.78456499001113,9398.065010249484,0.0,41.954859515390666,0.0,0.0
8456,76.78456499001113,9398.065010249484,0.0,41.954859515390666,0.0,0.0
8457,76.78456499001113,9398.065010249484,0.0,41.954859515390666,0.0,0.0
8458,76.78456499001113,9398.065010249484,0.0,41.954859515390666,0.0,0.0
8459,76.78456499001113,9398.065010249484,0.0,41.954859515390666,0.0,0.0
8460,76.78456499001113,9398.065010249484,0.0,41.954859515390666,0.0,0.0
8461,76.78456499001113,9398.065010249484,0.0,41.954859515390666,0.0,0.0
8462,76.78456499001113,9398.065010249484,0.0,41.954859515390666,0.0,0.0
8463,76.78456499001113,9398.065010249484,0.0,41.954859515390666,0.0,0.0
8464,76.78456499001113,9398.065010249484,0.0,41.954859515390666,0.0,0.0
8465,76.78456499001113,9398.065010249484,0.0,41.954859515390666,0.0,0.0
8466,76.78456499001113,9398.065010249484,0.0,41.954859515390666,0.0,0.0
8467,76.78456499001113,9398.065010249484,0.0,41.954859515390666,0.0,0.0
8468,76.78456499001113,9398.065010249484,0.0,41.954859515390666,0.0,0.0
8469,76.78456499001113,9398.065010249484,0.0,41.954859515390666,0.0,0.0
8470,76.78456499001113,9398.065010249484,0.0,41.954859515390666,0.0,0.0
8471,76.78456499001113,9398.065010249484,0.0,41.954859515390666,0.0,0.0
8472,76.78456499001113,9398.065010249484,0.0,41.954859515390666,0.0,0.0
8473,76.78456499001113,9398.065010249484,0.0,41.954859515390666,0.0,0.0
8474,76.78456499001113,9398.065010249484,0.0,41.954859515390666,0.0,0.0
8475,76.78456499001113,9398.065010249484,0.0,41.954859515390666,0.0,0.0
8476,76.78456499001113,9398.065010249484,0.0,41.954859515390666,0.0,0.0
8477,76.78456499001113,9398.065010249484,0.0,41.954859515390666,0.0,0.0
8478,76.78456499001113,9398.065010249484,0.0,41.954859515390666,0.0,0.0
8479,76.78456499001113,9398.065010249484,0.0,41.954859515390666,0.0,0.0
8480,76.78456499001113,9398.065010249484,0.0,41.954859515390666,0.0,0.0
8481,76.78456499001113,9398.065010249484,0.0,41.954859515390666,0.0,0.0
8482,76.78456499001113,9398.065010249484,0.0,41.954859515390666,0.0,0.0
8483,76.78456499001113,9398.065010249484,0.0,41.954859515390666,0.0,0.0
8484,76.78456499001113,9398.065010249484,0.0,41.954859515390666,0.0,0.0
8485,76.78456499001113,9398.065010249484,0.0,41.954859515390666,0.0,0.0
8486,76.78456499001113,9398.065010249484,0.0,41.954859515390666,0.0,0.0
8487,76.78456499001113,9398.065010249484,0.0,41.954859515390666,0.0,0.0
8488,76.78456499001113,9398.065010249484,0.0,41.954859515390666,0.0,0.0
8489,76.78456499001113,9398.065010249484,0.0,41.954859515390666,0.0,0.0
8490,76.78456499001113,9398.065010249484,0.0,41.954859515390666,0.0,0.0
8491,76.78456499001113,9398.065010249484,0.0,41.954859515390666,0.0,0.0
8492,76.78456499001113,9398.065010249484,0.0,41.954859515390666,0.0,0.0
8493,76.78456499001113,9398.065010249484,0.0,41.954859515390666,0.0,0.0
8494,76.78456499001113,9398.065010249484,0.0,41.954859515390666,0.0,0.0
8495,76.78456499001113,9398.065010249484,0.0,41.954859515390666,0.0,0.0
8496,76.78456499001113,9398.065010249484,0.0,41.954859515390666,0.0,0.0
8497,76.78456499001113,9398.065010249484,0.0,41.954859515390666,0.0,0.0
8498,76.78456499001113,9398.065010249484,0.0,41.954859515390666,0.0,0.0
8499,76.78456499001113,9398.065010249484,0.0,41.954859515390666,0.0,0.0
8500,76.78456499001113,9398.065010249484,0.0,41.954859515390666,0.0,0.0
8501,76.78456499001113,9398.065010249484,0.0,41.954859515390666,0.0,0.0
8502,76.78456499001113,9398.065010249484,0.0,41.954859515390666,0.0,0.0
8503,76.78456499001113,9398.065010249484,0.0,41.954859515390666,0.0,0.0
8504,76.78456499001113,9398.065010249484,0.0,41.954859515390666,0.0,0.0
8505,76.78456499001113,9398.065010249484,0.0,41.954859515390666,0.0,0.0
8506,76.78456499001113,9398.065010249484,0.0,41.954859515390666,0.0,0.0
8507,76.78456499001113,9398.065010249484,0.0,41.954859515390666,0.0,0.0
8508,76.78456499001113,9398.065010249484,0.0,41.954859515390666,0.0,0.0
8509,76.78456499001113,9398.065010249484,0.0,41.954859515390666,0.0,0.0
8510,76.78456499001113,9398.065010249484,0.0,41.954859515390666,0.0,0.0
8511,76.78456499001113,9398.065010249484,0.0,41.954859515390666,0.0,0.0
8512,76.78456499001113,9398.065010249484,0.0,41.954859515390666,0.0,0.0
8513,76.78456499001113,9398.065010249484,0.0,41.954859515390666,0.0,0.0
8514,76.78456499001113,9398.065010249484,0.0,41.954859515390666,0.0,0.0
8515,76.78456499001113,9398.065010249484,0.0,41.954859515390666,0.0,0.0
8516,76.78456499001113,9398.065010249484,0.0,41.954859515390666,0.0,0.0
8517,76.78456499001113,9398.065010249484,0.0,41.954859515390666,0.0,0.0
8518,76.78456499001113,9398.065010249484,0.0,41.954859515390666,0.0,0.0
8519,76.78456499001113,9398.065010249484,0.0,41.954859515390666,0.0,0.0
8520,76.78456499001113,9398.065010249484,0.0,41.954859515390666,0.0,0.0
8521,76.78456499001113,9398.065010249484,0.0,41.954859515390666,0.0,0.0
8522,76.78456499001113,9398.065010249484,0.0,41.954859515390666,0.0,0.0
8523,76.78456499001113,9398.065010249484,0.0,41.954859515390666,0.0,0.0
8524,76.78456499001113,9398.065010249484,0.0,41.954859515390666,0.0,0.0
8525,76.78456499001113,9398.065010249484,0.0,41.954859515390666,0.0,0.0
8526,76.78456499001113,9398.065010249484,0.0,41.954859515390666,0.0,0.0
8527,76.78456499001113,9398.065010249484,0.0,41.954859515390666,0.0,0.0
8528,76.78456499001113,9398.065010249484,0.0,41.954859515390666,0.0,0.0
8529,76.78456499001113,9398.065010249484,0.0,41.954859515390666,0.0,0.0
8530,76.78456499001113,9398.065010249484,0.0,41.954859515390666,0.0,0.0
8531,76.78456499001113,9398.065010249484,0.0,41.954859515390666,0.0,0.0
8532,76.78456499001113,9398.065010249484,0.0,41.954859515390666,0.0,0.0
8533,76.78456499001113,9398.065010249484,0.0,41.954859515390666,0.0,0.0
8534,76.78456499001113,9398.065010249484,0.0,41.954859515390666,0.0,0.0
8535,76.78456499001113,9398.065010249484,0.0,41.954859515390666,0.0,0.0
8536,76.78456499001113,9398.065010249484,0.0,41.954859515390666,0.0,0.0
8537,76.78456499001113,9398.065010249484,0.0,41.954859515390666,0.0,0.0
8538,76.78456499001113,9398.065010249484,0.0,41.954859515390666,0.0,0.0
8539,76.78456499001113,9398.065010249484,0.0,41.954859515390666,0.0,0.0
8540,76.78456499001113,9398.065010249484,0.0,41.954859515390666,0.0,0.0
8541,76.78456499001113,9398.065010249484,0.0,41.954859515390666,0.0,0.0
8542,76.78456499001113,9398.065010249484,0.0,41.954859515390666,0.0,0.0
8543,76.78456499001113,9398.065010249484,0.0,41.954859515390666,0.0,0.0
8544,76.78456499001113,9398.065010249484,0.0,41.954859515390666,0.0,0.0
8545,76.78456499001113,9398.065010249484,0.0,41.954859515390666,0.0,0.0
8546,76.78456499001113,9398.065010249484,0.0,41.954859515390666,0.0,0.0
8547,76.78456499001113,9398.065010249484,0.0,41.954859515390666,0.0,0.0
8548,76.78456499001113,9398.065010249484,0.0,41.954859515390666,0.0,0.0
8549,76.78456499001113,9398.065010249484,0.0,41.954859515390666,0.0,0.0
8550,76.78456499001113,9398.065010249484,0.0,41.954859515390666,0.0,0.0
8551,76.78456499001113,9398.065010249484,0.0,41.954859515390666,0.0,0.0
8552,76.78456499001113,9398.065010249484,0.0,41.954859515390666,0.0,0.0
8553,76.78456499001113,9398.065010249484,0.0,41.954859515390666,0.0,0.0
8554,76.78456499001113,9398.065010249484,0.0,41.954859515390666,0.0,0.0
8555,76.78456499001113,9398.065010249484,0.0,41.954859515390666,0.0,0.0
8556,76.78456499001113,9398.065010249484,0.0,41.954859515390666,0.0,0.0
8557,76.78456499001113,9398.065010249484,0.0,41.954859515390666,0.0,0.0
8558,76.78456499001113,9398.065010249484,0.0,41.954859515390666,0.0,0.0
8559,76.78456499001113,9398.065010249484,0.0,41.954859515390666,0.0,0.0
8560,76.78456499001113,9398.065010249484,0.0,41.954859515390666,0.0,0.0
8561,76.78456499001113,9398.065010249484,0.0,41.954859515390666,0.0,0.0
8562,76.78456499001113,9398.065010249484,0.0,41.954859515390666,0.0,0.0
8563,76.78456499001113,9398.065010249484,0.0,41.954859515390666,0.0,0.0
8564,76.78456499001113,9398.065010249484,0.0,41.954859515390666,0.0,0.0
8565,76.78456499001113,9398.065010249484,0.0,41.954859515390666,0.0,0.0
8566,76.78456499001113,9398.065010249484,0.0,41.954859515390666,0.0,0.0
8567,76.78456499001113,9398.065010249484,0.0,41.954859515390666,0.0,0.0
8568,75.6502687308747,6631.428722486396,0.0,64.25354369229666,0.0,0.0
8569,75.6502687308747,6631.428722486396,0.0,64.25354369229666,0.0,0.0
8570,75.6502687308747,6631.428722486396,0.0,64.25354369229666,0.0,0.0
8571,75.6502687308747,6631.428722486396,0.0,64.25354369229666,0.0,0.0
8572,75.6502687308747,6631.428722486396,0.0,64.25354369229666,0.0,0.0
8573,75.6502687308747,6631.428722486396,0.0,64.25354369229666,0.0,0.0
8574,75.6502687308747,6631.428722486396,0.0,64.25354369229666,0.0,0.0
8575,75.6502687308747,6631.428722486396,0.0,64.25354369229666,0.0,0.0
8576,75.6502687308747,6631.428722486396,0.0,64.25354369229666,0.0,0.0
8577,75.6502687308747,6631.428722486396,0.0,64.25354369229666,0.0,0.0
8578,75.6502687308747,6631.428722486396,0.0,64.25354369229666,0.0,0.0
8579,75.6502687308747,6631.428722486396,0.0,64.25354369229666,0.0,0.0
8580,75.6502687308747,6631.428722486396,0.0,64.25354369229666,0.0,0.0
8581,75.6502687308747,6631.428722486396,0.0,64.25354369229666,0.0,0.0
8582,75.6502687308747,6631.428722486396,0.0,64.25354369229666,0.0,0.0
8583,75.6502687308747,6631.428722486396,0.0,64.25354369229666,0.0,0.0
8584,75.6502687308747,6631.428722486396,0.0,64.25354369229666,0.0,0.0
8585,75.6502687308747,6631.428722486396,0.0,64.25354369229666,0.0,0.0
8586,75.6502687308747,6631.428722486396,0.0,64.25354369229666,0.0,0.0
8587,75.6502687308747,6631.428722486396,0.0,64.25354369229666,0.0,0.0
8588,75.6502687308747,6631.428722486396,0.0,64.25354369229666,0.0,0.0
8589,75.6502687308747,6631.428722486396,0.0,64.25354369229666,0.0,0.0
8590,75.6502687308747,6631.428722486396,0.0,64.25354369229666,0.0,0.0
8591,75.6502687308747,6631.428722486396,0.0,64.25354369229666,0.0,0.0
8592,75.6502687308747,6631.428722486396,0.0,64.25354369229666,0.0,0.0
8593,75.6502687308747,6631.428722486396,0.0,64.25354369229666,0.0,0.0
8594,75.6502687308747,6631.428722486396,0.0,64.25354369229666,0.0,0.0
8595,75.6502687308747,6631.428722486396,0.0,64.25354369229666,0.0,0.0
8596,75.6502687308747,6631.428722486396,0.0,64.25354369229666,0.0,0.0
8597,75.6502687308747,6631.428722486396,0.0,64.25354369229666,0.0,0.0
8598,75.6502687308747,6631.428722486396,0.0,64.25354369229666,0.0,0.0
8599,75.6502687308747,6631.428722486396,0.0,64.25354369229666,0.0,0.0
8600,75.6502687308747,6631.428722486396,0.0,64.25354369229666,0.0,0.0
8601,75.6502687308747,6631.428722486396,0.0,64.25354369229666,0.0,0.0
8602,75.6502687308747,6631.428722486396,0.0,64.25354369229666,0.0,0.0
8603,75.6502687308747,6631.428722486396,0.0,64.25354369229666,0.0,0.0
8604,75.6502687308747,6631.428722486396,0.0,64.25354369229666,0.0,0.0
8605,75.6502687308747,6631.428722486396,0.0,64.25354369229666,0.0,0.0
8606,75.6502687308747,6631.428722486396,0.0,64.25354369229666,0.0,0.0
8607,75.6502687308747,6631.428722486396,0.0,64.25354369229666,0.0,0.0
8608,75.6502687308747,6631.428722486396,0.0,64.25354369229666,0.0,0.0
8609,75.6502687308747,6631.428722486396,0.0,64.25354369229666,0.0,0.0
8610,75.6502687308747,6631.428722486396,0.0,64.25354369229666,0.0,0.0
8611,75.6502687308747,6631.428722486396,0.0,64.25354369229666,0.0,0.0
8612,75.6502687308747,6631.428722486396,0.0,64.25354369229666,0.0,0.0
8613,75.6502687308747,6631.428722486396,0.0,64.25354369229666,0.0,0.0
8614,75.6502687308747,6631.428722486396,0.0,64.25354369229666,0.0,0.0
8615,75.6502687308747,6631.428722486396,0.0,64.25354369229666,0.0,0.0
8616,75.6502687308747,6631.428722486396,0.0,64.25354369229666,0.0,0.0
8617,75.6502687308747,6631.428722486396,0.0,64.25354369229666,0.0,0.0
8618,75.6502687308747,6631.428722486396,0.0,64.25354369229666,0.0,0.0
8619,75.6502687308747,6631.428722486396,0.0,64.25354369229666,0.0,0.0
8620,75.6502687308747,6631.428722486396,0.0,64.25354369229666,0.0,0.0
8621,75.6502687308747,6631.428722486396,0.0,64.25354369229666,0.0,0.0
8622,75.6502687308747,6631.428722486396,0.0,64.25354369229666,0.0,0.0
8623,75.6502687308747,6631.428722486396,0.0,64.25354369229666,0.0,0.0
8624,75.6502687308747,6631.428722486396,0.0,64.25354369229666,0.0,0.0
8625,75.6502687308747,6631.428722486396,0.0,64.25354369229666,0.0,0.0
8626,75.6502687308747,6631.428722486396,0.0,64.25354369229666,0.0,0.0
8627,75.6502687308747,6631.428722486396,0.0,64.25354369229666,0.0,0.0
8628,75.6502687308747,6631.428722486396,0.0,64.25354369229666,0.0,0.0
8629,75.6502687308747,6631.428722486396,0.0,64.25354369229666,0.0,0.0
8630,75.6502687308747,6631.428722486396,0.0,64.25354369229666,0.0,0.0
8631,75.6502687308747,6631.428722486396,0.0,64.25354369229666,0.0,0.0
8632,75.6502687308747,6631.428722486396,0.0,64.25354369229666,0.0,0.0
8633,75.6502687308747,6631.428722486396,0.0,64.25354369229666,0.0,0.0
8634,75.6502687308747,6631.428722486396,0.0,64.25354369229666,0.0,0.0
8635,75.6502687308747,6631.428722486396,0.0,64.25354369229666,0.0,0.0
8636,75.6502687308747,6631.428722486396,0.0,64.25354369229666,0.0,0.0
8637,75.6502687308747,6631.428722486396,0.0,64.25354369229666,0.0,0.0
8638,75.6502687308747,6631.428722486396,0.0,64.25354369229666,0.0,0.0
8639,75.6502687308747,6631.428722486396,0.0,64.25354369229666,0.0,0.0
8640,75.6502687308747,6631.428722486396,0.0,64.25354369229666,0.0,0.0
8641,75.6502687308747,6631.428722486396,0.0,64.25354369229666,0.0,0.0
8642,75.6502687308747,6631.428722486396,0.0,64.25354369229666,0.0,0.0
8643,75.6502687308747,6631.428722486396,0.0,64.25354369229666,0.0,0.0
8644,75.6502687308747,6631.428722486396,0.0,64.25354369229666,0.0,0.0
8645,75.6502687308747,6631.428722486396,0.0,64.25354369229666,0.0,0.0
8646,75.6502687308747,6631.428722486396,0.0,64.25354369229666,0.0,0.0
8647,75.6502687308747,6631.428722486396,0.0,64.25354369229666,0.0,0.0
8648,75.6502687308747,6631.428722486396,0.0,64.25354369229666,0.0,0.0
8649,75.6502687308747,6631.428722486396,0.0,64.25354369229666,0.0,0.0
8650,75.6502687308747,6631.428722486396,0.0,64.25354369229666,0.0,0.0
8651,75.6502687308747,6631.428722486396,0.0,64.25354369229666,0.0,0.0
8652,75.6502687308747,6631.428722486396,0.0,64.25354369229666,0.0,0.0
8653,75.6502687308747,6631.428722486396,0.0,64.25354369229666,0.0,0.0
8654,75.6502687308747,6631.428722486396,0.0,64.25354369229666,0.0,0.0
8655,75.6502687308747,6631.428722486396,0.0,64.25354369229666,0.0,0.0
8656,75.6502687308747,6631.428722486396,0.0,64.25354369229666,0.0,0.0
8657,75.6502687308747,6631.428722486396,0.0,64.25354369229666,0.0,0.0
8658,75.6502687308747,6631.428722486396,0.0,64.25354369229666,0.0,0.0
8659,75.6502687308747,6631.428722486396,0.0,64.25354369229666,0.0,0.0
8660,75.6502687308747,6631.428722486396,0.0,64.25354369229666,0.0,0.0
8661,75.6502687308747,6631.428722486396,0.0,64.25354369229666,0.0,0.0
8662,75.6502687308747,6631.428722486396,0.0,64.25354369229666,0.0,0.0
8663,75.6502687308747,6631.428722486396,0.0,64.25354369229666,0.0,0.0
8664,75.6502687308747,6631.428722486396,0.0,64.25354369229666,0.0,0.0
8665,75.6502687308747,6631.428722486396,0.0,64.25354369229666,0.0,0.0
8666,75.6502687308747,6631.428722486396,0.0,64.25354369229666,0.0,0.0
8667,75.6502687308747,6631.428722486396,0.0,64.25354369229666,0.0,0.0
8668,75.6502687308747,6631.428722486396,0.0,64.25354369229666,0.0,0.0
8669,75.6502687308747,6631.428722486396,0.0,64.25354369229666,0.0,0.0
8670,75.6502687308747,6631.428722486396,0.0,64.25354369229666,0.0,0.0
8671,75.6502687308747,6631.428722486396,0.0,64.25354369229666,0.0,0.0
8672,75.6502687308747,6631.428722486396,0.0,64.25354369229666,0.0,0.0
8673,75.6502687308747,6631.428722486396,0.0,64.25354369229666,0.0,0.0
8674,75.6502687308747,6631.428722486396,0.0,64.25354369229666,0.0,0.0
8675,75.6502687308747,6631.428722486396,0.0,64.25354369229666,0.0,0.0
8676,75.6502687308747,6631.428722486396,0.0,64.25354369229666,0.0,0.0
8677,75.6502687308747,6631.428722486396,0.0,64.25354369229666,0.0,0.0
8678,75.6502687308747,6631.428722486396,0.0,64.25354369229666,0.0,0.0
8679,75.6502687308747,6631.428722486396,0.0,64.25354369229666,0.0,0.0
8680,75.6502687308747,6631.428722486396,0.0,64.25354369229666,0.0,0.0
8681,75.6502687308747,6631.428722486396,0.0,64.25354369229666,0.0,0.0
8682,75.6502687308747,6631.428722486396,0.0,64.25354369229666,0.0,0.0
8683,75.6502687308747,6631.428722486396,0.0,64.25354369229666,0.0,0.0
8684,75.6502687308747,6631.428722486396,0.0,64.25354369229666,0.0,0.0
8685,75.6502687308747,6631.428722486396,0.0,64.25354369229666,0.0,0.0
8686,75.6502687308747,6631.428722486396,0.0,64.25354369229666,0.0,0.0
8687,75.6502687308747,6631.428722486396,0.0,64.25354369229666,0.0,0.0
8688,75.6502687308747,6631.428722486396,0.0,64.25354369229666,0.0,0.0
8689,75.6502687308747,6631.428722486396,0.0,64.25354369229666,0.0,0.0
8690,75.6502687308747,6631.428722486396,0.0,64.25354369229666,0.0,0.0
8691,75.6502687308747,6631.428722486396,0.0,64.25354369229666,0.0,0.0
8692,75.6502687308747,6631.428722486396,0.0,64.25354369229666,0.0,0.0
8693,75.6502687308747,6631.428722486396,0.0,64.25354369229666,0.0,0.0
8694,75.6502687308747,6631.428722486396,0.0,64.25354369229666,0.0,0.0
8695,75.6502687308747,6631.428722486396,0.0,64.25354369229666,0.0,0.0
8696,75.6502687308747,6631.428722486396,0.0,64.25354369229666,0.0,0.0
8697,75.6502687308747,6631.428722486396,0.0,64.25354369229666,0.0,0.0
8698,75.6502687308747,6631.428722486396,0.0,64.25354369229666,0.0,0.0
8699,75.6502687308747,6631.428722486396,0.0,64.25354369229666,0.0,0.0
8700,75.6502687308747,6631.428722486396,0.0,64.25354369229666,0.0,0.0
8701,75.6502687308747,6631.428722486396,0.0,64.25354369229666,0.0,0.0
8702,75.6502687308747,6631.428722486396,0.0,64.25354369229666,0.0,0.0
8703,75.6502687308747,6631.428722486396,0.0,64.25354369229666,0.0,0.0
8704,75.6502687308747,6631.428722486396,0.0,64.25354369229666,0.0,0.0
8705,75.6502687308747,6631.428722486396,0.0,64.25354369229666,0.0,0.0
8706,75.6502687308747,6631.428722486396,0.0,64.25354369229666,0.0,0.0
8707,75.6502687308747,6631.428722486396,0.0,64.25354369229666,0.0,0.0
8708,75.6502687308747,6631.428722486396,0.0,64.25354369229666,0.0,0.0
8709,75.6502687308747,6631.428722486396,0.0,64.25354369229666,0.0,0.0
8710,75.6502687308747,6631.428722486396,0.0,64.25354369229666,0.0,0.0
8711,75.6502687308747,6631.428722486396,0.0,64.25354369229666,0.0,0.0
8712,75.6502687308747,6631.428722486396,0.0,64.25354369229666,0.0,0.0
8713,75.6502687308747,6631.428722486396,0.0,64.25354369229666,0.0,0.0
8714,75.6502687308747,6631.428722486396,0.0,64.25354369229666,0.0,0.0
8715,75.6502687308747,6631.428722486396,0.0,64.25354369229666,0.0,0.0
8716,75.6502687308747,6631.428722486396,0.0,64.25354369229666,0.0,0.0
8717,75.6502687308747,6631.428722486396,0.0,64.25354369229666,0.0,0.0
8718,75.6502687308747,6631.428722486396,0.0,64.25354369229666,0.0,0.0
8719,75.6502687308747,6631.428722486396,0.0,64.25354369229666,0.0,0.0
8720,75.6502687308747,6631.428722486396,0.0,64.25354369229666,0.0,0.0
8721,75.6502687308747,6631.428722486396,0.0,64.25354369229666,0.0,0.0
8722,75.6502687308747,6631.428722486396,0.0,64.25354369229666,0.0,0.0
8723,75.6502687308747,6631.428722486396,0.0,64.25354369229666,0.0,0.0
8724,75.6502687308747,6631.428722486396,0.0,64.25354369229666,0.0,0.0
8725,75.6502687308747,6631.428722486396,0.0,64.25354369229666,0.0,0.0
8726,75.6502687308747,6631.428722486396,0.0,64.25354369229666,0.0,0.0
8727,75.6502687308747,6631.428722486396,0.0,64.25354369229666,0.0,0.0
8728,75.6502687308747,6631.428722486396,0.0,64.25354369229666,0.0,0.0
8729,75.6502687308747,6631.428722486396,0.0,64.25354369229666,0.0,0.0
8730,75.6502687308747,6631.428722486396,0.0,64.25354369229666,0.0,0.0
8731,75.6502687308747,6631.428722486396,0.0,64.25354369229666,0.0,0.0
8732,75.6502687308747,6631.428722486396,0.0,64.25354369229666,0.0,0.0
8733,75.6502687308747,6631.428722486396,0.0,64.25354369229666,0.0,0.0
8734,75.6502687308747,6631.428722486396,0.0,64.25354369229666,0.0,0.0
8735,75.6502687308747,6631.428722486396,0.0,64.25354369229666,0.0,0.0
8736,75.6502687308747,6631.426748068416,0.0,64.25354369229666,0.0,0.0
8737,75.6502687308747,6631.426748068416,0.0,64.25354369229666,0.0,0.0
8738,75.6502687308747,6631.426748068416,0.0,64.25354369229666,0.0,0.0
8739,75.6502687308747,6631.426748068416,0.0,64.25354369229666,0.0,0.0
8740,75.6502687308747,6631.426748068416,0.0,64.25354369229666,0.0,0.0
8741,75.6502687308747,6631.426748068416,0.0,64.25354369229666,0.0,0.0
8742,75.6502687308747,6631.426748068416,0.0,64.25354369229666,0.0,0.0
8743,75.6502687308747,6631.426748068416,0.0,64.25354369229666,0.0,0.0
8744,75.6502687308747,6631.426748068416,0.0,64.25354369229666,0.0,0.0
8745,75.6502687308747,6631.426748068416,0.0,64.25354369229666,0.0,0.0
8746,75.6502687308747,6631.426748068416,0.0,64.25354369229666,0.0,0.0
8747,75.6502687308747,6631.426748068416,0.0,64.25354369229666,0.0,0.0
8748,75.6502687308747,6631.426748068416,0.0,64.25354369229666,0.0,0.0
8749,75.6502687308747,6631.426748068416,0.0,64.25354369229666,0.0,0.0
8750,75.6502687308747,6631.426748068416,0.0,64.25354369229666,0.0,0.0
8751,75.6502687308747,6631.426748068416,0.0,64.25354369229666,0.0,0.0
8752,75.6502687308747,6631.426748068416,0.0,64.25354369229666,0.0,0.0
8753,75.6502687308747,6631.426748068416,0.0,64.25354369229666,0.0,0.0
8754,75.6502687308747,6631.426748068416,0.0,64.25354369229666,0.0,0.0
8755,75.6502687308747,6631.426748068416,0.0,64.25354369229666,0.0,0.0
8756,75.6502687308747,6631.426748068416,0.0,64.25354369229666,0.0,0.0
8757,75.6502687308747,6631.426748068416,0.0,64.25354369229666,0.0,0.0
8758,75.6502687308747,6631.426748068416,0.0,64.25354369229666,0.0,0.0
8759,75.6502687308747,6631.426748068416,0.0,64.25354369229666,0.0,0.0
